{"type":"FeatureCollection","features":[{"type":"Feature","properties":{"district_code":"001","name":"BANNU DISTRICT","census_name":"BANNU DISTRICT","province":"KHYBER PAKHTUNKHWA"},"geometry":{"type":"Polygon","coordinates":[[[70.882,33.15],[70.809,33.105],[70.802,33.087],[70.81,33.058],[70.826,33.059],[70.828,33.032],[70.898,33.012],[70.913,33.022],[70.919,32.981],[70.965,32.909],[70.955,32.871],[70.886,32.848],[70.876,32.879],[70.827,32.85],[70.793,32.867],[70.783,32.892],[70.752,32.881],[70.794,32.85],[70.774,32.855],[70.766,32.845],[70.778,32.833],[70.764,32.84],[70.751,32.831],[70.768,32.814],[70.706,32.818],[70.7,32.837],[70.682,32.829],[70.674,32.843],[70.663,32.827],[70.635,32.833],[70.611,32.814],[70.616,32.825],[70.606,32.827],[70.584,32.818],[70.562,32.843],[70.562,32.808],[70.536,32.805],[70.533,32.767],[70.519,32.76],[70.498,32.773],[70.456,32.744],[70.389,32.772],[70.402,32.789],[70.383,32.825],[70.353,32.809],[70.354,32.831],[70.311,32.818],[70.307,32.829],[70.32,32.857],[70.348,32.859],[70.359,32.915],[70.336,32.932],[70.34,32.949],[70.364,32.953],[70.376,32.976],[70.363,32.989],[70.408,33.011],[70.42,33.068],[70.456,33.112],[70.462,33.106],[70.519,33.191],[70.618,33.231],[70.628,33.261],[70.678,33.254],[70.705,33.217],[70.823,33.209],[70.877,33.188],[70.885,33.175],[70.869,33.166],[70.882,33.15]]]}},{"type":"Feature","properties":{"district_code":"002","name":"LAKKI MARWAT DISTRICT","census_name":"LAKKI MARWAT DISTRICT","province":"KHYBER PAKHTUNKHWA"},"geometry":{"type":"Polygon","coordinates":[[[70.793,32.867],[70.827,32.85],[70.876,32.879],[70.886,32.848],[70.955,32.871],[70.997,32.815],[71.023,32.823],[71.047,32.807],[71.115,32.811],[71.12,32.752],[71.143,32.724],[71.133,32.695],[71.138,32.679],[71.155,32.675],[71.147,32.653],[71.158,32.652],[71.158,32.627],[71.169,32.625],[71.169,32.592],[71.249,32.605],[71.258,32.597],[71.264,32.577],[71.248,32.573],[71.231,32.51],[71.183,32.449],[71.148,32.448],[71.129,32.43],[71.072,32.467],[71.066,32.446],[71.017,32.415],[70.807,32.347],[70.809,32.356],[70.774,32.357],[70.742,32.325],[70.747,32.279],[70.718,32.272],[70.694,32.287],[70.681,32.324],[70.709,32.345],[70.691,32.391],[70.705,32.406],[70.662,32.439],[70.641,32.43],[70.642,32.462],[70.615,32.472],[70.602,32.496],[70.581,32.524],[70.556,32.508],[70.479,32.566],[70.455,32.567],[70.38,32.553],[70.349,32.534],[70.346,32.555],[70.324,32.566],[70.338,32.581],[70.342,32.613],[70.324,32.634],[70.325,32.658],[70.354,32.689],[70.352,32.708],[70.378,32.714],[70.382,32.738],[70.389,32.772],[70.456,32.744],[70.498,32.773],[70.519,32.76],[70.533,32.767],[70.536,32.805],[70.562,32.808],[70.562,32.843],[70.584,32.818],[70.606,32.827],[70.616,32.825],[70.611,32.814],[70.635,32.833],[70.663,32.827],[70.674,32.843],[70.682,32.829],[70.7,32.837],[70.706,32.818],[70.768,32.814],[70.751,32.831],[70.764,32.84],[70.778,32.833],[70.766,32.845],[70.774,32.855],[70.794,32.85],[70.752,32.881],[70.783,32.892],[70.793,32.867]]]}},{"type":"Feature","properties":{"district_code":"003","name":"DERA ISMAIL KHAN DISTRICT","census_name":"DERA ISMAIL KHAN DISTRICT","province":"KHYBER PAKHTUNKHWA"},"geometry":{"type":"Polygon","coordinates":[[[71.329,32.539],[71.341,32.508],[71.334,32.482],[71.348,32.48],[71.344,32.449],[71.331,32.438],[71.343,32.409],[71.326,32.396],[71.343,32.369],[71.283,32.366],[71.22,32.302],[71.168,32.235],[71.203,32.238],[71.181,32.203],[71.154,32.155],[71.116,32.16],[71.109,32.119],[71.12,32.101],[71.098,32.037],[71.07,32.021],[71.069,31.963],[71.05,31.949],[71.062,31.94],[71.045,31.868],[71.028,31.877],[71.011,31.862],[70.985,31.785],[70.963,31.778],[70.943,31.739],[70.918,31.718],[70.926,31.689],[70.894,31.688],[70.867,31.642],[70.888,31.583],[70.864,31.572],[70.852,31.543],[70.887,31.526],[70.885,31.507],[70.855,31.513],[70.885,31.482],[70.872,31.439],[70.881,31.436],[70.867,31.419],[70.831,31.423],[70.825,31.383],[70.828,31.361],[70.812,31.346],[70.815,31.316],[70.826,31.313],[70.816,31.281],[70.732,31.332],[70.662,31.312],[70.582,31.333],[70.546,31.315],[70.54,31.327],[70.531,31.307],[70.449,31.296],[70.425,31.245],[70.403,31.257],[70.404,31.238],[70.402,31.225],[70.382,31.217],[70.384,31.229],[70.361,31.221],[70.33,31.24],[70.306,31.224],[70.273,31.241],[70.243,31.485],[70.206,31.489],[70.129,31.471],[70.112,31.44],[70.081,31.44],[70.077,31.372],[70.049,31.373],[70.056,31.385],[70.023,31.492],[70.011,31.511],[69.971,31.51],[69.945,31.54],[69.947,31.766],[69.957,31.783],[69.941,31.799],[69.939,31.851],[69.96,31.896],[70.019,31.89],[70.064,31.851],[70.185,31.839],[70.212,31.81],[70.21,31.848],[70.168,31.962],[70.181,32.007],[70.202,32.004],[70.23,32.025],[70.224,32.034],[70.252,32.062],[70.308,32.049],[70.301,32.079],[70.356,32.058],[70.349,32.073],[70.423,32.081],[70.443,32.073],[70.442,32.063],[70.451,32.083],[70.439,32.091],[70.455,32.098],[70.542,32.103],[70.571,32.139],[70.575,32.213],[70.584,32.205],[70.6,32.236],[70.694,32.287],[70.718,32.272],[70.747,32.279],[70.742,32.325],[70.774,32.357],[70.809,32.356],[70.807,32.347],[71.017,32.415],[71.066,32.446],[71.072,32.467],[71.129,32.43],[71.148,32.448],[71.183,32.449],[71.231,32.51],[71.249,32.519],[71.28,32.493],[71.282,32.516],[71.305,32.514],[71.305,32.539],[71.329,32.539]]]}},{"type":"Feature","properties":{"district_code":"004","name":"TANK DISTRICT","census_name":"TANK DISTRICT","province":"KHYBER PAKHTUNKHWA"},"geometry":{"type":"Polygon","coordinates":[[[70.284,32.639],[70.32,32.585],[70.338,32.581],[70.324,32.566],[70.346,32.555],[70.349,32.534],[70.38,32.553],[70.455,32.567],[70.479,32.566],[70.556,32.508],[70.581,32.524],[70.602,32.496],[70.615,32.472],[70.642,32.462],[70.641,32.43],[70.662,32.439],[70.705,32.406],[70.691,32.391],[70.709,32.345],[70.681,32.324],[70.694,32.287],[70.6,32.236],[70.584,32.205],[70.575,32.213],[70.571,32.139],[70.542,32.103],[70.455,32.098],[70.439,32.091],[70.451,32.083],[70.442,32.063],[70.443,32.073],[70.423,32.081],[70.349,32.073],[70.356,32.058],[70.301,32.079],[70.308,32.049],[70.252,32.062],[70.224,32.034],[70.206,32.044],[70.202,32.032],[70.179,32.037],[70.11,32.075],[70.105,32.122],[70.074,32.151],[70.071,32.181],[70.096,32.213],[70.092,32.226],[70.058,32.239],[70.054,32.259],[70.075,32.271],[70.068,32.313],[70.085,32.336],[70.113,32.342],[70.117,32.381],[70.041,32.421],[70.06,32.429],[70.044,32.48],[70.101,32.466],[70.115,32.53],[70.199,32.626],[70.226,32.609],[70.284,32.639]]]}},{"type":"Feature","properties":{"district_code":"005","name":"ABBOTTABAD DISTRICT","census_name":"ABBOTTABAD DISTRICT","province":"KHYBER PAKHTUNKHWA"},"geometry":{"type":"Polygon","coordinates":[[[73.426,34.33],[73.459,34.29],[73.454,34.276],[73.482,34.287],[73.472,34.254],[73.496,34.208],[73.496,34.108],[73.515,34.018],[73.449,34.011],[73.468,33.998],[73.421,33.953],[73.41,33.976],[73.393,33.973],[73.367,33.951],[73.384,33.957],[73.378,33.934],[73.325,33.886],[73.331,33.867],[73.299,33.844],[73.265,33.836],[73.257,33.846],[73.241,33.832],[73.212,33.837],[73.212,33.852],[73.19,33.864],[73.212,33.89],[73.181,33.891],[73.202,33.908],[73.2,33.92],[73.192,33.911],[73.167,33.916],[73.108,33.884],[73.095,33.9],[73.109,33.92],[73.094,33.931],[73.105,33.947],[73.132,33.953],[73.145,34.006],[73.136,34.019],[73.122,34.012],[73.073,34.032],[73.085,34.059],[73.097,34.056],[73.107,34.07],[73.092,34.076],[73.111,34.092],[73.077,34.085],[73.083,34.1],[73.063,34.105],[73.063,34.129],[73.032,34.115],[73.023,34.159],[72.973,34.173],[73.01,34.25],[73.034,34.267],[73.05,34.265],[73.047,34.252],[73.064,34.25],[73.073,34.226],[73.129,34.244],[73.139,34.252],[73.167,34.234],[73.177,34.244],[73.187,34.224],[73.21,34.282],[73.23,34.286],[73.255,34.268],[73.273,34.304],[73.297,34.303],[73.327,34.323],[73.354,34.366],[73.395,34.372],[73.406,34.346],[73.429,34.343],[73.426,34.33]]]}},{"type":"Feature","properties":{"district_code":"006","name":"BATAGRAM DISTRICT","census_name":"BATAGRAM DISTRICT","province":"KHYBER PAKHTUNKHWA"},"geometry":{"type":"Polygon","coordinates":[[[73.098,34.935],[73.125,34.907],[73.163,34.919],[73.19,34.914],[73.211,34.928],[73.249,34.923],[73.256,34.899],[73.24,34.877],[73.205,34.865],[73.229,34.833],[73.234,34.813],[73.221,34.813],[73.239,34.79],[73.212,34.774],[73.222,34.75],[73.204,34.725],[73.204,34.687],[73.13,34.655],[73.114,34.663],[73.104,34.588],[73.088,34.566],[73.034,34.559],[73.024,34.591],[72.94,34.563],[72.928,34.574],[72.948,34.594],[72.916,34.589],[72.901,34.634],[72.946,34.625],[72.97,34.648],[72.957,34.666],[72.935,34.667],[72.942,34.68],[72.919,34.679],[72.917,34.693],[72.943,34.696],[72.948,34.72],[72.906,34.704],[72.893,34.722],[72.899,34.761],[72.925,34.772],[72.931,34.803],[72.949,34.805],[72.973,34.819],[72.995,34.815],[73.0,34.843],[72.865,34.89],[72.88,34.925],[72.905,34.923],[72.936,34.943],[72.968,34.937],[72.959,34.932],[72.995,34.911],[73.026,34.923],[73.034,34.965],[73.075,34.957],[73.077,34.94],[73.098,34.935]]]}},{"type":"Feature","properties":{"district_code":"007","name":"HARIPUR DISTRICT","census_name":"HARIPUR DISTRICT","province":"KHYBER PAKHTUNKHWA"},"geometry":{"type":"Polygon","coordinates":[[[72.826,34.369],[72.852,34.329],[72.852,34.306],[72.879,34.293],[72.888,34.282],[72.901,34.282],[72.913,34.279],[72.903,34.255],[72.947,34.232],[72.961,34.239],[72.992,34.214],[72.973,34.173],[73.023,34.159],[73.032,34.115],[73.063,34.129],[73.063,34.105],[73.083,34.1],[73.077,34.085],[73.111,34.092],[73.092,34.076],[73.107,34.07],[73.097,34.056],[73.085,34.059],[73.073,34.032],[73.122,34.012],[73.136,34.019],[73.145,34.006],[73.132,33.953],[73.105,33.947],[73.094,33.931],[73.109,33.92],[73.095,33.9],[73.108,33.884],[73.167,33.916],[73.192,33.911],[73.2,33.92],[73.202,33.908],[73.181,33.891],[73.212,33.89],[73.19,33.864],[73.212,33.852],[73.212,33.837],[73.184,33.809],[73.173,33.821],[73.108,33.783],[73.091,33.794],[73.046,33.785],[72.974,33.739],[72.949,33.73],[72.924,33.736],[72.923,33.747],[72.883,33.754],[72.879,33.769],[72.827,33.762],[72.832,33.792],[72.842,33.803],[72.854,33.796],[72.872,33.821],[72.848,33.833],[72.821,33.829],[72.818,33.845],[72.836,33.841],[72.833,33.887],[72.799,33.885],[72.777,33.903],[72.772,33.915],[72.789,33.925],[72.763,33.953],[72.705,33.917],[72.736,33.908],[72.709,33.903],[72.696,33.875],[72.69,33.868],[72.647,33.856],[72.637,33.879],[72.608,33.873],[72.609,33.891],[72.654,33.928],[72.625,33.948],[72.579,33.954],[72.572,33.946],[72.571,33.961],[72.553,33.956],[72.55,33.997],[72.572,33.993],[72.633,34.018],[72.741,34.113],[72.761,34.183],[72.745,34.186],[72.783,34.249],[72.757,34.281],[72.738,34.28],[72.749,34.299],[72.708,34.302],[72.741,34.356],[72.779,34.362],[72.804,34.348],[72.805,34.362],[72.826,34.369]]]}},{"type":"Feature","properties":{"district_code":"008","name":"KOLAI PALAS KOHISTAN DISTRICT","census_name":"KOLAI PALAS KOHISTAN DISTRICT","province":"KHYBER PAKHTUNKHWA"},"geometry":{"type":"Polygon","coordinates":[[[73.175,35.21],[73.153,35.159],[73.171,35.164],[73.17,35.146],[73.193,35.136],[73.18,35.111],[73.196,35.092],[73.26,35.101],[73.323,35.07],[73.316,35.054],[73.364,35.058],[73.367,35.125],[73.388,35.154],[73.412,35.154],[73.42,35.108],[73.41,35.101],[73.432,35.041],[73.42,35.019],[73.445,35.037],[73.502,35.05],[73.557,34.961],[73.539,34.926],[73.497,34.91],[73.497,34.874],[73.438,34.813],[73.402,34.803],[73.391,34.78],[73.363,34.772],[73.315,34.793],[73.3,34.779],[73.285,34.795],[73.239,34.79],[73.221,34.813],[73.234,34.813],[73.229,34.833],[73.205,34.865],[73.24,34.877],[73.256,34.899],[73.249,34.923],[73.211,34.928],[73.19,34.914],[73.163,34.919],[73.125,34.907],[73.098,34.935],[73.077,34.94],[73.075,34.957],[73.034,34.965],[73.026,34.923],[72.995,34.911],[72.959,34.932],[72.968,34.937],[72.936,34.943],[72.905,34.923],[72.88,34.925],[72.903,34.969],[72.914,34.999],[72.886,35.022],[72.905,35.038],[72.945,35.039],[72.953,35.063],[72.972,35.072],[72.987,35.084],[72.997,35.105],[73.069,35.138],[73.058,35.119],[73.086,35.119],[73.082,35.143],[73.159,35.222],[73.175,35.21]]]}},{"type":"Feature","properties":{"district_code":"009","name":"MANSEHRA DISTRICT","census_name":"MANSEHRA DISTRICT","province":"KHYBER PAKHTUNKHWA"},"geometry":{"type":"Polygon","coordinates":[[[74.043,35.151],[73.994,35.118],[74.053,35.134],[74.056,35.153],[74.08,35.156],[74.097,35.146],[74.112,35.153],[74.129,35.105],[74.087,35.083],[74.077,35.048],[74.111,35.018],[74.061,34.989],[74.072,34.938],[74.039,34.914],[74.045,34.89],[73.978,34.866],[73.968,34.836],[73.934,34.832],[73.928,34.811],[73.898,34.82],[73.865,34.809],[73.838,34.814],[73.831,34.791],[73.765,34.799],[73.732,34.774],[73.715,34.782],[73.71,34.805],[73.684,34.805],[73.66,34.832],[73.619,34.829],[73.587,34.782],[73.668,34.74],[73.626,34.7],[73.625,34.676],[73.593,34.677],[73.601,34.651],[73.568,34.655],[73.555,34.646],[73.575,34.623],[73.562,34.619],[73.572,34.601],[73.554,34.599],[73.541,34.574],[73.446,34.567],[73.443,34.495],[73.417,34.479],[73.422,34.471],[73.43,34.434],[73.417,34.381],[73.395,34.372],[73.354,34.366],[73.327,34.323],[73.297,34.303],[73.273,34.304],[73.255,34.268],[73.23,34.286],[73.21,34.282],[73.187,34.224],[73.177,34.244],[73.167,34.234],[73.139,34.252],[73.129,34.244],[73.073,34.226],[73.064,34.25],[73.047,34.252],[73.05,34.265],[73.034,34.267],[73.01,34.25],[72.992,34.214],[72.961,34.239],[72.947,34.232],[72.903,34.255],[72.913,34.279],[72.901,34.282],[72.888,34.282],[72.879,34.293],[72.852,34.306],[72.852,34.329],[72.826,34.369],[72.816,34.426],[72.835,34.432],[72.845,34.454],[72.869,34.451],[72.885,34.465],[72.892,34.5],[72.937,34.538],[72.94,34.563],[73.024,34.591],[73.034,34.559],[73.088,34.566],[73.104,34.588],[73.114,34.663],[73.13,34.655],[73.204,34.687],[73.204,34.725],[73.222,34.75],[73.212,34.774],[73.239,34.79],[73.285,34.795],[73.3,34.779],[73.315,34.793],[73.363,34.772],[73.391,34.78],[73.402,34.803],[73.438,34.813],[73.497,34.874],[73.497,34.91],[73.539,34.926],[73.557,34.961],[73.594,34.999],[73.63,35.001],[73.662,34.981],[73.684,35.014],[73.718,35.025],[73.763,35.012],[73.779,35.02],[73.791,35.006],[73.816,35.004],[73.838,35.034],[73.85,35.092],[73.871,35.108],[73.914,35.108],[73.955,35.145],[73.958,35.165],[74.003,35.185],[74.043,35.151]]]}},{"type":"Feature","properties":{"district_code":"010","name":"TORGHAR DISTRICT","census_name":"TORGHAR DISTRICT","province":"KHYBER PAKHTUNKHWA"},"geometry":{"type":"Polygon","coordinates":[[[72.893,34.722],[72.906,34.704],[72.948,34.72],[72.943,34.696],[72.917,34.693],[72.919,34.679],[72.942,34.68],[72.935,34.667],[72.957,34.666],[72.97,34.648],[72.946,34.625],[72.901,34.634],[72.916,34.589],[72.948,34.594],[72.928,34.574],[72.94,34.563],[72.937,34.538],[72.892,34.5],[72.885,34.465],[72.869,34.451],[72.845,34.454],[72.835,34.432],[72.816,34.426],[72.826,34.369],[72.805,34.362],[72.804,34.348],[72.779,34.362],[72.741,34.356],[72.731,34.365],[72.744,34.366],[72.752,34.41],[72.725,34.43],[72.732,34.448],[72.749,34.455],[72.763,34.486],[72.755,34.506],[72.728,34.517],[72.728,34.536],[72.766,34.517],[72.816,34.561],[72.817,34.58],[72.776,34.619],[72.806,34.665],[72.796,34.696],[72.801,34.711],[72.832,34.768],[72.899,34.761],[72.893,34.722]]]}},{"type":"Feature","properties":{"district_code":"011","name":"HANGU DISTRICT","census_name":"HANGU DISTRICT","province":"KHYBER PAKHTUNKHWA"},"geometry":{"type":"Polygon","coordinates":[[[71.173,33.609],[71.234,33.585],[71.19,33.55],[71.215,33.519],[71.209,33.508],[71.155,33.508],[71.137,33.475],[71.102,33.469],[71.121,33.453],[71.106,33.406],[71.062,33.395],[71.042,33.389],[71.061,33.375],[71.05,33.362],[71.002,33.368],[70.977,33.35],[70.958,33.362],[70.9,33.363],[70.897,33.311],[70.767,33.332],[70.759,33.254],[70.68,33.257],[70.611,33.272],[70.573,33.294],[70.569,33.311],[70.555,33.309],[70.558,33.335],[70.539,33.338],[70.543,33.359],[70.535,33.374],[70.561,33.367],[70.585,33.403],[70.623,33.412],[70.611,33.432],[70.617,33.477],[70.703,33.489],[70.708,33.512],[70.742,33.518],[70.743,33.544],[70.718,33.544],[70.747,33.561],[70.754,33.583],[70.787,33.582],[70.809,33.578],[70.814,33.56],[70.822,33.568],[70.898,33.555],[70.906,33.568],[70.969,33.545],[71.014,33.556],[71.014,33.568],[71.045,33.563],[71.092,33.595],[71.137,33.589],[71.173,33.609]]]}},{"type":"Feature","properties":{"district_code":"012","name":"KARAK DISTRICT","census_name":"KARAK DISTRICT","province":"KHYBER PAKHTUNKHWA"},"geometry":{"type":"Polygon","coordinates":[[[71.206,33.372],[71.228,33.356],[71.322,33.35],[71.312,33.331],[71.325,33.309],[71.399,33.295],[71.385,33.265],[71.413,33.274],[71.448,33.263],[71.442,33.226],[71.465,33.217],[71.436,33.171],[71.466,33.13],[71.465,33.101],[71.437,33.081],[71.466,33.041],[71.456,33.018],[71.431,33.003],[71.373,33.006],[71.349,32.994],[71.312,33.003],[71.316,33.018],[71.282,33.017],[71.165,32.961],[71.145,32.913],[71.134,32.803],[71.115,32.811],[71.047,32.807],[71.023,32.823],[70.997,32.815],[70.955,32.871],[70.965,32.909],[70.919,32.981],[70.913,33.022],[70.898,33.012],[70.828,33.032],[70.826,33.059],[70.81,33.058],[70.802,33.087],[70.809,33.105],[70.882,33.15],[70.869,33.166],[70.885,33.175],[70.877,33.188],[70.823,33.209],[70.705,33.217],[70.678,33.254],[70.68,33.257],[70.759,33.254],[70.767,33.332],[70.897,33.311],[70.9,33.363],[70.958,33.362],[70.977,33.35],[71.002,33.368],[71.05,33.362],[71.061,33.375],[71.042,33.389],[71.062,33.395],[71.103,33.376],[71.206,33.372]]]}},{"type":"Feature","properties":{"district_code":"013","name":"KOHAT DISTRICT","census_name":"KOHAT DISTRICT","province":"KHYBER PAKHTUNKHWA"},"geometry":{"type":"Polygon","coordinates":[[[71.458,33.725],[71.489,33.724],[71.505,33.743],[71.539,33.73],[71.58,33.73],[71.617,33.723],[71.601,33.7],[71.613,33.684],[71.694,33.708],[71.69,33.658],[71.742,33.671],[71.745,33.692],[71.78,33.68],[71.84,33.721],[71.843,33.71],[71.885,33.702],[71.937,33.73],[72.004,33.725],[72.01,33.713],[72.001,33.696],[71.992,33.716],[71.977,33.708],[71.979,33.59],[71.951,33.571],[71.967,33.538],[71.954,33.515],[71.878,33.456],[71.862,33.406],[71.835,33.41],[71.784,33.388],[71.715,33.34],[71.731,33.314],[71.706,33.285],[71.708,33.255],[71.749,33.214],[71.761,33.182],[71.747,33.144],[71.714,33.11],[71.717,33.056],[71.674,33.051],[71.633,33.074],[71.627,33.103],[71.592,33.15],[71.604,33.184],[71.556,33.228],[71.526,33.219],[71.522,33.197],[71.465,33.217],[71.442,33.226],[71.448,33.263],[71.413,33.274],[71.385,33.265],[71.399,33.295],[71.325,33.309],[71.312,33.331],[71.322,33.35],[71.228,33.356],[71.206,33.372],[71.103,33.376],[71.062,33.395],[71.106,33.406],[71.121,33.453],[71.102,33.469],[71.137,33.475],[71.155,33.508],[71.209,33.508],[71.215,33.519],[71.19,33.55],[71.234,33.585],[71.173,33.609],[71.15,33.597],[71.087,33.619],[71.095,33.635],[71.122,33.642],[71.178,33.637],[71.127,33.693],[71.171,33.695],[71.141,33.739],[71.125,33.739],[71.159,33.756],[71.161,33.734],[71.202,33.735],[71.224,33.702],[71.296,33.673],[71.339,33.625],[71.36,33.627],[71.364,33.646],[71.396,33.652],[71.407,33.651],[71.412,33.68],[71.38,33.697],[71.384,33.717],[71.353,33.728],[71.351,33.76],[71.432,33.754],[71.458,33.725]]]}},{"type":"Feature","properties":{"district_code":"014","name":"BUNER DISTRICT","census_name":"BUNER DISTRICT","province":"KHYBER PAKHTUNKHWA"},"geometry":{"type":"Polygon","coordinates":[[[72.556,34.666],[72.575,34.634],[72.614,34.651],[72.644,34.645],[72.663,34.67],[72.703,34.684],[72.705,34.67],[72.724,34.664],[72.71,34.66],[72.714,34.636],[72.695,34.623],[72.723,34.581],[72.728,34.536],[72.728,34.517],[72.755,34.506],[72.763,34.486],[72.749,34.455],[72.732,34.448],[72.725,34.43],[72.752,34.41],[72.744,34.366],[72.731,34.365],[72.741,34.356],[72.708,34.302],[72.66,34.287],[72.612,34.246],[72.568,34.233],[72.553,34.218],[72.568,34.201],[72.561,34.172],[72.522,34.145],[72.483,34.157],[72.47,34.183],[72.415,34.187],[72.43,34.239],[72.463,34.268],[72.446,34.283],[72.45,34.302],[72.483,34.341],[72.477,34.364],[72.432,34.372],[72.426,34.402],[72.417,34.41],[72.331,34.439],[72.276,34.427],[72.235,34.439],[72.215,34.457],[72.223,34.49],[72.202,34.49],[72.197,34.504],[72.227,34.537],[72.214,34.568],[72.238,34.569],[72.296,34.612],[72.324,34.615],[72.379,34.639],[72.363,34.66],[72.405,34.682],[72.48,34.684],[72.487,34.707],[72.504,34.709],[72.529,34.703],[72.534,34.674],[72.556,34.666]]]}},{"type":"Feature","properties":{"district_code":"015","name":"LOWER CHITRAL DISTRICT","census_name":"LOWER CHITRAL DISTRICT","province":"KHYBER PAKHTUNKHWA"},"geometry":{"type":"Polygon","coordinates":[[[71.737,36.447],[71.761,36.32],[71.799,36.238],[71.868,36.168],[71.926,36.16],[71.935,36.122],[71.972,36.126],[71.987,36.111],[72.055,36.133],[72.058,36.112],[72.119,36.111],[72.175,36.095],[72.19,36.078],[72.263,36.104],[72.31,36.085],[72.324,36.026],[72.363,35.956],[72.348,35.949],[72.343,35.91],[72.256,35.867],[72.171,35.777],[72.142,35.742],[72.147,35.708],[72.111,35.691],[72.087,35.65],[72.066,35.639],[72.04,35.647],[71.971,35.604],[71.94,35.568],[71.98,35.528],[71.965,35.495],[71.976,35.478],[71.961,35.454],[71.937,35.475],[71.921,35.465],[71.883,35.453],[71.894,35.418],[71.877,35.409],[71.861,35.357],[71.791,35.38],[71.766,35.352],[71.732,35.352],[71.751,35.326],[71.775,35.324],[71.752,35.3],[71.757,35.264],[71.716,35.225],[71.689,35.229],[71.675,35.211],[71.667,35.21],[71.648,35.201],[71.646,35.202],[71.647,35.212],[71.643,35.222],[71.636,35.228],[71.627,35.231],[71.623,35.241],[71.618,35.243],[71.615,35.247],[71.611,35.249],[71.601,35.26],[71.59,35.26],[71.588,35.263],[71.58,35.268],[71.579,35.275],[71.562,35.28],[71.554,35.291],[71.554,35.305],[71.543,35.31],[71.546,35.314],[71.559,35.323],[71.557,35.326],[71.562,35.334],[71.565,35.336],[71.57,35.342],[71.579,35.346],[71.581,35.352],[71.586,35.355],[71.592,35.365],[71.598,35.373],[71.597,35.376],[71.604,35.385],[71.605,35.388],[71.608,35.394],[71.618,35.398],[71.621,35.406],[71.631,35.41],[71.637,35.41],[71.641,35.419],[71.641,35.426],[71.645,35.427],[71.647,35.431],[71.657,35.439],[71.657,35.443],[71.65,35.454],[71.648,35.454],[71.648,35.458],[71.625,35.474],[71.622,35.48],[71.606,35.482],[71.601,35.495],[71.594,35.5],[71.594,35.503],[71.597,35.506],[71.596,35.513],[71.599,35.52],[71.603,35.524],[71.604,35.531],[71.604,35.538],[71.61,35.549],[71.616,35.551],[71.619,35.551],[71.616,35.56],[71.618,35.571],[71.61,35.581],[71.602,35.582],[71.597,35.579],[71.591,35.58],[71.585,35.579],[71.573,35.583],[71.568,35.588],[71.563,35.587],[71.551,35.597],[71.548,35.597],[71.547,35.6],[71.537,35.604],[71.521,35.606],[71.521,35.61],[71.517,35.615],[71.512,35.616],[71.505,35.621],[71.505,35.626],[71.499,35.63],[71.499,35.632],[71.502,35.633],[71.503,35.637],[71.511,35.641],[71.511,35.645],[71.509,35.651],[71.509,35.656],[71.506,35.658],[71.507,35.66],[71.513,35.664],[71.518,35.662],[71.523,35.663],[71.527,35.668],[71.534,35.67],[71.535,35.676],[71.533,35.685],[71.536,35.687],[71.539,35.695],[71.543,35.697],[71.547,35.705],[71.547,35.707],[71.549,35.714],[71.547,35.718],[71.548,35.724],[71.546,35.728],[71.536,35.731],[71.53,35.736],[71.52,35.735],[71.508,35.739],[71.508,35.743],[71.503,35.748],[71.496,35.748],[71.497,35.75],[71.488,35.758],[71.483,35.769],[71.49,35.796],[71.489,35.81],[71.465,35.835],[71.461,35.848],[71.455,35.851],[71.45,35.861],[71.446,35.864],[71.432,35.888],[71.424,35.894],[71.416,35.893],[71.401,35.896],[71.394,35.9],[71.386,35.902],[71.384,35.909],[71.385,35.938],[71.384,35.944],[71.379,35.951],[71.379,35.955],[71.368,35.958],[71.362,35.961],[71.356,35.962],[71.352,35.964],[71.347,35.964],[71.342,35.961],[71.336,35.965],[71.299,35.975],[71.289,35.976],[71.265,35.986],[71.246,36.013],[71.241,36.026],[71.245,36.041],[71.251,36.047],[71.253,36.054],[71.278,36.094],[71.278,36.099],[71.274,36.103],[71.266,36.118],[71.265,36.126],[71.275,36.14],[71.297,36.157],[71.315,36.167],[71.324,36.17],[71.343,36.168],[71.349,36.17],[71.36,36.193],[71.361,36.204],[71.375,36.207],[71.386,36.212],[71.411,36.221],[71.425,36.24],[71.433,36.261],[71.444,36.277],[71.451,36.278],[71.454,36.282],[71.462,36.279],[71.472,36.291],[71.475,36.292],[71.479,36.292],[71.479,36.295],[71.487,36.298],[71.487,36.3],[71.497,36.3],[71.502,36.302],[71.507,36.3],[71.509,36.302],[71.512,36.307],[71.52,36.311],[71.532,36.326],[71.547,36.329],[71.57,36.328],[71.573,36.353],[71.576,36.356],[71.569,36.362],[71.564,36.363],[71.558,36.372],[71.563,36.381],[71.566,36.383],[71.575,36.394],[71.584,36.411],[71.593,36.415],[71.593,36.419],[71.599,36.434],[71.609,36.449],[71.642,36.48],[71.66,36.484],[71.678,36.476],[71.694,36.463],[71.718,36.46],[71.737,36.447]]]}},{"type":"Feature","properties":{"district_code":"016","name":"LOWER DIR DISTRICT","census_name":"LOWER DIR DISTRICT","province":"KHYBER PAKHTUNKHWA"},"geometry":{"type":"Polygon","coordinates":[[[71.873,35.046],[71.919,34.989],[72.0,34.939],[72.019,34.943],[72.017,34.928],[72.044,34.906],[72.09,34.89],[72.129,34.892],[72.144,34.877],[72.127,34.869],[72.142,34.873],[72.147,34.845],[72.17,34.836],[72.175,34.787],[72.185,34.786],[72.118,34.742],[72.094,34.668],[72.052,34.662],[72.006,34.637],[71.939,34.642],[71.913,34.628],[71.864,34.635],[71.819,34.621],[71.805,34.637],[71.76,34.66],[71.769,34.695],[71.756,34.735],[71.769,34.734],[71.783,34.756],[71.805,34.757],[71.792,34.768],[71.762,34.788],[71.704,34.797],[71.694,34.81],[71.642,34.825],[71.622,34.817],[71.613,34.819],[71.612,34.84],[71.627,34.849],[71.617,34.878],[71.534,34.95],[71.527,34.976],[71.499,34.971],[71.494,34.981],[71.503,34.99],[71.504,34.995],[71.506,34.997],[71.502,35.0],[71.509,35.005],[71.509,35.006],[71.522,35.011],[71.524,35.013],[71.542,35.017],[71.553,35.023],[71.554,35.025],[71.554,35.029],[71.541,35.041],[71.537,35.043],[71.537,35.048],[71.536,35.05],[71.538,35.053],[71.537,35.057],[71.568,35.066],[71.636,35.025],[71.726,35.027],[71.749,35.05],[71.794,35.051],[71.829,35.072],[71.873,35.046]]]}},{"type":"Feature","properties":{"district_code":"017","name":"MALAKAND PROTECTED AREA","census_name":"MALAKAND DISTRICT","province":"KHYBER PAKHTUNKHWA"},"geometry":{"type":"Polygon","coordinates":[[[72.13,34.658],[72.114,34.62],[72.135,34.583],[72.157,34.571],[72.214,34.568],[72.227,34.537],[72.197,34.504],[72.174,34.522],[72.134,34.523],[72.097,34.506],[72.078,34.477],[72.076,34.496],[72.017,34.529],[71.996,34.525],[71.959,34.49],[71.966,34.468],[71.956,34.441],[71.916,34.43],[71.889,34.389],[71.845,34.381],[71.83,34.363],[71.797,34.406],[71.767,34.413],[71.756,34.455],[71.702,34.444],[71.662,34.462],[71.658,34.49],[71.628,34.507],[71.63,34.521],[71.659,34.518],[71.653,34.539],[71.669,34.559],[71.676,34.618],[71.76,34.66],[71.805,34.637],[71.819,34.621],[71.864,34.635],[71.913,34.628],[71.939,34.642],[72.006,34.637],[72.052,34.662],[72.094,34.668],[72.13,34.658]]]}},{"type":"Feature","properties":{"district_code":"018","name":"SHANGLA DISTRICT","census_name":"SHANGLA DISTRICT","province":"KHYBER PAKHTUNKHWA"},"geometry":{"type":"Polygon","coordinates":[[[72.808,34.992],[72.831,34.975],[72.872,34.986],[72.903,34.969],[72.88,34.925],[72.865,34.89],[73.0,34.843],[72.995,34.815],[72.973,34.819],[72.949,34.805],[72.931,34.803],[72.925,34.772],[72.899,34.761],[72.832,34.768],[72.801,34.711],[72.796,34.696],[72.806,34.665],[72.776,34.619],[72.817,34.58],[72.816,34.561],[72.766,34.517],[72.728,34.536],[72.723,34.581],[72.695,34.623],[72.714,34.636],[72.71,34.66],[72.724,34.664],[72.705,34.67],[72.703,34.684],[72.663,34.67],[72.644,34.645],[72.614,34.651],[72.575,34.634],[72.556,34.666],[72.534,34.674],[72.529,34.703],[72.504,34.709],[72.52,34.739],[72.516,34.763],[72.531,34.772],[72.573,34.759],[72.568,34.802],[72.585,34.816],[72.577,34.844],[72.59,34.895],[72.594,34.965],[72.577,35.01],[72.598,35.015],[72.633,35.051],[72.673,35.052],[72.687,35.063],[72.685,35.094],[72.721,35.16],[72.747,35.158],[72.793,35.107],[72.79,35.056],[72.813,35.012],[72.808,34.992]]]}},{"type":"Feature","properties":{"district_code":"019","name":"SWAT DISTRICT","census_name":"SWAT DISTRICT","province":"KHYBER PAKHTUNKHWA"},"geometry":{"type":"Polygon","coordinates":[[[72.58,35.846],[72.67,35.822],[72.79,35.852],[72.795,35.724],[72.752,35.586],[72.756,35.46],[72.725,35.423],[72.741,35.393],[72.786,35.376],[72.769,35.314],[72.762,35.274],[72.753,35.261],[72.719,35.26],[72.725,35.239],[72.703,35.231],[72.685,35.183],[72.721,35.16],[72.685,35.094],[72.687,35.063],[72.673,35.052],[72.633,35.051],[72.598,35.015],[72.577,35.01],[72.594,34.965],[72.59,34.895],[72.577,34.844],[72.585,34.816],[72.568,34.802],[72.573,34.759],[72.531,34.772],[72.516,34.763],[72.52,34.739],[72.504,34.709],[72.487,34.707],[72.48,34.684],[72.405,34.682],[72.363,34.66],[72.379,34.639],[72.324,34.615],[72.296,34.612],[72.238,34.569],[72.214,34.568],[72.157,34.571],[72.135,34.583],[72.114,34.62],[72.13,34.658],[72.094,34.668],[72.118,34.742],[72.185,34.786],[72.175,34.787],[72.17,34.836],[72.147,34.845],[72.142,34.873],[72.127,34.869],[72.144,34.877],[72.129,34.892],[72.159,34.905],[72.157,34.928],[72.185,34.969],[72.181,34.999],[72.212,35.042],[72.19,35.108],[72.206,35.125],[72.249,35.129],[72.28,35.144],[72.267,35.154],[72.269,35.174],[72.219,35.212],[72.239,35.241],[72.226,35.258],[72.282,35.261],[72.312,35.305],[72.316,35.336],[72.358,35.35],[72.364,35.365],[72.352,35.406],[72.372,35.462],[72.356,35.499],[72.214,35.608],[72.21,35.622],[72.26,35.674],[72.291,35.771],[72.308,35.779],[72.324,35.763],[72.369,35.766],[72.404,35.794],[72.417,35.83],[72.452,35.833],[72.496,35.901],[72.528,35.898],[72.58,35.846]]]}},{"type":"Feature","properties":{"district_code":"020","name":"UPPER DIR DISTRICT","census_name":"UPPER DIR DISTRICT","province":"KHYBER PAKHTUNKHWA"},"geometry":{"type":"Polygon","coordinates":[[[72.171,35.777],[72.188,35.758],[72.216,35.777],[72.291,35.771],[72.26,35.674],[72.21,35.622],[72.214,35.608],[72.356,35.499],[72.372,35.462],[72.352,35.406],[72.364,35.365],[72.358,35.35],[72.316,35.336],[72.312,35.305],[72.282,35.261],[72.226,35.258],[72.239,35.241],[72.219,35.212],[72.269,35.174],[72.267,35.154],[72.28,35.144],[72.249,35.129],[72.206,35.125],[72.19,35.108],[72.212,35.042],[72.181,34.999],[72.185,34.969],[72.157,34.928],[72.159,34.905],[72.129,34.892],[72.09,34.89],[72.044,34.906],[72.017,34.928],[72.019,34.943],[72.0,34.939],[71.919,34.989],[71.873,35.046],[71.829,35.072],[71.794,35.051],[71.749,35.05],[71.726,35.027],[71.636,35.025],[71.568,35.066],[71.53,35.056],[71.529,35.062],[71.516,35.073],[71.517,35.078],[71.522,35.081],[71.524,35.086],[71.53,35.088],[71.534,35.093],[71.544,35.1],[71.547,35.104],[71.568,35.118],[71.573,35.117],[71.576,35.118],[71.579,35.122],[71.582,35.123],[71.585,35.132],[71.59,35.139],[71.594,35.138],[71.608,35.146],[71.614,35.14],[71.625,35.139],[71.627,35.144],[71.626,35.144],[71.628,35.149],[71.637,35.163],[71.641,35.166],[71.642,35.17],[71.649,35.177],[71.655,35.177],[71.659,35.186],[71.663,35.187],[71.671,35.197],[71.68,35.204],[71.681,35.21],[71.679,35.215],[71.689,35.229],[71.716,35.225],[71.757,35.264],[71.752,35.3],[71.775,35.324],[71.751,35.326],[71.732,35.352],[71.766,35.352],[71.791,35.38],[71.861,35.357],[71.877,35.409],[71.894,35.418],[71.883,35.453],[71.921,35.465],[71.937,35.475],[71.961,35.454],[71.976,35.478],[71.965,35.495],[71.98,35.528],[71.94,35.568],[71.971,35.604],[72.04,35.647],[72.066,35.639],[72.087,35.65],[72.111,35.691],[72.147,35.708],[72.142,35.742],[72.171,35.777]]]}},{"type":"Feature","properties":{"district_code":"021","name":"MARDAN DISTRICT","census_name":"MARDAN DISTRICT","province":"KHYBER PAKHTUNKHWA"},"geometry":{"type":"Polygon","coordinates":[[[72.076,34.496],[72.078,34.477],[72.097,34.506],[72.134,34.523],[72.174,34.522],[72.197,34.504],[72.202,34.49],[72.223,34.49],[72.215,34.457],[72.235,34.439],[72.276,34.427],[72.331,34.439],[72.417,34.41],[72.426,34.402],[72.432,34.372],[72.374,34.338],[72.349,34.339],[72.334,34.322],[72.342,34.308],[72.316,34.273],[72.336,34.257],[72.329,34.248],[72.269,34.258],[72.203,34.245],[72.216,34.214],[72.206,34.209],[72.2,34.09],[72.152,34.091],[72.148,34.075],[72.098,34.083],[72.041,34.078],[72.02,34.13],[71.943,34.141],[71.93,34.145],[71.891,34.24],[71.878,34.24],[71.88,34.255],[71.836,34.263],[71.829,34.283],[71.817,34.297],[71.824,34.341],[71.84,34.343],[71.83,34.363],[71.845,34.381],[71.889,34.389],[71.916,34.43],[71.956,34.441],[71.966,34.468],[71.959,34.49],[71.996,34.525],[72.017,34.529],[72.076,34.496]]]}},{"type":"Feature","properties":{"district_code":"022","name":"SWABI DISTRICT","census_name":"SWABI DISTRICT","province":"KHYBER PAKHTUNKHWA"},"geometry":{"type":"Polygon","coordinates":[[[72.483,34.341],[72.45,34.302],[72.446,34.283],[72.463,34.268],[72.43,34.239],[72.415,34.187],[72.47,34.183],[72.483,34.157],[72.522,34.145],[72.561,34.172],[72.568,34.201],[72.553,34.218],[72.568,34.233],[72.612,34.246],[72.66,34.287],[72.708,34.302],[72.749,34.299],[72.738,34.28],[72.757,34.281],[72.783,34.249],[72.745,34.186],[72.761,34.183],[72.741,34.113],[72.633,34.018],[72.572,33.993],[72.533,34.0],[72.493,34.002],[72.41,33.993],[72.407,34.008],[72.402,33.977],[72.374,33.956],[72.315,33.947],[72.234,33.9],[72.208,33.976],[72.229,34.0],[72.247,34.086],[72.2,34.09],[72.206,34.209],[72.216,34.214],[72.203,34.245],[72.269,34.258],[72.329,34.248],[72.336,34.257],[72.316,34.273],[72.342,34.308],[72.334,34.322],[72.349,34.339],[72.374,34.338],[72.432,34.372],[72.477,34.364],[72.483,34.341]]]}},{"type":"Feature","properties":{"district_code":"023","name":"CHARSADDA DISTRICT","census_name":"CHARSADDA DISTRICT","province":"KHYBER PAKHTUNKHWA"},"geometry":{"type":"Polygon","coordinates":[[[71.824,34.341],[71.817,34.297],[71.829,34.283],[71.836,34.263],[71.88,34.255],[71.878,34.24],[71.891,34.24],[71.93,34.145],[71.943,34.141],[71.895,34.126],[71.846,34.039],[71.83,34.038],[71.801,34.083],[71.775,34.089],[71.776,34.078],[71.718,34.091],[71.705,34.105],[71.68,34.106],[71.647,34.144],[71.631,34.144],[71.6,34.152],[71.576,34.18],[71.499,34.184],[71.495,34.204],[71.523,34.216],[71.516,34.228],[71.528,34.236],[71.553,34.287],[71.537,34.305],[71.565,34.301],[71.57,34.33],[71.559,34.343],[71.58,34.328],[71.584,34.338],[71.608,34.339],[71.632,34.328],[71.619,34.345],[71.636,34.363],[71.624,34.378],[71.653,34.386],[71.658,34.418],[71.702,34.444],[71.756,34.455],[71.767,34.413],[71.797,34.406],[71.83,34.363],[71.84,34.343],[71.824,34.341]]]}},{"type":"Feature","properties":{"district_code":"024","name":"NOWSHERA DISTRICT","census_name":"NOWSHERA DISTRICT","province":"KHYBER PAKHTUNKHWA"},"geometry":{"type":"Polygon","coordinates":[[[72.02,34.13],[72.041,34.078],[72.098,34.083],[72.148,34.075],[72.152,34.091],[72.2,34.09],[72.247,34.086],[72.229,34.0],[72.208,33.976],[72.234,33.9],[72.241,33.763],[72.186,33.762],[72.081,33.787],[72.071,33.782],[72.079,33.767],[72.038,33.753],[72.025,33.727],[72.01,33.713],[72.004,33.725],[71.937,33.73],[71.885,33.702],[71.843,33.71],[71.84,33.721],[71.862,33.75],[71.847,33.783],[71.774,33.795],[71.75,33.85],[71.741,33.893],[71.784,33.908],[71.768,33.943],[71.753,33.985],[71.725,33.979],[71.721,34.0],[71.704,34.007],[71.723,34.021],[71.697,34.044],[71.709,34.053],[71.7,34.067],[71.702,34.092],[71.718,34.091],[71.776,34.078],[71.775,34.089],[71.801,34.083],[71.83,34.038],[71.846,34.039],[71.895,34.126],[71.943,34.141],[72.02,34.13]]]}},{"type":"Feature","properties":{"district_code":"025","name":"PESHAWAR DISTRICT","census_name":"PESHAWAR DISTRICT","province":"KHYBER PAKHTUNKHWA"},"geometry":{"type":"Polygon","coordinates":[[[71.499,34.184],[71.576,34.18],[71.6,34.152],[71.631,34.144],[71.647,34.144],[71.68,34.106],[71.705,34.105],[71.718,34.091],[71.702,34.092],[71.7,34.067],[71.709,34.053],[71.697,34.044],[71.723,34.021],[71.704,34.007],[71.721,34.0],[71.725,33.979],[71.753,33.985],[71.768,33.943],[71.784,33.908],[71.741,33.893],[71.75,33.85],[71.774,33.795],[71.847,33.783],[71.862,33.75],[71.84,33.721],[71.78,33.68],[71.745,33.692],[71.742,33.671],[71.69,33.658],[71.694,33.708],[71.613,33.684],[71.601,33.7],[71.617,33.723],[71.58,33.73],[71.539,33.73],[71.505,33.743],[71.499,33.736],[71.506,33.772],[71.539,33.808],[71.529,33.816],[71.538,33.831],[71.501,33.88],[71.465,33.903],[71.459,33.956],[71.447,33.959],[71.432,33.944],[71.412,33.961],[71.425,33.972],[71.41,33.997],[71.418,34.005],[71.403,34.013],[71.415,34.03],[71.405,34.045],[71.417,34.05],[71.39,34.072],[71.395,34.124],[71.42,34.133],[71.401,34.136],[71.415,34.149],[71.401,34.17],[71.442,34.191],[71.47,34.182],[71.476,34.202],[71.495,34.204],[71.499,34.184]]]}},{"type":"Feature","properties":{"district_code":"026","name":"BAHAWALNAGAR DISTRICT","census_name":"BAHAWALNAGAR DISTRICT","province":"PUNJAB"},"geometry":{"type":"Polygon","coordinates":[[[73.903,30.349],[73.924,30.326],[73.908,30.315],[73.91,30.304],[73.922,30.306],[73.929,30.31],[73.935,30.31],[73.94,30.3],[73.959,30.272],[73.962,30.264],[73.973,30.199],[73.969,30.196],[73.916,30.155],[73.826,30.091],[73.806,30.068],[73.597,30.019],[73.397,29.946],[73.338,29.749],[73.293,29.605],[73.284,29.581],[73.282,29.572],[73.084,29.236],[73.058,29.208],[73.054,29.207],[73.054,29.204],[73.005,29.153],[72.988,29.123],[72.992,29.123],[72.978,29.094],[72.974,29.095],[72.944,29.034],[72.936,29.028],[72.73,28.95],[72.707,28.936],[72.686,28.926],[72.677,28.919],[72.623,28.889],[72.62,28.885],[72.616,28.885],[72.612,28.882],[72.588,28.87],[72.577,28.862],[72.559,28.852],[72.552,28.851],[72.546,28.846],[72.546,28.862],[72.464,28.867],[72.421,28.983],[72.406,28.983],[72.405,29.017],[72.35,29.016],[72.405,29.029],[72.341,29.103],[72.33,29.078],[72.238,29.073],[72.245,29.133],[72.275,29.149],[72.272,29.187],[72.219,29.194],[72.218,29.212],[72.205,29.211],[72.215,29.247],[72.292,29.249],[72.287,29.278],[72.309,29.296],[72.33,29.292],[72.327,29.35],[72.382,29.35],[72.396,29.419],[72.386,29.437],[72.424,29.445],[72.441,29.48],[72.485,29.476],[72.508,29.45],[72.518,29.465],[72.552,29.459],[72.561,29.434],[72.61,29.452],[72.618,29.468],[72.626,29.445],[72.651,29.453],[72.66,29.48],[72.663,29.466],[72.694,29.466],[72.71,29.458],[72.712,29.487],[72.75,29.493],[72.75,29.515],[72.781,29.526],[72.771,29.586],[72.743,29.585],[72.744,29.602],[72.782,29.616],[72.785,29.648],[72.756,29.648],[72.76,29.637],[72.749,29.637],[72.708,29.668],[72.715,29.687],[72.695,29.697],[72.679,29.69],[72.677,29.724],[72.651,29.73],[72.648,29.744],[72.612,29.738],[72.579,29.818],[72.597,29.822],[72.596,29.848],[72.631,29.853],[72.667,29.877],[72.671,29.868],[72.685,29.886],[72.711,29.865],[72.73,29.926],[72.715,29.943],[72.782,29.94],[72.794,29.949],[72.784,29.981],[72.812,29.995],[72.843,29.994],[72.867,29.954],[72.888,29.963],[72.858,29.978],[72.89,30.012],[72.891,30.033],[72.912,30.039],[72.932,30.012],[72.939,29.999],[72.977,29.997],[73.0,30.017],[73.019,29.996],[73.026,30.01],[73.003,30.021],[73.03,30.029],[73.016,30.074],[73.053,30.058],[73.103,30.072],[73.122,30.101],[73.152,30.11],[73.157,30.131],[73.165,30.087],[73.185,30.089],[73.179,30.119],[73.213,30.107],[73.21,30.13],[73.225,30.134],[73.226,30.123],[73.256,30.146],[73.248,30.16],[73.265,30.16],[73.267,30.143],[73.278,30.156],[73.305,30.144],[73.341,30.156],[73.362,30.124],[73.363,30.205],[73.41,30.214],[73.434,30.206],[73.433,30.264],[73.458,30.27],[73.463,30.237],[73.469,30.275],[73.531,30.302],[73.542,30.292],[73.563,30.301],[73.558,30.312],[73.566,30.303],[73.597,30.321],[73.622,30.314],[73.623,30.328],[73.651,30.335],[73.719,30.325],[73.757,30.361],[73.801,30.354],[73.81,30.331],[73.811,30.357],[73.821,30.347],[73.877,30.362],[73.881,30.359],[73.903,30.349]]]}},{"type":"Feature","properties":{"district_code":"027","name":"BAHAWALPUR DISTRICT","census_name":"BAHAWALPUR DISTRICT","province":"PUNJAB"},"geometry":{"type":"Polygon","coordinates":[[[72.437,29.858],[72.457,29.85],[72.468,29.858],[72.477,29.847],[72.484,29.86],[72.489,29.83],[72.515,29.844],[72.52,29.826],[72.53,29.844],[72.563,29.847],[72.579,29.818],[72.612,29.738],[72.648,29.744],[72.651,29.73],[72.677,29.724],[72.679,29.69],[72.695,29.697],[72.715,29.687],[72.708,29.668],[72.749,29.637],[72.76,29.637],[72.756,29.648],[72.785,29.648],[72.782,29.616],[72.744,29.602],[72.743,29.585],[72.771,29.586],[72.781,29.526],[72.75,29.515],[72.75,29.493],[72.712,29.487],[72.71,29.458],[72.694,29.466],[72.663,29.466],[72.66,29.48],[72.651,29.453],[72.626,29.445],[72.618,29.468],[72.61,29.452],[72.561,29.434],[72.552,29.459],[72.518,29.465],[72.508,29.45],[72.485,29.476],[72.441,29.48],[72.424,29.445],[72.386,29.437],[72.396,29.419],[72.382,29.35],[72.327,29.35],[72.33,29.292],[72.309,29.296],[72.287,29.278],[72.292,29.249],[72.215,29.247],[72.205,29.211],[72.218,29.212],[72.219,29.194],[72.272,29.187],[72.275,29.149],[72.245,29.133],[72.238,29.073],[72.33,29.078],[72.341,29.103],[72.405,29.029],[72.35,29.016],[72.405,29.017],[72.406,28.983],[72.421,28.983],[72.464,28.867],[72.546,28.862],[72.476,28.824],[72.414,28.805],[72.399,28.793],[72.333,28.722],[72.305,28.683],[72.256,28.546],[72.252,28.529],[72.247,28.524],[72.246,28.515],[72.212,28.419],[72.187,28.377],[72.154,28.352],[72.153,28.348],[72.144,28.337],[72.127,28.322],[72.022,28.246],[71.995,28.222],[71.989,28.215],[71.989,28.213],[71.987,28.213],[71.972,28.195],[71.925,28.133],[71.924,28.119],[71.914,28.06],[71.902,27.983],[71.893,27.977],[71.836,27.96],[71.699,27.91],[71.678,27.904],[71.588,27.895],[71.355,27.885],[71.265,27.87],[71.264,27.981],[71.292,27.982],[71.299,28.039],[71.326,28.041],[71.325,28.076],[71.297,28.076],[71.299,28.049],[71.193,28.044],[71.192,28.096],[71.053,28.112],[71.048,28.151],[71.023,28.15],[71.009,28.176],[70.996,28.175],[70.966,28.274],[70.959,28.428],[71.074,28.426],[71.072,28.506],[71.051,28.506],[71.045,28.728],[71.013,28.729],[71.026,28.848],[71.061,28.884],[71.054,28.901],[71.032,28.893],[71.027,28.909],[71.058,28.91],[71.05,28.961],[71.061,29.005],[71.049,29.01],[71.063,29.083],[71.077,29.083],[71.086,29.103],[71.028,29.084],[71.01,29.049],[70.979,29.034],[70.953,29.062],[70.922,29.138],[70.892,29.115],[70.895,29.162],[70.93,29.181],[70.92,29.208],[70.901,29.233],[70.945,29.215],[70.952,29.231],[70.937,29.255],[70.907,29.266],[70.92,29.286],[70.976,29.317],[71.019,29.308],[71.046,29.323],[71.039,29.337],[71.05,29.337],[71.062,29.385],[71.09,29.396],[71.11,29.38],[71.145,29.425],[71.153,29.402],[71.238,29.437],[71.251,29.434],[71.26,29.397],[71.318,29.395],[71.348,29.424],[71.342,29.387],[71.378,29.379],[71.385,29.365],[71.399,29.385],[71.438,29.395],[71.484,29.351],[71.503,29.378],[71.506,29.401],[71.493,29.407],[71.507,29.415],[71.521,29.408],[71.541,29.419],[71.556,29.392],[71.585,29.401],[71.597,29.428],[71.625,29.411],[71.649,29.454],[71.703,29.464],[71.716,29.455],[71.748,29.505],[71.781,29.486],[71.801,29.47],[71.854,29.515],[71.888,29.515],[71.884,29.496],[71.898,29.499],[71.899,29.528],[71.91,29.529],[71.925,29.522],[71.925,29.475],[71.937,29.503],[71.939,29.494],[71.965,29.49],[71.972,29.499],[71.942,29.522],[71.943,29.546],[71.967,29.548],[71.973,29.537],[71.998,29.548],[72.024,29.524],[72.06,29.559],[72.058,29.544],[72.097,29.531],[72.108,29.539],[72.102,29.58],[72.159,29.585],[72.197,29.618],[72.189,29.642],[72.211,29.644],[72.219,29.708],[72.27,29.702],[72.258,29.71],[72.274,29.711],[72.278,29.726],[72.265,29.723],[72.251,29.755],[72.234,29.762],[72.253,29.769],[72.253,29.797],[72.276,29.819],[72.322,29.805],[72.358,29.851],[72.4,29.845],[72.42,29.876],[72.437,29.858]]]}},{"type":"Feature","properties":{"district_code":"028","name":"RAHIM YAR KHAN DISTRICT","census_name":"RAHIM YAR KHAN DISTRICT","province":"PUNJAB"},"geometry":{"type":"MultiPolygon","coordinates":[[[[69.557,28.216],[69.546,28.194],[69.559,28.182],[69.533,28.179],[69.529,28.203],[69.476,28.177],[69.454,28.215],[69.48,28.254],[69.513,28.261],[69.531,28.219],[69.557,28.216]]],[[[69.573,28.395],[69.582,28.367],[69.595,28.369],[69.596,28.386],[69.625,28.363],[69.615,28.361],[69.626,28.353],[69.616,28.29],[69.63,28.253],[69.658,28.262],[69.655,28.294],[69.675,28.322],[69.717,28.299],[69.736,28.331],[69.774,28.331],[69.763,28.269],[69.699,28.25],[69.68,28.265],[69.665,28.257],[69.665,28.233],[69.609,28.231],[69.608,28.297],[69.593,28.302],[69.594,28.288],[69.577,28.357],[69.551,28.361],[69.534,28.398],[69.55,28.406],[69.573,28.395]]],[[[70.817,29.208],[70.813,29.169],[70.841,29.176],[70.851,29.213],[70.92,29.208],[70.93,29.181],[70.895,29.162],[70.892,29.115],[70.922,29.138],[70.953,29.062],[70.979,29.034],[71.01,29.049],[71.028,29.084],[71.086,29.103],[71.077,29.083],[71.063,29.083],[71.049,29.01],[71.061,29.005],[71.05,28.961],[71.058,28.91],[71.027,28.909],[71.032,28.893],[71.054,28.901],[71.061,28.884],[71.026,28.848],[71.013,28.729],[71.045,28.728],[71.051,28.506],[71.072,28.506],[71.074,28.426],[70.959,28.428],[70.966,28.274],[70.996,28.175],[71.009,28.176],[71.023,28.15],[71.048,28.151],[71.053,28.112],[71.192,28.096],[71.193,28.044],[71.299,28.049],[71.297,28.076],[71.325,28.076],[71.326,28.041],[71.299,28.039],[71.292,27.982],[71.264,27.981],[71.265,27.852],[71.244,27.849],[71.221,27.843],[71.087,27.785],[70.906,27.711],[70.885,27.706],[70.865,27.705],[70.846,27.709],[70.767,27.715],[70.758,27.717],[70.738,27.742],[70.722,27.769],[70.715,27.776],[70.703,27.8],[70.689,27.819],[70.678,27.839],[70.673,27.87],[70.672,27.905],[70.65,27.906],[70.648,27.939],[70.651,27.939],[70.563,28.02],[70.53,28.032],[70.51,28.036],[70.479,28.034],[70.461,28.03],[70.458,28.02],[70.447,28.013],[70.436,28.012],[70.429,28.016],[70.43,28.021],[70.366,28.008],[70.336,27.983],[70.322,27.965],[70.303,27.946],[70.281,27.93],[70.208,27.885],[70.201,27.878],[70.186,27.853],[70.058,27.902],[70.032,27.934],[69.993,27.949],[69.933,28.024],[69.874,28.102],[69.846,28.143],[69.84,28.18],[69.858,28.206],[69.832,28.249],[69.838,28.276],[69.816,28.286],[69.816,28.363],[69.793,28.385],[69.759,28.39],[69.746,28.417],[69.764,28.44],[69.798,28.431],[69.849,28.437],[69.849,28.453],[69.891,28.424],[69.931,28.431],[69.964,28.468],[69.959,28.5],[69.988,28.55],[70.01,28.562],[70.041,28.556],[70.048,28.536],[70.071,28.544],[70.089,28.587],[70.109,28.59],[70.128,28.613],[70.069,28.627],[70.114,28.669],[70.21,28.664],[70.23,28.717],[70.207,28.746],[70.233,28.746],[70.232,28.765],[70.25,28.766],[70.285,28.74],[70.308,28.755],[70.317,28.777],[70.283,28.807],[70.287,28.819],[70.322,28.823],[70.353,28.795],[70.368,28.797],[70.403,28.822],[70.397,28.849],[70.372,28.848],[70.381,28.877],[70.346,28.889],[70.348,28.902],[70.389,28.92],[70.458,28.896],[70.485,28.906],[70.488,28.892],[70.502,28.891],[70.51,28.907],[70.54,28.917],[70.51,28.928],[70.508,28.969],[70.532,28.963],[70.576,28.994],[70.619,28.993],[70.656,29.016],[70.609,29.019],[70.609,29.04],[70.656,29.051],[70.69,29.042],[70.71,29.068],[70.716,29.109],[70.738,29.109],[70.742,29.133],[70.759,29.133],[70.793,29.218],[70.817,29.208]]]]}},{"type":"Feature","properties":{"district_code":"029","name":"DERA GHAZI KHAN DISTRICT","census_name":"DERA GHAZI KHAN DISTRICT","province":"PUNJAB"},"geometry":{"type":"Polygon","coordinates":[[[70.582,31.333],[70.662,31.312],[70.732,31.332],[70.816,31.281],[70.811,31.255],[70.826,31.237],[70.79,31.232],[70.786,31.205],[70.801,31.089],[70.801,31.011],[70.779,30.986],[70.794,30.955],[70.788,30.926],[70.776,30.925],[70.775,30.887],[70.798,30.883],[70.798,30.871],[70.78,30.833],[70.749,30.832],[70.745,30.789],[70.75,30.763],[70.792,30.768],[70.81,30.753],[70.796,30.623],[70.815,30.593],[70.801,30.574],[70.815,30.574],[70.815,30.558],[70.791,30.537],[70.795,30.495],[70.807,30.496],[70.812,30.457],[70.84,30.451],[70.84,30.417],[70.786,30.41],[70.795,30.379],[70.772,30.351],[70.796,30.348],[70.787,30.31],[70.803,30.31],[70.783,30.266],[70.802,30.255],[70.793,30.2],[70.811,30.187],[70.804,30.163],[70.821,30.17],[70.828,30.146],[70.84,30.15],[70.825,30.109],[70.84,30.08],[70.856,30.076],[70.859,30.035],[70.842,30.037],[70.839,30.025],[70.849,29.997],[70.86,30.0],[70.855,29.973],[70.845,29.952],[70.907,29.925],[70.912,29.898],[70.86,29.897],[70.838,29.866],[70.867,29.858],[70.866,29.838],[70.826,29.754],[70.803,29.757],[70.746,29.676],[70.73,29.674],[70.743,29.657],[70.709,29.612],[70.699,29.638],[70.71,29.675],[70.693,29.673],[70.689,29.69],[70.666,29.687],[70.696,29.727],[70.673,29.744],[70.676,29.759],[70.636,29.758],[70.612,29.773],[70.59,29.734],[70.57,29.726],[70.578,29.706],[70.553,29.662],[70.554,29.634],[70.419,29.57],[70.413,29.607],[70.378,29.619],[70.393,29.657],[70.355,29.693],[70.369,29.71],[70.343,29.737],[70.303,29.747],[70.297,29.764],[70.281,29.732],[70.255,29.727],[70.225,29.748],[70.222,29.734],[70.211,29.736],[70.196,29.757],[70.171,29.763],[70.179,29.78],[70.111,29.809],[70.079,29.895],[69.997,29.914],[69.946,29.903],[69.943,29.925],[69.905,29.941],[69.923,29.975],[69.935,30.011],[69.955,30.006],[69.966,30.093],[69.975,30.101],[69.985,30.091],[69.988,30.139],[70.005,30.183],[70.017,30.183],[70.032,30.239],[70.026,30.261],[69.998,30.27],[69.96,30.219],[69.957,30.263],[69.982,30.298],[69.961,30.292],[69.965,30.322],[69.998,30.384],[70.005,30.453],[70.044,30.498],[70.088,30.587],[70.096,30.633],[70.097,30.667],[70.157,30.666],[70.15,30.712],[70.168,30.774],[70.218,30.784],[70.223,30.826],[70.262,30.831],[70.265,30.872],[70.223,30.871],[70.231,30.909],[70.231,31.038],[70.246,31.069],[70.215,31.115],[70.236,31.234],[70.273,31.241],[70.306,31.224],[70.33,31.24],[70.361,31.221],[70.384,31.229],[70.382,31.217],[70.402,31.225],[70.404,31.238],[70.403,31.257],[70.425,31.245],[70.449,31.296],[70.531,31.307],[70.54,31.327],[70.546,31.315],[70.582,31.333]]]}},{"type":"Feature","properties":{"district_code":"030","name":"LAYYAH DISTRICT","census_name":"LAYYAH DISTRICT","province":"PUNJAB"},"geometry":{"type":"Polygon","coordinates":[[[70.932,31.378],[70.956,31.374],[71.005,31.386],[71.087,31.374],[71.105,31.383],[71.122,31.362],[71.194,31.368],[71.196,31.347],[71.185,31.347],[71.219,31.328],[71.219,31.301],[71.242,31.301],[71.234,31.285],[71.245,31.284],[71.246,31.26],[71.303,31.26],[71.311,31.164],[71.437,31.173],[71.478,31.212],[71.494,31.251],[71.54,31.262],[71.637,31.241],[71.64,31.218],[71.691,31.178],[71.761,31.171],[71.762,31.131],[71.773,31.132],[71.795,31.086],[71.757,31.084],[71.78,31.05],[71.833,31.049],[71.843,30.977],[71.753,30.991],[71.78,30.984],[71.825,30.936],[71.797,30.908],[71.831,30.881],[71.797,30.851],[71.779,30.853],[71.774,30.805],[71.721,30.801],[71.715,30.77],[71.682,30.755],[71.685,30.711],[71.65,30.7],[71.654,30.651],[71.617,30.642],[71.613,30.612],[71.55,30.592],[71.489,30.61],[71.482,30.629],[71.457,30.634],[71.431,30.678],[71.406,30.678],[71.375,30.724],[71.344,30.716],[71.36,30.729],[71.349,30.754],[71.305,30.754],[71.301,30.765],[71.287,30.759],[71.255,30.778],[71.184,30.767],[71.18,30.737],[71.15,30.709],[71.163,30.691],[71.13,30.653],[71.052,30.663],[71.028,30.642],[71.011,30.641],[71.018,30.649],[71.02,30.661],[70.974,30.663],[70.956,30.678],[70.8,30.651],[70.81,30.753],[70.792,30.768],[70.75,30.763],[70.745,30.789],[70.749,30.832],[70.78,30.833],[70.798,30.871],[70.798,30.883],[70.775,30.887],[70.776,30.925],[70.788,30.926],[70.794,30.955],[70.779,30.986],[70.801,31.011],[70.801,31.089],[70.786,31.205],[70.79,31.232],[70.826,31.237],[70.811,31.255],[70.816,31.281],[70.826,31.313],[70.815,31.316],[70.812,31.346],[70.828,31.361],[70.825,31.383],[70.869,31.373],[70.893,31.405],[70.914,31.411],[70.931,31.41],[70.932,31.378]]]}},{"type":"Feature","properties":{"district_code":"031","name":"MUZAFFARGARH DISTRICT","census_name":"MUZAFFARGARH DISTRICT","province":"PUNJAB"},"geometry":{"type":"Polygon","coordinates":[[[71.255,30.778],[71.287,30.759],[71.301,30.765],[71.305,30.754],[71.349,30.754],[71.36,30.729],[71.344,30.716],[71.375,30.724],[71.406,30.678],[71.431,30.678],[71.457,30.634],[71.482,30.629],[71.489,30.61],[71.55,30.592],[71.613,30.612],[71.617,30.642],[71.659,30.623],[71.674,30.637],[71.714,30.617],[71.722,30.598],[71.742,30.603],[71.749,30.594],[71.686,30.537],[71.621,30.514],[71.611,30.481],[71.578,30.458],[71.541,30.466],[71.539,30.438],[71.513,30.444],[71.497,30.428],[71.509,30.417],[71.488,30.411],[71.501,30.41],[71.486,30.392],[71.475,30.395],[71.471,30.368],[71.411,30.35],[71.422,30.313],[71.404,30.273],[71.387,30.272],[71.393,30.251],[71.375,30.242],[71.378,30.223],[71.347,30.225],[71.35,30.194],[71.326,30.194],[71.301,30.156],[71.291,30.093],[71.303,30.073],[71.279,30.062],[71.291,30.06],[71.286,30.044],[71.271,30.043],[71.276,30.016],[71.266,30.003],[71.282,29.967],[71.247,29.951],[71.221,29.955],[71.198,29.874],[71.179,29.867],[71.182,29.845],[71.205,29.846],[71.204,29.804],[71.19,29.799],[71.191,29.769],[71.172,29.744],[71.19,29.713],[71.173,29.689],[71.199,29.662],[71.159,29.639],[71.139,29.644],[71.131,29.621],[71.074,29.628],[71.083,29.615],[71.059,29.611],[71.066,29.599],[71.054,29.585],[71.079,29.561],[71.05,29.548],[71.035,29.523],[71.045,29.519],[71.04,29.498],[71.024,29.5],[71.046,29.392],[71.062,29.385],[71.05,29.337],[71.039,29.337],[71.046,29.323],[71.019,29.308],[70.976,29.317],[70.92,29.286],[70.907,29.266],[70.937,29.255],[70.952,29.231],[70.945,29.215],[70.901,29.233],[70.92,29.208],[70.851,29.213],[70.841,29.176],[70.813,29.169],[70.817,29.208],[70.793,29.218],[70.759,29.133],[70.742,29.133],[70.738,29.109],[70.716,29.109],[70.71,29.068],[70.69,29.042],[70.656,29.051],[70.609,29.04],[70.609,29.019],[70.656,29.016],[70.619,28.993],[70.576,28.994],[70.532,28.963],[70.508,28.969],[70.527,29.06],[70.534,29.077],[70.553,29.078],[70.544,29.137],[70.568,29.136],[70.546,29.18],[70.532,29.18],[70.541,29.192],[70.565,29.192],[70.568,29.224],[70.589,29.23],[70.621,29.27],[70.597,29.313],[70.618,29.355],[70.599,29.362],[70.603,29.385],[70.612,29.371],[70.622,29.371],[70.621,29.385],[70.634,29.377],[70.634,29.433],[70.653,29.446],[70.702,29.443],[70.701,29.499],[70.732,29.498],[70.732,29.515],[70.702,29.534],[70.723,29.559],[70.703,29.56],[70.722,29.593],[70.702,29.607],[70.709,29.612],[70.743,29.657],[70.73,29.674],[70.746,29.676],[70.803,29.757],[70.826,29.754],[70.866,29.838],[70.867,29.858],[70.838,29.866],[70.86,29.897],[70.912,29.898],[70.907,29.925],[70.845,29.952],[70.855,29.973],[70.86,30.0],[70.849,29.997],[70.839,30.025],[70.842,30.037],[70.859,30.035],[70.856,30.076],[70.84,30.08],[70.825,30.109],[70.84,30.15],[70.828,30.146],[70.821,30.17],[70.804,30.163],[70.811,30.187],[70.793,30.2],[70.802,30.255],[70.783,30.266],[70.803,30.31],[70.787,30.31],[70.796,30.348],[70.772,30.351],[70.795,30.379],[70.786,30.41],[70.84,30.417],[70.84,30.451],[70.812,30.457],[70.807,30.496],[70.795,30.495],[70.791,30.537],[70.815,30.558],[70.815,30.574],[70.801,30.574],[70.815,30.593],[70.796,30.623],[70.8,30.651],[70.956,30.678],[70.974,30.663],[71.02,30.661],[71.018,30.649],[71.011,30.641],[71.028,30.642],[71.052,30.663],[71.13,30.653],[71.163,30.691],[71.15,30.709],[71.18,30.737],[71.184,30.767],[71.255,30.778]]]}},{"type":"Feature","properties":{"district_code":"032","name":"RAJANPUR DISTRICT","census_name":"RAJANPUR DISTRICT","province":"PUNJAB"},"geometry":{"type":"Polygon","coordinates":[[[69.943,29.925],[69.946,29.903],[69.997,29.914],[70.079,29.895],[70.111,29.809],[70.179,29.78],[70.171,29.763],[70.196,29.757],[70.211,29.736],[70.222,29.734],[70.225,29.748],[70.255,29.727],[70.281,29.732],[70.297,29.764],[70.303,29.747],[70.343,29.737],[70.369,29.71],[70.355,29.693],[70.393,29.657],[70.378,29.619],[70.413,29.607],[70.419,29.57],[70.554,29.634],[70.553,29.662],[70.578,29.706],[70.57,29.726],[70.59,29.734],[70.612,29.773],[70.636,29.758],[70.676,29.759],[70.673,29.744],[70.696,29.727],[70.666,29.687],[70.689,29.69],[70.693,29.673],[70.71,29.675],[70.699,29.638],[70.709,29.612],[70.702,29.607],[70.722,29.593],[70.703,29.56],[70.723,29.559],[70.702,29.534],[70.732,29.515],[70.732,29.498],[70.701,29.499],[70.702,29.443],[70.653,29.446],[70.634,29.433],[70.634,29.377],[70.621,29.385],[70.622,29.371],[70.612,29.371],[70.603,29.385],[70.599,29.362],[70.618,29.355],[70.597,29.313],[70.621,29.27],[70.589,29.23],[70.568,29.224],[70.565,29.192],[70.541,29.192],[70.532,29.18],[70.546,29.18],[70.568,29.136],[70.544,29.137],[70.553,29.078],[70.534,29.077],[70.527,29.06],[70.508,28.969],[70.51,28.928],[70.54,28.917],[70.51,28.907],[70.502,28.891],[70.488,28.892],[70.485,28.906],[70.458,28.896],[70.389,28.92],[70.348,28.902],[70.346,28.889],[70.381,28.877],[70.372,28.848],[70.397,28.849],[70.403,28.822],[70.368,28.797],[70.353,28.795],[70.322,28.823],[70.287,28.819],[70.283,28.807],[70.317,28.777],[70.308,28.755],[70.285,28.74],[70.25,28.766],[70.232,28.765],[70.233,28.746],[70.207,28.746],[70.23,28.717],[70.21,28.664],[70.114,28.669],[70.069,28.627],[70.128,28.613],[70.109,28.59],[70.089,28.587],[70.071,28.544],[70.048,28.536],[70.041,28.556],[70.01,28.562],[69.988,28.55],[69.959,28.5],[69.964,28.468],[69.931,28.431],[69.891,28.424],[69.849,28.453],[69.849,28.437],[69.798,28.431],[69.764,28.44],[69.746,28.417],[69.747,28.433],[69.6,28.45],[69.623,28.482],[69.494,28.503],[69.429,28.481],[69.419,28.452],[69.36,28.453],[69.32,28.546],[69.379,28.531],[69.378,28.55],[69.519,28.631],[69.536,28.67],[69.556,28.701],[69.593,28.711],[69.561,28.791],[69.552,28.862],[69.602,28.882],[69.618,28.966],[69.592,28.997],[69.607,29.016],[69.54,29.037],[69.689,29.122],[69.73,29.192],[69.73,29.249],[69.665,29.286],[69.665,29.311],[69.644,29.295],[69.613,29.319],[69.649,29.335],[69.67,29.365],[69.667,29.461],[69.688,29.479],[69.643,29.482],[69.631,29.5],[69.586,29.509],[69.586,29.571],[69.562,29.556],[69.531,29.584],[69.531,29.615],[69.596,29.615],[69.585,29.63],[69.599,29.673],[69.61,29.674],[69.692,29.697],[69.736,29.739],[69.75,29.734],[69.77,29.75],[69.821,29.808],[69.843,29.807],[69.887,29.901],[69.903,29.947],[69.923,29.975],[69.905,29.941],[69.943,29.925]]]}},{"type":"Feature","properties":{"district_code":"033","name":"CHINIOT DISTRICT","census_name":"CHINIOT DISTRICT","province":"PUNJAB"},"geometry":{"type":"Polygon","coordinates":[[[72.951,31.991],[72.969,31.967],[72.99,31.976],[73.023,31.964],[73.04,31.943],[73.102,31.943],[73.162,31.906],[73.176,31.902],[73.161,31.89],[73.148,31.839],[73.192,31.819],[73.209,31.79],[73.116,31.705],[73.083,31.646],[73.047,31.589],[72.949,31.552],[72.859,31.491],[72.796,31.372],[72.743,31.377],[72.721,31.359],[72.689,31.366],[72.616,31.417],[72.622,31.457],[72.611,31.472],[72.589,31.477],[72.557,31.459],[72.518,31.51],[72.475,31.535],[72.477,31.55],[72.445,31.569],[72.449,31.596],[72.423,31.615],[72.422,31.68],[72.455,31.672],[72.485,31.743],[72.497,31.72],[72.503,31.746],[72.547,31.754],[72.548,31.781],[72.66,31.791],[72.697,31.82],[72.72,31.815],[72.739,31.831],[72.806,31.856],[72.833,31.839],[72.843,31.867],[72.87,31.883],[72.9,31.851],[72.935,31.86],[72.946,31.842],[72.967,31.846],[72.965,31.89],[72.933,31.907],[72.921,31.899],[72.885,31.923],[72.886,31.934],[72.917,31.931],[72.931,31.95],[72.954,31.939],[72.932,31.957],[72.937,31.99],[72.951,31.991]]]}},{"type":"Feature","properties":{"district_code":"034","name":"FAISALABAD DISTRICT","census_name":"FAISALABAD DISTRICT","province":"PUNJAB"},"geometry":{"type":"Polygon","coordinates":[[[73.209,31.79],[73.23,31.75],[73.282,31.768],[73.268,31.753],[73.275,31.74],[73.298,31.719],[73.326,31.728],[73.344,31.72],[73.355,31.701],[73.345,31.675],[73.36,31.673],[73.434,31.639],[73.428,31.576],[73.446,31.566],[73.443,31.555],[73.472,31.551],[73.473,31.505],[73.446,31.489],[73.51,31.431],[73.535,31.435],[73.559,31.469],[73.589,31.441],[73.615,31.464],[73.63,31.454],[73.647,31.461],[73.671,31.385],[73.643,31.366],[73.664,31.33],[73.645,31.331],[73.65,31.308],[73.591,31.26],[73.575,31.262],[73.559,31.239],[73.542,31.244],[73.522,31.206],[73.495,31.196],[73.451,31.213],[73.445,31.196],[73.408,31.178],[73.402,31.149],[73.404,31.128],[73.392,31.133],[73.39,31.115],[73.363,31.111],[73.356,31.1],[73.361,31.065],[73.334,31.046],[73.353,31.027],[73.342,31.0],[73.32,31.013],[73.3,30.991],[73.263,30.983],[73.258,30.991],[73.259,30.973],[73.243,30.974],[73.239,30.945],[73.227,30.948],[73.219,30.93],[73.194,30.928],[73.193,30.906],[73.177,30.901],[73.161,30.921],[73.148,30.914],[73.161,30.901],[73.135,30.895],[73.154,30.877],[73.142,30.862],[73.157,30.865],[73.142,30.859],[73.144,30.841],[73.127,30.844],[73.123,30.865],[73.102,30.864],[73.094,30.855],[73.106,30.83],[73.082,30.813],[73.03,30.816],[72.973,30.764],[72.955,30.761],[72.952,30.783],[72.945,30.767],[72.934,30.774],[72.927,30.76],[72.902,30.755],[72.9,30.74],[72.886,30.746],[72.899,30.731],[72.893,30.714],[72.862,30.705],[72.765,30.749],[72.753,30.735],[72.712,30.737],[72.713,30.781],[72.746,30.798],[72.733,30.814],[72.748,30.827],[72.736,30.842],[72.69,30.857],[72.668,30.883],[72.706,30.906],[72.705,30.927],[72.72,30.925],[72.739,30.944],[72.75,30.951],[72.741,30.968],[72.764,30.981],[72.769,31.018],[72.791,31.027],[72.781,31.04],[72.789,31.056],[72.77,31.081],[72.744,31.058],[72.71,31.079],[72.744,31.088],[72.745,31.14],[72.76,31.154],[72.752,31.168],[72.787,31.193],[72.809,31.185],[72.787,31.205],[72.819,31.255],[72.836,31.253],[72.839,31.279],[72.789,31.328],[72.796,31.372],[72.859,31.491],[72.949,31.552],[73.047,31.589],[73.083,31.646],[73.116,31.705],[73.209,31.79]]]}},{"type":"Feature","properties":{"district_code":"035","name":"JHANG DISTRICT","census_name":"JHANG DISTRICT","province":"PUNJAB"},"geometry":{"type":"Polygon","coordinates":[[[72.289,31.778],[72.343,31.736],[72.334,31.716],[72.345,31.709],[72.315,31.682],[72.3,31.693],[72.285,31.675],[72.291,31.663],[72.237,31.627],[72.22,31.603],[72.233,31.587],[72.256,31.572],[72.283,31.619],[72.299,31.611],[72.308,31.633],[72.349,31.635],[72.365,31.678],[72.396,31.671],[72.422,31.68],[72.423,31.615],[72.449,31.596],[72.445,31.569],[72.477,31.55],[72.475,31.535],[72.518,31.51],[72.557,31.459],[72.589,31.477],[72.611,31.472],[72.622,31.457],[72.616,31.417],[72.689,31.366],[72.675,31.355],[72.671,31.314],[72.633,31.309],[72.646,31.265],[72.591,31.267],[72.577,31.234],[72.552,31.244],[72.531,31.218],[72.472,31.209],[72.486,31.161],[72.457,31.152],[72.477,31.137],[72.446,31.115],[72.418,31.107],[72.413,31.078],[72.391,31.068],[72.385,31.057],[72.406,31.045],[72.358,31.019],[72.324,30.928],[72.295,30.913],[72.295,30.896],[72.241,30.882],[72.226,30.845],[72.244,30.846],[72.253,30.831],[72.243,30.806],[72.218,30.804],[72.24,30.791],[72.248,30.802],[72.26,30.796],[72.212,30.732],[72.161,30.724],[72.121,30.74],[72.047,30.74],[72.043,30.723],[71.991,30.698],[71.985,30.674],[71.931,30.686],[71.917,30.668],[71.894,30.687],[71.855,30.675],[71.863,30.67],[71.816,30.642],[71.811,30.652],[71.772,30.616],[71.779,30.6],[71.749,30.594],[71.742,30.603],[71.722,30.598],[71.714,30.617],[71.674,30.637],[71.659,30.623],[71.617,30.642],[71.654,30.651],[71.65,30.7],[71.685,30.711],[71.682,30.755],[71.715,30.77],[71.721,30.801],[71.774,30.805],[71.779,30.853],[71.797,30.851],[71.831,30.881],[71.797,30.908],[71.825,30.936],[71.78,30.984],[71.753,30.991],[71.843,30.977],[71.833,31.049],[71.78,31.05],[71.757,31.084],[71.795,31.086],[71.773,31.132],[71.762,31.131],[71.759,31.224],[71.844,31.269],[71.899,31.277],[71.912,31.263],[71.958,31.254],[71.95,31.377],[71.987,31.383],[71.951,31.486],[71.981,31.525],[72.04,31.586],[72.053,31.691],[72.11,31.693],[72.142,31.747],[72.178,31.734],[72.203,31.787],[72.216,31.78],[72.232,31.769],[72.25,31.79],[72.289,31.778]]]}},{"type":"Feature","properties":{"district_code":"036","name":"TOBA TEK SINGH DISTRICT","census_name":"TOBA TEK SINGH DISTRICT","province":"PUNJAB"},"geometry":{"type":"Polygon","coordinates":[[[72.796,31.372],[72.789,31.328],[72.839,31.279],[72.836,31.253],[72.819,31.255],[72.787,31.205],[72.809,31.185],[72.787,31.193],[72.752,31.168],[72.76,31.154],[72.745,31.14],[72.744,31.088],[72.71,31.079],[72.744,31.058],[72.77,31.081],[72.789,31.056],[72.781,31.04],[72.791,31.027],[72.769,31.018],[72.764,30.981],[72.741,30.968],[72.75,30.951],[72.739,30.944],[72.72,30.925],[72.705,30.927],[72.706,30.906],[72.668,30.883],[72.69,30.857],[72.736,30.842],[72.748,30.827],[72.733,30.814],[72.746,30.798],[72.713,30.781],[72.712,30.737],[72.753,30.735],[72.765,30.749],[72.821,30.723],[72.812,30.712],[72.771,30.712],[72.744,30.685],[72.76,30.686],[72.756,30.673],[72.73,30.676],[72.744,30.631],[72.727,30.598],[72.711,30.601],[72.708,30.581],[72.679,30.575],[72.66,30.588],[72.636,30.573],[72.629,30.589],[72.616,30.573],[72.566,30.575],[72.558,30.589],[72.582,30.587],[72.56,30.594],[72.547,30.617],[72.506,30.602],[72.485,30.613],[72.477,30.602],[72.499,30.596],[72.497,30.587],[72.465,30.578],[72.466,30.589],[72.419,30.601],[72.41,30.584],[72.393,30.596],[72.364,30.57],[72.338,30.577],[72.331,30.556],[72.335,30.576],[72.301,30.574],[72.304,30.537],[72.275,30.538],[72.277,30.526],[72.27,30.538],[72.29,30.566],[72.276,30.571],[72.26,30.557],[72.261,30.582],[72.246,30.562],[72.245,30.577],[72.188,30.562],[72.138,30.576],[72.141,30.6],[72.212,30.732],[72.26,30.796],[72.248,30.802],[72.24,30.791],[72.218,30.804],[72.243,30.806],[72.253,30.831],[72.244,30.846],[72.226,30.845],[72.241,30.882],[72.295,30.896],[72.295,30.913],[72.324,30.928],[72.358,31.019],[72.406,31.045],[72.385,31.057],[72.391,31.068],[72.413,31.078],[72.418,31.107],[72.446,31.115],[72.477,31.137],[72.457,31.152],[72.486,31.161],[72.472,31.209],[72.531,31.218],[72.552,31.244],[72.577,31.234],[72.591,31.267],[72.646,31.265],[72.633,31.309],[72.671,31.314],[72.675,31.355],[72.689,31.366],[72.721,31.359],[72.743,31.377],[72.796,31.372]]]}},{"type":"Feature","properties":{"district_code":"037","name":"GUJRANWALA DISTRICT","census_name":"GUJRANWALA DISTRICT","province":"PUNJAB"},"geometry":{"type":"Polygon","coordinates":[[[74.214,32.525],[74.199,32.515],[74.209,32.515],[74.207,32.478],[74.186,32.475],[74.192,32.453],[74.181,32.451],[74.207,32.44],[74.203,32.398],[74.225,32.378],[74.217,32.348],[74.247,32.308],[74.238,32.287],[74.262,32.259],[74.326,32.247],[74.333,32.207],[74.359,32.186],[74.373,32.193],[74.381,32.167],[74.412,32.174],[74.431,32.164],[74.435,32.175],[74.498,32.153],[74.489,32.135],[74.523,32.106],[74.507,32.089],[74.531,32.075],[74.566,32.061],[74.566,32.049],[74.524,32.029],[74.528,32.012],[74.481,32.006],[74.493,31.988],[74.428,31.954],[74.402,31.916],[74.377,31.917],[74.355,31.888],[74.326,31.889],[74.317,31.903],[74.301,31.886],[74.212,31.892],[74.193,31.88],[74.185,31.854],[74.161,31.858],[74.159,31.844],[74.127,31.83],[74.085,31.819],[74.057,31.821],[74.043,31.836],[74.026,31.826],[73.98,31.83],[73.98,31.853],[73.957,31.849],[73.945,31.831],[73.876,31.847],[73.885,31.866],[73.847,31.917],[73.88,31.931],[73.887,31.961],[73.84,31.956],[73.817,31.979],[73.837,32.013],[73.821,32.016],[73.813,32.036],[73.827,32.059],[73.789,32.076],[73.8,32.137],[73.729,32.207],[73.735,32.222],[73.708,32.256],[73.683,32.34],[73.743,32.361],[73.757,32.339],[73.784,32.34],[73.787,32.37],[73.853,32.366],[73.854,32.392],[73.908,32.398],[73.896,32.412],[74.001,32.421],[73.993,32.44],[74.011,32.432],[74.062,32.479],[74.138,32.485],[74.125,32.502],[74.155,32.517],[74.151,32.532],[74.184,32.517],[74.18,32.533],[74.214,32.552],[74.214,32.525]]]}},{"type":"Feature","properties":{"district_code":"038","name":"GUJRAT DISTRICT","census_name":"GUJRAT DISTRICT","province":"PUNJAB"},"geometry":{"type":"Polygon","coordinates":[[[73.927,32.995],[73.949,32.974],[73.963,32.98],[74.005,32.962],[74.002,32.938],[74.026,32.93],[74.05,32.938],[74.069,32.911],[74.106,32.909],[74.141,32.887],[74.147,32.895],[74.197,32.876],[74.219,32.873],[74.221,32.849],[74.312,32.822],[74.307,32.808],[74.354,32.767],[74.391,32.765],[74.422,32.79],[74.442,32.791],[74.461,32.777],[74.44,32.744],[74.45,32.724],[74.469,32.723],[74.473,32.714],[74.447,32.708],[74.466,32.678],[74.376,32.611],[74.335,32.593],[74.345,32.586],[74.334,32.579],[74.271,32.586],[74.214,32.552],[74.18,32.533],[74.184,32.517],[74.151,32.532],[74.155,32.517],[74.125,32.502],[74.138,32.485],[74.062,32.479],[74.011,32.432],[73.993,32.44],[74.001,32.421],[73.896,32.412],[73.881,32.404],[73.882,32.433],[73.789,32.493],[73.782,32.532],[73.783,32.563],[73.745,32.565],[73.711,32.601],[73.712,32.618],[73.681,32.621],[73.676,32.647],[73.651,32.657],[73.65,32.691],[73.61,32.683],[73.596,32.722],[73.588,32.727],[73.646,32.834],[73.634,32.842],[73.677,32.882],[73.689,32.869],[73.722,32.897],[73.713,32.901],[73.747,32.949],[73.767,32.949],[73.785,32.965],[73.816,32.967],[73.833,33.003],[73.927,32.995]]]}},{"type":"Feature","properties":{"district_code":"039","name":"HAFIZABAD DISTRICT","census_name":"HAFIZABAD DISTRICT","province":"PUNJAB"},"geometry":{"type":"Polygon","coordinates":[[[73.683,32.34],[73.708,32.256],[73.735,32.222],[73.729,32.207],[73.8,32.137],[73.789,32.076],[73.827,32.059],[73.813,32.036],[73.821,32.016],[73.837,32.013],[73.817,31.979],[73.771,31.961],[73.698,31.891],[73.642,31.883],[73.631,31.867],[73.593,31.868],[73.557,31.882],[73.528,31.822],[73.504,31.806],[73.484,31.817],[73.45,31.84],[73.432,31.802],[73.407,31.802],[73.387,31.818],[73.363,31.794],[73.318,31.797],[73.305,31.764],[73.292,31.763],[73.282,31.778],[73.282,31.768],[73.23,31.75],[73.192,31.819],[73.148,31.839],[73.161,31.89],[73.176,31.902],[73.162,31.906],[73.174,31.944],[73.22,31.986],[73.214,32.026],[73.236,32.033],[73.238,32.067],[73.3,32.121],[73.317,32.131],[73.309,32.15],[73.327,32.159],[73.33,32.14],[73.403,32.18],[73.421,32.183],[73.475,32.25],[73.506,32.245],[73.509,32.273],[73.567,32.289],[73.584,32.274],[73.6,32.286],[73.59,32.308],[73.683,32.34]]]}},{"type":"Feature","properties":{"district_code":"040","name":"MANDI BAHAUDDIN DISTRICT","census_name":"MANDI BAHAUDDIN DISTRICT","province":"PUNJAB"},"geometry":{"type":"Polygon","coordinates":[[[73.596,32.722],[73.61,32.683],[73.65,32.691],[73.651,32.657],[73.676,32.647],[73.681,32.621],[73.712,32.618],[73.711,32.601],[73.745,32.565],[73.783,32.563],[73.782,32.532],[73.789,32.493],[73.882,32.433],[73.881,32.404],[73.896,32.412],[73.908,32.398],[73.854,32.392],[73.853,32.366],[73.787,32.37],[73.784,32.34],[73.757,32.339],[73.743,32.361],[73.59,32.308],[73.6,32.286],[73.584,32.274],[73.567,32.289],[73.509,32.273],[73.506,32.245],[73.475,32.25],[73.421,32.183],[73.403,32.18],[73.33,32.14],[73.327,32.159],[73.309,32.15],[73.317,32.131],[73.3,32.121],[73.267,32.154],[73.265,32.176],[73.237,32.18],[73.247,32.221],[73.227,32.233],[73.237,32.235],[73.212,32.271],[73.157,32.249],[73.129,32.3],[73.135,32.311],[73.087,32.294],[73.079,32.306],[73.065,32.31],[73.109,32.349],[73.095,32.362],[73.099,32.385],[73.077,32.392],[73.086,32.402],[73.051,32.425],[73.045,32.444],[73.121,32.469],[73.123,32.488],[73.153,32.467],[73.173,32.494],[73.158,32.506],[73.202,32.528],[73.197,32.567],[73.208,32.591],[73.229,32.58],[73.292,32.611],[73.386,32.632],[73.395,32.622],[73.429,32.639],[73.513,32.69],[73.578,32.712],[73.588,32.727],[73.596,32.722]]]}},{"type":"Feature","properties":{"district_code":"041","name":"NAROWAL DISTRICT","census_name":"NAROWAL DISTRICT","province":"PUNJAB"},"geometry":{"type":"Polygon","coordinates":[[[75.069,32.478],[75.069,32.46],[75.079,32.469],[75.121,32.455],[75.117,32.432],[75.133,32.404],[75.148,32.402],[75.153,32.421],[75.171,32.406],[75.191,32.428],[75.189,32.405],[75.208,32.392],[75.257,32.39],[75.254,32.369],[75.271,32.373],[75.298,32.354],[75.292,32.346],[75.324,32.342],[75.338,32.322],[75.33,32.307],[75.326,32.312],[75.321,32.31],[75.316,32.312],[75.314,32.309],[75.317,32.308],[75.316,32.298],[75.323,32.293],[75.336,32.293],[75.339,32.292],[75.337,32.288],[75.333,32.29],[75.323,32.287],[75.321,32.285],[75.342,32.274],[75.343,32.273],[75.34,32.27],[75.358,32.261],[75.36,32.263],[75.366,32.264],[75.366,32.267],[75.372,32.266],[75.372,32.269],[75.38,32.267],[75.384,32.271],[75.379,32.263],[75.378,32.258],[75.38,32.253],[75.377,32.246],[75.381,32.238],[75.379,32.23],[75.375,32.228],[75.374,32.225],[75.366,32.22],[75.342,32.217],[75.337,32.22],[75.331,32.22],[75.325,32.212],[75.319,32.208],[75.316,32.208],[75.32,32.204],[75.317,32.203],[75.323,32.2],[75.324,32.197],[75.32,32.194],[75.311,32.195],[75.311,32.187],[75.309,32.185],[75.313,32.18],[75.311,32.178],[75.3,32.176],[75.29,32.178],[75.282,32.176],[75.284,32.168],[75.28,32.163],[75.271,32.158],[75.269,32.148],[75.266,32.143],[75.268,32.14],[75.267,32.135],[75.272,32.13],[75.271,32.124],[75.262,32.123],[75.257,32.125],[75.249,32.117],[75.256,32.117],[75.255,32.107],[75.258,32.107],[75.258,32.104],[75.256,32.1],[75.245,32.098],[75.244,32.101],[75.238,32.103],[75.229,32.101],[75.226,32.103],[75.223,32.102],[75.224,32.098],[75.217,32.102],[75.215,32.107],[75.215,32.106],[75.207,32.103],[75.204,32.096],[75.198,32.086],[75.199,32.082],[75.196,32.083],[75.19,32.082],[75.179,32.076],[75.177,32.072],[75.165,32.072],[75.165,32.073],[75.159,32.074],[75.159,32.076],[75.146,32.077],[75.146,32.075],[75.12,32.074],[75.108,32.067],[75.107,32.071],[75.107,32.081],[75.103,32.087],[75.091,32.085],[75.091,32.077],[75.093,32.073],[75.091,32.073],[75.089,32.077],[75.079,32.078],[75.072,32.082],[75.065,32.084],[75.064,32.079],[75.076,32.075],[75.074,32.073],[75.081,32.07],[75.08,32.066],[75.077,32.065],[75.073,32.067],[75.063,32.066],[75.053,32.071],[75.051,32.07],[75.051,32.066],[75.047,32.065],[75.046,32.06],[75.047,32.058],[75.054,32.058],[75.054,32.054],[75.051,32.053],[75.052,32.052],[75.052,32.051],[75.041,32.042],[75.037,32.044],[75.032,32.051],[75.027,32.048],[75.025,32.051],[75.02,32.05],[75.02,32.048],[75.018,32.044],[75.019,32.043],[75.017,32.043],[75.012,32.035],[75.004,32.037],[75.002,32.043],[75.001,32.041],[74.985,32.042],[74.983,32.04],[74.972,32.042],[74.978,32.047],[74.977,32.049],[74.979,32.051],[74.953,32.06],[74.952,32.058],[74.948,32.059],[74.949,32.062],[74.948,32.063],[74.934,32.066],[74.925,32.066],[74.919,32.062],[74.918,32.058],[74.912,32.056],[74.913,32.054],[74.905,32.05],[74.892,32.055],[74.89,32.055],[74.888,32.053],[74.879,32.054],[74.875,32.051],[74.874,32.052],[74.869,32.046],[74.859,32.043],[74.857,32.04],[74.858,32.036],[74.866,32.023],[74.848,32.02],[74.853,32.013],[74.835,32.012],[74.828,32.016],[74.825,32.011],[74.815,32.013],[74.804,31.984],[74.813,31.978],[74.816,31.965],[74.814,31.962],[74.806,31.963],[74.802,31.958],[74.79,31.957],[74.79,31.958],[74.788,31.958],[74.788,31.96],[74.781,31.961],[74.78,31.964],[74.775,31.966],[74.755,31.963],[74.758,31.957],[74.755,31.956],[74.756,31.947],[74.755,31.946],[74.747,31.943],[74.74,31.95],[74.736,31.948],[74.749,31.937],[74.74,31.937],[74.738,31.94],[74.723,31.94],[74.717,31.933],[74.726,31.924],[74.707,31.919],[74.701,31.922],[74.701,31.926],[74.671,31.971],[74.638,31.984],[74.637,32.017],[74.61,32.025],[74.595,32.066],[74.611,32.065],[74.614,32.079],[74.633,32.074],[74.635,32.098],[74.667,32.123],[74.661,32.132],[74.758,32.165],[74.763,32.195],[74.738,32.227],[74.749,32.234],[74.772,32.279],[74.77,32.301],[74.82,32.295],[74.823,32.313],[74.849,32.311],[74.843,32.327],[74.859,32.33],[74.873,32.389],[74.924,32.396],[74.918,32.412],[74.934,32.425],[74.925,32.433],[74.943,32.445],[74.943,32.432],[74.96,32.424],[74.979,32.448],[74.997,32.445],[75.028,32.494],[75.069,32.478]]]}},{"type":"Feature","properties":{"district_code":"042","name":"SIALKOT DISTRICT","census_name":"SIALKOT DISTRICT","province":"PUNJAB"},"geometry":{"type":"Polygon","coordinates":[[[74.709,32.833],[74.655,32.729],[74.655,32.698],[74.696,32.67],[74.688,32.652],[74.702,32.643],[74.691,32.636],[74.673,32.651],[74.646,32.635],[74.656,32.617],[74.641,32.623],[74.638,32.615],[74.651,32.563],[74.673,32.569],[74.674,32.539],[74.69,32.534],[74.68,32.511],[74.688,32.487],[74.708,32.493],[74.717,32.477],[74.796,32.477],[74.813,32.48],[74.82,32.5],[74.868,32.485],[74.877,32.494],[74.877,32.477],[74.9,32.467],[74.939,32.471],[74.943,32.445],[74.925,32.433],[74.934,32.425],[74.918,32.412],[74.924,32.396],[74.873,32.389],[74.859,32.33],[74.843,32.327],[74.849,32.311],[74.823,32.313],[74.82,32.295],[74.77,32.301],[74.772,32.279],[74.749,32.234],[74.738,32.227],[74.763,32.195],[74.758,32.165],[74.661,32.132],[74.667,32.123],[74.635,32.098],[74.633,32.074],[74.614,32.079],[74.611,32.065],[74.595,32.066],[74.566,32.049],[74.566,32.061],[74.531,32.075],[74.507,32.089],[74.523,32.106],[74.489,32.135],[74.498,32.153],[74.435,32.175],[74.431,32.164],[74.412,32.174],[74.381,32.167],[74.373,32.193],[74.359,32.186],[74.333,32.207],[74.326,32.247],[74.262,32.259],[74.238,32.287],[74.247,32.308],[74.217,32.348],[74.225,32.378],[74.203,32.398],[74.207,32.44],[74.181,32.451],[74.192,32.453],[74.186,32.475],[74.207,32.478],[74.209,32.515],[74.199,32.515],[74.214,32.525],[74.214,32.552],[74.271,32.586],[74.334,32.579],[74.345,32.586],[74.335,32.593],[74.376,32.611],[74.466,32.678],[74.447,32.708],[74.473,32.714],[74.469,32.723],[74.45,32.724],[74.44,32.744],[74.467,32.788],[74.488,32.782],[74.488,32.767],[74.504,32.771],[74.5,32.76],[74.518,32.758],[74.52,32.747],[74.547,32.745],[74.568,32.76],[74.575,32.75],[74.617,32.761],[74.637,32.751],[74.632,32.776],[74.661,32.793],[74.638,32.811],[74.653,32.826],[74.709,32.833]]]}},{"type":"Feature","properties":{"district_code":"043","name":"KASUR DISTRICT","census_name":"KASUR DISTRICT","province":"PUNJAB"},"geometry":{"type":"Polygon","coordinates":[[[74.499,31.34],[74.5,31.324],[74.537,31.33],[74.537,31.327],[74.534,31.325],[74.534,31.322],[74.538,31.319],[74.534,31.316],[74.535,31.314],[74.529,31.314],[74.526,31.312],[74.534,31.305],[74.541,31.306],[74.542,31.304],[74.537,31.301],[74.531,31.284],[74.521,31.272],[74.521,31.269],[74.524,31.261],[74.532,31.252],[74.533,31.25],[74.528,31.24],[74.519,31.233],[74.52,31.232],[74.517,31.228],[74.517,31.227],[74.523,31.223],[74.523,31.221],[74.525,31.22],[74.523,31.218],[74.526,31.212],[74.524,31.208],[74.525,31.204],[74.521,31.203],[74.521,31.196],[74.52,31.194],[74.522,31.191],[74.52,31.185],[74.519,31.183],[74.511,31.182],[74.51,31.18],[74.51,31.173],[74.513,31.164],[74.511,31.158],[74.514,31.156],[74.513,31.154],[74.515,31.151],[74.514,31.149],[74.514,31.14],[74.51,31.132],[74.525,31.129],[74.543,31.121],[74.549,31.122],[74.548,31.115],[74.55,31.113],[74.549,31.102],[74.551,31.097],[74.552,31.086],[74.558,31.083],[74.571,31.081],[74.574,31.086],[74.589,31.088],[74.587,31.091],[74.589,31.092],[74.591,31.092],[74.591,31.089],[74.601,31.088],[74.599,31.093],[74.604,31.093],[74.604,31.095],[74.607,31.095],[74.611,31.099],[74.61,31.112],[74.606,31.114],[74.597,31.127],[74.597,31.129],[74.599,31.129],[74.603,31.134],[74.61,31.134],[74.615,31.132],[74.622,31.133],[74.627,31.131],[74.631,31.133],[74.633,31.131],[74.631,31.128],[74.633,31.122],[74.637,31.118],[74.64,31.12],[74.647,31.127],[74.659,31.134],[74.667,31.124],[74.673,31.124],[74.683,31.127],[74.689,31.128],[74.69,31.123],[74.689,31.119],[74.692,31.118],[74.698,31.112],[74.697,31.103],[74.701,31.097],[74.703,31.092],[74.697,31.085],[74.691,31.082],[74.696,31.074],[74.671,31.054],[74.656,31.05],[74.646,31.05],[74.619,31.044],[74.613,31.045],[74.597,31.038],[74.596,31.042],[74.59,31.05],[74.574,31.057],[74.57,31.053],[74.568,31.055],[74.561,31.049],[74.559,31.039],[74.548,31.032],[74.541,31.012],[74.54,31.009],[74.542,31.002],[74.545,31.0],[74.543,31.0],[74.547,30.993],[74.516,30.98],[74.509,30.967],[74.503,30.965],[74.498,30.964],[74.492,30.974],[74.49,30.973],[74.481,30.971],[74.48,30.974],[74.457,30.964],[74.467,30.957],[74.452,30.956],[74.455,30.951],[74.442,30.951],[74.442,30.945],[74.44,30.942],[74.425,30.943],[74.428,30.941],[74.417,30.94],[74.418,30.937],[74.414,30.93],[74.423,30.929],[74.429,30.931],[74.423,30.921],[74.41,30.923],[74.411,30.919],[74.42,30.919],[74.424,30.916],[74.423,30.908],[74.398,30.91],[74.386,30.899],[74.387,30.897],[74.383,30.892],[74.377,30.892],[74.374,30.896],[74.366,30.893],[74.367,30.886],[74.362,30.878],[74.361,30.874],[74.382,30.86],[74.376,30.858],[74.374,30.86],[74.373,30.858],[74.367,30.859],[74.363,30.862],[74.361,30.859],[74.364,30.857],[74.368,30.852],[74.367,30.849],[74.363,30.847],[74.355,30.848],[74.354,30.853],[74.348,30.855],[74.338,30.852],[74.341,30.849],[74.334,30.851],[74.325,30.849],[74.321,30.846],[74.322,30.84],[74.325,30.838],[74.323,30.838],[74.32,30.833],[74.32,30.827],[74.31,30.819],[74.302,30.808],[74.301,30.804],[74.299,30.805],[74.295,30.794],[74.298,30.794],[74.301,30.79],[74.307,30.789],[74.302,30.779],[74.289,30.775],[74.287,30.776],[74.274,30.773],[74.264,30.777],[74.26,30.774],[74.261,30.77],[74.274,30.753],[74.276,30.741],[74.283,30.746],[74.295,30.739],[74.285,30.737],[74.294,30.734],[74.293,30.733],[74.29,30.735],[74.291,30.731],[74.288,30.727],[74.282,30.724],[74.276,30.724],[74.269,30.735],[74.26,30.733],[74.267,30.726],[74.261,30.726],[74.264,30.725],[74.264,30.724],[74.243,30.726],[74.242,30.726],[74.245,30.724],[74.245,30.723],[74.233,30.724],[74.229,30.719],[74.229,30.713],[74.227,30.71],[74.223,30.71],[74.219,30.694],[74.212,30.688],[74.206,30.676],[74.193,30.665],[74.18,30.661],[74.177,30.656],[74.169,30.649],[74.163,30.649],[74.16,30.641],[74.156,30.641],[74.154,30.636],[74.15,30.632],[74.138,30.627],[74.128,30.634],[74.121,30.647],[74.085,30.646],[74.103,30.663],[74.089,30.702],[74.046,30.736],[74.056,30.758],[74.039,30.783],[74.02,30.778],[74.002,30.788],[74.011,30.797],[73.99,30.794],[73.979,30.823],[73.967,30.803],[73.911,30.853],[73.836,30.854],[73.796,30.929],[73.762,30.919],[73.746,30.927],[73.726,30.944],[73.741,30.992],[73.71,31.003],[73.697,31.045],[73.642,31.066],[73.642,31.086],[73.663,31.101],[73.636,31.14],[73.635,31.155],[73.66,31.147],[73.677,31.155],[73.674,31.178],[73.701,31.17],[73.724,31.203],[73.76,31.218],[73.788,31.215],[73.789,31.228],[73.806,31.228],[73.815,31.212],[73.824,31.225],[73.843,31.217],[73.849,31.229],[73.894,31.226],[73.886,31.24],[73.901,31.255],[73.887,31.26],[73.916,31.29],[74.03,31.297],[74.05,31.27],[74.067,31.265],[74.085,31.281],[74.101,31.267],[74.098,31.239],[74.125,31.279],[74.138,31.277],[74.168,31.252],[74.149,31.216],[74.176,31.2],[74.19,31.212],[74.208,31.208],[74.214,31.225],[74.273,31.268],[74.294,31.255],[74.339,31.263],[74.354,31.255],[74.418,31.277],[74.442,31.262],[74.458,31.33],[74.499,31.34]]]}},{"type":"Feature","properties":{"district_code":"044","name":"LAHORE DISTRICT","census_name":"LAHORE DISTRICT","province":"PUNJAB"},"geometry":{"type":"Polygon","coordinates":[[[74.522,31.687],[74.524,31.687],[74.527,31.684],[74.526,31.682],[74.525,31.681],[74.525,31.681],[74.525,31.68],[74.527,31.684],[74.535,31.678],[74.535,31.673],[74.53,31.669],[74.529,31.666],[74.542,31.659],[74.546,31.653],[74.549,31.652],[74.545,31.648],[74.548,31.641],[74.547,31.634],[74.546,31.633],[74.552,31.624],[74.552,31.617],[74.556,31.611],[74.556,31.608],[74.552,31.604],[74.558,31.603],[74.56,31.601],[74.568,31.601],[74.569,31.606],[74.573,31.606],[74.573,31.604],[74.576,31.604],[74.576,31.601],[74.579,31.6],[74.575,31.598],[74.577,31.595],[74.581,31.594],[74.582,31.588],[74.581,31.587],[74.586,31.585],[74.587,31.583],[74.586,31.581],[74.591,31.578],[74.592,31.574],[74.602,31.573],[74.611,31.567],[74.616,31.569],[74.612,31.566],[74.609,31.567],[74.607,31.563],[74.611,31.56],[74.611,31.559],[74.616,31.557],[74.617,31.553],[74.619,31.553],[74.618,31.551],[74.614,31.551],[74.615,31.543],[74.613,31.543],[74.615,31.535],[74.612,31.53],[74.613,31.527],[74.604,31.524],[74.596,31.526],[74.589,31.521],[74.584,31.521],[74.583,31.514],[74.58,31.511],[74.584,31.51],[74.584,31.507],[74.582,31.508],[74.58,31.507],[74.587,31.504],[74.585,31.5],[74.583,31.5],[74.579,31.503],[74.58,31.505],[74.579,31.506],[74.577,31.501],[74.575,31.501],[74.578,31.498],[74.588,31.496],[74.589,31.497],[74.594,31.496],[74.595,31.501],[74.6,31.5],[74.603,31.5],[74.605,31.498],[74.61,31.5],[74.613,31.496],[74.615,31.488],[74.619,31.485],[74.622,31.485],[74.623,31.482],[74.624,31.483],[74.626,31.483],[74.625,31.486],[74.632,31.486],[74.637,31.485],[74.632,31.481],[74.63,31.484],[74.628,31.477],[74.636,31.478],[74.639,31.473],[74.647,31.466],[74.653,31.455],[74.652,31.452],[74.644,31.451],[74.64,31.448],[74.639,31.444],[74.639,31.442],[74.637,31.441],[74.636,31.438],[74.643,31.438],[74.655,31.426],[74.652,31.426],[74.648,31.424],[74.643,31.416],[74.634,31.419],[74.631,31.426],[74.629,31.426],[74.628,31.429],[74.622,31.43],[74.619,31.42],[74.609,31.424],[74.607,31.42],[74.601,31.42],[74.603,31.416],[74.597,31.416],[74.591,31.401],[74.59,31.401],[74.587,31.398],[74.584,31.38],[74.578,31.376],[74.579,31.375],[74.573,31.373],[74.572,31.371],[74.568,31.372],[74.552,31.364],[74.55,31.358],[74.553,31.356],[74.547,31.341],[74.546,31.34],[74.549,31.335],[74.544,31.335],[74.537,31.33],[74.5,31.324],[74.499,31.34],[74.458,31.33],[74.442,31.262],[74.418,31.277],[74.354,31.255],[74.339,31.263],[74.294,31.255],[74.273,31.268],[74.214,31.225],[74.208,31.208],[74.19,31.212],[74.176,31.2],[74.149,31.216],[74.168,31.252],[74.138,31.277],[74.125,31.279],[74.098,31.239],[74.101,31.267],[74.085,31.281],[74.067,31.265],[74.05,31.27],[74.03,31.297],[74.0,31.347],[74.011,31.358],[74.06,31.352],[74.076,31.385],[74.057,31.396],[74.084,31.425],[74.119,31.432],[74.113,31.41],[74.124,31.408],[74.144,31.437],[74.184,31.454],[74.168,31.461],[74.179,31.471],[74.172,31.493],[74.19,31.493],[74.192,31.518],[74.242,31.559],[74.24,31.577],[74.258,31.581],[74.244,31.605],[74.269,31.605],[74.258,31.612],[74.265,31.627],[74.278,31.628],[74.295,31.656],[74.31,31.662],[74.3,31.652],[74.339,31.616],[74.364,31.66],[74.385,31.644],[74.409,31.628],[74.416,31.65],[74.452,31.67],[74.438,31.69],[74.453,31.683],[74.487,31.715],[74.499,31.709],[74.499,31.707],[74.504,31.703],[74.502,31.696],[74.522,31.687]],[[74.289,31.433],[74.289,31.433],[74.289,31.433],[74.289,31.433]]]}},{"type":"Feature","properties":{"district_code":"045","name":"NANKANA SAHIB DISTRICT","census_name":"NANKANA SAHIB DISTRICT","province":"PUNJAB"},"geometry":{"type":"Polygon","coordinates":[[[73.484,31.817],[73.467,31.802],[73.496,31.747],[73.456,31.726],[73.497,31.684],[73.563,31.716],[73.538,31.661],[73.557,31.656],[73.582,31.693],[73.628,31.689],[73.597,31.66],[73.609,31.648],[73.639,31.65],[73.648,31.63],[73.63,31.603],[73.626,31.556],[73.653,31.543],[73.692,31.544],[73.751,31.583],[73.77,31.586],[73.826,31.558],[73.88,31.558],[73.902,31.567],[73.903,31.584],[73.93,31.589],[73.924,31.566],[73.941,31.561],[73.963,31.509],[73.924,31.48],[73.938,31.456],[73.962,31.467],[73.986,31.441],[74.009,31.445],[74.028,31.424],[74.011,31.358],[74.0,31.347],[74.03,31.297],[73.916,31.29],[73.887,31.26],[73.901,31.255],[73.886,31.24],[73.894,31.226],[73.849,31.229],[73.843,31.217],[73.824,31.225],[73.815,31.212],[73.806,31.228],[73.789,31.228],[73.788,31.215],[73.76,31.218],[73.724,31.203],[73.701,31.17],[73.674,31.178],[73.677,31.155],[73.66,31.147],[73.635,31.155],[73.636,31.14],[73.588,31.145],[73.578,31.111],[73.561,31.124],[73.552,31.107],[73.526,31.119],[73.505,31.106],[73.488,31.111],[73.468,31.091],[73.465,31.109],[73.422,31.097],[73.418,31.081],[73.4,31.079],[73.39,31.041],[73.378,31.041],[73.379,31.056],[73.371,31.045],[73.353,31.051],[73.353,31.027],[73.334,31.046],[73.361,31.065],[73.356,31.1],[73.363,31.111],[73.39,31.115],[73.392,31.133],[73.404,31.128],[73.402,31.149],[73.408,31.178],[73.445,31.196],[73.451,31.213],[73.495,31.196],[73.522,31.206],[73.542,31.244],[73.559,31.239],[73.575,31.262],[73.591,31.26],[73.65,31.308],[73.645,31.331],[73.664,31.33],[73.643,31.366],[73.671,31.385],[73.647,31.461],[73.63,31.454],[73.615,31.464],[73.589,31.441],[73.559,31.469],[73.535,31.435],[73.51,31.431],[73.446,31.489],[73.473,31.505],[73.472,31.551],[73.443,31.555],[73.446,31.566],[73.428,31.576],[73.434,31.639],[73.36,31.673],[73.345,31.675],[73.355,31.701],[73.344,31.72],[73.326,31.728],[73.298,31.719],[73.275,31.74],[73.268,31.753],[73.282,31.768],[73.282,31.778],[73.292,31.763],[73.305,31.764],[73.318,31.797],[73.363,31.794],[73.387,31.818],[73.407,31.802],[73.432,31.802],[73.45,31.84],[73.484,31.817]]]}},{"type":"Feature","properties":{"district_code":"046","name":"SHEIKHUPURA DISTRICT","census_name":"SHEIKHUPURA DISTRICT","province":"PUNJAB"},"geometry":{"type":"Polygon","coordinates":[[[74.671,31.971],[74.701,31.926],[74.673,31.926],[74.664,31.923],[74.659,31.914],[74.651,31.909],[74.644,31.907],[74.645,31.907],[74.646,31.906],[74.644,31.905],[74.645,31.904],[74.645,31.901],[74.644,31.901],[74.644,31.904],[74.64,31.904],[74.639,31.902],[74.631,31.902],[74.64,31.892],[74.64,31.891],[74.636,31.884],[74.633,31.884],[74.629,31.882],[74.617,31.889],[74.617,31.883],[74.614,31.876],[74.612,31.874],[74.607,31.876],[74.605,31.871],[74.596,31.881],[74.592,31.879],[74.592,31.873],[74.587,31.877],[74.583,31.873],[74.583,31.869],[74.581,31.869],[74.579,31.866],[74.594,31.861],[74.591,31.849],[74.583,31.852],[74.573,31.839],[74.572,31.839],[74.57,31.837],[74.571,31.819],[74.573,31.816],[74.565,31.809],[74.558,31.805],[74.567,31.797],[74.561,31.797],[74.56,31.794],[74.555,31.792],[74.555,31.785],[74.551,31.779],[74.557,31.771],[74.555,31.767],[74.562,31.763],[74.559,31.758],[74.552,31.754],[74.546,31.752],[74.546,31.749],[74.53,31.747],[74.514,31.74],[74.509,31.742],[74.506,31.741],[74.505,31.742],[74.499,31.746],[74.493,31.751],[74.492,31.751],[74.506,31.741],[74.504,31.74],[74.503,31.728],[74.491,31.724],[74.487,31.715],[74.453,31.683],[74.438,31.69],[74.452,31.67],[74.416,31.65],[74.409,31.628],[74.385,31.644],[74.364,31.66],[74.339,31.616],[74.3,31.652],[74.31,31.662],[74.295,31.656],[74.278,31.628],[74.265,31.627],[74.258,31.612],[74.269,31.605],[74.244,31.605],[74.258,31.581],[74.24,31.577],[74.242,31.559],[74.192,31.518],[74.19,31.493],[74.172,31.493],[74.179,31.471],[74.168,31.461],[74.184,31.454],[74.144,31.437],[74.124,31.408],[74.113,31.41],[74.119,31.432],[74.084,31.425],[74.057,31.396],[74.076,31.385],[74.06,31.352],[74.011,31.358],[74.028,31.424],[74.009,31.445],[73.986,31.441],[73.962,31.467],[73.938,31.456],[73.924,31.48],[73.963,31.509],[73.941,31.561],[73.924,31.566],[73.93,31.589],[73.903,31.584],[73.902,31.567],[73.88,31.558],[73.826,31.558],[73.77,31.586],[73.751,31.583],[73.692,31.544],[73.653,31.543],[73.626,31.556],[73.63,31.603],[73.648,31.63],[73.639,31.65],[73.609,31.648],[73.597,31.66],[73.628,31.689],[73.582,31.693],[73.557,31.656],[73.538,31.661],[73.563,31.716],[73.497,31.684],[73.456,31.726],[73.496,31.747],[73.467,31.802],[73.484,31.817],[73.504,31.806],[73.528,31.822],[73.557,31.882],[73.593,31.868],[73.631,31.867],[73.642,31.883],[73.698,31.891],[73.771,31.961],[73.817,31.979],[73.84,31.956],[73.887,31.961],[73.88,31.931],[73.847,31.917],[73.885,31.866],[73.876,31.847],[73.945,31.831],[73.957,31.849],[73.98,31.853],[73.98,31.83],[74.026,31.826],[74.043,31.836],[74.057,31.821],[74.085,31.819],[74.127,31.83],[74.159,31.844],[74.161,31.858],[74.185,31.854],[74.193,31.88],[74.212,31.892],[74.301,31.886],[74.317,31.903],[74.326,31.889],[74.355,31.888],[74.377,31.917],[74.402,31.916],[74.428,31.954],[74.493,31.988],[74.481,32.006],[74.528,32.012],[74.524,32.029],[74.566,32.049],[74.595,32.066],[74.61,32.025],[74.637,32.017],[74.638,31.984],[74.671,31.971]]]}},{"type":"Feature","properties":{"district_code":"047","name":"KHANEWAL DISTRICT","census_name":"KHANEWAL DISTRICT","province":"PUNJAB"},"geometry":{"type":"Polygon","coordinates":[[[72.121,30.74],[72.161,30.724],[72.212,30.732],[72.141,30.6],[72.138,30.576],[72.188,30.562],[72.245,30.577],[72.246,30.562],[72.261,30.582],[72.26,30.557],[72.276,30.571],[72.29,30.566],[72.27,30.538],[72.277,30.526],[72.275,30.538],[72.304,30.537],[72.301,30.574],[72.335,30.576],[72.331,30.556],[72.338,30.577],[72.364,30.57],[72.393,30.596],[72.41,30.584],[72.419,30.601],[72.466,30.589],[72.465,30.578],[72.475,30.544],[72.447,30.531],[72.459,30.49],[72.418,30.433],[72.425,30.366],[72.385,30.291],[72.396,30.23],[72.358,30.211],[72.321,30.226],[72.277,30.186],[72.27,30.197],[72.25,30.195],[72.231,30.172],[72.206,30.163],[72.196,30.173],[72.196,30.15],[72.182,30.157],[72.195,30.121],[72.167,30.137],[72.164,30.115],[72.144,30.123],[72.133,30.087],[72.118,30.075],[72.097,30.09],[72.07,30.079],[72.015,30.099],[71.996,30.088],[71.97,30.077],[71.975,30.053],[71.96,30.042],[71.913,30.054],[71.884,30.027],[71.874,30.045],[71.836,30.0],[71.808,30.021],[71.779,30.018],[71.766,29.962],[71.742,29.952],[71.751,29.932],[71.695,29.919],[71.685,29.868],[71.683,29.879],[71.65,29.877],[71.618,29.901],[71.626,29.942],[71.594,29.935],[71.568,29.948],[71.573,29.96],[71.603,29.956],[71.624,29.989],[71.655,29.992],[71.67,30.015],[71.724,30.036],[71.752,30.124],[71.792,30.17],[71.813,30.222],[71.838,30.25],[71.814,30.274],[71.771,30.267],[71.77,30.313],[71.668,30.324],[71.653,30.341],[71.669,30.372],[71.657,30.361],[71.631,30.373],[71.634,30.394],[71.612,30.406],[71.619,30.417],[71.584,30.423],[71.568,30.442],[71.539,30.438],[71.541,30.466],[71.578,30.458],[71.611,30.481],[71.621,30.514],[71.686,30.537],[71.749,30.594],[71.779,30.6],[71.772,30.616],[71.811,30.652],[71.816,30.642],[71.863,30.67],[71.855,30.675],[71.894,30.687],[71.917,30.668],[71.931,30.686],[71.985,30.674],[71.991,30.698],[72.043,30.723],[72.047,30.74],[72.121,30.74]]]}},{"type":"Feature","properties":{"district_code":"048","name":"LODHRAN DISTRICT","census_name":"LODHRAN DISTRICT","province":"PUNJAB"},"geometry":{"type":"Polygon","coordinates":[[[71.626,29.942],[71.618,29.901],[71.65,29.877],[71.683,29.879],[71.685,29.868],[71.695,29.919],[71.751,29.932],[71.767,29.939],[71.764,29.922],[71.817,29.895],[71.851,29.924],[71.893,29.911],[71.912,29.919],[71.903,29.892],[71.924,29.884],[71.92,29.878],[71.918,29.867],[71.907,29.87],[71.911,29.853],[71.926,29.861],[71.921,29.876],[71.944,29.883],[71.934,29.861],[71.948,29.854],[71.936,29.84],[71.956,29.853],[71.957,29.835],[71.984,29.832],[72.005,29.811],[71.999,29.795],[72.024,29.788],[72.008,29.781],[71.997,29.75],[71.972,29.745],[71.967,29.726],[71.986,29.729],[71.987,29.718],[72.0,29.727],[72.007,29.71],[72.035,29.706],[72.031,29.676],[72.102,29.655],[72.083,29.643],[72.096,29.629],[72.113,29.625],[72.118,29.642],[72.134,29.646],[72.144,29.627],[72.132,29.62],[72.139,29.584],[72.102,29.58],[72.108,29.539],[72.097,29.531],[72.058,29.544],[72.06,29.559],[72.024,29.524],[71.998,29.548],[71.973,29.537],[71.967,29.548],[71.943,29.546],[71.942,29.522],[71.972,29.499],[71.965,29.49],[71.939,29.494],[71.937,29.503],[71.925,29.475],[71.925,29.522],[71.91,29.529],[71.899,29.528],[71.898,29.499],[71.884,29.496],[71.888,29.515],[71.854,29.515],[71.801,29.47],[71.781,29.486],[71.748,29.505],[71.716,29.455],[71.703,29.464],[71.649,29.454],[71.625,29.411],[71.597,29.428],[71.585,29.401],[71.556,29.392],[71.541,29.419],[71.521,29.408],[71.507,29.415],[71.493,29.407],[71.506,29.401],[71.503,29.378],[71.484,29.351],[71.438,29.395],[71.399,29.385],[71.385,29.365],[71.378,29.379],[71.39,29.411],[71.412,29.417],[71.381,29.466],[71.404,29.471],[71.375,29.483],[71.382,29.532],[71.424,29.568],[71.443,29.632],[71.437,29.669],[71.461,29.686],[71.447,29.689],[71.452,29.71],[71.428,29.721],[71.448,29.76],[71.437,29.768],[71.444,29.785],[71.467,29.787],[71.485,29.77],[71.506,29.777],[71.519,29.76],[71.517,29.783],[71.505,29.791],[71.489,29.784],[71.484,29.797],[71.508,29.81],[71.492,29.822],[71.526,29.85],[71.551,29.843],[71.532,29.874],[71.552,29.88],[71.545,29.91],[71.569,29.928],[71.595,29.925],[71.594,29.935],[71.626,29.942]]]}},{"type":"Feature","properties":{"district_code":"049","name":"MULTAN DISTRICT","census_name":"MULTAN DISTRICT","province":"PUNJAB"},"geometry":{"type":"Polygon","coordinates":[[[71.513,30.444],[71.539,30.438],[71.568,30.442],[71.584,30.423],[71.619,30.417],[71.612,30.406],[71.634,30.394],[71.631,30.373],[71.657,30.361],[71.669,30.372],[71.653,30.341],[71.668,30.324],[71.77,30.313],[71.771,30.267],[71.814,30.274],[71.838,30.25],[71.813,30.222],[71.792,30.17],[71.752,30.124],[71.724,30.036],[71.67,30.015],[71.655,29.992],[71.624,29.989],[71.603,29.956],[71.573,29.96],[71.568,29.948],[71.594,29.935],[71.595,29.925],[71.569,29.928],[71.545,29.91],[71.552,29.88],[71.532,29.874],[71.551,29.843],[71.526,29.85],[71.492,29.822],[71.508,29.81],[71.484,29.797],[71.489,29.784],[71.505,29.791],[71.517,29.783],[71.519,29.76],[71.506,29.777],[71.485,29.77],[71.467,29.787],[71.444,29.785],[71.437,29.768],[71.448,29.76],[71.428,29.721],[71.452,29.71],[71.447,29.689],[71.461,29.686],[71.437,29.669],[71.443,29.632],[71.424,29.568],[71.382,29.532],[71.375,29.483],[71.404,29.471],[71.381,29.466],[71.412,29.417],[71.39,29.411],[71.378,29.379],[71.342,29.387],[71.348,29.424],[71.318,29.395],[71.26,29.397],[71.251,29.434],[71.238,29.437],[71.153,29.402],[71.145,29.425],[71.11,29.38],[71.09,29.396],[71.062,29.385],[71.046,29.392],[71.024,29.5],[71.04,29.498],[71.045,29.519],[71.035,29.523],[71.05,29.548],[71.079,29.561],[71.054,29.585],[71.066,29.599],[71.059,29.611],[71.083,29.615],[71.074,29.628],[71.131,29.621],[71.139,29.644],[71.159,29.639],[71.199,29.662],[71.173,29.689],[71.19,29.713],[71.172,29.744],[71.191,29.769],[71.19,29.799],[71.204,29.804],[71.205,29.846],[71.182,29.845],[71.179,29.867],[71.198,29.874],[71.221,29.955],[71.247,29.951],[71.282,29.967],[71.266,30.003],[71.276,30.016],[71.271,30.043],[71.286,30.044],[71.291,30.06],[71.279,30.062],[71.303,30.073],[71.291,30.093],[71.301,30.156],[71.326,30.194],[71.35,30.194],[71.347,30.225],[71.378,30.223],[71.375,30.242],[71.393,30.251],[71.387,30.272],[71.404,30.273],[71.422,30.313],[71.411,30.35],[71.471,30.368],[71.475,30.395],[71.486,30.392],[71.501,30.41],[71.488,30.411],[71.509,30.417],[71.497,30.428],[71.513,30.444]]]}},{"type":"Feature","properties":{"district_code":"050","name":"VEHARI DISTRICT","census_name":"VEHARI DISTRICT","province":"PUNJAB"},"geometry":{"type":"Polygon","coordinates":[[[72.834,30.341],[72.81,30.325],[72.917,30.328],[72.915,30.3],[72.975,30.297],[72.922,30.27],[72.93,30.204],[72.919,30.191],[72.919,30.128],[72.898,30.112],[72.898,30.09],[72.919,30.085],[72.906,30.049],[72.929,30.068],[72.951,30.053],[72.932,30.012],[72.912,30.039],[72.891,30.033],[72.89,30.012],[72.858,29.978],[72.888,29.963],[72.867,29.954],[72.843,29.994],[72.812,29.995],[72.784,29.981],[72.794,29.949],[72.782,29.94],[72.715,29.943],[72.73,29.926],[72.711,29.865],[72.685,29.886],[72.671,29.868],[72.667,29.877],[72.631,29.853],[72.596,29.848],[72.597,29.822],[72.579,29.818],[72.563,29.847],[72.53,29.844],[72.52,29.826],[72.515,29.844],[72.489,29.83],[72.484,29.86],[72.477,29.847],[72.468,29.858],[72.457,29.85],[72.437,29.858],[72.42,29.876],[72.4,29.845],[72.358,29.851],[72.322,29.805],[72.276,29.819],[72.253,29.797],[72.253,29.769],[72.234,29.762],[72.251,29.755],[72.265,29.723],[72.278,29.726],[72.274,29.711],[72.258,29.71],[72.27,29.702],[72.219,29.708],[72.211,29.644],[72.189,29.642],[72.197,29.618],[72.159,29.585],[72.139,29.584],[72.132,29.62],[72.144,29.627],[72.134,29.646],[72.118,29.642],[72.113,29.625],[72.096,29.629],[72.083,29.643],[72.102,29.655],[72.031,29.676],[72.035,29.706],[72.007,29.71],[72.0,29.727],[71.987,29.718],[71.986,29.729],[71.967,29.726],[71.972,29.745],[71.997,29.75],[72.008,29.781],[72.024,29.788],[71.999,29.795],[72.005,29.811],[71.984,29.832],[71.957,29.835],[71.956,29.853],[71.936,29.84],[71.948,29.854],[71.934,29.861],[71.944,29.883],[71.921,29.876],[71.926,29.861],[71.911,29.853],[71.907,29.87],[71.918,29.867],[71.92,29.878],[71.924,29.884],[71.903,29.892],[71.912,29.919],[71.893,29.911],[71.851,29.924],[71.817,29.895],[71.764,29.922],[71.767,29.939],[71.751,29.932],[71.742,29.952],[71.766,29.962],[71.779,30.018],[71.808,30.021],[71.836,30.0],[71.874,30.045],[71.884,30.027],[71.913,30.054],[71.96,30.042],[71.975,30.053],[71.97,30.077],[71.996,30.088],[72.015,30.099],[72.07,30.079],[72.097,30.09],[72.118,30.075],[72.133,30.087],[72.144,30.123],[72.164,30.115],[72.167,30.137],[72.195,30.121],[72.182,30.157],[72.196,30.15],[72.196,30.173],[72.206,30.163],[72.231,30.172],[72.25,30.195],[72.27,30.197],[72.277,30.186],[72.321,30.226],[72.358,30.211],[72.396,30.23],[72.416,30.224],[72.407,30.197],[72.454,30.19],[72.466,30.172],[72.501,30.185],[72.503,30.21],[72.517,30.221],[72.505,30.227],[72.517,30.26],[72.572,30.263],[72.588,30.228],[72.586,30.24],[72.6,30.236],[72.603,30.252],[72.621,30.253],[72.62,30.282],[72.634,30.281],[72.635,30.298],[72.647,30.31],[72.662,30.304],[72.668,30.323],[72.699,30.292],[72.718,30.334],[72.764,30.321],[72.799,30.345],[72.79,30.359],[72.832,30.37],[72.834,30.341]]]}},{"type":"Feature","properties":{"district_code":"051","name":"ATTOCK DISTRICT","census_name":"ATTOCK DISTRICT","province":"PUNJAB"},"geometry":{"type":"Polygon","coordinates":[[[72.407,34.008],[72.41,33.993],[72.493,34.002],[72.55,33.997],[72.553,33.956],[72.571,33.961],[72.572,33.946],[72.579,33.954],[72.625,33.948],[72.654,33.928],[72.609,33.891],[72.608,33.873],[72.637,33.879],[72.647,33.856],[72.69,33.868],[72.696,33.875],[72.709,33.903],[72.736,33.908],[72.705,33.917],[72.763,33.953],[72.789,33.925],[72.772,33.915],[72.777,33.903],[72.799,33.885],[72.833,33.887],[72.836,33.841],[72.818,33.845],[72.821,33.829],[72.812,33.821],[72.815,33.8],[72.79,33.804],[72.787,33.827],[72.767,33.83],[72.773,33.863],[72.74,33.869],[72.728,33.838],[72.727,33.827],[72.691,33.821],[72.697,33.812],[72.685,33.81],[72.708,33.774],[72.693,33.735],[72.717,33.733],[72.712,33.746],[72.728,33.743],[72.728,33.714],[72.751,33.712],[72.731,33.68],[72.748,33.666],[72.745,33.619],[72.785,33.63],[72.822,33.595],[72.815,33.566],[72.846,33.559],[72.856,33.532],[72.899,33.518],[72.921,33.488],[72.767,33.451],[72.777,33.398],[72.735,33.386],[72.69,33.341],[72.687,33.315],[72.67,33.314],[72.689,33.307],[72.694,33.279],[72.662,33.271],[72.631,33.189],[72.587,33.188],[72.574,33.21],[72.541,33.213],[72.511,33.196],[72.502,33.171],[72.503,33.164],[72.494,33.156],[72.379,33.129],[72.347,33.128],[72.345,33.137],[72.293,33.129],[72.277,33.144],[72.23,33.133],[72.229,33.146],[72.189,33.164],[72.197,33.131],[72.162,33.102],[72.113,33.115],[72.089,33.104],[72.067,33.12],[72.048,33.115],[72.037,33.155],[71.998,33.161],[71.986,33.124],[71.97,33.126],[71.958,33.077],[71.919,33.055],[71.848,33.049],[71.848,33.033],[71.803,33.003],[71.744,33.003],[71.744,33.028],[71.723,33.026],[71.717,33.056],[71.714,33.11],[71.747,33.144],[71.761,33.182],[71.749,33.214],[71.708,33.255],[71.706,33.285],[71.731,33.314],[71.715,33.34],[71.784,33.388],[71.835,33.41],[71.862,33.406],[71.878,33.456],[71.954,33.515],[71.967,33.538],[71.951,33.571],[71.979,33.59],[71.977,33.708],[71.992,33.716],[72.001,33.696],[72.01,33.713],[72.025,33.727],[72.038,33.753],[72.079,33.767],[72.071,33.782],[72.081,33.787],[72.186,33.762],[72.241,33.763],[72.234,33.9],[72.315,33.947],[72.374,33.956],[72.402,33.977],[72.407,34.008]]]}},{"type":"Feature","properties":{"district_code":"052","name":"CHAKWAL DISTRICT","census_name":"CHAKWAL DISTRICT","province":"PUNJAB"},"geometry":{"type":"Polygon","coordinates":[[[72.574,33.21],[72.587,33.188],[72.631,33.189],[72.661,33.212],[72.71,33.212],[72.723,33.193],[72.771,33.186],[72.807,33.158],[72.915,33.17],[72.935,33.147],[72.953,33.11],[73.006,33.109],[73.022,33.098],[73.036,33.061],[73.069,33.076],[73.086,33.103],[73.105,33.104],[73.104,33.082],[73.121,33.071],[73.136,33.095],[73.15,33.086],[73.207,33.097],[73.214,33.082],[73.184,33.061],[73.177,33.025],[73.214,32.986],[73.207,32.946],[73.152,32.904],[73.156,32.872],[73.123,32.842],[73.123,32.824],[73.224,32.825],[73.239,32.811],[73.228,32.794],[73.245,32.795],[73.257,32.752],[73.275,32.741],[73.274,32.716],[73.241,32.717],[73.237,32.729],[73.214,32.716],[73.146,32.728],[73.147,32.711],[73.132,32.719],[73.123,32.692],[73.103,32.696],[73.077,32.683],[73.072,32.654],[73.029,32.634],[73.006,32.65],[73.004,32.688],[72.971,32.677],[72.981,32.671],[72.959,32.647],[72.916,32.658],[72.923,32.677],[72.911,32.683],[72.885,32.675],[72.88,32.66],[72.849,32.656],[72.844,32.637],[72.782,32.622],[72.778,32.648],[72.74,32.647],[72.713,32.621],[72.716,32.598],[72.695,32.572],[72.654,32.599],[72.613,32.576],[72.601,32.595],[72.547,32.606],[72.53,32.635],[72.546,32.659],[72.504,32.654],[72.509,32.686],[72.483,32.673],[72.436,32.671],[72.414,32.632],[72.394,32.625],[72.385,32.638],[72.37,32.636],[72.366,32.664],[72.35,32.662],[72.317,32.704],[72.16,32.71],[72.159,32.667],[72.126,32.647],[72.067,32.637],[72.007,32.607],[72.003,32.586],[71.972,32.586],[71.975,32.572],[71.946,32.567],[71.909,32.591],[71.91,32.627],[71.874,32.667],[71.896,32.674],[71.901,32.689],[71.874,32.708],[71.884,32.729],[71.874,32.749],[71.884,32.772],[71.957,32.814],[71.959,32.834],[71.895,32.864],[71.852,32.99],[71.803,33.003],[71.848,33.033],[71.848,33.049],[71.919,33.055],[71.958,33.077],[71.97,33.126],[71.986,33.124],[71.998,33.161],[72.037,33.155],[72.048,33.115],[72.067,33.12],[72.089,33.104],[72.113,33.115],[72.162,33.102],[72.197,33.131],[72.189,33.164],[72.229,33.146],[72.23,33.133],[72.277,33.144],[72.293,33.129],[72.345,33.137],[72.347,33.128],[72.379,33.129],[72.494,33.156],[72.503,33.164],[72.502,33.171],[72.511,33.196],[72.541,33.213],[72.574,33.21]]]}},{"type":"Feature","properties":{"district_code":"053","name":"JHELUM DISTRICT","census_name":"JHELUM DISTRICT","province":"PUNJAB"},"geometry":{"type":"Polygon","coordinates":[[[73.639,33.224],[73.636,33.191],[73.658,33.194],[73.653,33.171],[73.628,33.166],[73.631,33.144],[73.634,33.093],[73.724,33.069],[73.751,33.051],[73.746,33.036],[73.766,33.01],[73.79,33.013],[73.785,32.965],[73.767,32.949],[73.747,32.949],[73.713,32.901],[73.722,32.897],[73.689,32.869],[73.677,32.882],[73.634,32.842],[73.646,32.834],[73.588,32.727],[73.578,32.712],[73.513,32.69],[73.429,32.639],[73.395,32.622],[73.386,32.632],[73.292,32.611],[73.229,32.58],[73.208,32.591],[73.197,32.567],[73.158,32.581],[73.102,32.559],[73.015,32.554],[73.018,32.545],[72.959,32.53],[72.964,32.521],[72.943,32.518],[72.939,32.528],[72.9,32.503],[72.884,32.509],[72.858,32.477],[72.782,32.439],[72.781,32.428],[72.716,32.419],[72.696,32.423],[72.639,32.405],[72.617,32.418],[72.609,32.458],[72.632,32.469],[72.604,32.531],[72.613,32.576],[72.654,32.599],[72.695,32.572],[72.716,32.598],[72.713,32.621],[72.74,32.647],[72.778,32.648],[72.782,32.622],[72.844,32.637],[72.849,32.656],[72.88,32.66],[72.885,32.675],[72.911,32.683],[72.923,32.677],[72.916,32.658],[72.959,32.647],[72.981,32.671],[72.971,32.677],[73.004,32.688],[73.006,32.65],[73.029,32.634],[73.072,32.654],[73.077,32.683],[73.103,32.696],[73.123,32.692],[73.132,32.719],[73.147,32.711],[73.146,32.728],[73.214,32.716],[73.237,32.729],[73.241,32.717],[73.274,32.716],[73.275,32.741],[73.257,32.752],[73.245,32.795],[73.228,32.794],[73.239,32.811],[73.224,32.825],[73.123,32.824],[73.123,32.842],[73.156,32.872],[73.152,32.904],[73.207,32.946],[73.214,32.986],[73.177,33.025],[73.184,33.061],[73.214,33.082],[73.379,33.108],[73.393,33.136],[73.362,33.175],[73.379,33.193],[73.402,33.183],[73.411,33.191],[73.412,33.235],[73.455,33.249],[73.459,33.219],[73.529,33.229],[73.546,33.2],[73.56,33.228],[73.589,33.236],[73.613,33.264],[73.613,33.249],[73.639,33.224]]]}},{"type":"Feature","properties":{"district_code":"054","name":"RAWALPINDI DISTRICT","census_name":"RAWALPINDI DISTRICT","province":"PUNJAB"},"geometry":{"type":"Polygon","coordinates":[[[73.515,34.018],[73.548,33.937],[73.576,33.911],[73.594,33.888],[73.56,33.779],[73.599,33.745],[73.602,33.732],[73.6,33.701],[73.567,33.665],[73.578,33.641],[73.568,33.617],[73.592,33.61],[73.597,33.6],[73.61,33.604],[73.605,33.589],[73.629,33.57],[73.622,33.541],[73.637,33.53],[73.603,33.494],[73.61,33.472],[73.617,33.479],[73.632,33.46],[73.628,33.448],[73.596,33.441],[73.587,33.427],[73.6,33.425],[73.566,33.371],[73.582,33.354],[73.569,33.34],[73.579,33.33],[73.594,33.342],[73.599,33.325],[73.614,33.325],[73.613,33.264],[73.589,33.236],[73.56,33.228],[73.546,33.2],[73.529,33.229],[73.459,33.219],[73.455,33.249],[73.412,33.235],[73.411,33.191],[73.402,33.183],[73.379,33.193],[73.362,33.175],[73.393,33.136],[73.379,33.108],[73.214,33.082],[73.207,33.097],[73.15,33.086],[73.136,33.095],[73.121,33.071],[73.104,33.082],[73.105,33.104],[73.086,33.103],[73.069,33.076],[73.036,33.061],[73.022,33.098],[73.006,33.109],[72.953,33.11],[72.935,33.147],[72.915,33.17],[72.807,33.158],[72.771,33.186],[72.723,33.193],[72.71,33.212],[72.661,33.212],[72.631,33.189],[72.662,33.271],[72.694,33.279],[72.689,33.307],[72.67,33.314],[72.687,33.315],[72.69,33.341],[72.735,33.386],[72.777,33.398],[72.767,33.451],[72.921,33.488],[72.899,33.518],[72.856,33.532],[72.846,33.559],[72.815,33.566],[72.822,33.595],[72.785,33.63],[72.745,33.619],[72.748,33.666],[72.731,33.68],[72.751,33.712],[72.728,33.714],[72.728,33.743],[72.712,33.746],[72.717,33.733],[72.693,33.735],[72.708,33.774],[72.685,33.81],[72.697,33.812],[72.691,33.821],[72.727,33.827],[72.728,33.838],[72.74,33.869],[72.773,33.863],[72.767,33.83],[72.787,33.827],[72.79,33.804],[72.815,33.8],[72.812,33.821],[72.821,33.829],[72.848,33.833],[72.872,33.821],[72.854,33.796],[72.842,33.803],[72.832,33.792],[72.827,33.762],[72.879,33.769],[72.883,33.754],[72.923,33.747],[72.924,33.736],[72.861,33.722],[72.819,33.697],[72.819,33.679],[72.845,33.662],[72.876,33.615],[72.911,33.574],[72.979,33.608],[72.975,33.623],[72.939,33.632],[72.964,33.642],[72.974,33.627],[73.006,33.634],[73.015,33.626],[73.087,33.664],[73.141,33.593],[73.114,33.578],[73.113,33.555],[73.1,33.551],[73.109,33.524],[73.096,33.515],[73.139,33.513],[73.169,33.481],[73.218,33.497],[73.236,33.532],[73.281,33.571],[73.3,33.635],[73.318,33.642],[73.315,33.629],[73.331,33.63],[73.336,33.652],[73.325,33.653],[73.336,33.665],[73.358,33.667],[73.391,33.7],[73.352,33.698],[73.346,33.731],[73.309,33.722],[73.3,33.73],[73.312,33.765],[73.299,33.779],[73.236,33.775],[73.24,33.803],[73.219,33.803],[73.211,33.815],[73.241,33.832],[73.257,33.846],[73.265,33.836],[73.299,33.844],[73.331,33.867],[73.325,33.886],[73.378,33.934],[73.384,33.957],[73.367,33.951],[73.393,33.973],[73.41,33.976],[73.421,33.953],[73.468,33.998],[73.449,34.011],[73.515,34.018]]]}},{"type":"Feature","properties":{"district_code":"055","name":"OKARA DISTRICT","census_name":"OKARA DISTRICT","province":"PUNJAB"},"geometry":{"type":"Polygon","coordinates":[[[73.636,31.14],[73.663,31.101],[73.642,31.086],[73.642,31.066],[73.697,31.045],[73.71,31.003],[73.741,30.992],[73.726,30.944],[73.746,30.927],[73.762,30.919],[73.796,30.929],[73.836,30.854],[73.911,30.853],[73.967,30.803],[73.979,30.823],[73.99,30.794],[74.011,30.797],[74.002,30.788],[74.02,30.778],[74.039,30.783],[74.056,30.758],[74.046,30.736],[74.089,30.702],[74.103,30.663],[74.085,30.646],[74.121,30.647],[74.129,30.632],[74.127,30.624],[74.121,30.622],[74.118,30.608],[74.105,30.619],[74.096,30.612],[74.102,30.611],[74.102,30.603],[74.095,30.601],[74.099,30.591],[74.096,30.587],[74.102,30.579],[74.074,30.555],[74.08,30.548],[74.091,30.549],[74.072,30.523],[74.06,30.519],[74.056,30.519],[74.052,30.526],[74.05,30.537],[74.047,30.54],[74.039,30.543],[74.038,30.532],[74.031,30.527],[74.024,30.526],[74.012,30.534],[74.01,30.541],[74.007,30.54],[74.004,30.539],[74.002,30.535],[73.993,30.531],[73.988,30.519],[73.979,30.516],[73.98,30.51],[73.979,30.508],[73.96,30.493],[73.961,30.492],[73.96,30.488],[73.962,30.483],[73.962,30.479],[73.953,30.479],[73.951,30.481],[73.95,30.493],[73.943,30.496],[73.932,30.493],[73.929,30.489],[73.915,30.491],[73.915,30.488],[73.921,30.487],[73.916,30.48],[73.919,30.453],[73.919,30.437],[73.916,30.42],[73.918,30.419],[73.919,30.421],[73.925,30.42],[73.932,30.421],[73.943,30.428],[73.943,30.43],[73.957,30.436],[73.96,30.436],[73.96,30.428],[73.962,30.431],[73.965,30.43],[73.964,30.425],[73.949,30.417],[73.939,30.404],[73.934,30.41],[73.933,30.407],[73.928,30.404],[73.927,30.401],[73.923,30.402],[73.925,30.399],[73.919,30.395],[73.916,30.388],[73.91,30.385],[73.906,30.386],[73.901,30.38],[73.887,30.373],[73.883,30.366],[73.878,30.362],[73.821,30.347],[73.811,30.357],[73.81,30.331],[73.801,30.354],[73.757,30.361],[73.719,30.325],[73.651,30.335],[73.623,30.328],[73.622,30.314],[73.597,30.321],[73.621,30.407],[73.608,30.43],[73.559,30.422],[73.577,30.457],[73.611,30.47],[73.602,30.487],[73.613,30.502],[73.591,30.506],[73.598,30.52],[73.567,30.519],[73.566,30.538],[73.483,30.538],[73.45,30.58],[73.431,30.578],[73.442,30.617],[73.435,30.64],[73.42,30.653],[73.402,30.635],[73.415,30.619],[73.401,30.623],[73.398,30.614],[73.392,30.625],[73.382,30.57],[73.354,30.553],[73.361,30.532],[73.309,30.543],[73.291,30.521],[73.29,30.541],[73.267,30.563],[73.335,30.595],[73.313,30.614],[73.339,30.643],[73.3,30.713],[73.304,30.737],[73.336,30.752],[73.327,30.788],[73.291,30.796],[73.259,30.785],[73.241,30.809],[73.259,30.821],[73.235,30.839],[73.264,30.845],[73.269,30.859],[73.245,30.855],[73.263,30.882],[73.232,30.88],[73.219,30.93],[73.227,30.948],[73.239,30.945],[73.243,30.974],[73.259,30.973],[73.258,30.991],[73.263,30.983],[73.3,30.991],[73.32,31.013],[73.342,31.0],[73.353,31.027],[73.353,31.051],[73.371,31.045],[73.379,31.056],[73.378,31.041],[73.39,31.041],[73.4,31.079],[73.418,31.081],[73.422,31.097],[73.465,31.109],[73.468,31.091],[73.488,31.111],[73.505,31.106],[73.526,31.119],[73.552,31.107],[73.561,31.124],[73.578,31.111],[73.588,31.145],[73.636,31.14]]]}},{"type":"Feature","properties":{"district_code":"056","name":"PAKPATTAN DISTRICT","census_name":"PAKPATTAN DISTRICT","province":"PUNJAB"},"geometry":{"type":"Polygon","coordinates":[[[73.435,30.64],[73.442,30.617],[73.431,30.578],[73.45,30.58],[73.483,30.538],[73.566,30.538],[73.567,30.519],[73.598,30.52],[73.591,30.506],[73.613,30.502],[73.602,30.487],[73.611,30.47],[73.577,30.457],[73.559,30.422],[73.608,30.43],[73.621,30.407],[73.597,30.321],[73.566,30.303],[73.558,30.312],[73.563,30.301],[73.542,30.292],[73.531,30.302],[73.469,30.275],[73.463,30.237],[73.458,30.27],[73.433,30.264],[73.434,30.206],[73.41,30.214],[73.363,30.205],[73.362,30.124],[73.341,30.156],[73.305,30.144],[73.278,30.156],[73.267,30.143],[73.265,30.16],[73.248,30.16],[73.256,30.146],[73.226,30.123],[73.225,30.134],[73.21,30.13],[73.213,30.107],[73.179,30.119],[73.185,30.089],[73.165,30.087],[73.157,30.131],[73.152,30.11],[73.122,30.101],[73.103,30.072],[73.053,30.058],[73.016,30.074],[73.03,30.029],[73.003,30.021],[73.026,30.01],[73.019,29.996],[73.0,30.017],[72.977,29.997],[72.939,29.999],[72.932,30.012],[72.951,30.053],[72.929,30.068],[72.906,30.049],[72.919,30.085],[72.898,30.09],[72.898,30.112],[72.919,30.128],[72.919,30.191],[72.93,30.204],[72.922,30.27],[72.975,30.297],[72.915,30.3],[72.917,30.328],[72.81,30.325],[72.834,30.341],[72.832,30.37],[72.812,30.394],[72.839,30.402],[72.88,30.387],[72.864,30.408],[72.88,30.4],[72.886,30.419],[72.913,30.417],[72.907,30.427],[72.921,30.433],[72.928,30.413],[72.947,30.433],[72.933,30.436],[72.941,30.448],[72.98,30.418],[72.98,30.403],[72.994,30.401],[72.991,30.419],[73.015,30.41],[73.012,30.428],[73.036,30.41],[73.054,30.428],[73.031,30.455],[73.048,30.447],[73.058,30.463],[73.075,30.447],[73.083,30.461],[73.06,30.469],[73.11,30.477],[73.102,30.486],[73.123,30.485],[73.141,30.511],[73.164,30.515],[73.143,30.542],[73.181,30.54],[73.172,30.551],[73.194,30.547],[73.194,30.563],[73.207,30.551],[73.238,30.559],[73.254,30.539],[73.267,30.563],[73.29,30.541],[73.291,30.521],[73.309,30.543],[73.361,30.532],[73.354,30.553],[73.382,30.57],[73.392,30.625],[73.398,30.614],[73.401,30.623],[73.415,30.619],[73.402,30.635],[73.42,30.653],[73.435,30.64]]]}},{"type":"Feature","properties":{"district_code":"057","name":"SAHIWAL DISTRICT","census_name":"SAHIWAL DISTRICT","province":"PUNJAB"},"geometry":{"type":"Polygon","coordinates":[[[73.219,30.93],[73.232,30.88],[73.263,30.882],[73.245,30.855],[73.269,30.859],[73.264,30.845],[73.235,30.839],[73.259,30.821],[73.241,30.809],[73.259,30.785],[73.291,30.796],[73.327,30.788],[73.336,30.752],[73.304,30.737],[73.3,30.713],[73.339,30.643],[73.313,30.614],[73.335,30.595],[73.267,30.563],[73.254,30.539],[73.238,30.559],[73.207,30.551],[73.194,30.563],[73.194,30.547],[73.172,30.551],[73.181,30.54],[73.143,30.542],[73.164,30.515],[73.141,30.511],[73.123,30.485],[73.102,30.486],[73.11,30.477],[73.06,30.469],[73.083,30.461],[73.075,30.447],[73.058,30.463],[73.048,30.447],[73.031,30.455],[73.054,30.428],[73.036,30.41],[73.012,30.428],[73.015,30.41],[72.991,30.419],[72.994,30.401],[72.98,30.403],[72.98,30.418],[72.941,30.448],[72.933,30.436],[72.947,30.433],[72.928,30.413],[72.921,30.433],[72.907,30.427],[72.913,30.417],[72.886,30.419],[72.88,30.4],[72.864,30.408],[72.88,30.387],[72.839,30.402],[72.812,30.394],[72.832,30.37],[72.79,30.359],[72.799,30.345],[72.764,30.321],[72.718,30.334],[72.699,30.292],[72.668,30.323],[72.662,30.304],[72.647,30.31],[72.635,30.298],[72.634,30.281],[72.62,30.282],[72.621,30.253],[72.603,30.252],[72.6,30.236],[72.586,30.24],[72.588,30.228],[72.572,30.263],[72.517,30.26],[72.505,30.227],[72.517,30.221],[72.503,30.21],[72.501,30.185],[72.466,30.172],[72.454,30.19],[72.407,30.197],[72.416,30.224],[72.396,30.23],[72.385,30.291],[72.425,30.366],[72.418,30.433],[72.459,30.49],[72.447,30.531],[72.475,30.544],[72.465,30.578],[72.497,30.587],[72.499,30.596],[72.477,30.602],[72.485,30.613],[72.506,30.602],[72.547,30.617],[72.56,30.594],[72.582,30.587],[72.558,30.589],[72.566,30.575],[72.616,30.573],[72.629,30.589],[72.636,30.573],[72.66,30.588],[72.679,30.575],[72.708,30.581],[72.711,30.601],[72.727,30.598],[72.744,30.631],[72.73,30.676],[72.756,30.673],[72.76,30.686],[72.744,30.685],[72.771,30.712],[72.812,30.712],[72.821,30.723],[72.862,30.705],[72.893,30.714],[72.899,30.731],[72.886,30.746],[72.9,30.74],[72.902,30.755],[72.927,30.76],[72.934,30.774],[72.945,30.767],[72.952,30.783],[72.955,30.761],[72.973,30.764],[73.03,30.816],[73.082,30.813],[73.106,30.83],[73.094,30.855],[73.102,30.864],[73.123,30.865],[73.127,30.844],[73.144,30.841],[73.142,30.859],[73.157,30.865],[73.142,30.862],[73.154,30.877],[73.135,30.895],[73.161,30.901],[73.148,30.914],[73.161,30.921],[73.177,30.901],[73.193,30.906],[73.194,30.928],[73.219,30.93]]]}},{"type":"Feature","properties":{"district_code":"058","name":"BHAKKAR DISTRICT","census_name":"BHAKKAR DISTRICT","province":"PUNJAB"},"geometry":{"type":"Polygon","coordinates":[[[71.555,32.206],[71.606,32.18],[71.713,32.192],[71.737,32.193],[71.762,32.153],[71.754,32.063],[71.734,32.025],[71.707,32.025],[71.701,32.006],[71.72,31.968],[71.685,31.932],[71.687,31.913],[71.685,31.895],[71.626,31.883],[71.622,31.865],[71.623,31.846],[71.672,31.827],[71.7,31.818],[71.736,31.755],[71.747,31.691],[71.808,31.657],[71.856,31.606],[71.912,31.586],[71.923,31.554],[71.981,31.525],[71.951,31.486],[71.987,31.383],[71.95,31.377],[71.958,31.254],[71.912,31.263],[71.899,31.277],[71.844,31.269],[71.759,31.224],[71.761,31.171],[71.691,31.178],[71.64,31.218],[71.637,31.241],[71.54,31.262],[71.494,31.251],[71.478,31.212],[71.437,31.173],[71.311,31.164],[71.303,31.26],[71.246,31.26],[71.245,31.284],[71.234,31.285],[71.242,31.301],[71.219,31.301],[71.219,31.328],[71.185,31.347],[71.196,31.347],[71.194,31.368],[71.122,31.362],[71.105,31.383],[71.087,31.374],[71.005,31.386],[70.956,31.374],[70.932,31.378],[70.931,31.41],[70.914,31.411],[70.893,31.405],[70.869,31.373],[70.825,31.383],[70.831,31.423],[70.867,31.419],[70.881,31.436],[70.872,31.439],[70.885,31.482],[70.855,31.513],[70.885,31.507],[70.887,31.526],[70.852,31.543],[70.864,31.572],[70.888,31.583],[70.867,31.642],[70.894,31.688],[70.926,31.689],[70.918,31.718],[70.943,31.739],[70.963,31.778],[70.985,31.785],[71.011,31.862],[71.028,31.877],[71.045,31.868],[71.062,31.94],[71.05,31.949],[71.069,31.963],[71.07,32.021],[71.098,32.037],[71.12,32.101],[71.109,32.119],[71.116,32.16],[71.154,32.155],[71.181,32.203],[71.199,32.185],[71.237,32.179],[71.246,32.203],[71.326,32.164],[71.35,32.206],[71.434,32.185],[71.475,32.191],[71.494,32.212],[71.555,32.206]]]}},{"type":"Feature","properties":{"district_code":"059","name":"KHUSHAB DISTRICT","census_name":"KHUSHAB DISTRICT","province":"PUNJAB"},"geometry":{"type":"Polygon","coordinates":[[[72.317,32.704],[72.35,32.662],[72.366,32.664],[72.37,32.636],[72.385,32.638],[72.394,32.625],[72.414,32.632],[72.436,32.671],[72.483,32.673],[72.509,32.686],[72.504,32.654],[72.546,32.659],[72.53,32.635],[72.547,32.606],[72.601,32.595],[72.613,32.576],[72.604,32.531],[72.632,32.469],[72.609,32.458],[72.617,32.418],[72.566,32.409],[72.532,32.363],[72.481,32.351],[72.467,32.328],[72.453,32.338],[72.439,32.333],[72.454,32.318],[72.424,32.316],[72.395,32.293],[72.378,32.299],[72.359,32.28],[72.359,32.257],[72.375,32.256],[72.319,32.193],[72.328,32.175],[72.32,32.145],[72.307,32.144],[72.319,32.141],[72.322,32.113],[72.312,32.085],[72.297,32.076],[72.299,32.06],[72.281,32.057],[72.292,32.036],[72.277,32.011],[72.247,32.016],[72.245,31.989],[72.269,31.983],[72.244,31.927],[72.264,31.9],[72.251,31.88],[72.217,31.868],[72.22,31.817],[72.24,31.8],[72.216,31.78],[72.203,31.787],[72.178,31.734],[72.142,31.747],[72.11,31.693],[72.053,31.691],[72.04,31.586],[71.981,31.525],[71.923,31.554],[71.912,31.586],[71.856,31.606],[71.808,31.657],[71.747,31.691],[71.736,31.755],[71.7,31.818],[71.672,31.827],[71.623,31.846],[71.622,31.865],[71.626,31.883],[71.685,31.895],[71.687,31.913],[71.685,31.932],[71.72,31.968],[71.701,32.006],[71.707,32.025],[71.734,32.025],[71.754,32.063],[71.762,32.153],[71.737,32.193],[71.713,32.192],[71.713,32.281],[71.73,32.271],[71.724,32.287],[71.77,32.348],[71.799,32.359],[71.799,32.378],[71.833,32.414],[71.815,32.454],[71.778,32.467],[71.784,32.486],[71.822,32.499],[71.856,32.491],[71.858,32.532],[71.905,32.534],[71.907,32.551],[71.946,32.567],[71.975,32.572],[71.972,32.586],[72.003,32.586],[72.007,32.607],[72.067,32.637],[72.126,32.647],[72.159,32.667],[72.16,32.71],[72.317,32.704]]]}},{"type":"Feature","properties":{"district_code":"060","name":"MIANWALI DISTRICT","census_name":"MIANWALI DISTRICT","province":"PUNJAB"},"geometry":{"type":"Polygon","coordinates":[[[71.556,33.228],[71.604,33.184],[71.592,33.15],[71.627,33.103],[71.633,33.074],[71.674,33.051],[71.717,33.056],[71.723,33.026],[71.744,33.028],[71.744,33.003],[71.803,33.003],[71.852,32.99],[71.895,32.864],[71.959,32.834],[71.957,32.814],[71.884,32.772],[71.874,32.749],[71.884,32.729],[71.874,32.708],[71.901,32.689],[71.896,32.674],[71.874,32.667],[71.91,32.627],[71.909,32.591],[71.946,32.567],[71.907,32.551],[71.905,32.534],[71.858,32.532],[71.856,32.491],[71.822,32.499],[71.784,32.486],[71.778,32.467],[71.815,32.454],[71.833,32.414],[71.799,32.378],[71.799,32.359],[71.77,32.348],[71.724,32.287],[71.73,32.271],[71.713,32.281],[71.713,32.192],[71.606,32.18],[71.555,32.206],[71.494,32.212],[71.475,32.191],[71.434,32.185],[71.35,32.206],[71.326,32.164],[71.246,32.203],[71.237,32.179],[71.199,32.185],[71.181,32.203],[71.203,32.238],[71.168,32.235],[71.22,32.302],[71.283,32.366],[71.343,32.369],[71.326,32.396],[71.343,32.409],[71.331,32.438],[71.344,32.449],[71.348,32.48],[71.334,32.482],[71.341,32.508],[71.329,32.539],[71.305,32.539],[71.305,32.514],[71.282,32.516],[71.28,32.493],[71.249,32.519],[71.231,32.51],[71.248,32.573],[71.264,32.577],[71.258,32.597],[71.249,32.605],[71.169,32.592],[71.169,32.625],[71.158,32.627],[71.158,32.652],[71.147,32.653],[71.155,32.675],[71.138,32.679],[71.133,32.695],[71.143,32.724],[71.12,32.752],[71.115,32.811],[71.134,32.803],[71.145,32.913],[71.165,32.961],[71.282,33.017],[71.316,33.018],[71.312,33.003],[71.349,32.994],[71.373,33.006],[71.431,33.003],[71.456,33.018],[71.466,33.041],[71.437,33.081],[71.465,33.101],[71.466,33.13],[71.436,33.171],[71.465,33.217],[71.522,33.197],[71.526,33.219],[71.556,33.228]]]}},{"type":"Feature","properties":{"district_code":"061","name":"SARGODHA DISTRICT","census_name":"SARGODHA DISTRICT","province":"PUNJAB"},"geometry":{"type":"Polygon","coordinates":[[[73.202,32.528],[73.158,32.506],[73.173,32.494],[73.153,32.467],[73.123,32.488],[73.121,32.469],[73.045,32.444],[73.051,32.425],[73.086,32.402],[73.077,32.392],[73.099,32.385],[73.095,32.362],[73.109,32.349],[73.065,32.31],[73.079,32.306],[73.087,32.294],[73.135,32.311],[73.129,32.3],[73.157,32.249],[73.212,32.271],[73.237,32.235],[73.227,32.233],[73.247,32.221],[73.237,32.18],[73.265,32.176],[73.267,32.154],[73.3,32.121],[73.238,32.067],[73.236,32.033],[73.214,32.026],[73.22,31.986],[73.174,31.944],[73.162,31.906],[73.102,31.943],[73.04,31.943],[73.023,31.964],[72.99,31.976],[72.969,31.967],[72.951,31.991],[72.937,31.99],[72.932,31.957],[72.954,31.939],[72.931,31.95],[72.917,31.931],[72.886,31.934],[72.885,31.923],[72.921,31.899],[72.933,31.907],[72.965,31.89],[72.967,31.846],[72.946,31.842],[72.935,31.86],[72.9,31.851],[72.87,31.883],[72.843,31.867],[72.833,31.839],[72.806,31.856],[72.739,31.831],[72.72,31.815],[72.697,31.82],[72.66,31.791],[72.548,31.781],[72.547,31.754],[72.503,31.746],[72.497,31.72],[72.485,31.743],[72.455,31.672],[72.422,31.68],[72.396,31.671],[72.365,31.678],[72.349,31.635],[72.308,31.633],[72.299,31.611],[72.283,31.619],[72.256,31.572],[72.233,31.587],[72.22,31.603],[72.237,31.627],[72.291,31.663],[72.285,31.675],[72.3,31.693],[72.315,31.682],[72.345,31.709],[72.334,31.716],[72.343,31.736],[72.289,31.778],[72.25,31.79],[72.232,31.769],[72.216,31.78],[72.24,31.8],[72.22,31.817],[72.217,31.868],[72.251,31.88],[72.264,31.9],[72.244,31.927],[72.269,31.983],[72.245,31.989],[72.247,32.016],[72.277,32.011],[72.292,32.036],[72.281,32.057],[72.299,32.06],[72.297,32.076],[72.312,32.085],[72.322,32.113],[72.319,32.141],[72.307,32.144],[72.32,32.145],[72.328,32.175],[72.319,32.193],[72.375,32.256],[72.359,32.257],[72.359,32.28],[72.378,32.299],[72.395,32.293],[72.424,32.316],[72.454,32.318],[72.439,32.333],[72.453,32.338],[72.467,32.328],[72.481,32.351],[72.532,32.363],[72.566,32.409],[72.617,32.418],[72.639,32.405],[72.696,32.423],[72.716,32.419],[72.781,32.428],[72.782,32.439],[72.858,32.477],[72.884,32.509],[72.9,32.503],[72.939,32.528],[72.943,32.518],[72.964,32.521],[72.959,32.53],[73.018,32.545],[73.015,32.554],[73.102,32.559],[73.158,32.581],[73.197,32.567],[73.202,32.528]]]}},{"type":"Feature","properties":{"district_code":"062","name":"BADIN DISTRICT","census_name":"BADIN DISTRICT","province":"SINDH"},"geometry":{"type":"Polygon","coordinates":[[[68.969,25.302],[68.988,25.141],[69.094,25.08],[69.067,25.078],[69.075,25.067],[69.103,25.073],[69.104,25.05],[69.146,25.021],[69.138,25.0],[69.185,24.955],[69.286,24.97],[69.33,24.898],[69.303,24.836],[69.327,24.822],[69.33,24.805],[69.314,24.782],[69.252,24.758],[69.261,24.742],[69.294,24.737],[69.26,24.726],[69.218,24.679],[69.261,24.658],[69.243,24.646],[69.244,24.625],[69.232,24.636],[69.205,24.633],[69.235,24.59],[69.213,24.567],[69.231,24.554],[69.219,24.54],[69.144,24.519],[69.093,24.475],[69.063,24.333],[69.098,24.281],[69.037,24.244],[69.015,24.234],[69.005,24.233],[68.991,24.236],[68.981,24.246],[68.955,24.292],[68.944,24.298],[68.943,24.303],[68.892,24.301],[68.894,24.294],[68.866,24.286],[68.861,24.281],[68.855,24.279],[68.841,24.28],[68.835,24.279],[68.822,24.315],[68.821,24.322],[68.822,24.315],[68.809,24.315],[68.763,24.297],[68.762,24.324],[68.732,24.376],[68.617,24.375],[68.533,24.355],[68.493,24.385],[68.489,24.402],[68.45,24.404],[68.46,24.432],[68.431,24.422],[68.424,24.437],[68.408,24.566],[68.378,24.616],[68.388,24.634],[68.358,24.651],[68.375,24.663],[68.374,24.757],[68.403,24.782],[68.454,24.785],[68.453,24.855],[68.476,24.83],[68.492,24.857],[68.52,24.846],[68.544,24.881],[68.583,24.871],[68.591,24.855],[68.667,24.892],[68.687,24.888],[68.683,24.858],[68.66,24.847],[68.688,24.82],[68.675,24.797],[68.748,24.789],[68.737,24.847],[68.796,24.837],[68.8,24.878],[68.818,24.901],[68.79,24.94],[68.787,24.968],[68.63,25.048],[68.598,25.081],[68.575,25.101],[68.662,25.139],[68.669,25.155],[68.66,25.167],[68.634,25.148],[68.617,25.165],[68.621,25.177],[68.654,25.184],[68.654,25.201],[68.704,25.21],[68.694,25.231],[68.737,25.267],[68.783,25.251],[68.776,25.224],[68.803,25.214],[68.904,25.24],[68.897,25.268],[68.949,25.28],[68.969,25.302]]]}},{"type":"Feature","properties":{"district_code":"063","name":"DADU DISTRICT","census_name":"DADU DISTRICT","province":"SINDH"},"geometry":{"type":"Polygon","coordinates":[[[67.173,27.44],[67.323,27.372],[67.335,27.381],[67.348,27.362],[67.366,27.369],[67.366,27.383],[67.399,27.384],[67.518,27.315],[67.63,27.312],[67.639,27.342],[67.626,27.35],[67.646,27.343],[67.661,27.309],[67.798,27.308],[67.885,27.321],[68.003,27.299],[67.955,27.25],[67.97,27.237],[67.944,27.234],[67.937,27.212],[68.05,27.135],[68.083,27.129],[68.091,27.121],[68.013,27.071],[68.035,27.042],[68.011,26.942],[67.976,26.933],[67.982,26.951],[67.969,26.96],[67.944,26.959],[67.907,26.93],[67.905,26.895],[67.883,26.894],[67.861,26.857],[67.875,26.856],[67.886,26.773],[67.868,26.768],[67.854,26.686],[67.869,26.662],[67.863,26.644],[67.836,26.613],[67.811,26.61],[67.776,26.612],[67.753,26.594],[67.759,26.582],[67.75,26.593],[67.707,26.576],[67.701,26.588],[67.68,26.566],[67.657,26.576],[67.63,26.561],[67.653,26.486],[67.625,26.453],[67.597,26.446],[67.638,26.428],[67.591,26.339],[67.519,26.352],[67.519,26.308],[67.504,26.302],[67.496,26.273],[67.517,26.27],[67.518,26.251],[67.51,26.225],[67.477,26.223],[67.474,26.164],[67.449,26.132],[67.424,26.138],[67.419,26.129],[67.396,26.127],[67.364,26.152],[67.354,26.202],[67.324,26.235],[67.341,26.237],[67.338,26.256],[67.274,26.382],[67.224,26.441],[67.205,26.441],[67.172,26.492],[67.19,26.495],[67.193,26.549],[67.176,26.71],[67.188,26.821],[67.139,26.932],[67.138,26.996],[67.164,27.066],[67.128,27.251],[67.127,27.307],[67.163,27.367],[67.173,27.44]]]}},{"type":"Feature","properties":{"district_code":"064","name":"HYDERABAD DISTRICT","census_name":"HYDERABAD DISTRICT","province":"SINDH"},"geometry":{"type":"Polygon","coordinates":[[[68.437,25.551],[68.471,25.499],[68.594,25.45],[68.624,25.406],[68.615,25.39],[68.635,25.355],[68.603,25.354],[68.578,25.374],[68.579,25.364],[68.591,25.332],[68.621,25.317],[68.65,25.245],[68.609,25.251],[68.605,25.188],[68.589,25.183],[68.586,25.202],[68.545,25.229],[68.562,25.18],[68.55,25.185],[68.549,25.172],[68.496,25.159],[68.475,25.163],[68.445,25.181],[68.376,25.181],[68.356,25.226],[68.344,25.21],[68.301,25.202],[68.289,25.219],[68.331,25.261],[68.345,25.305],[68.316,25.368],[68.304,25.381],[68.31,25.48],[68.327,25.512],[68.377,25.546],[68.418,25.531],[68.437,25.551]],[[68.38,25.422],[68.38,25.421],[68.38,25.421],[68.38,25.422]],[[68.338,25.38],[68.338,25.38],[68.338,25.38],[68.338,25.38]]]}},{"type":"Feature","properties":{"district_code":"065","name":"JAMSHORO DISTRICT","census_name":"JAMSHORO DISTRICT","province":"SINDH"},"geometry":{"type":"Polygon","coordinates":[[[67.811,26.61],[67.811,26.577],[67.842,26.58],[67.863,26.56],[67.911,26.569],[67.917,26.551],[67.931,26.519],[67.877,26.436],[67.905,26.424],[67.901,26.364],[67.872,26.368],[67.872,26.338],[67.92,26.3],[67.913,26.287],[67.935,26.265],[67.966,26.23],[68.04,26.197],[68.034,26.168],[68.158,26.023],[68.192,26.02],[68.231,25.985],[68.282,25.978],[68.265,25.96],[68.234,25.944],[68.237,25.931],[68.334,25.84],[68.33,25.797],[68.3,25.78],[68.327,25.717],[68.35,25.697],[68.426,25.709],[68.439,25.686],[68.429,25.656],[68.385,25.645],[68.364,25.613],[68.381,25.592],[68.377,25.546],[68.327,25.512],[68.31,25.48],[68.304,25.381],[68.316,25.368],[68.345,25.305],[68.28,25.312],[68.263,25.303],[68.247,25.318],[68.178,25.303],[68.065,25.447],[68.026,25.467],[68.029,25.453],[67.993,25.442],[67.941,25.412],[67.927,25.391],[67.944,25.332],[67.939,25.282],[67.895,25.223],[67.903,25.199],[67.877,25.199],[67.817,25.107],[67.73,25.06],[67.67,25.061],[67.679,25.076],[67.667,25.087],[67.656,25.069],[67.594,25.07],[67.595,25.033],[67.523,25.03],[67.489,25.094],[67.445,25.111],[67.464,25.14],[67.402,25.161],[67.382,25.15],[67.352,25.16],[67.316,25.152],[67.299,25.18],[67.367,25.176],[67.365,25.205],[67.32,25.198],[67.335,25.246],[67.297,25.255],[67.343,25.342],[67.362,25.342],[67.361,25.318],[67.383,25.308],[67.405,25.354],[67.42,25.353],[67.436,25.389],[67.425,25.419],[67.46,25.519],[67.431,25.631],[67.42,25.629],[67.416,25.649],[67.367,25.646],[67.369,25.776],[67.45,25.84],[67.423,25.914],[67.436,26.038],[67.419,26.129],[67.424,26.138],[67.449,26.132],[67.474,26.164],[67.477,26.223],[67.51,26.225],[67.518,26.251],[67.517,26.27],[67.496,26.273],[67.504,26.302],[67.519,26.308],[67.519,26.352],[67.591,26.339],[67.638,26.428],[67.597,26.446],[67.625,26.453],[67.653,26.486],[67.63,26.561],[67.657,26.576],[67.68,26.566],[67.701,26.588],[67.707,26.576],[67.75,26.593],[67.759,26.582],[67.753,26.594],[67.776,26.612],[67.811,26.61]]]}},{"type":"Feature","properties":{"district_code":"066","name":"MATIARI DISTRICT","census_name":"MATIARI DISTRICT","province":"SINDH"},"geometry":{"type":"Polygon","coordinates":[[[68.455,26.052],[68.494,26.05],[68.53,26.068],[68.554,26.055],[68.503,26.039],[68.502,26.022],[68.516,26.016],[68.483,25.936],[68.456,25.929],[68.453,25.909],[68.49,25.906],[68.506,25.879],[68.532,25.871],[68.505,25.855],[68.511,25.836],[68.535,25.827],[68.539,25.779],[68.566,25.766],[68.544,25.742],[68.607,25.727],[68.619,25.704],[68.666,25.69],[68.675,25.676],[68.661,25.617],[68.683,25.602],[68.611,25.547],[68.594,25.45],[68.471,25.499],[68.437,25.551],[68.418,25.531],[68.377,25.546],[68.381,25.592],[68.364,25.613],[68.385,25.645],[68.429,25.656],[68.439,25.686],[68.426,25.709],[68.35,25.697],[68.327,25.717],[68.3,25.78],[68.33,25.797],[68.334,25.84],[68.237,25.931],[68.234,25.944],[68.265,25.96],[68.282,25.978],[68.309,26.002],[68.307,26.021],[68.325,26.018],[68.344,26.075],[68.379,26.105],[68.433,26.072],[68.455,26.052]]]}},{"type":"Feature","properties":{"district_code":"067","name":"TANDO ALLAHYAR DISTRICT","census_name":"TANDO ALLAHYAR DISTRICT","province":"SINDH"},"geometry":{"type":"Polygon","coordinates":[[[68.843,25.735],[68.894,25.704],[68.915,25.656],[68.886,25.547],[68.902,25.507],[68.951,25.437],[68.969,25.402],[68.977,25.31],[68.949,25.28],[68.897,25.268],[68.904,25.24],[68.803,25.214],[68.776,25.224],[68.783,25.251],[68.737,25.267],[68.714,25.299],[68.678,25.299],[68.661,25.28],[68.629,25.296],[68.621,25.317],[68.591,25.332],[68.579,25.364],[68.578,25.374],[68.603,25.354],[68.635,25.355],[68.615,25.39],[68.624,25.406],[68.594,25.45],[68.611,25.547],[68.683,25.602],[68.661,25.617],[68.675,25.676],[68.703,25.729],[68.737,25.716],[68.752,25.759],[68.843,25.735]]]}},{"type":"Feature","properties":{"district_code":"068","name":"TANDO MUHAMMAD KHAN DISTRICT","census_name":"TANDO MUHAMMAD KHAN DISTRICT","province":"SINDH"},"geometry":{"type":"Polygon","coordinates":[[[68.714,25.299],[68.737,25.267],[68.694,25.231],[68.704,25.21],[68.654,25.201],[68.654,25.184],[68.621,25.177],[68.617,25.165],[68.634,25.148],[68.66,25.167],[68.669,25.155],[68.662,25.139],[68.575,25.101],[68.598,25.081],[68.63,25.048],[68.787,24.968],[68.79,24.94],[68.818,24.901],[68.8,24.878],[68.796,24.837],[68.737,24.847],[68.748,24.789],[68.675,24.797],[68.688,24.82],[68.66,24.847],[68.683,24.858],[68.687,24.888],[68.667,24.892],[68.591,24.855],[68.583,24.871],[68.544,24.881],[68.52,24.846],[68.492,24.857],[68.476,24.83],[68.453,24.855],[68.454,24.785],[68.403,24.782],[68.374,24.757],[68.321,24.812],[68.304,24.813],[68.274,24.894],[68.326,24.939],[68.273,24.993],[68.279,25.103],[68.359,25.143],[68.344,25.21],[68.356,25.226],[68.376,25.181],[68.445,25.181],[68.475,25.163],[68.496,25.159],[68.549,25.172],[68.55,25.185],[68.562,25.18],[68.545,25.229],[68.586,25.202],[68.589,25.183],[68.605,25.188],[68.609,25.251],[68.65,25.245],[68.629,25.296],[68.661,25.28],[68.678,25.299],[68.714,25.299]]]}},{"type":"Feature","properties":{"district_code":"069","name":"THATTA DISTRICT","census_name":"THATTA DISTRICT","province":"SINDH"},"geometry":{"type":"MultiPolygon","coordinates":[[[[67.497,24.549],[67.494,24.555],[67.498,24.558],[67.504,24.559],[67.504,24.58],[67.499,24.589],[67.498,24.599],[67.49,24.619],[67.474,24.622],[67.471,24.67],[67.496,24.683],[67.499,24.683],[67.501,24.684],[67.512,24.684],[67.512,24.696],[67.515,24.699],[67.532,24.699],[67.532,24.731],[67.524,24.729],[67.521,24.746],[67.516,24.76],[67.513,24.758],[67.509,24.76],[67.496,24.759],[67.497,24.757],[67.496,24.752],[67.491,24.752],[67.49,24.748],[67.486,24.748],[67.485,24.755],[67.483,24.755],[67.481,24.76],[67.481,24.777],[67.471,24.782],[67.466,24.781],[67.458,24.786],[67.451,24.784],[67.449,24.781],[67.437,24.845],[67.477,24.842],[67.519,24.801],[67.591,24.791],[67.586,24.829],[67.542,24.909],[67.536,24.99],[67.522,24.993],[67.523,25.03],[67.595,25.033],[67.594,25.07],[67.656,25.069],[67.667,25.087],[67.679,25.076],[67.67,25.061],[67.73,25.06],[67.817,25.107],[67.877,25.199],[67.903,25.199],[67.895,25.223],[67.939,25.282],[67.944,25.332],[67.927,25.391],[67.941,25.412],[67.993,25.442],[68.029,25.453],[68.026,25.467],[68.065,25.447],[68.178,25.303],[68.247,25.318],[68.263,25.303],[68.28,25.312],[68.345,25.305],[68.331,25.261],[68.289,25.219],[68.301,25.202],[68.344,25.21],[68.359,25.143],[68.279,25.103],[68.273,24.993],[68.239,24.95],[68.226,24.987],[68.199,24.967],[68.178,24.987],[68.134,24.913],[68.115,24.917],[68.109,24.899],[68.055,24.872],[68.019,24.802],[68.02,24.776],[68.056,24.788],[68.059,24.758],[68.028,24.739],[68.041,24.737],[68.034,24.724],[68.022,24.729],[67.98,24.705],[67.975,24.691],[67.972,24.669],[68.0,24.648],[67.99,24.591],[68.016,24.568],[68.001,24.524],[67.99,24.525],[67.95,24.49],[67.949,24.43],[67.866,24.443],[67.861,24.41],[67.843,24.409],[67.825,24.354],[67.794,24.345],[67.796,24.299],[67.816,24.267],[67.769,24.26],[67.769,24.232],[67.733,24.232],[67.727,24.202],[67.716,24.202],[67.724,24.189],[67.7,24.187],[67.698,24.166],[67.67,24.154],[67.646,24.194],[67.627,24.198],[67.627,24.143],[67.65,24.111],[67.64,24.067],[67.623,24.079],[67.605,24.084],[67.604,24.082],[67.596,24.078],[67.576,24.081],[67.551,24.081],[67.53,24.078],[67.513,24.069],[67.508,24.062],[67.485,24.038],[67.476,24.039],[67.473,24.03],[67.466,24.017],[67.463,24.015],[67.443,24.009],[67.434,24.008],[67.406,24.009],[67.401,24.011],[67.397,24.017],[67.389,24.04],[67.389,24.053],[67.393,24.061],[67.403,24.065],[67.419,24.057],[67.432,24.056],[67.445,24.064],[67.458,24.068],[67.465,24.068],[67.466,24.066],[67.466,24.062],[67.468,24.066],[67.467,24.073],[67.466,24.074],[67.462,24.072],[67.456,24.072],[67.446,24.066],[67.439,24.065],[67.43,24.061],[67.409,24.067],[67.401,24.074],[67.398,24.069],[67.394,24.067],[67.384,24.07],[67.377,24.076],[67.373,24.087],[67.376,24.089],[67.373,24.092],[67.365,24.119],[67.365,24.126],[67.368,24.129],[67.373,24.13],[67.387,24.124],[67.401,24.122],[67.422,24.127],[67.423,24.119],[67.427,24.113],[67.427,24.106],[67.43,24.111],[67.434,24.112],[67.45,24.113],[67.462,24.118],[67.482,24.116],[67.495,24.11],[67.515,24.107],[67.519,24.099],[67.526,24.096],[67.533,24.098],[67.537,24.102],[67.543,24.098],[67.547,24.102],[67.555,24.102],[67.556,24.105],[67.552,24.103],[67.546,24.106],[67.524,24.102],[67.523,24.107],[67.514,24.112],[67.497,24.114],[67.485,24.122],[67.461,24.122],[67.461,24.126],[67.457,24.121],[67.446,24.118],[67.43,24.119],[67.428,24.128],[67.444,24.14],[67.448,24.147],[67.46,24.159],[67.462,24.159],[67.467,24.152],[67.473,24.151],[67.481,24.155],[67.486,24.161],[67.491,24.16],[67.488,24.162],[67.486,24.168],[67.484,24.161],[67.481,24.169],[67.474,24.173],[67.473,24.176],[67.474,24.183],[67.472,24.183],[67.47,24.178],[67.473,24.172],[67.48,24.164],[67.481,24.159],[67.48,24.158],[67.471,24.154],[67.469,24.154],[67.467,24.16],[67.465,24.162],[67.46,24.163],[67.432,24.138],[67.429,24.142],[67.418,24.149],[67.417,24.155],[67.423,24.161],[67.422,24.166],[67.427,24.171],[67.43,24.172],[67.434,24.17],[67.446,24.169],[67.446,24.17],[67.434,24.171],[67.43,24.173],[67.424,24.169],[67.422,24.17],[67.421,24.176],[67.415,24.18],[67.41,24.186],[67.389,24.189],[67.394,24.195],[67.404,24.198],[67.411,24.202],[67.418,24.21],[67.415,24.205],[67.416,24.201],[67.419,24.199],[67.426,24.2],[67.428,24.194],[67.431,24.192],[67.438,24.196],[67.442,24.201],[67.445,24.202],[67.455,24.19],[67.46,24.19],[67.467,24.2],[67.459,24.192],[67.457,24.191],[67.449,24.203],[67.445,24.204],[67.441,24.203],[67.439,24.207],[67.439,24.212],[67.438,24.213],[67.438,24.207],[67.44,24.202],[67.435,24.195],[67.431,24.194],[67.429,24.202],[67.419,24.202],[67.417,24.203],[67.421,24.212],[67.427,24.212],[67.429,24.218],[67.429,24.236],[67.433,24.245],[67.446,24.247],[67.454,24.251],[67.459,24.248],[67.46,24.242],[67.465,24.245],[67.462,24.251],[67.456,24.253],[67.444,24.25],[67.434,24.25],[67.442,24.258],[67.442,24.262],[67.44,24.269],[67.436,24.275],[67.446,24.277],[67.456,24.277],[67.461,24.275],[67.467,24.266],[67.473,24.264],[67.478,24.264],[67.481,24.267],[67.489,24.251],[67.501,24.258],[67.512,24.27],[67.514,24.269],[67.516,24.273],[67.51,24.273],[67.506,24.271],[67.495,24.256],[67.491,24.256],[67.485,24.268],[67.485,24.273],[67.472,24.267],[67.464,24.277],[67.457,24.281],[67.448,24.282],[67.439,24.28],[67.434,24.282],[67.432,24.292],[67.426,24.293],[67.426,24.291],[67.43,24.288],[67.432,24.284],[67.43,24.28],[67.431,24.271],[67.437,24.267],[67.435,24.26],[67.43,24.252],[67.429,24.253],[67.428,24.252],[67.42,24.24],[67.407,24.238],[67.397,24.24],[67.379,24.24],[67.361,24.249],[67.349,24.259],[67.35,24.262],[67.359,24.275],[67.364,24.278],[67.375,24.271],[67.382,24.272],[67.391,24.28],[67.392,24.282],[67.391,24.286],[67.381,24.276],[67.377,24.274],[67.374,24.275],[67.37,24.28],[67.367,24.282],[67.358,24.279],[67.342,24.259],[67.337,24.254],[67.323,24.257],[67.321,24.256],[67.308,24.256],[67.293,24.259],[67.289,24.268],[67.287,24.284],[67.282,24.302],[67.284,24.328],[67.287,24.338],[67.286,24.348],[67.288,24.359],[67.293,24.364],[67.321,24.361],[67.327,24.363],[67.336,24.358],[67.356,24.355],[67.371,24.349],[67.374,24.346],[67.399,24.333],[67.405,24.325],[67.418,24.328],[67.425,24.327],[67.423,24.332],[67.418,24.338],[67.436,24.351],[67.437,24.362],[67.443,24.364],[67.448,24.372],[67.455,24.376],[67.466,24.372],[67.473,24.378],[67.467,24.393],[67.47,24.398],[67.466,24.405],[67.473,24.41],[67.474,24.414],[67.466,24.411],[67.462,24.404],[67.467,24.4],[67.465,24.396],[67.465,24.391],[67.469,24.381],[67.469,24.376],[67.462,24.374],[67.455,24.377],[67.445,24.373],[67.441,24.365],[67.438,24.364],[67.437,24.371],[67.44,24.374],[67.439,24.377],[67.452,24.385],[67.449,24.386],[67.437,24.379],[67.432,24.382],[67.428,24.377],[67.427,24.383],[67.43,24.387],[67.429,24.391],[67.422,24.392],[67.413,24.389],[67.396,24.396],[67.388,24.397],[67.388,24.402],[67.368,24.403],[67.39,24.411],[67.392,24.416],[67.404,24.425],[67.407,24.43],[67.417,24.433],[67.427,24.434],[67.43,24.432],[67.433,24.425],[67.452,24.418],[67.46,24.421],[67.461,24.425],[67.464,24.425],[67.463,24.43],[67.457,24.428],[67.44,24.43],[67.434,24.438],[67.426,24.439],[67.416,24.443],[67.414,24.449],[67.408,24.45],[67.401,24.455],[67.393,24.457],[67.384,24.463],[67.38,24.468],[67.384,24.471],[67.384,24.477],[67.386,24.479],[67.402,24.483],[67.407,24.48],[67.41,24.47],[67.413,24.466],[67.417,24.464],[67.43,24.466],[67.438,24.459],[67.448,24.457],[67.452,24.461],[67.457,24.462],[67.456,24.465],[67.459,24.468],[67.456,24.503],[67.443,24.513],[67.436,24.524],[67.43,24.548],[67.467,24.551],[67.472,24.562],[67.486,24.579],[67.489,24.579],[67.489,24.572],[67.476,24.55],[67.497,24.549]]],[[[67.562,24.066],[67.587,24.067],[67.589,24.066],[67.611,24.026],[67.6,23.967],[67.578,23.94],[67.57,23.941],[67.563,23.945],[67.566,23.989],[67.578,23.995],[67.56,24.033],[67.5,23.992],[67.498,24.011],[67.495,24.007],[67.495,24.002],[67.498,23.992],[67.498,23.981],[67.499,23.976],[67.494,23.971],[67.487,23.968],[67.474,23.971],[67.458,23.967],[67.447,23.971],[67.445,23.979],[67.446,23.981],[67.469,24.003],[67.474,24.005],[67.476,24.021],[67.5,24.039],[67.508,24.048],[67.509,24.052],[67.514,24.057],[67.532,24.065],[67.554,24.068],[67.562,24.066]]],[[[67.413,24.151],[67.429,24.139],[67.43,24.137],[67.429,24.135],[67.421,24.133],[67.399,24.132],[67.392,24.133],[67.398,24.134],[67.401,24.138],[67.403,24.146],[67.4,24.154],[67.406,24.156],[67.413,24.151]]],[[[67.404,24.185],[67.41,24.185],[67.415,24.179],[67.414,24.176],[67.417,24.173],[67.421,24.161],[67.416,24.157],[67.414,24.151],[67.406,24.157],[67.4,24.154],[67.399,24.153],[67.402,24.146],[67.4,24.139],[67.396,24.135],[67.388,24.134],[67.379,24.138],[67.371,24.139],[67.352,24.162],[67.355,24.166],[67.357,24.172],[67.365,24.18],[67.371,24.174],[67.381,24.171],[67.386,24.176],[67.393,24.18],[67.391,24.183],[67.385,24.185],[67.386,24.187],[67.393,24.187],[67.404,24.185]]],[[[67.381,24.228],[67.411,24.227],[67.414,24.225],[67.418,24.213],[67.41,24.203],[67.403,24.198],[67.395,24.196],[67.389,24.192],[67.388,24.189],[67.381,24.185],[67.374,24.192],[67.369,24.194],[67.366,24.199],[67.368,24.206],[67.374,24.21],[67.375,24.213],[67.376,24.22],[67.373,24.223],[67.361,24.227],[67.358,24.232],[67.359,24.234],[67.381,24.228]]]]}},{"type":"Feature","properties":{"district_code":"071","name":"JACOBABAD DISTRICT","census_name":"JACOBABAD DISTRICT","province":"SINDH"},"geometry":{"type":"Polygon","coordinates":[[[68.923,28.431],[68.931,28.291],[68.886,28.295],[68.859,28.229],[68.862,28.194],[68.908,28.194],[68.919,28.102],[68.887,28.087],[68.658,28.157],[68.578,28.159],[68.509,28.163],[68.393,28.119],[68.328,28.125],[68.318,28.016],[68.317,27.987],[68.304,27.981],[68.317,27.983],[68.306,27.961],[68.317,27.961],[68.318,27.936],[68.255,27.93],[68.223,27.938],[68.206,27.926],[68.199,27.938],[68.16,27.945],[68.134,27.935],[68.128,27.936],[68.095,27.987],[68.028,27.997],[68.016,27.986],[67.945,27.984],[67.92,28.001],[67.945,28.04],[67.964,28.077],[68.022,28.091],[68.189,28.225],[68.246,28.264],[68.259,28.253],[68.261,28.274],[68.367,28.291],[68.414,28.387],[68.473,28.428],[68.749,28.426],[68.923,28.431]]]}},{"type":"Feature","properties":{"district_code":"072","name":"KASHMORE DISTRICT","census_name":"KASHMORE DISTRICT","province":"SINDH"},"geometry":{"type":"Polygon","coordinates":[[[69.623,28.482],[69.6,28.45],[69.747,28.433],[69.657,28.356],[69.675,28.322],[69.655,28.294],[69.658,28.262],[69.63,28.253],[69.616,28.29],[69.626,28.353],[69.615,28.361],[69.625,28.363],[69.596,28.386],[69.595,28.369],[69.582,28.367],[69.573,28.395],[69.55,28.406],[69.534,28.398],[69.551,28.361],[69.577,28.357],[69.594,28.288],[69.564,28.258],[69.513,28.261],[69.48,28.254],[69.454,28.215],[69.405,28.237],[69.403,28.161],[69.378,28.173],[69.357,28.162],[69.368,28.155],[69.352,28.154],[69.347,28.128],[69.331,28.13],[69.328,28.113],[69.301,28.105],[69.284,28.104],[69.285,28.082],[69.236,28.092],[69.225,28.032],[69.211,28.036],[69.201,28.004],[69.159,27.993],[69.13,28.015],[69.1,28.012],[69.082,28.03],[69.066,28.027],[69.07,28.044],[69.007,28.088],[68.959,28.081],[68.949,28.103],[68.935,28.092],[68.919,28.102],[68.908,28.194],[68.862,28.194],[68.859,28.229],[68.886,28.295],[68.931,28.291],[68.923,28.431],[69.062,28.438],[69.068,28.428],[69.199,28.454],[69.237,28.459],[69.255,28.451],[69.251,28.436],[69.263,28.451],[69.314,28.43],[69.317,28.452],[69.419,28.452],[69.429,28.481],[69.494,28.503],[69.623,28.482]]]}},{"type":"Feature","properties":{"district_code":"073","name":"LARKANA DISTRICT","census_name":"LARKANA DISTRICT","province":"SINDH"},"geometry":{"type":"Polygon","coordinates":[[[68.199,27.938],[68.206,27.926],[68.223,27.938],[68.255,27.93],[68.263,27.891],[68.282,27.874],[68.296,27.884],[68.297,27.854],[68.347,27.796],[68.353,27.759],[68.4,27.749],[68.403,27.733],[68.443,27.724],[68.463,27.7],[68.425,27.697],[68.424,27.653],[68.4,27.649],[68.393,27.628],[68.373,27.623],[68.359,27.609],[68.343,27.589],[68.362,27.561],[68.354,27.531],[68.298,27.506],[68.317,27.469],[68.302,27.459],[68.305,27.424],[68.357,27.388],[68.33,27.36],[68.276,27.364],[68.259,27.353],[68.214,27.315],[68.211,27.292],[68.221,27.273],[68.209,27.267],[68.185,27.281],[68.147,27.274],[68.143,27.258],[68.158,27.247],[68.196,27.192],[68.141,27.169],[68.117,27.197],[68.096,27.2],[68.111,27.146],[68.074,27.139],[68.102,27.129],[68.083,27.129],[68.05,27.135],[67.937,27.212],[67.944,27.234],[67.97,27.237],[67.955,27.25],[68.003,27.299],[68.009,27.385],[68.049,27.376],[68.056,27.399],[68.028,27.396],[67.991,27.425],[68.028,27.461],[68.027,27.479],[68.045,27.483],[68.06,27.54],[68.074,27.538],[68.111,27.607],[68.122,27.605],[68.106,27.69],[68.107,27.702],[68.127,27.682],[68.158,27.687],[68.213,27.734],[68.188,27.77],[68.211,27.804],[68.207,27.831],[68.187,27.87],[68.156,27.888],[68.134,27.935],[68.16,27.945],[68.199,27.938]]]}},{"type":"Feature","properties":{"district_code":"074","name":"KAMBAR SHAHDAD KOT DISTRICT","census_name":"KAMBAR SHAHDAD KOT DISTRICT","province":"SINDH"},"geometry":{"type":"Polygon","coordinates":[[[67.92,28.001],[67.945,27.984],[68.016,27.986],[68.028,27.997],[68.095,27.987],[68.128,27.936],[68.134,27.935],[68.156,27.888],[68.187,27.87],[68.207,27.831],[68.211,27.804],[68.188,27.77],[68.213,27.734],[68.158,27.687],[68.127,27.682],[68.107,27.702],[68.106,27.69],[68.122,27.605],[68.111,27.607],[68.074,27.538],[68.06,27.54],[68.045,27.483],[68.027,27.479],[68.028,27.461],[67.991,27.425],[68.028,27.396],[68.056,27.399],[68.049,27.376],[68.009,27.385],[68.003,27.299],[67.885,27.321],[67.798,27.308],[67.661,27.309],[67.646,27.343],[67.626,27.35],[67.639,27.342],[67.63,27.312],[67.518,27.315],[67.399,27.384],[67.366,27.383],[67.366,27.369],[67.348,27.362],[67.335,27.381],[67.323,27.372],[67.173,27.44],[67.183,27.526],[67.224,27.569],[67.252,27.659],[67.305,27.698],[67.355,27.758],[67.374,27.848],[67.399,27.848],[67.398,27.901],[67.509,27.904],[67.511,27.894],[67.579,27.917],[67.68,27.926],[67.787,27.939],[67.804,27.946],[67.81,27.978],[67.877,27.997],[67.92,28.001]]]}},{"type":"Feature","properties":{"district_code":"075","name":"SHIKARPUR DISTRICT","census_name":"SHIKARPUR DISTRICT","province":"SINDH"},"geometry":{"type":"Polygon","coordinates":[[[68.658,28.157],[68.887,28.087],[68.919,28.102],[68.935,28.092],[68.949,28.103],[68.959,28.081],[69.007,28.088],[69.07,28.044],[69.066,28.027],[69.039,28.011],[69.045,27.99],[69.065,27.984],[69.024,27.955],[69.027,27.917],[68.991,27.903],[68.942,27.923],[68.877,27.831],[68.87,27.817],[68.856,27.827],[68.834,27.809],[68.847,27.786],[68.827,27.762],[68.787,27.807],[68.772,27.781],[68.734,27.781],[68.72,27.804],[68.698,27.807],[68.722,27.723],[68.683,27.738],[68.684,27.781],[68.645,27.762],[68.622,27.76],[68.569,27.72],[68.532,27.731],[68.463,27.7],[68.443,27.724],[68.403,27.733],[68.4,27.749],[68.353,27.759],[68.347,27.796],[68.297,27.854],[68.296,27.884],[68.282,27.874],[68.263,27.891],[68.255,27.93],[68.318,27.936],[68.317,27.961],[68.306,27.961],[68.317,27.983],[68.304,27.981],[68.317,27.987],[68.318,28.016],[68.328,28.125],[68.393,28.119],[68.509,28.163],[68.578,28.159],[68.658,28.157]]]}},{"type":"Feature","properties":{"district_code":"076","name":"MIRPUR KHAS DISTRICT","census_name":"MIRPUR KHAS DISTRICT","province":"SINDH"},"geometry":{"type":"Polygon","coordinates":[[[69.295,25.782],[69.295,25.754],[69.329,25.767],[69.343,25.742],[69.374,25.75],[69.378,25.734],[69.362,25.716],[69.385,25.698],[69.4,25.707],[69.411,25.669],[69.39,25.657],[69.332,25.659],[69.316,25.628],[69.381,25.601],[69.375,25.575],[69.392,25.564],[69.276,25.576],[69.269,25.553],[69.251,25.554],[69.214,25.56],[69.214,25.581],[69.177,25.574],[69.172,25.528],[69.189,25.527],[69.192,25.493],[69.191,25.464],[69.213,25.443],[69.259,25.419],[69.257,25.4],[69.291,25.389],[69.279,25.37],[69.325,25.368],[69.321,25.351],[69.333,25.349],[69.331,25.328],[69.37,25.263],[69.384,25.17],[69.416,25.122],[69.407,25.065],[69.469,24.99],[69.476,24.893],[69.488,24.893],[69.473,24.879],[69.472,24.872],[69.454,24.856],[69.444,24.861],[69.425,24.845],[69.405,24.857],[69.392,24.833],[69.356,24.827],[69.35,24.796],[69.33,24.805],[69.327,24.822],[69.303,24.836],[69.33,24.898],[69.286,24.97],[69.185,24.955],[69.138,25.0],[69.146,25.021],[69.104,25.05],[69.103,25.073],[69.075,25.067],[69.067,25.078],[69.094,25.08],[68.988,25.141],[68.969,25.302],[68.977,25.31],[68.969,25.402],[68.951,25.437],[68.902,25.507],[68.886,25.547],[68.915,25.656],[68.876,25.746],[68.923,25.743],[68.922,25.766],[69.012,25.702],[69.015,25.724],[69.034,25.724],[69.034,25.74],[69.068,25.715],[69.079,25.725],[69.053,25.77],[69.103,25.762],[69.12,25.789],[69.106,25.805],[69.111,25.825],[69.165,25.813],[69.24,25.812],[69.262,25.782],[69.295,25.782]]]}},{"type":"Feature","properties":{"district_code":"077","name":"SANGHAR DISTRICT","census_name":"SANGHAR DISTRICT","province":"SINDH"},"geometry":{"type":"Polygon","coordinates":[[[68.981,26.357],[69.011,26.301],[69.041,26.298],[69.04,26.264],[69.07,26.26],[69.063,26.238],[69.134,26.216],[69.262,26.235],[69.318,26.22],[69.525,26.197],[69.923,26.195],[70.044,26.166],[70.125,26.131],[70.087,26.081],[70.101,25.942],[70.176,25.828],[70.195,25.818],[70.224,25.792],[70.209,25.789],[70.203,25.791],[70.193,25.786],[70.182,25.775],[70.17,25.77],[70.152,25.754],[70.046,25.779],[69.976,25.745],[69.89,25.735],[69.862,25.676],[69.797,25.601],[69.766,25.588],[69.745,25.553],[69.69,25.542],[69.668,25.519],[69.665,25.53],[69.648,25.526],[69.599,25.467],[69.568,25.489],[69.581,25.508],[69.54,25.508],[69.536,25.528],[69.555,25.512],[69.604,25.571],[69.525,25.582],[69.494,25.556],[69.484,25.565],[69.449,25.546],[69.392,25.564],[69.375,25.575],[69.381,25.601],[69.316,25.628],[69.332,25.659],[69.39,25.657],[69.411,25.669],[69.4,25.707],[69.385,25.698],[69.362,25.716],[69.378,25.734],[69.374,25.75],[69.343,25.742],[69.329,25.767],[69.295,25.754],[69.295,25.782],[69.262,25.782],[69.24,25.812],[69.165,25.813],[69.111,25.825],[69.106,25.805],[69.12,25.789],[69.103,25.762],[69.053,25.77],[69.079,25.725],[69.068,25.715],[69.034,25.74],[69.034,25.724],[69.015,25.724],[69.012,25.702],[68.922,25.766],[68.923,25.743],[68.876,25.746],[68.894,25.704],[68.843,25.735],[68.752,25.759],[68.737,25.716],[68.703,25.729],[68.675,25.676],[68.666,25.69],[68.619,25.704],[68.607,25.727],[68.544,25.742],[68.566,25.766],[68.539,25.779],[68.535,25.827],[68.511,25.836],[68.505,25.855],[68.532,25.871],[68.506,25.879],[68.49,25.906],[68.453,25.909],[68.456,25.929],[68.483,25.936],[68.516,26.016],[68.502,26.022],[68.503,26.039],[68.554,26.055],[68.53,26.068],[68.494,26.05],[68.455,26.052],[68.433,26.072],[68.475,26.082],[68.466,26.119],[68.499,26.158],[68.479,26.164],[68.505,26.174],[68.536,26.167],[68.547,26.179],[68.577,26.172],[68.583,26.188],[68.607,26.176],[68.622,26.204],[68.656,26.171],[68.672,26.208],[68.663,26.263],[68.636,26.262],[68.641,26.304],[68.692,26.299],[68.704,26.343],[68.767,26.331],[68.812,26.371],[68.836,26.414],[68.872,26.438],[68.877,26.454],[68.91,26.458],[68.947,26.372],[68.981,26.357]]]}},{"type":"Feature","properties":{"district_code":"078","name":"THARPARKAR DISTRICT","census_name":"THARPARKAR DISTRICT","province":"SINDH"},"geometry":{"type":"Polygon","coordinates":[[[70.29,25.707],[70.359,25.681],[70.388,25.675],[70.437,25.682],[70.469,25.684],[70.502,25.686],[70.528,25.684],[70.593,25.712],[70.608,25.716],[70.648,25.713],[70.661,25.703],[70.676,25.676],[70.675,25.652],[70.674,25.64],[70.672,25.635],[70.673,25.609],[70.671,25.594],[70.669,25.531],[70.679,25.526],[70.68,25.523],[70.672,25.461],[70.674,25.459],[70.673,25.42],[70.666,25.397],[70.738,25.333],[70.752,25.279],[70.765,25.266],[70.759,25.256],[70.741,25.245],[70.741,25.242],[70.739,25.236],[70.734,25.228],[70.725,25.221],[70.718,25.217],[70.705,25.211],[70.699,25.21],[70.697,25.211],[70.698,25.208],[70.731,25.172],[70.726,25.164],[70.699,25.132],[70.72,25.127],[70.729,25.131],[70.733,25.13],[70.745,25.114],[70.766,25.096],[70.774,25.088],[70.78,25.079],[70.79,25.077],[70.811,25.083],[70.848,25.104],[70.894,25.124],[70.919,25.0],[70.941,24.933],[70.945,24.925],[70.991,24.87],[70.996,24.857],[71.017,24.824],[71.028,24.81],[71.04,24.779],[71.067,24.717],[71.099,24.687],[71.086,24.67],[71.076,24.661],[71.054,24.649],[71.025,24.639],[70.996,24.613],[70.988,24.596],[70.995,24.563],[70.993,24.545],[71.007,24.529],[70.999,24.464],[71.0,24.45],[71.011,24.448],[71.037,24.434],[71.07,24.439],[71.104,24.437],[71.127,24.421],[71.13,24.415],[71.13,24.407],[71.125,24.401],[71.109,24.393],[71.09,24.39],[71.079,24.387],[71.068,24.38],[71.063,24.375],[71.062,24.365],[71.045,24.349],[71.019,24.346],[71.001,24.351],[70.984,24.364],[70.956,24.348],[70.95,24.348],[70.939,24.339],[70.919,24.322],[70.886,24.304],[70.877,24.295],[70.877,24.282],[70.883,24.275],[70.899,24.267],[70.903,24.266],[70.907,24.263],[70.907,24.26],[70.893,24.252],[70.871,24.243],[70.854,24.244],[70.836,24.229],[70.816,24.221],[70.804,24.219],[70.791,24.219],[70.758,24.217],[70.741,24.218],[70.716,24.213],[70.687,24.218],[70.667,24.218],[70.644,24.223],[70.59,24.243],[70.583,24.242],[70.576,24.248],[70.571,24.25],[70.569,24.254],[70.57,24.259],[70.572,24.265],[70.581,24.277],[70.583,24.287],[70.578,24.296],[70.579,24.306],[70.572,24.32],[70.56,24.353],[70.562,24.357],[70.58,24.367],[70.594,24.397],[70.595,24.407],[70.59,24.411],[70.563,24.424],[70.563,24.426],[70.559,24.425],[70.557,24.421],[70.555,24.421],[70.554,24.424],[70.551,24.416],[70.549,24.416],[70.545,24.413],[70.537,24.411],[70.535,24.414],[70.533,24.409],[70.53,24.415],[70.529,24.413],[70.532,24.41],[70.53,24.409],[70.524,24.407],[70.517,24.408],[70.511,24.406],[70.506,24.402],[70.506,24.398],[70.478,24.388],[70.437,24.38],[70.437,24.381],[70.415,24.375],[70.403,24.369],[70.393,24.359],[70.382,24.356],[70.368,24.349],[70.365,24.348],[70.354,24.352],[70.342,24.349],[70.325,24.35],[70.293,24.342],[70.259,24.329],[70.256,24.324],[70.252,24.323],[70.221,24.321],[70.165,24.302],[70.147,24.303],[70.119,24.297],[70.111,24.293],[70.07,24.203],[70.065,24.196],[70.05,24.186],[70.038,24.175],[70.028,24.17],[69.993,24.168],[69.972,24.169],[69.874,24.168],[69.859,24.17],[69.812,24.168],[69.73,24.169],[69.691,24.206],[69.593,24.291],[69.57,24.283],[69.503,24.267],[69.482,24.266],[69.45,24.278],[69.438,24.278],[69.405,24.27],[69.372,24.268],[69.358,24.27],[69.314,24.28],[69.286,24.27],[69.196,24.235],[69.11,24.268],[69.097,24.271],[69.098,24.281],[69.063,24.333],[69.093,24.475],[69.144,24.519],[69.219,24.54],[69.231,24.554],[69.213,24.567],[69.235,24.59],[69.205,24.633],[69.232,24.636],[69.244,24.625],[69.243,24.646],[69.261,24.658],[69.218,24.679],[69.26,24.726],[69.294,24.737],[69.261,24.742],[69.252,24.758],[69.314,24.782],[69.33,24.805],[69.35,24.796],[69.356,24.827],[69.392,24.833],[69.405,24.857],[69.425,24.845],[69.444,24.861],[69.454,24.856],[69.472,24.872],[69.473,24.879],[69.483,24.889],[69.588,24.998],[69.635,25.017],[69.651,24.989],[69.686,25.005],[69.717,24.995],[69.812,25.077],[69.82,25.12],[69.754,25.089],[69.752,25.111],[69.682,25.152],[69.772,25.187],[69.817,25.169],[69.823,25.138],[69.853,25.147],[69.835,25.182],[69.843,25.21],[69.912,25.249],[69.948,25.243],[69.943,25.222],[69.972,25.192],[70.115,25.224],[70.145,25.214],[70.165,25.19],[70.25,25.236],[70.266,25.226],[70.31,25.255],[70.366,25.257],[70.371,25.268],[70.332,25.289],[70.326,25.329],[70.308,25.347],[70.306,25.385],[70.32,25.391],[70.312,25.426],[70.233,25.423],[70.242,25.456],[70.282,25.496],[70.285,25.552],[70.248,25.562],[70.185,25.536],[70.185,25.555],[70.226,25.596],[70.198,25.602],[70.152,25.59],[70.14,25.612],[70.153,25.651],[70.181,25.663],[70.182,25.662],[70.196,25.677],[70.264,25.721],[70.27,25.715],[70.29,25.707]]]}},{"type":"Feature","properties":{"district_code":"079","name":"UMER KOT DISTRICT","census_name":"UMER KOT DISTRICT","province":"SINDH"},"geometry":{"type":"Polygon","coordinates":[[[70.14,25.612],[70.152,25.59],[70.198,25.602],[70.226,25.596],[70.185,25.555],[70.185,25.536],[70.248,25.562],[70.285,25.552],[70.282,25.496],[70.242,25.456],[70.233,25.423],[70.312,25.426],[70.32,25.391],[70.306,25.385],[70.308,25.347],[70.326,25.329],[70.332,25.289],[70.371,25.268],[70.366,25.257],[70.31,25.255],[70.266,25.226],[70.25,25.236],[70.165,25.19],[70.145,25.214],[70.115,25.224],[69.972,25.192],[69.943,25.222],[69.948,25.243],[69.912,25.249],[69.843,25.21],[69.835,25.182],[69.853,25.147],[69.823,25.138],[69.817,25.169],[69.772,25.187],[69.682,25.152],[69.752,25.111],[69.754,25.089],[69.82,25.12],[69.812,25.077],[69.717,24.995],[69.686,25.005],[69.651,24.989],[69.635,25.017],[69.588,24.998],[69.488,24.893],[69.476,24.893],[69.469,24.99],[69.407,25.065],[69.416,25.122],[69.384,25.17],[69.37,25.263],[69.331,25.328],[69.333,25.349],[69.321,25.351],[69.325,25.368],[69.279,25.37],[69.291,25.389],[69.257,25.4],[69.259,25.419],[69.213,25.443],[69.191,25.464],[69.192,25.493],[69.189,25.527],[69.172,25.528],[69.177,25.574],[69.214,25.581],[69.214,25.56],[69.251,25.554],[69.269,25.553],[69.276,25.576],[69.392,25.564],[69.449,25.546],[69.484,25.565],[69.494,25.556],[69.525,25.582],[69.604,25.571],[69.555,25.512],[69.536,25.528],[69.54,25.508],[69.581,25.508],[69.568,25.489],[69.599,25.467],[69.648,25.526],[69.665,25.53],[69.668,25.519],[69.69,25.542],[69.745,25.553],[69.766,25.588],[69.797,25.601],[69.862,25.676],[69.89,25.735],[69.976,25.745],[70.046,25.779],[70.152,25.754],[70.177,25.689],[70.185,25.677],[70.181,25.663],[70.153,25.651],[70.14,25.612]]]}},{"type":"Feature","properties":{"district_code":"080","name":"GHOTKI DISTRICT","census_name":"GHOTKI DISTRICT","province":"SINDH"},"geometry":{"type":"Polygon","coordinates":[[[69.816,28.363],[69.816,28.286],[69.838,28.276],[69.832,28.249],[69.858,28.206],[69.84,28.18],[69.846,28.143],[69.874,28.102],[69.933,28.024],[69.993,27.949],[70.032,27.934],[70.058,27.902],[70.186,27.853],[70.128,27.818],[70.106,27.789],[70.094,27.729],[70.058,27.639],[70.022,27.563],[69.987,27.546],[69.943,27.508],[69.922,27.48],[69.915,27.465],[69.893,27.432],[69.866,27.404],[69.822,27.369],[69.79,27.346],[69.765,27.321],[69.595,27.4],[69.606,27.415],[69.582,27.422],[69.598,27.464],[69.542,27.465],[69.541,27.492],[69.525,27.507],[69.44,27.501],[69.424,27.52],[69.398,27.518],[69.399,27.487],[69.314,27.519],[69.303,27.589],[69.241,27.638],[69.28,27.676],[69.318,27.664],[69.329,27.69],[69.361,27.699],[69.322,27.717],[69.288,27.764],[69.29,27.8],[69.267,27.793],[69.228,27.84],[69.202,27.913],[69.175,27.94],[69.188,27.955],[69.162,27.979],[69.188,28.0],[69.201,28.004],[69.211,28.036],[69.225,28.032],[69.236,28.092],[69.285,28.082],[69.284,28.104],[69.301,28.105],[69.328,28.113],[69.331,28.13],[69.347,28.128],[69.352,28.154],[69.368,28.155],[69.357,28.162],[69.378,28.173],[69.403,28.161],[69.405,28.237],[69.454,28.215],[69.476,28.177],[69.529,28.203],[69.533,28.179],[69.559,28.182],[69.546,28.194],[69.557,28.216],[69.531,28.219],[69.513,28.261],[69.564,28.258],[69.594,28.288],[69.593,28.302],[69.608,28.297],[69.609,28.231],[69.665,28.233],[69.665,28.257],[69.68,28.265],[69.699,28.25],[69.763,28.269],[69.774,28.331],[69.736,28.331],[69.717,28.299],[69.675,28.322],[69.657,28.356],[69.747,28.433],[69.746,28.417],[69.759,28.39],[69.793,28.385],[69.816,28.363]]]}},{"type":"Feature","properties":{"district_code":"081","name":"KHAIRPUR DISTRICT","census_name":"KHAIRPUR DISTRICT","province":"SINDH"},"geometry":{"type":"Polygon","coordinates":[[[68.722,27.723],[68.734,27.706],[68.754,27.715],[68.785,27.685],[68.842,27.686],[68.868,27.623],[68.83,27.616],[68.801,27.523],[68.846,27.523],[68.839,27.502],[68.892,27.493],[68.857,27.461],[68.869,27.443],[68.906,27.43],[68.837,27.354],[68.829,27.326],[68.83,27.288],[68.876,27.252],[69.028,27.206],[69.11,27.227],[69.172,27.185],[69.239,27.211],[69.246,27.171],[69.27,27.158],[69.335,27.162],[69.414,27.108],[69.459,27.109],[69.542,27.065],[69.53,27.053],[69.513,27.017],[69.508,26.974],[69.501,26.949],[69.497,26.894],[69.489,26.838],[69.483,26.821],[69.481,26.797],[69.484,26.787],[69.489,26.778],[69.495,26.778],[69.503,26.77],[69.516,26.765],[69.526,26.758],[69.562,26.739],[69.554,26.72],[69.568,26.712],[69.587,26.705],[69.599,26.696],[69.671,26.675],[69.708,26.658],[69.746,26.633],[69.762,26.618],[69.797,26.589],[69.806,26.587],[69.815,26.586],[69.823,26.582],[69.853,26.574],[69.88,26.569],[69.915,26.566],[69.948,26.57],[69.965,26.574],[70.026,26.581],[70.069,26.583],[70.087,26.579],[70.143,26.556],[70.181,26.53],[70.186,26.521],[70.186,26.506],[70.19,26.491],[70.193,26.465],[70.186,26.434],[70.185,26.413],[70.188,26.369],[70.181,26.36],[70.178,26.351],[70.17,26.34],[70.166,26.32],[70.155,26.294],[70.153,26.286],[70.153,26.27],[70.158,26.253],[70.161,26.247],[70.16,26.244],[70.162,26.238],[70.162,26.226],[70.156,26.204],[70.147,26.18],[70.136,26.157],[70.125,26.131],[70.044,26.166],[69.923,26.195],[69.525,26.197],[69.318,26.22],[69.262,26.235],[69.134,26.216],[69.063,26.238],[69.07,26.26],[69.04,26.264],[69.041,26.298],[69.011,26.301],[68.981,26.357],[68.947,26.372],[68.91,26.458],[68.877,26.454],[68.872,26.438],[68.84,26.53],[68.846,26.568],[68.868,26.571],[68.856,26.628],[68.54,26.622],[68.381,26.634],[68.292,26.665],[68.335,26.788],[68.328,26.818],[68.35,26.894],[68.336,26.898],[68.36,26.916],[68.389,26.965],[68.396,26.985],[68.438,27.004],[68.459,27.05],[68.423,27.136],[68.359,27.173],[68.367,27.186],[68.354,27.211],[68.31,27.212],[68.213,27.243],[68.203,27.235],[68.178,27.253],[68.158,27.247],[68.143,27.258],[68.147,27.274],[68.185,27.281],[68.209,27.267],[68.221,27.273],[68.211,27.292],[68.214,27.315],[68.259,27.353],[68.276,27.364],[68.33,27.36],[68.357,27.388],[68.305,27.424],[68.302,27.459],[68.317,27.469],[68.298,27.506],[68.354,27.531],[68.362,27.561],[68.343,27.589],[68.359,27.609],[68.373,27.623],[68.393,27.628],[68.4,27.649],[68.424,27.653],[68.425,27.697],[68.463,27.7],[68.532,27.731],[68.569,27.72],[68.622,27.76],[68.645,27.762],[68.684,27.781],[68.683,27.738],[68.722,27.723]]]}},{"type":"Feature","properties":{"district_code":"082","name":"NAUSHAHRO FEROZE DISTRICT","census_name":"NAUSHAHRO FEROZE DISTRICT","province":"SINDH"},"geometry":{"type":"Polygon","coordinates":[[[68.178,27.253],[68.203,27.235],[68.213,27.243],[68.31,27.212],[68.354,27.211],[68.367,27.186],[68.359,27.173],[68.423,27.136],[68.459,27.05],[68.438,27.004],[68.396,26.985],[68.389,26.965],[68.36,26.916],[68.336,26.898],[68.35,26.894],[68.328,26.818],[68.335,26.788],[68.292,26.665],[68.381,26.634],[68.288,26.63],[68.239,26.622],[68.239,26.604],[68.155,26.604],[68.174,26.565],[68.167,26.556],[68.087,26.549],[68.067,26.576],[67.993,26.551],[67.988,26.578],[67.951,26.577],[67.924,26.599],[67.919,26.581],[67.943,26.58],[67.943,26.571],[67.937,26.553],[67.917,26.551],[67.911,26.569],[67.863,26.56],[67.842,26.58],[67.811,26.577],[67.811,26.61],[67.836,26.613],[67.863,26.644],[67.869,26.662],[67.854,26.686],[67.868,26.768],[67.886,26.773],[67.875,26.856],[67.861,26.857],[67.883,26.894],[67.905,26.895],[67.907,26.93],[67.944,26.959],[67.969,26.96],[67.982,26.951],[67.976,26.933],[68.011,26.942],[68.035,27.042],[68.013,27.071],[68.091,27.121],[68.083,27.129],[68.102,27.129],[68.074,27.139],[68.111,27.146],[68.096,27.2],[68.117,27.197],[68.141,27.169],[68.196,27.192],[68.158,27.247],[68.178,27.253]]]}},{"type":"Feature","properties":{"district_code":"083","name":"SHAHEED BENAZIRABAD DISTRICT","census_name":"SHAHEED BENAZIRABAD DISTRICT","province":"SINDH"},"geometry":{"type":"Polygon","coordinates":[[[68.381,26.634],[68.54,26.622],[68.856,26.628],[68.868,26.571],[68.846,26.568],[68.84,26.53],[68.872,26.438],[68.836,26.414],[68.812,26.371],[68.767,26.331],[68.704,26.343],[68.692,26.299],[68.641,26.304],[68.636,26.262],[68.663,26.263],[68.672,26.208],[68.656,26.171],[68.622,26.204],[68.607,26.176],[68.583,26.188],[68.577,26.172],[68.547,26.179],[68.536,26.167],[68.505,26.174],[68.479,26.164],[68.499,26.158],[68.466,26.119],[68.475,26.082],[68.433,26.072],[68.379,26.105],[68.344,26.075],[68.325,26.018],[68.307,26.021],[68.309,26.002],[68.282,25.978],[68.231,25.985],[68.192,26.02],[68.158,26.023],[68.034,26.168],[68.04,26.197],[67.966,26.23],[67.935,26.265],[67.913,26.287],[67.92,26.3],[67.872,26.338],[67.872,26.368],[67.901,26.364],[67.905,26.424],[67.877,26.436],[67.931,26.519],[67.917,26.551],[67.937,26.553],[67.943,26.571],[67.943,26.58],[67.919,26.581],[67.924,26.599],[67.951,26.577],[67.988,26.578],[67.993,26.551],[68.067,26.576],[68.087,26.549],[68.167,26.556],[68.174,26.565],[68.155,26.604],[68.239,26.604],[68.239,26.622],[68.288,26.63],[68.381,26.634]]]}},{"type":"Feature","properties":{"district_code":"084","name":"SUKKUR DISTRICT","census_name":"SUKKUR DISTRICT","province":"SINDH"},"geometry":{"type":"Polygon","coordinates":[[[69.082,28.03],[69.1,28.012],[69.13,28.015],[69.159,27.993],[69.188,28.0],[69.162,27.979],[69.188,27.955],[69.175,27.94],[69.202,27.913],[69.228,27.84],[69.267,27.793],[69.29,27.8],[69.288,27.764],[69.322,27.717],[69.361,27.699],[69.329,27.69],[69.318,27.664],[69.28,27.676],[69.241,27.638],[69.303,27.589],[69.314,27.519],[69.399,27.487],[69.398,27.518],[69.424,27.52],[69.44,27.501],[69.525,27.507],[69.541,27.492],[69.542,27.465],[69.598,27.464],[69.582,27.422],[69.606,27.415],[69.595,27.4],[69.765,27.321],[69.716,27.293],[69.712,27.287],[69.704,27.284],[69.642,27.219],[69.624,27.205],[69.6,27.191],[69.587,27.18],[69.543,27.077],[69.542,27.065],[69.459,27.109],[69.414,27.108],[69.335,27.162],[69.27,27.158],[69.246,27.171],[69.239,27.211],[69.172,27.185],[69.11,27.227],[69.028,27.206],[68.876,27.252],[68.83,27.288],[68.829,27.326],[68.837,27.354],[68.906,27.43],[68.869,27.443],[68.857,27.461],[68.892,27.493],[68.839,27.502],[68.846,27.523],[68.801,27.523],[68.83,27.616],[68.868,27.623],[68.842,27.686],[68.785,27.685],[68.754,27.715],[68.734,27.706],[68.722,27.723],[68.698,27.807],[68.72,27.804],[68.734,27.781],[68.772,27.781],[68.787,27.807],[68.827,27.762],[68.847,27.786],[68.834,27.809],[68.856,27.827],[68.87,27.817],[68.877,27.831],[68.942,27.923],[68.991,27.903],[69.027,27.917],[69.024,27.955],[69.065,27.984],[69.045,27.99],[69.039,28.011],[69.066,28.027],[69.082,28.03]]]}},{"type":"Feature","properties":{"district_code":"085","name":"AWARAN DISTRICT","census_name":"AWARAN DISTRICT","province":"BALOCHISTAN"},"geometry":{"type":"Polygon","coordinates":[[[65.88,27.174],[65.917,27.134],[66.007,27.153],[66.035,27.192],[66.049,27.189],[66.049,27.094],[66.018,26.914],[65.924,26.581],[65.937,26.536],[66.103,26.27],[66.081,26.4],[66.082,26.414],[66.109,26.427],[66.11,26.507],[66.127,26.539],[66.171,26.57],[66.187,26.57],[66.209,26.548],[66.221,26.499],[66.195,26.435],[66.229,26.418],[66.23,26.396],[66.219,26.395],[66.218,26.369],[66.167,26.337],[66.161,26.272],[66.206,26.131],[66.245,25.933],[66.112,25.923],[66.118,25.809],[66.142,25.728],[66.211,25.726],[66.2,25.701],[66.178,25.708],[66.168,25.699],[66.17,25.683],[66.199,25.681],[66.082,25.511],[66.019,25.559],[66.051,25.611],[66.065,25.664],[66.057,25.68],[66.035,25.616],[66.018,25.603],[65.995,25.546],[65.974,25.537],[65.953,25.487],[65.964,25.482],[65.932,25.477],[65.905,25.499],[65.871,25.486],[65.827,25.487],[65.802,25.541],[65.77,25.548],[65.68,25.53],[65.573,25.477],[65.542,25.5],[65.552,25.524],[65.618,25.563],[65.586,25.602],[65.53,25.63],[65.528,25.656],[65.546,25.674],[65.532,25.689],[65.438,25.641],[65.359,25.624],[65.341,25.589],[65.305,25.612],[65.256,25.561],[65.207,25.565],[65.173,25.604],[65.045,25.569],[64.558,25.504],[64.467,25.578],[64.391,25.549],[64.369,25.534],[64.267,25.516],[64.288,25.46],[64.133,25.47],[64.126,25.481],[64.145,25.504],[64.172,25.557],[64.213,25.611],[64.238,25.615],[64.245,25.631],[64.278,25.613],[64.356,25.637],[64.34,25.67],[64.29,25.7],[64.278,25.729],[64.284,25.751],[64.328,25.788],[64.332,25.851],[64.359,25.858],[64.354,25.92],[64.384,26.014],[64.413,26.034],[64.46,26.038],[64.512,26.076],[64.519,26.116],[64.506,26.162],[64.448,26.23],[64.422,26.309],[64.425,26.342],[64.463,26.371],[64.822,26.367],[64.901,26.388],[64.918,26.413],[64.918,26.453],[64.94,26.478],[65.134,26.634],[65.291,26.79],[65.336,26.896],[65.356,26.995],[65.566,27.3],[65.585,27.41],[65.704,27.529],[65.786,27.443],[65.759,27.366],[65.835,27.295],[65.88,27.174]]]}},{"type":"Feature","properties":{"district_code":"086","name":"KALAT DISTRICT","census_name":"KALAT DISTRICT","province":"BALOCHISTAN"},"geometry":{"type":"Polygon","coordinates":[[[66.645,29.602],[66.619,29.46],[66.652,29.442],[66.712,29.493],[66.78,29.624],[66.841,29.593],[66.872,29.528],[66.819,29.43],[66.837,29.422],[66.959,29.441],[67.073,29.433],[67.078,29.457],[67.092,29.458],[67.128,29.511],[67.258,29.5],[67.319,29.525],[67.336,29.521],[67.346,29.483],[67.372,29.425],[67.436,29.393],[67.446,29.358],[67.464,29.196],[67.44,29.126],[67.404,29.096],[67.327,28.898],[67.288,28.851],[67.276,28.863],[67.266,28.857],[67.15,28.842],[67.161,28.764],[67.134,28.705],[67.066,28.64],[67.048,28.694],[67.033,28.686],[66.92,28.701],[66.961,28.738],[66.849,28.757],[66.82,28.735],[66.81,28.7],[66.786,28.703],[66.785,28.714],[66.815,28.731],[66.81,28.744],[66.832,28.748],[66.818,28.755],[66.821,28.767],[66.81,28.764],[66.853,28.826],[66.817,28.828],[66.812,28.807],[66.824,28.82],[66.835,28.81],[66.8,28.767],[66.778,28.762],[66.738,28.692],[66.737,28.676],[66.775,28.675],[66.746,28.617],[66.733,28.622],[66.727,28.651],[66.716,28.648],[66.678,28.619],[66.668,28.572],[66.625,28.59],[66.597,28.566],[66.482,28.539],[66.473,28.512],[66.456,28.497],[66.4,28.488],[66.428,28.561],[66.41,28.558],[66.376,28.585],[66.359,28.667],[66.338,28.672],[66.355,28.647],[66.321,28.638],[66.323,28.66],[66.293,28.685],[66.332,28.696],[66.348,28.726],[66.388,28.726],[66.375,28.701],[66.388,28.694],[66.402,28.708],[66.398,28.738],[66.364,28.773],[66.38,28.798],[66.361,28.862],[66.309,28.857],[66.28,28.887],[66.306,28.906],[66.319,28.881],[66.368,28.866],[66.37,28.881],[66.393,28.888],[66.387,28.913],[66.345,28.903],[66.326,28.928],[66.26,28.9],[66.248,28.889],[66.253,28.863],[66.29,28.817],[66.274,28.792],[66.238,28.794],[66.17,28.819],[66.221,28.895],[66.144,28.888],[66.177,28.927],[66.162,28.951],[66.218,28.977],[66.327,28.95],[66.351,28.96],[66.368,28.949],[66.374,28.964],[66.395,28.968],[66.434,28.941],[66.453,28.952],[66.449,28.985],[66.38,29.003],[66.347,28.976],[66.319,28.985],[66.291,28.976],[66.264,29.008],[66.27,29.041],[66.254,29.051],[66.141,29.029],[66.141,29.087],[66.116,29.11],[66.102,29.154],[66.156,29.331],[66.195,29.383],[66.26,29.351],[66.267,29.411],[66.357,29.333],[66.402,29.35],[66.386,29.357],[66.396,29.411],[66.456,29.509],[66.476,29.521],[66.48,29.501],[66.501,29.503],[66.486,29.544],[66.537,29.591],[66.541,29.636],[66.602,29.639],[66.645,29.602]]]}},{"type":"Feature","properties":{"district_code":"087","name":"KHARAN DISTRICT","census_name":"KHARAN DISTRICT","province":"BALOCHISTAN"},"geometry":{"type":"Polygon","coordinates":[[[66.09,29.342],[66.136,29.323],[66.156,29.331],[66.102,29.154],[66.116,29.11],[66.141,29.087],[66.141,29.029],[66.119,28.934],[66.07,28.836],[66.034,28.826],[66.017,28.777],[66.015,28.729],[66.038,28.711],[66.087,28.73],[66.088,28.665],[66.059,28.577],[65.883,28.358],[65.641,28.281],[65.459,28.185],[65.377,28.121],[65.325,28.172],[65.283,28.192],[65.312,28.284],[65.367,28.285],[65.382,28.322],[65.252,28.374],[65.232,28.358],[65.229,28.385],[65.181,28.375],[65.154,28.406],[65.121,28.4],[65.119,28.423],[65.095,28.427],[65.091,28.464],[65.127,28.48],[65.144,28.546],[65.116,28.557],[65.082,28.529],[65.055,28.529],[65.038,28.557],[65.061,28.587],[65.005,28.583],[65.003,28.647],[64.975,28.652],[64.983,28.685],[64.931,28.69],[65.047,28.806],[65.166,28.821],[65.245,28.896],[65.47,29.036],[65.596,29.033],[65.63,29.067],[65.689,29.089],[65.698,29.127],[65.726,29.141],[65.828,29.143],[65.832,29.155],[65.856,29.131],[65.889,29.142],[66.006,29.195],[66.048,29.253],[66.06,29.309],[66.09,29.342]]]}},{"type":"Feature","properties":{"district_code":"088","name":"KHUZDAR DISTRICT","census_name":"KHUZDAR DISTRICT","province":"BALOCHISTAN"},"geometry":{"type":"Polygon","coordinates":[[[67.247,28.655],[67.233,28.635],[67.239,28.614],[67.342,28.588],[67.323,28.577],[67.281,28.585],[67.257,28.546],[67.236,28.539],[67.204,28.548],[67.169,28.523],[67.16,28.498],[67.211,28.494],[67.262,28.506],[67.279,28.47],[67.321,28.468],[67.337,28.432],[67.324,28.41],[67.324,28.371],[67.348,28.346],[67.358,28.302],[67.337,28.279],[67.339,28.256],[67.382,28.252],[67.381,28.234],[67.36,28.231],[67.367,28.168],[67.387,28.169],[67.403,28.133],[67.401,28.054],[67.385,27.984],[67.405,27.975],[67.405,27.947],[67.355,27.947],[67.349,27.85],[67.374,27.848],[67.355,27.758],[67.305,27.698],[67.252,27.659],[67.224,27.569],[67.183,27.526],[67.163,27.367],[67.127,27.307],[67.128,27.251],[67.164,27.066],[67.138,26.996],[67.139,26.932],[67.188,26.821],[67.176,26.71],[67.193,26.549],[67.19,26.495],[67.172,26.492],[67.15,26.47],[67.134,26.471],[67.103,26.54],[67.12,26.699],[67.085,26.856],[67.054,26.906],[66.994,26.859],[67.005,26.804],[66.994,26.777],[66.868,26.755],[66.935,26.561],[66.964,26.571],[66.987,26.506],[67.085,26.377],[67.107,26.3],[67.148,26.273],[67.159,26.211],[67.143,26.177],[67.157,26.183],[67.167,26.169],[67.174,26.181],[67.223,26.187],[67.169,26.153],[67.163,26.129],[67.178,26.127],[67.178,26.114],[67.141,26.114],[67.119,26.01],[67.137,25.862],[67.119,25.838],[67.118,25.773],[67.09,25.748],[66.981,25.74],[66.961,25.842],[66.881,26.072],[66.858,26.088],[66.868,26.122],[66.857,26.157],[66.835,26.148],[66.833,26.167],[66.851,26.177],[66.84,26.207],[66.851,26.207],[66.776,26.373],[66.755,26.469],[66.735,26.463],[66.71,26.475],[66.71,26.506],[66.677,26.538],[66.699,26.489],[66.662,26.481],[66.672,26.445],[66.627,26.434],[66.609,26.409],[66.564,26.46],[66.465,26.429],[66.415,26.457],[66.352,26.471],[66.355,26.522],[66.375,26.514],[66.309,26.551],[66.279,26.516],[66.25,26.583],[66.219,26.609],[66.2,26.588],[66.209,26.548],[66.187,26.57],[66.171,26.57],[66.127,26.539],[66.11,26.507],[66.109,26.427],[66.082,26.414],[66.081,26.4],[66.103,26.27],[65.937,26.536],[65.924,26.581],[66.018,26.914],[66.049,27.094],[66.049,27.189],[66.035,27.192],[66.007,27.153],[65.917,27.134],[65.88,27.174],[65.835,27.295],[65.759,27.366],[65.786,27.443],[65.704,27.529],[65.69,27.584],[65.712,27.658],[65.767,27.71],[65.771,27.753],[65.797,27.803],[65.882,27.858],[65.928,27.857],[65.956,27.935],[65.978,28.012],[65.954,28.053],[66.024,28.072],[66.126,28.048],[66.131,28.021],[66.196,28.007],[66.262,28.056],[66.324,28.042],[66.314,28.083],[66.367,28.106],[66.375,28.116],[66.356,28.124],[66.361,28.137],[66.382,28.147],[66.394,28.138],[66.445,28.14],[66.467,28.15],[66.465,28.174],[66.477,28.158],[66.505,28.174],[66.516,28.287],[66.466,28.343],[66.468,28.359],[66.467,28.42],[66.497,28.472],[66.473,28.512],[66.482,28.539],[66.597,28.566],[66.625,28.59],[66.668,28.572],[66.678,28.619],[66.716,28.648],[66.727,28.651],[66.733,28.622],[66.746,28.617],[66.775,28.675],[66.737,28.676],[66.738,28.692],[66.778,28.762],[66.8,28.767],[66.835,28.81],[66.824,28.82],[66.812,28.807],[66.817,28.828],[66.853,28.826],[66.81,28.764],[66.821,28.767],[66.818,28.755],[66.832,28.748],[66.81,28.744],[66.815,28.731],[66.785,28.714],[66.786,28.703],[66.81,28.7],[66.82,28.735],[66.849,28.757],[66.961,28.738],[66.92,28.701],[67.033,28.686],[67.048,28.694],[67.066,28.64],[67.134,28.705],[67.161,28.764],[67.15,28.842],[67.266,28.857],[67.223,28.79],[67.237,28.714],[67.216,28.69],[67.218,28.66],[67.247,28.655]]]}},{"type":"Feature","properties":{"district_code":"089","name":"LASBELA DISTRICT","census_name":"LASBELA DISTRICT","province":"BALOCHISTAN"},"geometry":{"type":"Polygon","coordinates":[[[67.12,26.699],[67.103,26.54],[67.134,26.471],[67.15,26.47],[67.172,26.492],[67.205,26.441],[67.224,26.441],[67.274,26.382],[67.338,26.256],[67.341,26.237],[67.324,26.235],[67.354,26.202],[67.364,26.152],[67.396,26.127],[67.419,26.129],[67.436,26.038],[67.423,25.914],[67.45,25.84],[67.369,25.776],[67.367,25.646],[67.348,25.642],[67.321,25.592],[67.276,25.576],[67.267,25.534],[67.221,25.522],[67.215,25.491],[67.178,25.455],[67.181,25.391],[67.157,25.359],[67.169,25.329],[67.139,25.306],[67.11,25.252],[67.04,25.21],[67.019,25.169],[67.025,25.117],[66.985,25.068],[66.93,25.017],[66.865,25.012],[66.818,24.973],[66.777,24.968],[66.694,24.881],[66.688,24.88],[66.686,24.88],[66.686,24.881],[66.69,24.882],[66.692,24.888],[66.687,24.902],[66.687,24.907],[66.678,24.931],[66.678,24.937],[66.68,24.941],[66.684,24.945],[66.698,24.948],[66.7,24.951],[66.699,24.975],[66.694,24.993],[66.697,25.004],[66.709,25.024],[66.712,25.032],[66.71,25.066],[66.704,25.083],[66.705,25.089],[66.71,25.095],[66.718,25.101],[66.719,25.115],[66.72,25.118],[66.726,25.119],[66.725,25.121],[66.735,25.134],[66.739,25.142],[66.742,25.157],[66.747,25.162],[66.748,25.176],[66.745,25.187],[66.729,25.209],[66.683,25.26],[66.627,25.306],[66.569,25.344],[66.554,25.352],[66.527,25.372],[66.524,25.389],[66.531,25.41],[66.546,25.436],[66.56,25.45],[66.561,25.453],[66.56,25.463],[66.555,25.48],[66.556,25.491],[66.551,25.495],[66.556,25.497],[66.556,25.506],[66.559,25.532],[66.558,25.538],[66.553,25.544],[66.547,25.539],[66.541,25.539],[66.529,25.542],[66.527,25.545],[66.529,25.548],[66.526,25.551],[66.53,25.554],[66.542,25.573],[66.554,25.587],[66.573,25.587],[66.583,25.614],[66.561,25.612],[66.557,25.607],[66.549,25.605],[66.542,25.606],[66.539,25.611],[66.472,25.617],[66.463,25.629],[66.459,25.621],[66.453,25.616],[66.45,25.607],[66.434,25.585],[66.428,25.569],[66.41,25.53],[66.393,25.535],[66.393,25.543],[66.401,25.547],[66.407,25.559],[66.399,25.578],[66.359,25.6],[66.358,25.609],[66.317,25.604],[66.3,25.612],[66.295,25.616],[66.282,25.615],[66.255,25.6],[66.235,25.593],[66.218,25.576],[66.181,25.549],[66.115,25.495],[66.108,25.491],[66.092,25.49],[66.106,25.465],[66.133,25.469],[66.17,25.482],[66.2,25.49],[66.223,25.499],[66.286,25.532],[66.33,25.547],[66.346,25.549],[66.354,25.53],[66.362,25.524],[66.371,25.524],[66.38,25.528],[66.397,25.518],[66.408,25.503],[66.425,25.485],[66.446,25.483],[66.457,25.491],[66.497,25.497],[66.518,25.492],[66.536,25.484],[66.53,25.422],[66.51,25.397],[66.494,25.401],[66.394,25.45],[66.324,25.467],[66.278,25.467],[66.189,25.454],[66.103,25.445],[66.07,25.437],[66.022,25.422],[65.998,25.419],[65.955,25.414],[65.904,25.415],[65.863,25.418],[65.838,25.418],[65.81,25.415],[65.794,25.397],[65.786,25.392],[65.779,25.392],[65.774,25.385],[65.721,25.376],[65.707,25.368],[65.673,25.365],[65.662,25.361],[65.652,25.356],[65.639,25.354],[65.627,25.354],[65.538,25.373],[65.509,25.378],[65.497,25.379],[65.468,25.386],[65.458,25.391],[65.448,25.385],[65.437,25.383],[65.435,25.38],[65.43,25.38],[65.427,25.378],[65.423,25.376],[65.418,25.378],[65.414,25.375],[65.386,25.383],[65.371,25.385],[65.361,25.384],[65.344,25.378],[65.312,25.379],[65.311,25.383],[65.315,25.389],[65.316,25.395],[65.308,25.38],[65.286,25.38],[65.272,25.382],[65.257,25.38],[65.25,25.376],[65.247,25.371],[65.242,25.36],[65.24,25.351],[65.208,25.384],[65.207,25.565],[65.256,25.561],[65.305,25.612],[65.341,25.589],[65.359,25.624],[65.438,25.641],[65.532,25.689],[65.546,25.674],[65.528,25.656],[65.53,25.63],[65.586,25.602],[65.618,25.563],[65.552,25.524],[65.542,25.5],[65.573,25.477],[65.68,25.53],[65.77,25.548],[65.802,25.541],[65.827,25.487],[65.871,25.486],[65.905,25.499],[65.932,25.477],[65.964,25.482],[65.953,25.487],[65.974,25.537],[65.995,25.546],[66.018,25.603],[66.035,25.616],[66.057,25.68],[66.065,25.664],[66.051,25.611],[66.019,25.559],[66.082,25.511],[66.199,25.681],[66.17,25.683],[66.168,25.699],[66.178,25.708],[66.2,25.701],[66.211,25.726],[66.142,25.728],[66.118,25.809],[66.112,25.923],[66.245,25.933],[66.206,26.131],[66.161,26.272],[66.167,26.337],[66.218,26.369],[66.219,26.395],[66.23,26.396],[66.229,26.418],[66.195,26.435],[66.221,26.499],[66.2,26.588],[66.219,26.609],[66.25,26.583],[66.279,26.516],[66.309,26.551],[66.375,26.514],[66.355,26.522],[66.352,26.471],[66.415,26.457],[66.465,26.429],[66.564,26.46],[66.609,26.409],[66.627,26.434],[66.672,26.445],[66.662,26.481],[66.699,26.489],[66.677,26.538],[66.71,26.506],[66.71,26.475],[66.735,26.463],[66.755,26.469],[66.776,26.373],[66.851,26.207],[66.84,26.207],[66.851,26.177],[66.833,26.167],[66.835,26.148],[66.857,26.157],[66.868,26.122],[66.858,26.088],[66.881,26.072],[66.961,25.842],[66.981,25.74],[67.09,25.748],[67.118,25.773],[67.119,25.838],[67.137,25.862],[67.119,26.01],[67.141,26.114],[67.178,26.114],[67.178,26.127],[67.163,26.129],[67.169,26.153],[67.223,26.187],[67.174,26.181],[67.167,26.169],[67.157,26.183],[67.143,26.177],[67.159,26.211],[67.148,26.273],[67.107,26.3],[67.085,26.377],[66.987,26.506],[66.964,26.571],[66.935,26.561],[66.868,26.755],[66.994,26.777],[67.005,26.804],[66.994,26.859],[67.054,26.906],[67.085,26.856],[67.12,26.699]]]}},{"type":"Feature","properties":{"district_code":"090","name":"MASTUNG DISTRICT","census_name":"MASTUNG DISTRICT","province":"BALOCHISTAN"},"geometry":{"type":"Polygon","coordinates":[[[66.724,30.114],[66.743,30.094],[66.825,30.105],[66.827,30.08],[66.863,30.068],[66.848,30.026],[66.899,30.05],[66.972,30.037],[67.027,30.053],[67.08,30.06],[67.089,30.033],[67.103,30.037],[67.101,30.004],[67.162,29.997],[67.119,29.919],[67.147,29.852],[67.154,29.785],[67.195,29.737],[67.276,29.704],[67.279,29.692],[67.207,29.636],[67.193,29.578],[67.127,29.531],[67.128,29.511],[67.092,29.458],[67.078,29.457],[67.073,29.433],[66.959,29.441],[66.837,29.422],[66.819,29.43],[66.872,29.528],[66.841,29.593],[66.78,29.624],[66.712,29.493],[66.652,29.442],[66.619,29.46],[66.645,29.602],[66.602,29.639],[66.541,29.636],[66.537,29.591],[66.486,29.544],[66.501,29.503],[66.48,29.501],[66.476,29.521],[66.456,29.509],[66.396,29.411],[66.386,29.357],[66.402,29.35],[66.357,29.333],[66.267,29.411],[66.26,29.351],[66.195,29.383],[66.243,29.451],[66.268,29.536],[66.299,29.586],[66.326,29.601],[66.329,29.628],[66.296,29.655],[66.28,29.743],[66.283,29.785],[66.308,29.828],[66.288,29.858],[66.299,29.854],[66.319,29.852],[66.347,29.852],[66.476,29.81],[66.552,29.801],[66.599,29.817],[66.602,29.867],[66.617,29.855],[66.621,29.87],[66.62,29.908],[66.66,29.948],[66.675,30.031],[66.714,30.071],[66.719,30.088],[66.705,30.099],[66.724,30.114]]]}},{"type":"Feature","properties":{"district_code":"091","name":"WASHUK DISTRICT","census_name":"WASHUK DISTRICT","province":"BALOCHISTAN"},"geometry":{"type":"Polygon","coordinates":[[[65.003,28.647],[65.005,28.583],[65.061,28.587],[65.038,28.557],[65.055,28.529],[65.082,28.529],[65.116,28.557],[65.144,28.546],[65.127,28.48],[65.091,28.464],[65.095,28.427],[65.119,28.423],[65.121,28.4],[65.154,28.406],[65.181,28.375],[65.229,28.385],[65.232,28.358],[65.252,28.374],[65.382,28.322],[65.367,28.285],[65.312,28.284],[65.283,28.192],[65.325,28.172],[65.377,28.121],[65.459,28.185],[65.641,28.281],[65.883,28.358],[65.827,28.228],[65.835,28.21],[65.877,28.208],[65.895,28.192],[65.882,28.098],[65.891,28.049],[65.954,28.053],[65.978,28.012],[65.956,27.935],[65.928,27.857],[65.882,27.858],[65.797,27.803],[65.771,27.753],[65.767,27.71],[65.712,27.658],[65.69,27.584],[65.704,27.529],[65.585,27.41],[65.566,27.3],[65.356,26.995],[65.336,26.896],[65.269,26.892],[65.224,26.938],[65.201,27.007],[65.166,27.026],[65.088,27.03],[65.052,27.151],[65.015,27.183],[64.71,27.007],[64.672,27.005],[64.503,27.109],[64.492,27.114],[64.5,27.168],[64.485,27.205],[64.456,27.227],[64.454,27.252],[64.414,27.3],[64.37,27.255],[64.329,27.239],[64.255,27.164],[64.237,27.173],[64.206,27.135],[64.114,27.14],[63.997,27.086],[63.908,27.144],[63.896,27.188],[63.823,27.26],[63.733,27.236],[63.634,27.231],[63.602,27.241],[63.588,27.221],[63.548,27.21],[63.461,27.208],[63.426,27.195],[63.282,27.21],[63.282,27.213],[63.277,27.218],[63.267,27.221],[63.266,27.221],[63.267,27.223],[63.265,27.224],[63.25,27.227],[63.238,27.228],[63.238,27.226],[63.225,27.225],[63.211,27.237],[63.208,27.244],[63.203,27.249],[63.204,27.251],[63.199,27.259],[63.196,27.258],[63.188,27.26],[63.182,27.258],[63.175,27.258],[63.172,27.255],[63.164,27.253],[63.16,27.249],[63.154,27.248],[63.145,27.243],[63.138,27.245],[63.135,27.241],[63.126,27.241],[63.122,27.237],[63.113,27.236],[63.106,27.239],[63.103,27.237],[63.095,27.237],[63.09,27.235],[63.089,27.239],[63.087,27.239],[63.088,27.242],[63.086,27.245],[63.055,27.234],[63.049,27.234],[63.041,27.237],[63.037,27.233],[63.032,27.23],[63.023,27.23],[63.019,27.225],[63.012,27.223],[63.006,27.223],[63.005,27.221],[62.997,27.219],[62.993,27.216],[62.99,27.217],[62.987,27.216],[62.985,27.218],[62.977,27.216],[62.974,27.216],[62.97,27.214],[62.968,27.209],[62.963,27.209],[62.957,27.206],[62.953,27.206],[62.947,27.202],[62.941,27.204],[62.937,27.201],[62.914,27.209],[62.91,27.215],[62.891,27.213],[62.888,27.216],[62.883,27.218],[62.883,27.221],[62.875,27.228],[62.868,27.226],[62.864,27.221],[62.857,27.22],[62.851,27.216],[62.843,27.218],[62.838,27.217],[62.825,27.22],[62.821,27.218],[62.811,27.224],[62.804,27.234],[62.799,27.235],[62.8,27.238],[62.796,27.241],[62.795,27.244],[62.789,27.246],[62.784,27.253],[62.776,27.253],[62.777,27.257],[62.775,27.258],[62.776,27.26],[62.787,27.26],[62.809,27.264],[62.809,27.272],[62.817,27.279],[62.813,27.284],[62.815,27.288],[62.818,27.289],[62.817,27.293],[62.822,27.296],[62.825,27.299],[62.822,27.302],[62.826,27.31],[62.818,27.312],[62.817,27.316],[62.811,27.317],[62.809,27.32],[62.81,27.322],[62.809,27.325],[62.806,27.324],[62.803,27.327],[62.808,27.328],[62.808,27.33],[62.802,27.333],[62.797,27.333],[62.796,27.337],[62.791,27.339],[62.794,27.341],[62.792,27.343],[62.794,27.343],[62.794,27.345],[62.798,27.348],[62.795,27.352],[62.796,27.357],[62.796,27.361],[62.799,27.362],[62.8,27.365],[62.802,27.365],[62.848,27.463],[62.829,27.765],[62.762,28.026],[62.794,28.226],[62.793,28.279],[62.787,28.278],[62.795,28.339],[62.848,28.399],[62.928,28.439],[62.991,28.384],[63.092,28.475],[63.224,28.466],[63.261,28.378],[63.258,28.35],[63.182,28.332],[63.229,28.286],[63.323,28.327],[63.353,28.323],[63.371,28.288],[63.403,28.282],[63.441,28.32],[63.527,28.325],[63.562,28.305],[63.588,28.321],[63.712,28.32],[63.818,28.345],[63.828,28.3],[63.901,28.369],[63.991,28.391],[64.013,28.384],[64.051,28.423],[64.131,28.469],[64.205,28.47],[64.28,28.497],[64.285,28.54],[64.396,28.521],[64.417,28.527],[64.494,28.611],[64.81,28.698],[64.983,28.685],[64.975,28.652],[65.003,28.647]]]}},{"type":"Feature","properties":{"district_code":"092","name":"GWADAR DISTRICT","census_name":"GWADAR DISTRICT","province":"BALOCHISTAN"},"geometry":{"type":"Polygon","coordinates":[[[62.078,25.674],[62.074,25.617],[62.117,25.572],[62.112,25.558],[62.064,25.544],[62.066,25.503],[62.135,25.475],[62.349,25.544],[62.511,25.556],[62.804,25.567],[62.845,25.557],[62.879,25.578],[62.941,25.59],[62.963,25.598],[63.046,25.527],[63.347,25.498],[63.379,25.461],[63.417,25.453],[63.441,25.418],[63.424,25.394],[63.443,25.377],[63.496,25.423],[63.582,25.468],[63.775,25.553],[64.006,25.614],[64.053,25.614],[64.126,25.558],[64.172,25.557],[64.145,25.504],[64.126,25.481],[64.133,25.47],[64.288,25.46],[64.267,25.516],[64.369,25.534],[64.391,25.549],[64.467,25.578],[64.558,25.504],[65.045,25.569],[65.173,25.604],[65.207,25.565],[65.208,25.384],[65.241,25.35],[65.239,25.345],[65.235,25.339],[65.231,25.338],[65.226,25.329],[65.224,25.323],[65.225,25.316],[65.218,25.312],[65.2,25.31],[65.197,25.305],[65.183,25.304],[65.118,25.303],[65.09,25.308],[65.084,25.313],[65.044,25.315],[65.003,25.323],[65.0,25.322],[64.995,25.325],[64.98,25.324],[64.966,25.321],[64.951,25.323],[64.903,25.326],[64.857,25.318],[64.827,25.319],[64.815,25.322],[64.801,25.328],[64.699,25.307],[64.686,25.302],[64.663,25.286],[64.648,25.271],[64.638,25.249],[64.635,25.226],[64.639,25.21],[64.641,25.209],[64.641,25.205],[64.647,25.2],[64.65,25.202],[64.677,25.204],[64.676,25.201],[64.671,25.201],[64.671,25.193],[64.674,25.193],[64.676,25.198],[64.681,25.197],[64.684,25.2],[64.691,25.191],[64.697,25.19],[64.695,25.184],[64.691,25.182],[64.631,25.171],[64.623,25.165],[64.605,25.162],[64.595,25.159],[64.59,25.155],[64.587,25.155],[64.582,25.157],[64.576,25.17],[64.576,25.177],[64.582,25.181],[64.59,25.18],[64.592,25.182],[64.596,25.194],[64.611,25.202],[64.611,25.217],[64.605,25.23],[64.576,25.253],[64.544,25.27],[64.529,25.274],[64.506,25.271],[64.493,25.265],[64.488,25.276],[64.493,25.265],[64.479,25.261],[64.473,25.257],[64.471,25.253],[64.472,25.248],[64.475,25.248],[64.476,25.246],[64.468,25.245],[64.462,25.24],[64.461,25.242],[64.406,25.238],[64.4,25.24],[64.388,25.253],[64.377,25.261],[64.34,25.277],[64.267,25.303],[64.24,25.307],[64.238,25.309],[64.239,25.312],[64.251,25.327],[64.246,25.332],[64.238,25.322],[64.232,25.319],[64.223,25.318],[64.164,25.329],[64.139,25.33],[64.092,25.327],[64.084,25.329],[64.083,25.333],[64.09,25.347],[64.09,25.362],[64.092,25.366],[64.094,25.367],[64.11,25.362],[64.115,25.362],[64.117,25.365],[64.116,25.368],[64.084,25.392],[64.081,25.395],[64.081,25.398],[64.084,25.401],[64.103,25.401],[64.109,25.403],[64.123,25.413],[64.15,25.403],[64.169,25.432],[64.175,25.444],[64.177,25.452],[64.173,25.457],[64.156,25.461],[64.127,25.464],[64.12,25.452],[64.117,25.454],[64.079,25.444],[64.064,25.445],[64.051,25.432],[64.047,25.431],[64.04,25.434],[64.035,25.438],[64.041,25.453],[64.039,25.459],[64.034,25.463],[64.029,25.465],[64.028,25.46],[64.031,25.449],[64.029,25.444],[64.025,25.441],[63.993,25.43],[63.992,25.426],[63.992,25.424],[63.996,25.422],[64.001,25.422],[64.017,25.426],[64.02,25.425],[64.02,25.423],[64.011,25.415],[64.006,25.407],[63.987,25.42],[63.982,25.423],[63.974,25.423],[63.971,25.421],[63.967,25.407],[63.968,25.405],[63.97,25.404],[63.981,25.413],[63.985,25.413],[63.991,25.41],[63.994,25.406],[63.996,25.388],[63.999,25.385],[64.004,25.384],[64.008,25.386],[64.012,25.392],[64.018,25.407],[64.021,25.409],[64.028,25.41],[64.036,25.406],[64.042,25.402],[64.053,25.387],[64.06,25.371],[64.072,25.363],[64.073,25.359],[64.062,25.342],[64.067,25.33],[64.064,25.328],[64.034,25.336],[64.018,25.338],[63.946,25.336],[63.93,25.337],[63.915,25.341],[63.869,25.349],[63.843,25.355],[63.821,25.363],[63.808,25.363],[63.793,25.367],[63.793,25.372],[63.765,25.375],[63.758,25.379],[63.719,25.379],[63.675,25.383],[63.644,25.376],[63.606,25.371],[63.569,25.356],[63.545,25.35],[63.536,25.346],[63.498,25.317],[63.494,25.31],[63.489,25.294],[63.484,25.286],[63.481,25.284],[63.473,25.287],[63.462,25.298],[63.456,25.295],[63.452,25.289],[63.455,25.286],[63.462,25.278],[63.478,25.27],[63.481,25.263],[63.479,25.26],[63.482,25.253],[63.484,25.239],[63.486,25.237],[63.504,25.226],[63.505,25.223],[63.496,25.216],[63.497,25.211],[63.501,25.206],[63.501,25.204],[63.498,25.2],[63.493,25.198],[63.482,25.198],[63.421,25.212],[63.366,25.223],[63.28,25.229],[63.236,25.237],[63.176,25.252],[63.139,25.258],[63.111,25.257],[63.1,25.253],[63.075,25.233],[63.065,25.229],[63.027,25.22],[63.007,25.211],[62.994,25.211],[62.953,25.221],[62.831,25.246],[62.755,25.25],[62.722,25.257],[62.695,25.26],[62.595,25.262],[62.494,25.253],[62.474,25.245],[62.464,25.236],[62.46,25.23],[62.467,25.229],[62.468,25.226],[62.464,25.225],[62.472,25.221],[62.477,25.216],[62.471,25.213],[62.431,25.21],[62.412,25.205],[62.386,25.193],[62.364,25.178],[62.356,25.17],[62.345,25.153],[62.339,25.139],[62.337,25.126],[62.339,25.118],[62.348,25.11],[62.357,25.109],[62.361,25.106],[62.375,25.109],[62.384,25.108],[62.389,25.105],[62.39,25.103],[62.387,25.1],[62.377,25.096],[62.34,25.09],[62.32,25.091],[62.274,25.098],[62.269,25.1],[62.268,25.103],[62.271,25.106],[62.281,25.111],[62.31,25.114],[62.319,25.119],[62.316,25.119],[62.318,25.124],[62.32,25.135],[62.315,25.16],[62.299,25.182],[62.28,25.197],[62.282,25.197],[62.254,25.208],[62.217,25.215],[62.203,25.215],[62.148,25.208],[62.117,25.199],[62.085,25.188],[62.074,25.178],[62.069,25.169],[62.067,25.155],[62.07,25.146],[62.087,25.134],[62.089,25.129],[62.089,25.117],[62.105,25.104],[62.104,25.099],[62.098,25.096],[62.087,25.098],[62.065,25.104],[62.046,25.106],[61.985,25.11],[61.882,25.104],[61.882,25.102],[61.87,25.097],[61.862,25.092],[61.859,25.092],[61.86,25.087],[61.864,25.083],[61.864,25.078],[61.85,25.06],[61.847,25.053],[61.845,25.043],[61.841,25.041],[61.831,25.039],[61.798,25.039],[61.774,25.033],[61.764,25.033],[61.731,25.038],[61.73,25.043],[61.725,25.049],[61.724,25.054],[61.727,25.061],[61.736,25.071],[61.738,25.078],[61.737,25.085],[61.74,25.09],[61.744,25.094],[61.754,25.095],[61.758,25.098],[61.758,25.103],[61.754,25.121],[61.747,25.129],[61.748,25.132],[61.751,25.135],[61.764,25.125],[61.769,25.124],[61.774,25.126],[61.778,25.132],[61.783,25.142],[61.785,25.157],[61.781,25.19],[61.779,25.193],[61.774,25.194],[61.764,25.187],[61.752,25.169],[61.747,25.17],[61.742,25.179],[61.738,25.183],[61.731,25.183],[61.722,25.179],[61.714,25.189],[61.705,25.188],[61.699,25.197],[61.698,25.204],[61.69,25.205],[61.688,25.201],[61.681,25.197],[61.659,25.187],[61.654,25.187],[61.644,25.199],[61.634,25.203],[61.624,25.2],[61.61,25.195],[61.629,25.245],[61.645,25.274],[61.656,25.297],[61.664,25.333],[61.67,25.422],[61.667,25.512],[61.681,25.654],[61.689,25.663],[61.704,25.673],[61.707,25.686],[61.705,25.704],[61.69,25.718],[61.884,25.687],[61.919,25.663],[61.96,25.661],[62.012,25.71],[62.033,25.769],[62.047,25.768],[62.058,25.763],[62.053,25.712],[62.078,25.674]]]}},{"type":"Feature","properties":{"district_code":"093","name":"KECH DISTRICT","census_name":"KECH DISTRICT","province":"BALOCHISTAN"},"geometry":{"type":"Polygon","coordinates":[[[63.002,26.652],[63.051,26.638],[63.073,26.641],[63.133,26.577],[63.13,26.557],[63.093,26.521],[63.089,26.51],[63.129,26.5],[63.121,26.485],[63.166,26.489],[63.132,26.452],[63.156,26.439],[63.193,26.437],[63.372,26.5],[63.416,26.503],[63.584,26.436],[63.605,26.42],[63.541,26.41],[63.535,26.391],[63.512,26.386],[63.527,26.369],[63.569,26.377],[63.591,26.365],[63.595,26.269],[63.612,26.261],[63.688,26.281],[63.709,26.273],[63.765,26.304],[63.792,26.313],[63.851,26.316],[63.869,26.311],[63.899,26.294],[64.001,26.199],[64.06,26.151],[64.153,26.166],[64.177,26.171],[64.258,26.171],[64.361,26.229],[64.368,26.266],[64.448,26.23],[64.506,26.162],[64.519,26.116],[64.512,26.076],[64.46,26.038],[64.413,26.034],[64.384,26.014],[64.354,25.92],[64.359,25.858],[64.332,25.851],[64.328,25.788],[64.284,25.751],[64.278,25.729],[64.29,25.7],[64.34,25.67],[64.356,25.637],[64.278,25.613],[64.245,25.631],[64.238,25.615],[64.213,25.611],[64.172,25.557],[64.126,25.558],[64.053,25.614],[64.006,25.614],[63.775,25.553],[63.582,25.468],[63.496,25.423],[63.443,25.377],[63.424,25.394],[63.441,25.418],[63.417,25.453],[63.379,25.461],[63.347,25.498],[63.046,25.527],[62.963,25.598],[62.941,25.59],[62.879,25.578],[62.845,25.557],[62.804,25.567],[62.511,25.556],[62.349,25.544],[62.135,25.475],[62.066,25.503],[62.064,25.544],[62.112,25.558],[62.117,25.572],[62.074,25.617],[62.078,25.674],[62.053,25.712],[62.058,25.763],[62.047,25.768],[62.033,25.769],[62.012,25.71],[61.96,25.661],[61.919,25.663],[61.884,25.687],[61.69,25.718],[61.691,25.759],[61.689,25.799],[61.718,25.796],[61.749,25.798],[61.769,25.802],[61.78,25.818],[61.782,25.851],[61.78,25.871],[61.791,25.926],[61.802,25.994],[61.833,26.171],[61.848,26.228],[61.871,26.247],[61.907,26.26],[61.958,26.269],[61.987,26.28],[62.061,26.315],[62.107,26.314],[62.121,26.317],[62.128,26.33],[62.128,26.38],[62.132,26.39],[62.145,26.389],[62.2,26.369],[62.233,26.366],[62.255,26.36],[62.267,26.374],[62.275,26.367],[62.28,26.378],[62.278,26.389],[62.266,26.419],[62.265,26.433],[62.259,26.446],[62.28,26.445],[62.295,26.456],[62.31,26.472],[62.298,26.493],[62.301,26.51],[62.307,26.521],[62.322,26.528],[62.34,26.53],[62.364,26.538],[62.398,26.536],[62.421,26.55],[62.435,26.566],[62.444,26.57],[62.463,26.566],[62.497,26.575],[62.505,26.58],[62.546,26.579],[62.577,26.58],[62.602,26.584],[62.629,26.595],[62.663,26.614],[62.694,26.613],[62.725,26.621],[62.737,26.635],[62.748,26.644],[62.776,26.653],[62.83,26.651],[62.852,26.644],[62.922,26.646],[62.932,26.649],[62.952,26.651],[62.953,26.653],[62.986,26.653],[63.002,26.652]]]}},{"type":"Feature","properties":{"district_code":"094","name":"PANJGUR DISTRICT","census_name":"PANJGUR DISTRICT","province":"BALOCHISTAN"},"geometry":{"type":"Polygon","coordinates":[[[64.5,27.168],[64.492,27.114],[64.503,27.109],[64.672,27.005],[64.71,27.007],[65.015,27.183],[65.052,27.151],[65.088,27.03],[65.166,27.026],[65.201,27.007],[65.224,26.938],[65.269,26.892],[65.336,26.896],[65.291,26.79],[65.134,26.634],[64.94,26.478],[64.918,26.453],[64.918,26.413],[64.901,26.388],[64.822,26.367],[64.463,26.371],[64.425,26.342],[64.422,26.309],[64.448,26.23],[64.368,26.266],[64.361,26.229],[64.258,26.171],[64.177,26.171],[64.153,26.166],[64.06,26.151],[64.001,26.199],[63.899,26.294],[63.869,26.311],[63.851,26.316],[63.792,26.313],[63.765,26.304],[63.709,26.273],[63.688,26.281],[63.612,26.261],[63.595,26.269],[63.591,26.365],[63.569,26.377],[63.527,26.369],[63.512,26.386],[63.535,26.391],[63.541,26.41],[63.605,26.42],[63.584,26.436],[63.416,26.503],[63.372,26.5],[63.193,26.437],[63.156,26.439],[63.132,26.452],[63.166,26.489],[63.121,26.485],[63.129,26.5],[63.089,26.51],[63.093,26.521],[63.13,26.557],[63.133,26.577],[63.073,26.641],[63.097,26.644],[63.152,26.643],[63.171,26.645],[63.176,26.668],[63.202,26.743],[63.202,26.766],[63.199,26.79],[63.192,26.815],[63.197,26.846],[63.212,26.853],[63.238,26.858],[63.259,26.861],[63.278,26.862],[63.281,26.881],[63.27,26.899],[63.257,26.927],[63.255,27.063],[63.262,27.087],[63.291,27.115],[63.313,27.127],[63.318,27.134],[63.313,27.15],[63.293,27.183],[63.251,27.207],[63.282,27.21],[63.426,27.195],[63.461,27.208],[63.548,27.21],[63.588,27.221],[63.602,27.241],[63.634,27.231],[63.733,27.236],[63.823,27.26],[63.896,27.188],[63.908,27.144],[63.997,27.086],[64.114,27.14],[64.206,27.135],[64.237,27.173],[64.255,27.164],[64.329,27.239],[64.37,27.255],[64.414,27.3],[64.454,27.252],[64.456,27.227],[64.485,27.205],[64.5,27.168]]]}},{"type":"Feature","properties":{"district_code":"095","name":"JAFFARABAD DISTRICT","census_name":"JAFFARABAD DISTRICT","province":"BALOCHISTAN"},"geometry":{"type":"Polygon","coordinates":[[[68.349,28.447],[68.414,28.387],[68.367,28.291],[68.261,28.274],[68.259,28.253],[68.246,28.264],[68.189,28.225],[68.022,28.091],[67.964,28.077],[67.945,28.04],[67.92,28.001],[67.877,27.997],[67.81,27.978],[67.804,27.946],[67.787,27.939],[67.68,27.926],[67.682,28.011],[67.646,28.068],[67.647,28.124],[67.661,28.14],[67.641,28.148],[67.703,28.17],[67.703,28.116],[67.724,28.116],[67.732,28.179],[67.777,28.191],[67.889,28.218],[67.896,28.245],[67.904,28.222],[67.995,28.255],[68.02,28.28],[68.015,28.295],[68.049,28.323],[68.049,28.312],[68.088,28.321],[68.111,28.399],[68.178,28.428],[68.304,28.44],[68.325,28.421],[68.32,28.432],[68.337,28.431],[68.349,28.447]]]}},{"type":"Feature","properties":{"district_code":"096","name":"JHAL MAGSI DISTRICT","census_name":"JHAL MAGSI DISTRICT","province":"BALOCHISTAN"},"geometry":{"type":"Polygon","coordinates":[[[67.641,28.845],[67.635,28.818],[67.684,28.784],[67.691,28.762],[67.71,28.762],[67.721,28.717],[67.736,28.719],[67.74,28.699],[67.763,28.692],[67.763,28.675],[67.75,28.671],[67.772,28.604],[67.78,28.532],[67.801,28.533],[67.805,28.479],[67.797,28.467],[67.749,28.461],[67.72,28.367],[67.764,28.282],[67.777,28.191],[67.732,28.179],[67.724,28.116],[67.703,28.116],[67.703,28.17],[67.641,28.148],[67.661,28.14],[67.647,28.124],[67.646,28.068],[67.682,28.011],[67.68,27.926],[67.579,27.917],[67.511,27.894],[67.509,27.904],[67.398,27.901],[67.399,27.848],[67.349,27.85],[67.355,27.947],[67.405,27.947],[67.405,27.975],[67.385,27.984],[67.401,28.054],[67.403,28.133],[67.387,28.169],[67.367,28.168],[67.36,28.231],[67.381,28.234],[67.382,28.252],[67.339,28.256],[67.337,28.279],[67.358,28.302],[67.348,28.346],[67.324,28.371],[67.324,28.41],[67.337,28.432],[67.321,28.468],[67.279,28.47],[67.262,28.506],[67.211,28.494],[67.16,28.498],[67.169,28.523],[67.204,28.548],[67.236,28.539],[67.257,28.546],[67.281,28.585],[67.323,28.577],[67.342,28.588],[67.239,28.614],[67.233,28.635],[67.247,28.655],[67.218,28.66],[67.216,28.69],[67.237,28.714],[67.322,28.704],[67.365,28.729],[67.346,28.742],[67.394,28.749],[67.412,28.77],[67.418,28.749],[67.458,28.76],[67.5,28.712],[67.524,28.721],[67.545,28.71],[67.547,28.744],[67.495,28.75],[67.486,28.765],[67.512,28.773],[67.571,28.748],[67.549,28.845],[67.617,28.836],[67.641,28.845]]]}},{"type":"Feature","properties":{"district_code":"097","name":"KACHHI DISTRICT","census_name":"KACHHI DISTRICT","province":"BALOCHISTAN"},"geometry":{"type":"Polygon","coordinates":[[[67.162,29.997],[67.216,29.967],[67.237,29.98],[67.29,29.933],[67.29,29.92],[67.316,29.942],[67.343,29.907],[67.365,29.928],[67.374,29.931],[67.428,29.903],[67.447,29.912],[67.482,29.894],[67.469,29.878],[67.533,29.784],[67.537,29.696],[67.56,29.671],[67.673,29.647],[67.695,29.602],[67.776,29.599],[67.8,29.576],[67.8,29.558],[67.814,29.537],[67.811,29.486],[67.827,29.455],[67.808,29.434],[67.833,29.442],[67.877,29.433],[67.889,29.359],[67.869,29.353],[67.882,29.316],[67.918,29.318],[67.926,29.296],[67.95,29.299],[67.987,29.376],[67.992,29.36],[68.02,29.29],[67.998,29.255],[67.978,29.255],[67.992,29.193],[68.012,29.194],[67.99,29.152],[67.967,29.144],[67.987,29.102],[67.971,29.088],[67.977,29.073],[67.945,29.066],[67.923,29.115],[67.941,29.03],[67.919,29.004],[67.943,28.996],[67.939,28.969],[67.98,28.958],[67.972,28.935],[68.0,28.926],[67.996,28.877],[67.966,28.812],[67.927,28.786],[67.911,28.73],[67.892,28.727],[67.882,28.745],[67.824,28.715],[67.823,28.68],[67.763,28.675],[67.763,28.692],[67.74,28.699],[67.736,28.719],[67.721,28.717],[67.71,28.762],[67.691,28.762],[67.684,28.784],[67.635,28.818],[67.641,28.845],[67.617,28.836],[67.549,28.845],[67.571,28.748],[67.512,28.773],[67.486,28.765],[67.495,28.75],[67.547,28.744],[67.545,28.71],[67.524,28.721],[67.5,28.712],[67.458,28.76],[67.418,28.749],[67.412,28.77],[67.394,28.749],[67.346,28.742],[67.365,28.729],[67.322,28.704],[67.237,28.714],[67.223,28.79],[67.266,28.857],[67.276,28.863],[67.288,28.851],[67.327,28.898],[67.404,29.096],[67.44,29.126],[67.464,29.196],[67.446,29.358],[67.436,29.393],[67.372,29.425],[67.346,29.483],[67.336,29.521],[67.319,29.525],[67.258,29.5],[67.128,29.511],[67.127,29.531],[67.193,29.578],[67.207,29.636],[67.279,29.692],[67.276,29.704],[67.195,29.737],[67.154,29.785],[67.147,29.852],[67.119,29.919],[67.162,29.997]]]}},{"type":"Feature","properties":{"district_code":"098","name":"NASIRABAD DISTRICT","census_name":"NASIRABAD DISTRICT","province":"BALOCHISTAN"},"geometry":{"type":"Polygon","coordinates":[[[68.369,29.068],[68.411,28.981],[68.481,28.988],[68.473,28.953],[68.448,28.878],[68.492,28.794],[68.502,28.671],[68.49,28.65],[68.485,28.624],[68.463,28.635],[68.463,28.611],[68.478,28.607],[68.399,28.6],[68.402,28.537],[68.415,28.475],[68.395,28.466],[68.372,28.481],[68.355,28.489],[68.334,28.461],[68.349,28.447],[68.337,28.431],[68.32,28.432],[68.325,28.421],[68.304,28.44],[68.178,28.428],[68.111,28.399],[68.088,28.321],[68.049,28.312],[68.049,28.323],[68.015,28.295],[68.02,28.28],[67.995,28.255],[67.904,28.222],[67.896,28.245],[67.889,28.218],[67.777,28.191],[67.764,28.282],[67.72,28.367],[67.749,28.461],[67.797,28.467],[67.805,28.479],[67.801,28.533],[67.78,28.532],[67.772,28.604],[67.75,28.671],[67.763,28.675],[67.823,28.68],[67.824,28.715],[67.882,28.745],[67.892,28.727],[67.911,28.73],[67.927,28.786],[67.966,28.812],[67.994,28.773],[68.019,28.776],[68.014,28.803],[68.097,28.826],[68.097,28.891],[68.174,28.884],[68.189,28.94],[68.224,28.948],[68.175,29.02],[68.134,29.052],[68.154,29.055],[68.153,29.042],[68.179,29.032],[68.188,29.042],[68.17,29.036],[68.164,29.045],[68.18,29.056],[68.266,29.042],[68.265,29.064],[68.3,29.044],[68.323,29.051],[68.315,29.082],[68.369,29.068]]]}},{"type":"Feature","properties":{"district_code":"099","name":"CHAGAI DISTRICT","census_name":"CHAGAI DISTRICT","province":"BALOCHISTAN"},"geometry":{"type":"Polygon","coordinates":[[[62.225,29.462],[62.469,29.389],[63.187,29.454],[63.233,29.457],[63.242,29.454],[63.275,29.503],[63.32,29.528],[63.376,29.547],[63.462,29.558],[63.49,29.551],[63.503,29.555],[63.533,29.54],[63.571,29.53],[63.585,29.52],[63.632,29.525],[63.682,29.521],[63.728,29.503],[63.778,29.496],[63.835,29.472],[63.872,29.441],[63.893,29.438],[63.898,29.44],[63.918,29.44],[63.933,29.437],[63.98,29.483],[64.007,29.491],[64.042,29.495],[64.069,29.49],[64.111,29.477],[64.154,29.453],[64.162,29.454],[64.166,29.459],[64.159,29.465],[64.16,29.468],[64.169,29.473],[64.169,29.476],[64.173,29.476],[64.174,29.48],[64.179,29.483],[64.187,29.478],[64.19,29.477],[64.196,29.479],[64.2,29.478],[64.206,29.483],[64.215,29.481],[64.218,29.485],[64.231,29.485],[64.232,29.486],[64.232,29.49],[64.235,29.496],[64.242,29.495],[64.244,29.499],[64.249,29.499],[64.253,29.504],[64.254,29.509],[64.25,29.51],[64.25,29.517],[64.258,29.519],[64.259,29.52],[64.263,29.522],[64.275,29.523],[64.293,29.521],[64.294,29.524],[64.296,29.523],[64.303,29.527],[64.305,29.524],[64.312,29.522],[64.317,29.524],[64.319,29.522],[64.323,29.525],[64.326,29.521],[64.33,29.52],[64.331,29.523],[64.335,29.524],[64.336,29.528],[64.34,29.528],[64.346,29.525],[64.347,29.525],[64.348,29.529],[64.354,29.529],[64.356,29.531],[64.356,29.533],[64.36,29.535],[64.363,29.534],[64.366,29.535],[64.37,29.534],[64.373,29.535],[64.377,29.537],[64.378,29.542],[64.383,29.547],[64.388,29.547],[64.39,29.544],[64.393,29.543],[64.398,29.547],[64.402,29.547],[64.406,29.549],[64.412,29.547],[64.418,29.547],[64.42,29.543],[64.424,29.551],[64.429,29.549],[64.433,29.551],[64.436,29.554],[64.435,29.558],[64.438,29.56],[64.446,29.554],[64.449,29.548],[64.454,29.552],[64.455,29.555],[64.461,29.555],[64.464,29.556],[64.467,29.557],[64.472,29.561],[64.471,29.565],[64.473,29.568],[64.476,29.568],[64.482,29.566],[64.487,29.568],[64.495,29.565],[64.496,29.569],[64.499,29.568],[64.502,29.571],[64.506,29.567],[64.509,29.569],[64.509,29.573],[64.515,29.569],[64.524,29.572],[64.525,29.576],[64.542,29.573],[64.545,29.576],[64.545,29.578],[64.543,29.578],[64.543,29.587],[64.552,29.586],[64.553,29.589],[64.556,29.59],[64.562,29.589],[64.565,29.591],[64.57,29.587],[64.573,29.587],[64.575,29.586],[65.065,29.53],[65.136,29.549],[65.267,29.417],[65.465,29.071],[65.47,29.036],[65.245,28.896],[65.166,28.821],[65.047,28.806],[64.931,28.69],[64.81,28.698],[64.494,28.611],[64.417,28.527],[64.396,28.521],[64.285,28.54],[64.28,28.497],[64.205,28.47],[64.131,28.469],[64.051,28.423],[64.013,28.384],[63.991,28.391],[63.901,28.369],[63.828,28.3],[63.818,28.345],[63.712,28.32],[63.588,28.321],[63.562,28.305],[63.527,28.325],[63.441,28.32],[63.403,28.282],[63.371,28.288],[63.353,28.323],[63.323,28.327],[63.229,28.286],[63.182,28.332],[63.258,28.35],[63.261,28.378],[63.224,28.466],[63.092,28.475],[62.991,28.384],[62.928,28.439],[62.848,28.399],[62.777,28.419],[62.672,28.4],[62.318,28.353],[62.245,28.389],[62.112,28.444],[62.043,28.483],[61.97,28.539],[61.959,28.541],[61.958,28.545],[61.913,28.562],[61.903,28.572],[61.892,28.58],[61.888,28.593],[61.872,28.604],[61.866,28.607],[61.857,28.619],[61.849,28.622],[61.847,28.621],[61.836,28.625],[61.83,28.631],[61.823,28.641],[61.816,28.644],[61.809,28.649],[61.787,28.681],[61.765,28.705],[61.758,28.709],[61.751,28.718],[61.74,28.727],[61.726,28.741],[61.714,28.748],[61.71,28.748],[61.698,28.752],[61.683,28.761],[61.641,28.807],[61.622,28.845],[61.602,28.873],[61.587,28.903],[61.576,28.915],[61.576,28.92],[61.574,28.923],[61.576,28.928],[61.533,29.01],[61.479,29.024],[61.493,29.044],[61.499,29.045],[61.506,29.043],[61.508,29.047],[61.511,29.049],[61.508,29.053],[61.505,29.054],[61.504,29.056],[61.504,29.058],[61.506,29.058],[61.508,29.06],[61.505,29.066],[61.501,29.066],[61.492,29.072],[61.488,29.071],[61.486,29.073],[61.48,29.079],[61.482,29.081],[61.481,29.084],[61.471,29.091],[61.477,29.095],[61.475,29.098],[61.48,29.101],[61.474,29.107],[61.477,29.11],[61.474,29.114],[61.476,29.116],[61.474,29.118],[61.476,29.12],[61.474,29.123],[61.473,29.124],[61.471,29.122],[61.467,29.122],[61.46,29.125],[61.458,29.123],[61.45,29.132],[61.439,29.13],[61.439,29.129],[61.437,29.128],[61.428,29.128],[61.425,29.131],[61.426,29.134],[61.421,29.135],[61.419,29.141],[61.417,29.142],[61.416,29.147],[61.412,29.157],[61.413,29.164],[61.414,29.165],[61.417,29.162],[61.421,29.164],[61.416,29.173],[61.413,29.175],[61.414,29.179],[61.416,29.18],[61.418,29.18],[61.421,29.183],[61.42,29.191],[61.424,29.192],[61.423,29.196],[61.427,29.199],[61.43,29.199],[61.424,29.204],[61.422,29.203],[61.42,29.206],[61.412,29.208],[61.405,29.215],[61.399,29.216],[61.395,29.222],[61.383,29.231],[61.372,29.244],[61.375,29.248],[61.373,29.251],[61.367,29.252],[61.366,29.254],[61.367,29.256],[61.364,29.259],[61.362,29.26],[61.36,29.266],[61.361,29.269],[61.36,29.274],[61.353,29.276],[61.355,29.28],[61.354,29.284],[61.351,29.285],[61.352,29.289],[61.355,29.289],[61.358,29.291],[61.363,29.291],[61.37,29.298],[61.366,29.304],[61.367,29.307],[61.365,29.31],[61.368,29.315],[61.366,29.319],[61.368,29.321],[61.37,29.32],[61.372,29.321],[61.37,29.323],[61.369,29.332],[61.373,29.339],[61.365,29.35],[61.365,29.355],[61.361,29.359],[61.365,29.359],[61.367,29.362],[61.361,29.369],[61.362,29.372],[61.359,29.376],[61.36,29.378],[61.356,29.38],[61.35,29.388],[61.348,29.387],[61.351,29.383],[61.35,29.382],[61.344,29.382],[61.342,29.384],[61.339,29.38],[61.334,29.38],[61.327,29.386],[61.309,29.395],[61.301,29.402],[61.299,29.414],[61.168,29.53],[60.873,29.858],[61.56,29.659],[62.225,29.462]]]}},{"type":"Feature","properties":{"district_code":"100","name":"KILLA ABDULLAH DISTRICT","census_name":"KILLA ABDULLAH DISTRICT","province":"BALOCHISTAN"},"geometry":{"type":"Polygon","coordinates":[[[67.005,31.286],[67.044,31.252],[67.052,31.234],[67.043,31.211],[67.031,31.204],[67.019,31.199],[66.989,31.163],[66.986,31.151],[66.975,31.138],[66.997,31.137],[67.008,31.134],[67.01,31.129],[67.024,31.115],[67.025,31.109],[67.034,31.114],[67.054,31.123],[67.093,31.143],[67.118,31.13],[67.136,31.113],[67.17,31.121],[67.182,31.096],[67.149,31.083],[67.148,31.077],[67.157,31.057],[67.175,31.034],[67.189,31.01],[67.196,31.007],[67.203,30.997],[67.184,30.982],[67.185,30.959],[67.136,30.892],[67.104,30.885],[67.063,30.85],[67.071,30.803],[67.038,30.808],[67.05,30.864],[67.04,30.882],[66.903,30.884],[66.886,30.827],[66.859,30.812],[66.845,30.818],[66.833,30.798],[66.844,30.742],[66.811,30.736],[66.822,30.704],[66.787,30.681],[66.785,30.625],[66.735,30.59],[66.768,30.565],[66.701,30.511],[66.693,30.491],[66.704,30.456],[66.664,30.441],[66.638,30.391],[66.651,30.372],[66.611,30.377],[66.567,30.216],[66.542,30.167],[66.38,30.158],[66.339,30.089],[66.24,30.061],[66.234,30.062],[66.232,30.064],[66.231,30.068],[66.229,30.069],[66.23,30.073],[66.236,30.074],[66.238,30.077],[66.241,30.077],[66.244,30.081],[66.244,30.084],[66.247,30.084],[66.25,30.088],[66.253,30.088],[66.259,30.095],[66.261,30.103],[66.26,30.109],[66.263,30.113],[66.262,30.117],[66.263,30.118],[66.264,30.124],[66.268,30.126],[66.266,30.129],[66.267,30.13],[66.274,30.131],[66.278,30.14],[66.285,30.146],[66.284,30.149],[66.289,30.153],[66.287,30.158],[66.289,30.161],[66.286,30.169],[66.289,30.176],[66.292,30.178],[66.292,30.181],[66.296,30.186],[66.296,30.19],[66.3,30.197],[66.299,30.199],[66.301,30.206],[66.301,30.208],[66.308,30.21],[66.309,30.212],[66.314,30.214],[66.313,30.222],[66.319,30.228],[66.317,30.233],[66.321,30.234],[66.321,30.24],[66.326,30.247],[66.324,30.249],[66.325,30.254],[66.323,30.255],[66.323,30.262],[66.325,30.264],[66.323,30.268],[66.328,30.274],[66.327,30.277],[66.325,30.278],[66.326,30.282],[66.325,30.284],[66.326,30.288],[66.325,30.289],[66.328,30.294],[66.329,30.298],[66.331,30.298],[66.337,30.31],[66.34,30.312],[66.341,30.317],[66.339,30.319],[66.34,30.325],[66.339,30.325],[66.339,30.332],[66.337,30.335],[66.34,30.344],[66.339,30.351],[66.337,30.354],[66.334,30.355],[66.334,30.357],[66.341,30.357],[66.345,30.355],[66.345,30.362],[66.342,30.363],[66.343,30.368],[66.342,30.375],[66.345,30.378],[66.342,30.384],[66.347,30.389],[66.348,30.395],[66.353,30.396],[66.353,30.407],[66.357,30.409],[66.362,30.419],[66.367,30.421],[66.361,30.425],[66.356,30.432],[66.349,30.433],[66.347,30.438],[66.341,30.442],[66.339,30.445],[66.341,30.452],[66.344,30.452],[66.348,30.462],[66.351,30.462],[66.353,30.465],[66.357,30.476],[66.355,30.477],[66.356,30.484],[66.351,30.483],[66.348,30.481],[66.333,30.489],[66.361,30.536],[66.491,30.564],[66.481,30.59],[66.52,30.629],[66.549,30.63],[66.568,30.61],[66.587,30.617],[66.598,30.641],[66.626,30.651],[66.634,30.701],[66.62,30.705],[66.652,30.743],[66.65,30.769],[66.687,30.769],[66.719,30.81],[66.718,30.889],[66.722,30.947],[66.655,30.929],[66.62,30.905],[66.609,30.911],[66.618,30.96],[66.615,30.966],[66.629,30.966],[66.634,30.969],[66.65,30.968],[66.664,30.971],[66.674,30.981],[66.675,30.99],[66.679,31.002],[66.693,31.006],[66.696,31.011],[66.695,31.016],[66.702,31.018],[66.733,31.032],[66.734,31.043],[66.74,31.056],[66.748,31.065],[66.755,31.068],[66.751,31.07],[66.749,31.076],[66.75,31.085],[66.754,31.091],[66.77,31.105],[66.775,31.114],[66.786,31.127],[66.772,31.215],[66.763,31.235],[66.758,31.274],[66.771,31.276],[66.808,31.27],[66.822,31.276],[66.826,31.276],[66.831,31.279],[66.872,31.282],[66.882,31.289],[66.92,31.302],[66.969,31.3],[67.005,31.286]]]}},{"type":"Feature","properties":{"district_code":"101","name":"NUSHKI DISTRICT","census_name":"NUSHKI DISTRICT","province":"BALOCHISTAN"},"geometry":{"type":"Polygon","coordinates":[[[66.288,29.858],[66.308,29.828],[66.283,29.785],[66.28,29.743],[66.296,29.655],[66.329,29.628],[66.326,29.601],[66.299,29.586],[66.268,29.536],[66.243,29.451],[66.156,29.331],[66.136,29.323],[66.09,29.342],[66.06,29.309],[66.048,29.253],[66.006,29.195],[65.889,29.142],[65.856,29.131],[65.832,29.155],[65.828,29.143],[65.726,29.141],[65.698,29.127],[65.689,29.089],[65.63,29.067],[65.596,29.033],[65.47,29.036],[65.465,29.071],[65.267,29.417],[65.136,29.549],[66.252,29.849],[66.254,29.854],[66.26,29.858],[66.262,29.856],[66.267,29.858],[66.268,29.863],[66.288,29.858]]]}},{"type":"Feature","properties":{"district_code":"102","name":"PISHIN DISTRICT","census_name":"PISHIN DISTRICT","province":"BALOCHISTAN"},"geometry":{"type":"Polygon","coordinates":[[[67.424,31.223],[67.425,31.206],[67.498,31.196],[67.561,31.152],[67.605,31.143],[67.626,31.161],[67.676,31.147],[67.824,31.144],[67.807,31.101],[67.814,31.073],[67.8,31.061],[67.768,31.077],[67.755,31.065],[67.772,31.051],[67.736,30.976],[67.689,30.981],[67.712,31.021],[67.64,30.95],[67.644,30.935],[67.589,30.9],[67.472,30.867],[67.442,30.825],[67.487,30.804],[67.47,30.766],[67.469,30.75],[67.492,30.735],[67.475,30.7],[67.483,30.672],[67.506,30.666],[67.65,30.685],[67.684,30.66],[67.699,30.591],[67.564,30.573],[67.537,30.527],[67.525,30.545],[67.461,30.569],[67.44,30.605],[67.405,30.607],[67.319,30.546],[67.285,30.536],[67.232,30.475],[67.217,30.438],[67.187,30.453],[67.142,30.431],[67.124,30.436],[67.055,30.371],[66.984,30.379],[66.961,30.391],[66.939,30.436],[66.894,30.419],[66.862,30.385],[66.844,30.332],[66.76,30.197],[66.731,30.173],[66.692,30.171],[66.567,30.216],[66.611,30.377],[66.651,30.372],[66.638,30.391],[66.664,30.441],[66.704,30.456],[66.693,30.491],[66.701,30.511],[66.768,30.565],[66.735,30.59],[66.785,30.625],[66.787,30.681],[66.822,30.704],[66.811,30.736],[66.844,30.742],[66.833,30.798],[66.845,30.818],[66.859,30.812],[66.886,30.827],[66.903,30.884],[67.04,30.882],[67.05,30.864],[67.038,30.808],[67.071,30.803],[67.063,30.85],[67.104,30.885],[67.136,30.892],[67.185,30.959],[67.184,30.982],[67.203,30.997],[67.196,31.007],[67.217,31.015],[67.22,31.028],[67.217,31.042],[67.21,31.057],[67.231,31.119],[67.257,31.135],[67.255,31.147],[67.251,31.156],[67.251,31.166],[67.261,31.204],[67.263,31.203],[67.262,31.201],[67.265,31.2],[67.271,31.199],[67.273,31.2],[67.278,31.198],[67.279,31.204],[67.282,31.203],[67.288,31.206],[67.292,31.204],[67.292,31.207],[67.297,31.206],[67.302,31.213],[67.305,31.209],[67.31,31.209],[67.309,31.205],[67.312,31.203],[67.316,31.203],[67.316,31.207],[67.318,31.209],[67.32,31.207],[67.329,31.207],[67.33,31.203],[67.333,31.204],[67.334,31.207],[67.345,31.205],[67.345,31.21],[67.355,31.212],[67.357,31.209],[67.363,31.211],[67.362,31.209],[67.368,31.207],[67.371,31.209],[67.376,31.208],[67.376,31.212],[67.379,31.214],[67.382,31.212],[67.384,31.213],[67.386,31.213],[67.388,31.208],[67.394,31.214],[67.399,31.211],[67.403,31.212],[67.404,31.213],[67.402,31.217],[67.409,31.222],[67.411,31.219],[67.416,31.218],[67.422,31.223],[67.424,31.223]]]}},{"type":"Feature","properties":{"district_code":"103","name":"QUETTA DISTRICT","census_name":"QUETTA DISTRICT","province":"BALOCHISTAN"},"geometry":{"type":"Polygon","coordinates":[[[67.217,30.438],[67.198,30.41],[67.256,30.423],[67.25,30.381],[67.226,30.371],[67.217,30.352],[67.25,30.301],[67.26,30.326],[67.288,30.32],[67.293,30.296],[67.225,30.234],[67.2,30.255],[67.193,30.241],[67.2,30.196],[67.223,30.166],[67.285,30.139],[67.284,30.121],[67.317,30.095],[67.286,30.114],[67.266,30.081],[67.303,30.06],[67.315,30.066],[67.315,30.051],[67.352,30.021],[67.402,30.04],[67.413,30.034],[67.408,30.015],[67.355,29.995],[67.371,29.929],[67.365,29.928],[67.343,29.907],[67.316,29.942],[67.29,29.92],[67.29,29.933],[67.237,29.98],[67.216,29.967],[67.162,29.997],[67.101,30.004],[67.103,30.037],[67.089,30.033],[67.08,30.06],[67.027,30.053],[66.972,30.037],[66.899,30.05],[66.848,30.026],[66.863,30.068],[66.827,30.08],[66.825,30.105],[66.743,30.094],[66.724,30.114],[66.705,30.099],[66.719,30.088],[66.714,30.071],[66.675,30.031],[66.66,29.948],[66.62,29.908],[66.621,29.87],[66.617,29.855],[66.602,29.867],[66.599,29.817],[66.552,29.801],[66.476,29.81],[66.347,29.852],[66.327,29.901],[66.323,29.917],[66.334,29.926],[66.346,29.95],[66.358,29.96],[66.35,29.96],[66.349,29.962],[66.35,29.966],[66.355,29.969],[66.352,29.971],[66.351,29.975],[66.349,29.976],[66.353,29.978],[66.3,30.016],[66.289,30.022],[66.242,30.055],[66.24,30.061],[66.339,30.089],[66.38,30.158],[66.542,30.167],[66.567,30.216],[66.692,30.171],[66.731,30.173],[66.76,30.197],[66.844,30.332],[66.862,30.385],[66.894,30.419],[66.939,30.436],[66.961,30.391],[66.984,30.379],[67.055,30.371],[67.124,30.436],[67.142,30.431],[67.187,30.453],[67.217,30.438]]]}},{"type":"Feature","properties":{"district_code":"104","name":"DERA BUGTI DISTRICT","census_name":"DERA BUGTI DISTRICT","province":"BALOCHISTAN"},"geometry":{"type":"Polygon","coordinates":[[[69.765,29.833],[69.768,29.777],[69.732,29.745],[69.693,29.78],[69.68,29.747],[69.66,29.746],[69.658,29.786],[69.573,29.73],[69.61,29.674],[69.599,29.673],[69.585,29.63],[69.596,29.615],[69.531,29.615],[69.531,29.584],[69.562,29.556],[69.586,29.571],[69.586,29.509],[69.631,29.5],[69.643,29.482],[69.688,29.479],[69.667,29.461],[69.67,29.365],[69.649,29.335],[69.613,29.319],[69.644,29.295],[69.665,29.311],[69.665,29.286],[69.73,29.249],[69.73,29.192],[69.689,29.122],[69.54,29.037],[69.607,29.016],[69.592,28.997],[69.618,28.966],[69.602,28.882],[69.552,28.862],[69.561,28.791],[69.593,28.711],[69.556,28.701],[69.536,28.67],[69.519,28.631],[69.378,28.55],[69.379,28.531],[69.32,28.546],[69.36,28.453],[69.317,28.452],[69.314,28.43],[69.263,28.451],[69.251,28.436],[69.255,28.451],[69.237,28.459],[69.199,28.454],[69.184,28.455],[69.185,28.47],[69.121,28.487],[69.044,28.455],[68.941,28.475],[68.854,28.457],[68.802,28.477],[68.703,28.532],[68.646,28.548],[68.602,28.593],[68.578,28.615],[68.49,28.65],[68.502,28.671],[68.492,28.794],[68.448,28.878],[68.473,28.953],[68.481,28.988],[68.411,28.981],[68.369,29.068],[68.276,29.178],[68.279,29.213],[68.334,29.269],[68.445,29.223],[68.482,29.222],[68.647,29.267],[68.884,29.232],[68.883,29.273],[68.898,29.302],[68.88,29.309],[68.873,29.296],[68.86,29.321],[68.825,29.324],[68.841,29.339],[68.907,29.329],[68.914,29.341],[68.939,29.329],[68.936,29.309],[68.954,29.325],[68.996,29.303],[69.059,29.301],[69.091,29.268],[69.133,29.253],[69.205,29.269],[69.24,29.32],[69.264,29.346],[69.328,29.36],[69.369,29.4],[69.41,29.417],[69.465,29.413],[69.447,29.431],[69.469,29.462],[69.443,29.484],[69.472,29.491],[69.496,29.474],[69.52,29.497],[69.488,29.526],[69.523,29.562],[69.499,29.578],[69.517,29.614],[69.529,29.615],[69.51,29.625],[69.515,29.642],[69.499,29.643],[69.552,29.676],[69.566,29.705],[69.552,29.728],[69.557,29.749],[69.665,29.815],[69.695,29.785],[69.755,29.861],[69.749,29.837],[69.765,29.833]]]}},{"type":"Feature","properties":{"district_code":"105","name":"HARNAI DISTRICT","census_name":"HARNAI DISTRICT","province":"BALOCHISTAN"},"geometry":{"type":"Polygon","coordinates":[[[67.347,30.376],[67.465,30.321],[67.487,30.338],[67.516,30.307],[67.553,30.354],[67.541,30.376],[67.625,30.349],[67.642,30.298],[67.669,30.295],[67.744,30.326],[67.758,30.351],[67.781,30.335],[67.798,30.339],[67.806,30.318],[67.85,30.312],[67.899,30.323],[67.934,30.298],[68.041,30.264],[68.065,30.231],[68.135,30.217],[68.212,30.171],[68.227,30.138],[68.381,30.058],[68.394,30.028],[68.463,29.966],[68.439,29.963],[68.407,29.997],[68.371,30.0],[68.375,30.021],[68.316,30.039],[68.297,30.0],[68.182,29.992],[68.138,29.975],[68.168,29.965],[68.163,29.942],[68.226,29.923],[68.095,29.899],[68.107,29.886],[68.097,29.877],[68.056,29.899],[68.07,29.921],[68.022,29.96],[68.022,29.982],[68.06,29.989],[68.056,30.004],[68.067,30.006],[68.035,30.061],[68.001,30.059],[67.969,30.035],[67.969,30.016],[67.888,30.027],[67.873,30.021],[67.841,30.017],[67.779,30.013],[67.764,30.025],[67.794,30.047],[67.774,30.074],[67.686,30.124],[67.638,30.12],[67.566,30.096],[67.536,30.038],[67.499,30.027],[67.432,30.047],[67.402,30.04],[67.352,30.021],[67.315,30.051],[67.315,30.066],[67.303,30.06],[67.266,30.081],[67.286,30.114],[67.317,30.095],[67.284,30.121],[67.285,30.139],[67.223,30.166],[67.2,30.196],[67.193,30.241],[67.2,30.255],[67.225,30.234],[67.293,30.296],[67.288,30.32],[67.26,30.326],[67.25,30.301],[67.217,30.352],[67.226,30.371],[67.297,30.385],[67.347,30.376]]]}},{"type":"Feature","properties":{"district_code":"106","name":"KOHLU DISTRICT","census_name":"KOHLU DISTRICT","province":"BALOCHISTAN"},"geometry":{"type":"Polygon","coordinates":[[[69.503,30.066],[69.474,30.013],[69.478,29.981],[69.451,29.948],[69.408,29.928],[69.392,29.889],[69.34,29.885],[69.327,29.87],[69.244,29.84],[69.181,29.805],[69.153,29.771],[69.081,29.743],[69.067,29.733],[69.089,29.688],[69.178,29.638],[69.252,29.611],[69.311,29.619],[69.499,29.694],[69.524,29.732],[69.557,29.749],[69.552,29.728],[69.566,29.705],[69.552,29.676],[69.499,29.643],[69.515,29.642],[69.51,29.625],[69.529,29.615],[69.517,29.614],[69.499,29.578],[69.523,29.562],[69.488,29.526],[69.52,29.497],[69.496,29.474],[69.472,29.491],[69.443,29.484],[69.469,29.462],[69.447,29.431],[69.465,29.413],[69.41,29.417],[69.369,29.4],[69.328,29.36],[69.264,29.346],[69.24,29.32],[69.205,29.269],[69.133,29.253],[69.091,29.268],[69.059,29.301],[68.996,29.303],[68.954,29.325],[68.936,29.309],[68.939,29.329],[68.914,29.341],[68.907,29.329],[68.841,29.339],[68.825,29.324],[68.86,29.321],[68.873,29.296],[68.88,29.309],[68.898,29.302],[68.883,29.273],[68.884,29.232],[68.647,29.267],[68.482,29.222],[68.445,29.223],[68.334,29.269],[68.18,29.372],[68.153,29.409],[68.102,29.422],[68.126,29.453],[68.142,29.484],[68.2,29.489],[68.296,29.522],[68.342,29.524],[68.376,29.542],[68.372,29.587],[68.392,29.605],[68.385,29.624],[68.455,29.618],[68.482,29.601],[68.499,29.607],[68.483,29.646],[68.509,29.728],[68.466,29.732],[68.443,29.793],[68.446,29.807],[68.476,29.802],[68.484,29.811],[68.477,29.84],[68.491,29.857],[68.402,29.912],[68.401,29.957],[68.463,29.966],[68.52,29.93],[68.639,29.913],[68.77,29.927],[68.885,29.989],[68.982,29.995],[69.047,29.975],[69.081,29.99],[69.147,29.988],[69.187,30.005],[69.313,30.008],[69.381,30.027],[69.412,30.065],[69.416,30.048],[69.454,30.044],[69.467,30.068],[69.503,30.066]]]}},{"type":"Feature","properties":{"district_code":"107","name":"SIBI DISTRICT","census_name":"SIBI DISTRICT","province":"BALOCHISTAN"},"geometry":{"type":"Polygon","coordinates":[[[67.794,30.047],[67.764,30.025],[67.779,30.013],[67.841,30.017],[67.873,30.021],[67.888,30.027],[67.969,30.016],[67.969,30.035],[68.001,30.059],[68.035,30.061],[68.067,30.006],[68.056,30.004],[68.06,29.989],[68.022,29.982],[68.022,29.96],[68.07,29.921],[68.056,29.899],[68.097,29.877],[68.107,29.886],[68.095,29.899],[68.226,29.923],[68.163,29.942],[68.168,29.965],[68.138,29.975],[68.182,29.992],[68.297,30.0],[68.316,30.039],[68.375,30.021],[68.371,30.0],[68.407,29.997],[68.439,29.963],[68.401,29.957],[68.402,29.912],[68.491,29.857],[68.477,29.84],[68.484,29.811],[68.476,29.802],[68.446,29.807],[68.443,29.793],[68.466,29.732],[68.509,29.728],[68.483,29.646],[68.499,29.607],[68.482,29.601],[68.455,29.618],[68.385,29.624],[68.392,29.605],[68.372,29.587],[68.376,29.542],[68.342,29.524],[68.296,29.522],[68.2,29.489],[68.142,29.484],[68.126,29.453],[68.102,29.422],[68.153,29.409],[68.18,29.372],[68.334,29.269],[68.279,29.213],[68.276,29.178],[68.369,29.068],[68.315,29.082],[68.323,29.051],[68.3,29.044],[68.265,29.064],[68.266,29.042],[68.18,29.056],[68.164,29.045],[68.17,29.036],[68.188,29.042],[68.179,29.032],[68.153,29.042],[68.154,29.055],[68.134,29.052],[68.175,29.02],[68.224,28.948],[68.189,28.94],[68.174,28.884],[68.097,28.891],[68.097,28.826],[68.014,28.803],[68.019,28.776],[67.994,28.773],[67.966,28.812],[67.996,28.877],[68.0,28.926],[67.972,28.935],[67.98,28.958],[67.939,28.969],[67.943,28.996],[67.919,29.004],[67.941,29.03],[67.923,29.115],[67.945,29.066],[67.977,29.073],[67.971,29.088],[67.987,29.102],[67.967,29.144],[67.99,29.152],[68.012,29.194],[67.992,29.193],[67.978,29.255],[67.998,29.255],[68.02,29.29],[67.992,29.36],[67.987,29.376],[67.95,29.299],[67.926,29.296],[67.918,29.318],[67.882,29.316],[67.869,29.353],[67.889,29.359],[67.877,29.433],[67.833,29.442],[67.808,29.434],[67.827,29.455],[67.811,29.486],[67.814,29.537],[67.8,29.558],[67.8,29.576],[67.776,29.599],[67.695,29.602],[67.673,29.647],[67.56,29.671],[67.537,29.696],[67.533,29.784],[67.469,29.878],[67.482,29.894],[67.447,29.912],[67.428,29.903],[67.374,29.931],[67.371,29.929],[67.355,29.995],[67.408,30.015],[67.413,30.034],[67.402,30.04],[67.432,30.047],[67.499,30.027],[67.536,30.038],[67.566,30.096],[67.638,30.12],[67.686,30.124],[67.774,30.074],[67.794,30.047]]]}},{"type":"Feature","properties":{"district_code":"108","name":"ZIARAT DISTRICT","census_name":"ZIARAT DISTRICT","province":"BALOCHISTAN"},"geometry":{"type":"Polygon","coordinates":[[[67.525,30.545],[67.537,30.527],[67.564,30.573],[67.699,30.591],[67.727,30.554],[67.78,30.518],[67.785,30.499],[67.849,30.5],[67.923,30.493],[67.961,30.475],[67.971,30.493],[68.028,30.478],[68.05,30.484],[68.065,30.524],[68.166,30.512],[68.217,30.519],[68.214,30.497],[68.238,30.482],[68.224,30.454],[68.313,30.44],[68.326,30.384],[68.386,30.37],[68.51,30.388],[68.537,30.368],[68.508,30.364],[68.485,30.343],[68.514,30.295],[68.564,30.293],[68.574,30.263],[68.693,30.264],[68.746,30.252],[68.772,30.214],[68.68,30.212],[68.666,30.233],[68.544,30.239],[68.46,30.185],[68.316,30.169],[68.271,30.18],[68.212,30.171],[68.135,30.217],[68.065,30.231],[68.041,30.264],[67.934,30.298],[67.899,30.323],[67.85,30.312],[67.806,30.318],[67.798,30.339],[67.781,30.335],[67.758,30.351],[67.744,30.326],[67.669,30.295],[67.642,30.298],[67.625,30.349],[67.541,30.376],[67.553,30.354],[67.516,30.307],[67.487,30.338],[67.465,30.321],[67.347,30.376],[67.297,30.385],[67.226,30.371],[67.25,30.381],[67.256,30.423],[67.198,30.41],[67.217,30.438],[67.232,30.475],[67.285,30.536],[67.319,30.546],[67.405,30.607],[67.44,30.605],[67.461,30.569],[67.525,30.545]]]}},{"type":"Feature","properties":{"district_code":"109","name":"BARKHAN DISTRICT","census_name":"BARKHAN DISTRICT","province":"BALOCHISTAN"},"geometry":{"type":"Polygon","coordinates":[[[69.822,30.29],[69.863,30.308],[69.88,30.33],[69.965,30.322],[69.961,30.292],[69.982,30.298],[69.957,30.263],[69.96,30.219],[69.998,30.27],[70.026,30.261],[70.032,30.239],[70.017,30.183],[70.005,30.183],[69.988,30.139],[69.985,30.091],[69.975,30.101],[69.966,30.093],[69.955,30.006],[69.935,30.011],[69.923,29.975],[69.903,29.947],[69.887,29.901],[69.843,29.807],[69.821,29.808],[69.77,29.75],[69.75,29.734],[69.736,29.739],[69.692,29.697],[69.61,29.674],[69.573,29.73],[69.658,29.786],[69.66,29.746],[69.68,29.747],[69.693,29.78],[69.732,29.745],[69.768,29.777],[69.765,29.833],[69.749,29.837],[69.755,29.861],[69.695,29.785],[69.665,29.815],[69.557,29.749],[69.524,29.732],[69.499,29.694],[69.311,29.619],[69.252,29.611],[69.178,29.638],[69.089,29.688],[69.067,29.733],[69.081,29.743],[69.153,29.771],[69.181,29.805],[69.244,29.84],[69.327,29.87],[69.34,29.885],[69.392,29.889],[69.408,29.928],[69.451,29.948],[69.478,29.981],[69.474,30.013],[69.503,30.066],[69.467,30.068],[69.454,30.044],[69.416,30.048],[69.412,30.065],[69.589,30.233],[69.562,30.156],[69.608,30.139],[69.647,30.182],[69.647,30.211],[69.685,30.25],[69.744,30.357],[69.765,30.344],[69.784,30.293],[69.822,30.29]]]}},{"type":"Feature","properties":{"district_code":"110","name":"KILLA SAIFULLAH DISTRICT","census_name":"KILLA SAIFULLAH DISTRICT","province":"BALOCHISTAN"},"geometry":{"type":"Polygon","coordinates":[[[67.893,31.631],[67.894,31.629],[67.904,31.625],[67.925,31.546],[67.975,31.543],[68.004,31.502],[68.177,31.359],[68.245,31.32],[68.398,31.282],[68.573,31.35],[68.677,31.224],[68.685,31.203],[68.671,31.177],[68.763,31.151],[68.791,31.166],[68.826,31.166],[68.841,31.145],[68.836,31.118],[68.86,31.113],[68.957,31.112],[68.994,31.141],[69.01,31.117],[69.041,31.137],[69.075,31.131],[69.103,31.142],[69.127,31.129],[69.148,31.087],[69.2,31.075],[69.225,31.047],[69.223,31.026],[69.201,31.023],[69.19,31.002],[69.287,30.977],[69.296,30.957],[69.284,30.941],[69.239,30.939],[69.255,30.836],[69.152,30.804],[69.059,30.753],[69.08,30.714],[69.063,30.707],[69.068,30.699],[69.084,30.69],[69.128,30.7],[69.155,30.684],[69.158,30.665],[69.105,30.653],[69.042,30.599],[68.932,30.563],[68.926,30.585],[68.873,30.566],[68.843,30.543],[68.856,30.524],[68.765,30.507],[68.75,30.54],[68.696,30.569],[68.654,30.57],[68.645,30.621],[68.604,30.617],[68.534,30.588],[68.504,30.561],[68.444,30.541],[68.394,30.578],[68.364,30.584],[68.262,30.545],[68.226,30.547],[68.185,30.557],[68.149,30.607],[68.015,30.604],[67.992,30.584],[67.924,30.627],[67.807,30.611],[67.731,30.621],[67.693,30.617],[67.684,30.66],[67.65,30.685],[67.506,30.666],[67.483,30.672],[67.475,30.7],[67.492,30.735],[67.469,30.75],[67.47,30.766],[67.487,30.804],[67.442,30.825],[67.472,30.867],[67.589,30.9],[67.644,30.935],[67.64,30.95],[67.712,31.021],[67.689,30.981],[67.736,30.976],[67.772,31.051],[67.755,31.065],[67.768,31.077],[67.8,31.061],[67.814,31.073],[67.807,31.101],[67.824,31.144],[67.676,31.147],[67.626,31.161],[67.605,31.143],[67.561,31.152],[67.498,31.196],[67.425,31.206],[67.424,31.223],[67.449,31.227],[67.451,31.228],[67.452,31.231],[67.456,31.23],[67.457,31.232],[67.461,31.233],[67.463,31.235],[67.464,31.234],[67.467,31.237],[67.47,31.238],[67.47,31.234],[67.472,31.233],[67.479,31.237],[67.482,31.235],[67.484,31.232],[67.488,31.235],[67.494,31.236],[67.494,31.24],[67.499,31.24],[67.503,31.241],[67.505,31.244],[67.506,31.243],[67.513,31.244],[67.514,31.249],[67.519,31.252],[67.53,31.251],[67.535,31.253],[67.538,31.256],[67.548,31.263],[67.548,31.262],[67.553,31.263],[67.562,31.262],[67.571,31.267],[67.579,31.265],[67.588,31.27],[67.592,31.268],[67.592,31.27],[67.593,31.269],[67.597,31.271],[67.598,31.27],[67.597,31.269],[67.604,31.267],[67.624,31.273],[67.626,31.275],[67.637,31.277],[67.64,31.28],[67.644,31.277],[67.649,31.278],[67.653,31.283],[67.661,31.284],[67.663,31.287],[67.669,31.288],[67.673,31.292],[67.676,31.292],[67.678,31.297],[67.683,31.299],[67.689,31.306],[67.703,31.315],[67.704,31.317],[67.704,31.315],[67.706,31.316],[67.709,31.32],[67.718,31.322],[67.722,31.327],[67.727,31.326],[67.733,31.327],[67.747,31.323],[67.766,31.321],[67.774,31.323],[67.787,31.332],[67.752,31.367],[67.741,31.414],[67.691,31.401],[67.65,31.392],[67.645,31.393],[67.652,31.397],[67.651,31.399],[67.646,31.396],[67.636,31.397],[67.635,31.405],[67.633,31.406],[67.634,31.409],[67.631,31.411],[67.633,31.414],[67.63,31.415],[67.629,31.417],[67.613,31.413],[67.6,31.426],[67.609,31.449],[67.592,31.476],[67.59,31.476],[67.589,31.48],[67.593,31.485],[67.584,31.493],[67.582,31.497],[67.585,31.5],[67.584,31.504],[67.587,31.506],[67.581,31.507],[67.582,31.51],[67.578,31.513],[67.575,31.519],[67.568,31.523],[67.57,31.526],[67.577,31.525],[67.58,31.524],[67.579,31.52],[67.581,31.522],[67.585,31.52],[67.585,31.524],[67.589,31.525],[67.594,31.523],[67.598,31.528],[67.601,31.524],[67.607,31.527],[67.615,31.525],[67.621,31.529],[67.623,31.527],[67.623,31.525],[67.624,31.523],[67.627,31.526],[67.639,31.533],[67.64,31.529],[67.647,31.529],[67.653,31.526],[67.655,31.518],[67.671,31.516],[67.674,31.519],[67.678,31.519],[67.681,31.521],[67.684,31.518],[67.7,31.516],[67.702,31.514],[67.707,31.516],[67.709,31.513],[67.716,31.514],[67.719,31.52],[67.73,31.525],[67.735,31.525],[67.739,31.528],[67.742,31.528],[67.749,31.533],[67.755,31.547],[67.758,31.548],[67.761,31.548],[67.769,31.557],[67.776,31.561],[67.783,31.562],[67.8,31.572],[67.805,31.58],[67.805,31.585],[67.815,31.589],[67.817,31.592],[67.817,31.597],[67.824,31.603],[67.826,31.603],[67.834,31.609],[67.838,31.609],[67.838,31.613],[67.842,31.612],[67.845,31.614],[67.846,31.612],[67.847,31.615],[67.855,31.62],[67.858,31.624],[67.886,31.631],[67.893,31.631]]]}},{"type":"Feature","properties":{"district_code":"111","name":"LORALAI DISTRICT","census_name":"LORALAI DISTRICT","province":"BALOCHISTAN"},"geometry":{"type":"Polygon","coordinates":[[[69.208,30.637],[69.239,30.617],[69.27,30.623],[69.345,30.611],[69.372,30.572],[69.536,30.474],[69.574,30.444],[69.558,30.44],[69.475,30.346],[69.331,30.336],[69.277,30.346],[69.196,30.384],[69.024,30.32],[69.011,30.302],[68.983,30.297],[68.871,30.296],[68.763,30.265],[68.574,30.263],[68.564,30.293],[68.514,30.295],[68.485,30.343],[68.508,30.364],[68.537,30.368],[68.51,30.388],[68.386,30.37],[68.326,30.384],[68.313,30.44],[68.224,30.454],[68.238,30.482],[68.214,30.497],[68.217,30.519],[68.166,30.512],[68.065,30.524],[68.05,30.484],[68.028,30.478],[67.971,30.493],[67.961,30.475],[67.923,30.493],[67.849,30.5],[67.785,30.499],[67.78,30.518],[67.727,30.554],[67.699,30.591],[67.693,30.617],[67.731,30.621],[67.807,30.611],[67.924,30.627],[67.992,30.584],[68.015,30.604],[68.149,30.607],[68.185,30.557],[68.226,30.547],[68.262,30.545],[68.364,30.584],[68.394,30.578],[68.444,30.541],[68.504,30.561],[68.534,30.588],[68.604,30.617],[68.645,30.621],[68.654,30.57],[68.696,30.569],[68.75,30.54],[68.765,30.507],[68.856,30.524],[68.843,30.543],[68.873,30.566],[68.926,30.585],[68.932,30.563],[69.042,30.599],[69.105,30.653],[69.158,30.665],[69.155,30.684],[69.212,30.677],[69.208,30.637]]]}},{"type":"Feature","properties":{"district_code":"112","name":"MUSAKHEL DISTRICT","census_name":"MUSAKHEL DISTRICT","province":"BALOCHISTAN"},"geometry":{"type":"Polygon","coordinates":[[[70.243,31.485],[70.273,31.241],[70.236,31.234],[70.215,31.115],[70.246,31.069],[70.231,31.038],[70.231,30.909],[70.223,30.871],[70.265,30.872],[70.262,30.831],[70.223,30.826],[70.218,30.784],[70.168,30.774],[70.15,30.712],[70.157,30.666],[70.097,30.667],[70.096,30.633],[70.088,30.587],[70.044,30.498],[70.005,30.453],[69.998,30.384],[69.965,30.322],[69.88,30.33],[69.863,30.308],[69.822,30.29],[69.784,30.293],[69.765,30.344],[69.744,30.357],[69.681,30.357],[69.637,30.383],[69.639,30.41],[69.574,30.444],[69.536,30.474],[69.555,30.477],[69.562,30.491],[69.54,30.5],[69.529,30.538],[69.477,30.537],[69.468,30.587],[69.532,30.652],[69.534,30.718],[69.571,30.736],[69.588,30.725],[69.593,30.734],[69.577,30.785],[69.622,30.824],[69.634,30.868],[69.716,30.974],[69.732,31.032],[69.704,31.061],[69.725,31.098],[69.699,31.108],[69.708,31.146],[69.698,31.181],[69.716,31.22],[69.698,31.241],[69.721,31.266],[69.781,31.25],[69.798,31.262],[69.817,31.256],[69.833,31.276],[69.865,31.246],[69.935,31.273],[69.967,31.259],[69.981,31.296],[70.028,31.309],[70.018,31.373],[70.049,31.373],[70.077,31.372],[70.081,31.44],[70.112,31.44],[70.129,31.471],[70.206,31.489],[70.243,31.485]]]}},{"type":"Feature","properties":{"district_code":"113","name":"SHERANI DISTRICT","census_name":"SHERANI DISTRICT","province":"BALOCHISTAN"},"geometry":{"type":"Polygon","coordinates":[[[69.851,31.92],[69.854,31.884],[69.895,31.885],[69.924,31.921],[69.957,31.935],[69.96,31.896],[69.939,31.851],[69.941,31.799],[69.957,31.783],[69.947,31.766],[69.945,31.54],[69.971,31.51],[70.011,31.511],[70.023,31.492],[70.056,31.385],[70.049,31.373],[70.018,31.373],[70.028,31.309],[69.981,31.296],[69.967,31.259],[69.935,31.273],[69.865,31.246],[69.833,31.276],[69.817,31.256],[69.798,31.262],[69.781,31.25],[69.721,31.266],[69.735,31.321],[69.668,31.325],[69.624,31.312],[69.591,31.329],[69.625,31.36],[69.612,31.401],[69.636,31.439],[69.604,31.455],[69.604,31.479],[69.618,31.484],[69.622,31.462],[69.64,31.461],[69.655,31.492],[69.634,31.504],[69.644,31.539],[69.598,31.56],[69.607,31.579],[69.598,31.614],[69.572,31.632],[69.581,31.704],[69.622,31.821],[69.605,31.882],[69.559,31.943],[69.553,31.954],[69.628,32.001],[69.658,32.056],[69.748,32.078],[69.851,32.091],[69.837,32.07],[69.802,32.022],[69.88,31.979],[69.874,31.946],[69.851,31.92]]]}},{"type":"Feature","properties":{"district_code":"114","name":"ZHOB DISTRICT","census_name":"ZHOB DISTRICT","province":"BALOCHISTAN"},"geometry":{"type":"Polygon","coordinates":[[[69.559,31.943],[69.605,31.882],[69.622,31.821],[69.581,31.704],[69.572,31.632],[69.598,31.614],[69.607,31.579],[69.598,31.56],[69.644,31.539],[69.634,31.504],[69.655,31.492],[69.64,31.461],[69.622,31.462],[69.618,31.484],[69.604,31.479],[69.604,31.455],[69.636,31.439],[69.612,31.401],[69.625,31.36],[69.591,31.329],[69.624,31.312],[69.668,31.325],[69.735,31.321],[69.721,31.266],[69.698,31.241],[69.716,31.22],[69.698,31.181],[69.708,31.146],[69.699,31.108],[69.725,31.098],[69.704,31.061],[69.732,31.032],[69.716,30.974],[69.634,30.868],[69.622,30.824],[69.577,30.785],[69.593,30.734],[69.588,30.725],[69.571,30.736],[69.534,30.718],[69.532,30.652],[69.468,30.587],[69.477,30.537],[69.529,30.538],[69.54,30.5],[69.562,30.491],[69.555,30.477],[69.536,30.474],[69.372,30.572],[69.345,30.611],[69.27,30.623],[69.239,30.617],[69.208,30.637],[69.212,30.677],[69.155,30.684],[69.128,30.7],[69.084,30.69],[69.068,30.699],[69.063,30.707],[69.08,30.714],[69.059,30.753],[69.152,30.804],[69.255,30.836],[69.239,30.939],[69.284,30.941],[69.296,30.957],[69.287,30.977],[69.19,31.002],[69.201,31.023],[69.223,31.026],[69.225,31.047],[69.2,31.075],[69.148,31.087],[69.127,31.129],[69.103,31.142],[69.075,31.131],[69.041,31.137],[69.01,31.117],[68.994,31.141],[68.957,31.112],[68.86,31.113],[68.836,31.118],[68.841,31.145],[68.826,31.166],[68.791,31.166],[68.763,31.151],[68.671,31.177],[68.685,31.203],[68.677,31.224],[68.573,31.35],[68.398,31.282],[68.245,31.32],[68.177,31.359],[68.004,31.502],[67.975,31.543],[67.925,31.546],[67.904,31.625],[67.915,31.629],[67.919,31.635],[67.922,31.636],[67.927,31.635],[67.93,31.637],[67.938,31.633],[67.952,31.636],[67.955,31.635],[67.958,31.636],[67.959,31.635],[67.962,31.639],[67.977,31.641],[67.985,31.645],[67.986,31.649],[67.99,31.652],[67.992,31.651],[67.995,31.655],[68.001,31.658],[68.003,31.656],[68.006,31.658],[68.011,31.664],[68.01,31.666],[68.016,31.669],[68.024,31.672],[68.025,31.674],[68.03,31.676],[68.037,31.677],[68.04,31.68],[68.042,31.679],[68.047,31.684],[68.05,31.685],[68.053,31.69],[68.065,31.693],[68.07,31.696],[68.071,31.7],[68.069,31.702],[68.072,31.702],[68.071,31.704],[68.072,31.705],[68.07,31.707],[68.072,31.708],[68.071,31.709],[68.072,31.717],[68.074,31.718],[68.075,31.721],[68.084,31.725],[68.083,31.73],[68.085,31.731],[68.093,31.735],[68.094,31.741],[68.107,31.748],[68.113,31.748],[68.147,31.804],[68.171,31.835],[68.18,31.817],[68.266,31.803],[68.254,31.784],[68.279,31.757],[68.367,31.759],[68.394,31.758],[68.395,31.741],[68.399,31.732],[68.401,31.705],[68.408,31.705],[68.419,31.709],[68.421,31.724],[68.419,31.742],[68.423,31.756],[68.428,31.756],[68.433,31.752],[68.438,31.752],[68.441,31.748],[68.443,31.75],[68.445,31.745],[68.448,31.745],[68.448,31.742],[68.454,31.743],[68.461,31.735],[68.464,31.738],[68.469,31.735],[68.474,31.736],[68.475,31.739],[68.481,31.738],[68.484,31.741],[68.49,31.738],[68.493,31.741],[68.494,31.739],[68.497,31.738],[68.498,31.74],[68.497,31.74],[68.5,31.742],[68.503,31.739],[68.509,31.739],[68.516,31.735],[68.523,31.735],[68.526,31.73],[68.531,31.729],[68.538,31.722],[68.542,31.72],[68.546,31.716],[68.544,31.713],[68.565,31.715],[68.591,31.753],[68.517,31.757],[68.503,31.756],[68.494,31.751],[68.478,31.75],[68.475,31.748],[68.468,31.747],[68.458,31.75],[68.455,31.757],[68.449,31.762],[68.441,31.763],[68.433,31.76],[68.433,31.763],[68.475,31.773],[68.556,31.824],[68.576,31.834],[68.643,31.778],[68.709,31.771],[68.722,31.709],[68.728,31.695],[68.759,31.668],[68.76,31.669],[68.767,31.669],[68.769,31.666],[68.774,31.665],[68.775,31.667],[68.783,31.66],[68.784,31.656],[68.787,31.654],[68.785,31.649],[68.79,31.639],[68.788,31.634],[68.791,31.633],[68.79,31.628],[68.792,31.627],[68.789,31.624],[68.79,31.622],[68.793,31.622],[68.793,31.624],[68.799,31.627],[68.799,31.624],[68.795,31.621],[68.797,31.62],[68.798,31.617],[68.8,31.619],[68.803,31.619],[68.805,31.618],[68.803,31.616],[68.807,31.611],[68.81,31.611],[68.811,31.613],[68.815,31.61],[68.818,31.615],[68.82,31.615],[68.83,31.605],[68.834,31.606],[68.84,31.61],[68.84,31.605],[68.845,31.607],[68.843,31.602],[68.846,31.6],[68.849,31.601],[68.85,31.599],[68.854,31.595],[68.856,31.596],[68.856,31.593],[68.858,31.598],[68.864,31.596],[68.864,31.599],[68.867,31.6],[68.867,31.603],[68.869,31.604],[68.871,31.608],[68.873,31.606],[68.88,31.604],[68.89,31.604],[68.892,31.607],[68.895,31.607],[68.902,31.599],[68.908,31.597],[68.919,31.601],[68.927,31.602],[68.928,31.604],[68.926,31.606],[68.928,31.607],[68.934,31.606],[68.936,31.61],[68.939,31.609],[68.94,31.613],[68.938,31.614],[68.944,31.616],[68.943,31.62],[68.945,31.622],[68.944,31.624],[68.949,31.628],[68.947,31.63],[68.948,31.632],[68.953,31.632],[68.952,31.635],[68.955,31.639],[68.955,31.643],[68.96,31.649],[68.967,31.648],[68.97,31.646],[68.969,31.644],[68.975,31.645],[68.977,31.637],[68.981,31.633],[68.983,31.633],[68.984,31.635],[68.995,31.637],[68.993,31.632],[68.994,31.628],[68.996,31.627],[68.997,31.631],[69.002,31.633],[69.006,31.628],[69.02,31.629],[69.023,31.635],[69.025,31.645],[69.038,31.651],[69.042,31.655],[69.04,31.66],[69.041,31.661],[69.048,31.665],[69.056,31.667],[69.061,31.671],[69.073,31.672],[69.074,31.674],[69.069,31.676],[69.072,31.679],[69.082,31.682],[69.089,31.69],[69.09,31.695],[69.098,31.695],[69.101,31.7],[69.104,31.697],[69.111,31.7],[69.111,31.702],[69.116,31.701],[69.118,31.704],[69.115,31.705],[69.122,31.71],[69.116,31.712],[69.116,31.716],[69.119,31.718],[69.125,31.717],[69.128,31.721],[69.125,31.728],[69.13,31.73],[69.131,31.734],[69.135,31.734],[69.137,31.737],[69.137,31.742],[69.139,31.743],[69.133,31.748],[69.132,31.752],[69.135,31.752],[69.136,31.749],[69.141,31.749],[69.142,31.753],[69.144,31.755],[69.148,31.754],[69.15,31.755],[69.15,31.757],[69.146,31.761],[69.149,31.763],[69.157,31.761],[69.159,31.762],[69.157,31.767],[69.157,31.774],[69.152,31.776],[69.155,31.782],[69.152,31.785],[69.156,31.788],[69.162,31.786],[69.162,31.792],[69.169,31.793],[69.169,31.795],[69.165,31.798],[69.164,31.802],[69.171,31.798],[69.179,31.803],[69.183,31.813],[69.181,31.817],[69.182,31.821],[69.18,31.823],[69.182,31.826],[69.186,31.826],[69.192,31.831],[69.194,31.835],[69.193,31.841],[69.193,31.847],[69.201,31.85],[69.2,31.856],[69.21,31.86],[69.215,31.857],[69.221,31.858],[69.224,31.868],[69.231,31.864],[69.236,31.869],[69.235,31.873],[69.24,31.873],[69.24,31.88],[69.246,31.877],[69.249,31.877],[69.256,31.885],[69.264,31.886],[69.263,31.889],[69.268,31.892],[69.273,31.893],[69.27,31.897],[69.272,31.898],[69.272,31.902],[69.276,31.903],[69.275,31.91],[69.283,31.91],[69.286,31.914],[69.286,31.919],[69.289,31.919],[69.291,31.917],[69.296,31.917],[69.305,31.921],[69.304,31.925],[69.315,31.925],[69.32,31.928],[69.324,31.926],[69.33,31.927],[69.33,31.93],[69.325,31.933],[69.323,31.935],[69.327,31.937],[69.328,31.939],[69.327,31.942],[69.322,31.942],[69.325,31.947],[69.375,31.962],[69.523,31.972],[69.553,31.954],[69.559,31.943]]]}},{"type":"Feature","properties":{"district_code":"115","name":"BAJAUR DISTRICT","census_name":"BAJAUR DISTRICT","province":"KHYBER PAKHTUNKHWA"},"geometry":{"type":"Polygon","coordinates":[[[71.527,34.976],[71.534,34.95],[71.617,34.878],[71.627,34.849],[71.612,34.84],[71.613,34.819],[71.622,34.817],[71.642,34.825],[71.694,34.81],[71.704,34.797],[71.762,34.788],[71.792,34.768],[71.805,34.757],[71.783,34.756],[71.769,34.734],[71.756,34.735],[71.769,34.695],[71.76,34.66],[71.676,34.618],[71.669,34.559],[71.653,34.539],[71.638,34.536],[71.615,34.558],[71.581,34.551],[71.581,34.504],[71.557,34.513],[71.566,34.524],[71.543,34.56],[71.527,34.626],[71.566,34.664],[71.56,34.685],[71.523,34.678],[71.464,34.659],[71.448,34.675],[71.41,34.673],[71.37,34.654],[71.345,34.653],[71.301,34.655],[71.306,34.647],[71.287,34.648],[71.276,34.623],[71.243,34.642],[71.246,34.657],[71.267,34.659],[71.278,34.692],[71.253,34.726],[71.227,34.738],[71.201,34.705],[71.198,34.708],[71.2,34.709],[71.198,34.712],[71.192,34.713],[71.193,34.716],[71.187,34.717],[71.189,34.723],[71.184,34.724],[71.186,34.729],[71.182,34.734],[71.183,34.736],[71.191,34.74],[71.189,34.749],[71.2,34.752],[71.209,34.75],[71.221,34.752],[71.223,34.751],[71.225,34.753],[71.226,34.756],[71.224,34.761],[71.228,34.768],[71.239,34.78],[71.24,34.788],[71.251,34.793],[71.257,34.794],[71.265,34.789],[71.28,34.79],[71.276,34.799],[71.28,34.803],[71.286,34.817],[71.289,34.818],[71.288,34.827],[71.282,34.829],[71.291,34.84],[71.29,34.845],[71.293,34.851],[71.293,34.854],[71.29,34.858],[71.294,34.865],[71.293,34.87],[71.296,34.877],[71.307,34.88],[71.322,34.877],[71.319,34.882],[71.323,34.882],[71.327,34.888],[71.34,34.884],[71.342,34.886],[71.346,34.886],[71.348,34.89],[71.35,34.889],[71.346,34.893],[71.348,34.897],[71.352,34.898],[71.35,34.901],[71.352,34.904],[71.361,34.906],[71.366,34.902],[71.373,34.91],[71.374,34.908],[71.377,34.909],[71.377,34.903],[71.382,34.895],[71.385,34.897],[71.387,34.896],[71.39,34.897],[71.392,34.894],[71.394,34.896],[71.397,34.896],[71.397,34.899],[71.399,34.901],[71.399,34.902],[71.402,34.904],[71.397,34.913],[71.401,34.918],[71.413,34.92],[71.417,34.923],[71.42,34.922],[71.424,34.923],[71.43,34.921],[71.434,34.923],[71.431,34.926],[71.428,34.932],[71.433,34.944],[71.439,34.946],[71.447,34.952],[71.456,34.948],[71.48,34.951],[71.482,34.954],[71.49,34.952],[71.489,34.959],[71.495,34.962],[71.508,34.959],[71.504,34.965],[71.502,34.972],[71.527,34.976]]]}},{"type":"Feature","properties":{"district_code":"116","name":"KHYBER DISTRICT","census_name":"KHYBER DISTRICT","province":"KHYBER PAKHTUNKHWA"},"geometry":{"type":"Polygon","coordinates":[[[71.27,34.306],[71.243,34.272],[71.311,34.25],[71.304,34.229],[71.269,34.231],[71.265,34.205],[71.249,34.198],[71.272,34.189],[71.275,34.167],[71.304,34.167],[71.373,34.131],[71.398,34.164],[71.383,34.166],[71.401,34.17],[71.415,34.149],[71.401,34.136],[71.42,34.133],[71.395,34.124],[71.39,34.072],[71.417,34.05],[71.405,34.045],[71.415,34.03],[71.403,34.013],[71.418,34.005],[71.41,33.997],[71.425,33.972],[71.412,33.961],[71.432,33.944],[71.447,33.959],[71.459,33.956],[71.465,33.903],[71.501,33.88],[71.538,33.831],[71.529,33.816],[71.539,33.808],[71.506,33.772],[71.499,33.736],[71.489,33.724],[71.458,33.725],[71.432,33.754],[71.351,33.76],[71.337,33.772],[71.317,33.832],[71.218,33.849],[71.208,33.835],[71.16,33.822],[71.122,33.844],[71.05,33.848],[71.045,33.828],[71.02,33.831],[71.01,33.816],[70.976,33.823],[70.986,33.794],[70.975,33.785],[70.911,33.77],[70.896,33.783],[70.875,33.775],[70.844,33.781],[70.831,33.769],[70.695,33.744],[70.657,33.759],[70.676,33.785],[70.646,33.79],[70.625,33.815],[70.593,33.799],[70.582,33.806],[70.559,33.806],[70.568,33.841],[70.521,33.831],[70.542,33.861],[70.493,33.849],[70.499,33.888],[70.466,33.892],[70.443,33.858],[70.421,33.869],[70.419,33.894],[70.443,33.897],[70.444,33.953],[70.474,33.944],[70.505,33.945],[70.526,33.953],[70.538,33.945],[70.564,33.957],[70.589,33.964],[70.626,33.959],[70.656,33.953],[70.683,33.959],[70.709,33.959],[70.741,33.961],[70.779,33.955],[70.801,33.972],[70.822,33.979],[70.848,33.982],[70.873,33.976],[70.873,33.972],[70.876,33.968],[70.877,33.962],[70.891,33.955],[70.898,33.949],[70.902,33.942],[70.902,33.935],[70.908,33.927],[70.917,33.926],[70.922,33.923],[70.938,33.925],[70.945,33.929],[70.935,33.934],[70.933,33.937],[70.93,33.935],[70.929,33.937],[70.93,33.942],[70.937,33.951],[70.935,33.954],[70.937,33.96],[70.935,33.962],[70.931,33.959],[70.927,33.959],[70.928,33.967],[70.925,33.97],[70.922,33.97],[70.919,33.975],[70.922,33.977],[70.921,33.98],[70.927,33.982],[70.924,33.986],[70.925,33.988],[70.937,33.994],[70.935,33.996],[70.937,34.0],[70.933,34.0],[70.934,34.003],[70.931,34.006],[70.933,34.005],[70.932,34.007],[70.933,34.008],[70.949,34.004],[70.95,34.0],[70.958,33.997],[70.964,33.999],[70.966,34.003],[70.972,34.005],[70.982,34.001],[70.99,34.003],[70.994,34.004],[70.999,34.001],[71.003,34.003],[71.004,34.01],[71.009,34.012],[71.005,34.014],[70.998,34.015],[71.0,34.019],[71.015,34.025],[71.019,34.024],[71.027,34.029],[71.031,34.035],[71.038,34.039],[71.036,34.043],[71.039,34.048],[71.045,34.049],[71.048,34.052],[71.051,34.05],[71.054,34.052],[71.06,34.05],[71.064,34.052],[71.068,34.054],[71.076,34.056],[71.077,34.059],[71.083,34.064],[71.081,34.066],[71.083,34.069],[71.077,34.071],[71.075,34.074],[71.075,34.08],[71.08,34.087],[71.077,34.089],[71.074,34.095],[71.076,34.098],[71.073,34.101],[71.074,34.104],[71.071,34.105],[71.072,34.107],[71.071,34.109],[71.077,34.114],[71.085,34.116],[71.093,34.12],[71.093,34.126],[71.1,34.131],[71.107,34.132],[71.107,34.135],[71.113,34.14],[71.112,34.144],[71.121,34.145],[71.134,34.142],[71.145,34.144],[71.148,34.147],[71.152,34.147],[71.153,34.151],[71.162,34.152],[71.161,34.157],[71.163,34.158],[71.159,34.166],[71.16,34.18],[71.152,34.183],[71.152,34.185],[71.149,34.189],[71.143,34.186],[71.135,34.187],[71.134,34.194],[71.135,34.198],[71.132,34.202],[71.132,34.207],[71.133,34.21],[71.139,34.211],[71.14,34.216],[71.142,34.219],[71.142,34.224],[71.145,34.224],[71.143,34.227],[71.135,34.227],[71.133,34.229],[71.133,34.231],[71.128,34.231],[71.127,34.236],[71.124,34.238],[71.126,34.241],[71.125,34.247],[71.125,34.253],[71.121,34.264],[71.127,34.282],[71.133,34.285],[71.139,34.286],[71.145,34.292],[71.151,34.295],[71.151,34.308],[71.157,34.314],[71.156,34.326],[71.173,34.336],[71.239,34.328],[71.27,34.306]]]}},{"type":"Feature","properties":{"district_code":"117","name":"KURRAM DISTRICT","census_name":"KURRAM DISTRICT","province":"KHYBER PAKHTUNKHWA"},"geometry":{"type":"Polygon","coordinates":[[[69.94,34.0],[69.961,33.996],[69.965,33.992],[69.962,33.987],[69.969,33.984],[69.97,33.987],[69.975,33.986],[69.979,33.984],[69.98,33.985],[69.985,33.985],[69.99,33.981],[69.992,33.984],[69.999,33.983],[70.003,33.978],[70.002,33.975],[70.007,33.971],[70.01,33.974],[70.014,33.972],[70.019,33.977],[70.023,33.978],[70.031,33.971],[70.032,33.968],[70.025,33.96],[70.03,33.957],[70.035,33.96],[70.04,33.96],[70.04,33.963],[70.044,33.97],[70.064,33.969],[70.062,33.963],[70.057,33.96],[70.058,33.956],[70.055,33.952],[70.056,33.95],[70.059,33.951],[70.06,33.946],[70.063,33.945],[70.068,33.948],[70.074,33.96],[70.08,33.957],[70.082,33.961],[70.088,33.962],[70.088,33.964],[70.093,33.967],[70.102,33.965],[70.106,33.967],[70.111,33.973],[70.117,33.973],[70.119,33.967],[70.123,33.963],[70.126,33.954],[70.129,33.957],[70.138,33.957],[70.141,33.958],[70.141,33.954],[70.142,33.955],[70.143,33.953],[70.145,33.953],[70.146,33.95],[70.152,33.953],[70.158,33.947],[70.161,33.946],[70.163,33.947],[70.166,33.945],[70.164,33.94],[70.159,33.938],[70.152,33.937],[70.166,33.932],[70.175,33.931],[70.178,33.932],[70.179,33.935],[70.181,33.933],[70.184,33.934],[70.183,33.931],[70.185,33.928],[70.183,33.925],[70.198,33.921],[70.204,33.927],[70.212,33.927],[70.217,33.936],[70.227,33.938],[70.233,33.935],[70.239,33.937],[70.239,33.943],[70.242,33.943],[70.245,33.947],[70.252,33.945],[70.26,33.947],[70.264,33.944],[70.268,33.946],[70.273,33.946],[70.28,33.954],[70.279,33.957],[70.284,33.96],[70.291,33.961],[70.295,33.965],[70.303,33.968],[70.306,33.971],[70.312,33.971],[70.319,33.966],[70.325,33.966],[70.333,33.969],[70.34,33.966],[70.347,33.969],[70.348,33.967],[70.353,33.967],[70.362,33.961],[70.373,33.965],[70.376,33.969],[70.387,33.964],[70.396,33.962],[70.409,33.964],[70.415,33.967],[70.419,33.962],[70.425,33.961],[70.438,33.95],[70.444,33.95],[70.443,33.897],[70.419,33.894],[70.421,33.869],[70.443,33.858],[70.466,33.892],[70.499,33.888],[70.493,33.849],[70.542,33.861],[70.521,33.831],[70.568,33.841],[70.559,33.806],[70.582,33.806],[70.575,33.78],[70.6,33.771],[70.585,33.743],[70.599,33.721],[70.616,33.718],[70.617,33.683],[70.746,33.638],[70.756,33.623],[70.74,33.613],[70.739,33.59],[70.754,33.583],[70.747,33.561],[70.718,33.544],[70.743,33.544],[70.742,33.518],[70.708,33.512],[70.703,33.489],[70.617,33.477],[70.611,33.432],[70.623,33.412],[70.585,33.403],[70.561,33.367],[70.535,33.374],[70.543,33.359],[70.541,33.348],[70.519,33.341],[70.464,33.333],[70.449,33.352],[70.417,33.342],[70.382,33.353],[70.327,33.332],[70.328,33.338],[70.324,33.341],[70.328,33.343],[70.325,33.356],[70.315,33.361],[70.316,33.363],[70.312,33.362],[70.312,33.37],[70.308,33.373],[70.311,33.376],[70.31,33.379],[70.314,33.38],[70.318,33.384],[70.317,33.385],[70.324,33.39],[70.323,33.396],[70.319,33.396],[70.314,33.403],[70.311,33.403],[70.31,33.401],[70.302,33.405],[70.298,33.412],[70.296,33.43],[70.29,33.431],[70.289,33.434],[70.282,33.436],[70.278,33.436],[70.278,33.433],[70.269,33.429],[70.264,33.433],[70.256,33.434],[70.256,33.437],[70.253,33.438],[70.249,33.444],[70.249,33.449],[70.244,33.454],[70.247,33.468],[70.244,33.47],[70.243,33.473],[70.239,33.472],[70.237,33.473],[70.237,33.475],[70.232,33.476],[70.222,33.472],[70.217,33.475],[70.215,33.475],[70.216,33.477],[70.218,33.479],[70.215,33.483],[70.213,33.484],[70.209,33.481],[70.201,33.488],[70.201,33.491],[70.209,33.496],[70.207,33.498],[70.207,33.504],[70.2,33.504],[70.196,33.507],[70.19,33.508],[70.183,33.513],[70.173,33.516],[70.174,33.523],[70.171,33.525],[70.172,33.529],[70.17,33.53],[70.173,33.532],[70.171,33.539],[70.197,33.615],[70.2,33.62],[70.194,33.62],[70.186,33.628],[70.173,33.632],[70.168,33.629],[70.159,33.634],[70.158,33.637],[70.156,33.639],[70.162,33.642],[70.161,33.647],[70.169,33.65],[70.164,33.652],[70.163,33.654],[70.155,33.654],[70.148,33.658],[70.144,33.659],[70.148,33.666],[70.148,33.671],[70.153,33.684],[70.153,33.692],[70.152,33.695],[70.144,33.698],[70.145,33.706],[70.14,33.712],[70.14,33.716],[70.141,33.725],[70.135,33.725],[70.132,33.724],[70.128,33.727],[70.121,33.729],[70.116,33.725],[70.113,33.725],[70.111,33.721],[70.108,33.722],[70.106,33.718],[70.099,33.718],[70.098,33.72],[70.092,33.719],[70.089,33.717],[70.087,33.718],[70.085,33.723],[70.081,33.726],[70.06,33.727],[70.053,33.732],[70.049,33.731],[70.043,33.736],[70.038,33.735],[70.031,33.738],[70.019,33.737],[70.017,33.731],[70.014,33.729],[70.004,33.732],[70.002,33.736],[69.99,33.743],[69.989,33.749],[69.983,33.75],[69.981,33.753],[69.971,33.758],[69.971,33.76],[69.97,33.763],[69.966,33.766],[69.962,33.782],[69.964,33.784],[69.967,33.793],[69.963,33.8],[69.969,33.804],[69.965,33.805],[69.963,33.809],[69.962,33.816],[69.964,33.817],[69.958,33.819],[69.956,33.823],[69.957,33.824],[69.954,33.829],[69.951,33.828],[69.949,33.834],[69.937,33.842],[69.937,33.846],[69.932,33.849],[69.927,33.857],[69.918,33.859],[69.916,33.87],[69.917,33.873],[69.914,33.881],[69.916,33.883],[69.915,33.89],[69.918,33.891],[69.912,33.893],[69.914,33.896],[69.911,33.896],[69.901,33.905],[69.894,33.905],[69.892,33.909],[69.893,33.91],[69.893,33.912],[69.882,33.92],[69.878,33.92],[69.879,33.926],[69.874,33.925],[69.876,33.929],[69.871,33.927],[69.861,33.928],[69.865,33.931],[69.864,33.931],[69.865,33.933],[69.869,33.936],[69.872,33.937],[69.871,33.943],[69.875,33.944],[69.871,33.951],[69.874,33.958],[69.871,33.96],[69.871,33.966],[69.881,33.971],[69.881,33.974],[69.885,33.98],[69.908,33.982],[69.908,33.985],[69.916,33.989],[69.913,33.991],[69.915,33.992],[69.915,33.995],[69.924,33.993],[69.924,33.995],[69.93,33.998],[69.939,33.996],[69.94,34.0]]]}},{"type":"Feature","properties":{"district_code":"118","name":"MOHMAND DISTRICT","census_name":"MOHMAND DISTRICT","province":"KHYBER PAKHTUNKHWA"},"geometry":{"type":"Polygon","coordinates":[[[71.253,34.726],[71.278,34.692],[71.267,34.659],[71.246,34.657],[71.243,34.642],[71.276,34.623],[71.287,34.648],[71.306,34.647],[71.301,34.655],[71.345,34.653],[71.37,34.654],[71.41,34.673],[71.448,34.675],[71.464,34.659],[71.523,34.678],[71.56,34.685],[71.566,34.664],[71.527,34.626],[71.543,34.56],[71.566,34.524],[71.557,34.513],[71.581,34.504],[71.581,34.551],[71.615,34.558],[71.638,34.536],[71.653,34.539],[71.659,34.518],[71.63,34.521],[71.628,34.507],[71.658,34.49],[71.662,34.462],[71.702,34.444],[71.658,34.418],[71.653,34.386],[71.624,34.378],[71.636,34.363],[71.619,34.345],[71.632,34.328],[71.608,34.339],[71.584,34.338],[71.58,34.328],[71.559,34.343],[71.57,34.33],[71.565,34.301],[71.537,34.305],[71.553,34.287],[71.528,34.236],[71.516,34.228],[71.523,34.216],[71.495,34.204],[71.476,34.202],[71.47,34.182],[71.442,34.191],[71.401,34.17],[71.383,34.166],[71.398,34.164],[71.373,34.131],[71.304,34.167],[71.275,34.167],[71.272,34.189],[71.249,34.198],[71.265,34.205],[71.269,34.231],[71.304,34.229],[71.311,34.25],[71.243,34.272],[71.27,34.306],[71.239,34.328],[71.173,34.336],[71.175,34.354],[71.153,34.389],[71.149,34.389],[71.15,34.391],[71.146,34.392],[71.142,34.398],[71.138,34.4],[71.138,34.402],[71.136,34.403],[71.136,34.406],[71.131,34.407],[71.129,34.411],[71.132,34.412],[71.125,34.417],[71.117,34.419],[71.115,34.422],[71.111,34.422],[71.112,34.424],[71.107,34.424],[71.103,34.429],[71.106,34.434],[71.102,34.434],[71.097,34.437],[71.092,34.436],[71.085,34.438],[71.082,34.437],[71.075,34.44],[71.069,34.44],[71.064,34.438],[71.064,34.434],[71.061,34.434],[71.058,34.435],[71.057,34.44],[71.058,34.441],[71.046,34.442],[71.045,34.445],[71.04,34.445],[71.031,34.449],[71.034,34.453],[71.032,34.455],[71.034,34.459],[71.036,34.462],[71.034,34.465],[71.03,34.465],[71.028,34.469],[71.024,34.47],[71.024,34.473],[71.027,34.474],[71.029,34.477],[71.028,34.481],[71.033,34.484],[71.031,34.485],[71.035,34.494],[71.033,34.497],[71.035,34.505],[71.043,34.509],[71.04,34.511],[71.034,34.519],[71.03,34.52],[71.027,34.523],[71.022,34.525],[71.013,34.532],[71.012,34.537],[71.017,34.542],[71.016,34.543],[71.02,34.545],[71.019,34.548],[71.023,34.55],[71.03,34.542],[71.03,34.56],[71.041,34.575],[71.045,34.574],[71.07,34.587],[71.075,34.587],[71.081,34.584],[71.087,34.585],[71.088,34.594],[71.091,34.601],[71.104,34.617],[71.114,34.628],[71.118,34.628],[71.109,34.636],[71.108,34.644],[71.099,34.649],[71.099,34.653],[71.096,34.658],[71.092,34.662],[71.094,34.67],[71.107,34.67],[71.105,34.672],[71.108,34.677],[71.108,34.682],[71.116,34.683],[71.117,34.681],[71.128,34.685],[71.127,34.688],[71.125,34.689],[71.127,34.693],[71.123,34.691],[71.12,34.693],[71.112,34.692],[71.11,34.694],[71.107,34.691],[71.104,34.692],[71.103,34.694],[71.101,34.693],[71.106,34.698],[71.107,34.702],[71.111,34.705],[71.12,34.705],[71.131,34.708],[71.135,34.708],[71.138,34.71],[71.148,34.711],[71.155,34.717],[71.153,34.717],[71.158,34.718],[71.165,34.715],[71.167,34.717],[71.169,34.715],[71.175,34.716],[71.175,34.71],[71.18,34.712],[71.188,34.71],[71.186,34.708],[71.201,34.705],[71.227,34.738],[71.253,34.726]]]}},{"type":"Feature","properties":{"district_code":"119","name":"NORTH WAZIRISTAN DISTRICT","census_name":"NORTH WAZIRISTAN DISTRICT","province":"KHYBER PAKHTUNKHWA"},"geometry":{"type":"Polygon","coordinates":[[[70.382,33.353],[70.417,33.342],[70.449,33.352],[70.464,33.333],[70.519,33.341],[70.541,33.348],[70.539,33.338],[70.558,33.335],[70.555,33.309],[70.569,33.311],[70.573,33.294],[70.611,33.272],[70.68,33.257],[70.678,33.254],[70.628,33.261],[70.618,33.231],[70.519,33.191],[70.462,33.106],[70.456,33.112],[70.42,33.068],[70.408,33.011],[70.363,32.989],[70.376,32.976],[70.364,32.953],[70.34,32.949],[70.336,32.932],[70.359,32.915],[70.348,32.859],[70.32,32.857],[70.307,32.829],[70.311,32.818],[70.354,32.831],[70.353,32.809],[70.383,32.825],[70.402,32.789],[70.394,32.777],[70.353,32.76],[70.322,32.714],[70.319,32.684],[70.292,32.73],[70.297,32.746],[70.253,32.743],[70.256,32.72],[70.222,32.729],[70.2,32.719],[70.171,32.734],[70.146,32.731],[70.047,32.67],[69.978,32.704],[69.944,32.679],[69.883,32.685],[69.872,32.659],[69.841,32.659],[69.84,32.664],[69.811,32.694],[69.75,32.698],[69.735,32.717],[69.663,32.687],[69.644,32.648],[69.63,32.652],[69.594,32.632],[69.592,32.61],[69.611,32.6],[69.611,32.59],[69.537,32.562],[69.488,32.563],[69.46,32.594],[69.408,32.598],[69.425,32.618],[69.446,32.647],[69.452,32.659],[69.45,32.668],[69.439,32.686],[69.449,32.72],[69.44,32.729],[69.408,32.746],[69.398,32.756],[69.395,32.77],[69.4,32.779],[69.405,32.785],[69.432,32.802],[69.447,32.817],[69.471,32.849],[69.509,32.847],[69.524,32.852],[69.54,32.863],[69.533,32.873],[69.517,32.884],[69.511,32.9],[69.501,32.916],[69.494,32.942],[69.495,32.963],[69.498,32.97],[69.497,32.98],[69.499,32.992],[69.504,33.014],[69.513,33.033],[69.561,33.07],[69.585,33.097],[69.64,33.093],[69.671,33.095],[69.701,33.091],[69.721,33.092],[69.747,33.112],[69.766,33.112],[69.791,33.126],[69.834,33.102],[69.856,33.093],[69.864,33.097],[69.869,33.092],[69.872,33.092],[69.917,33.102],[69.946,33.126],[69.975,33.134],[69.997,33.135],[69.994,33.14],[70.001,33.145],[70.008,33.145],[70.016,33.141],[70.019,33.139],[70.024,33.14],[70.029,33.149],[70.03,33.161],[70.044,33.172],[70.047,33.181],[70.051,33.188],[70.057,33.192],[70.073,33.214],[70.092,33.209],[70.145,33.214],[70.157,33.221],[70.172,33.238],[70.178,33.236],[70.184,33.236],[70.188,33.242],[70.206,33.248],[70.225,33.261],[70.228,33.264],[70.234,33.268],[70.234,33.271],[70.246,33.278],[70.262,33.298],[70.267,33.299],[70.277,33.309],[70.29,33.328],[70.32,33.329],[70.324,33.333],[70.327,33.332],[70.382,33.353]],[[70.073,33.023],[70.075,33.02],[70.072,33.026],[70.073,33.023]]]}},{"type":"Feature","properties":{"district_code":"120","name":"ORAKZAI DISTRICT","census_name":"ORAKZAI DISTRICT","province":"KHYBER PAKHTUNKHWA"},"geometry":{"type":"Polygon","coordinates":[[[71.317,33.832],[71.337,33.772],[71.351,33.76],[71.353,33.728],[71.384,33.717],[71.38,33.697],[71.412,33.68],[71.407,33.651],[71.396,33.652],[71.364,33.646],[71.36,33.627],[71.339,33.625],[71.296,33.673],[71.224,33.702],[71.202,33.735],[71.161,33.734],[71.159,33.756],[71.125,33.739],[71.141,33.739],[71.171,33.695],[71.127,33.693],[71.178,33.637],[71.122,33.642],[71.095,33.635],[71.087,33.619],[71.15,33.597],[71.137,33.589],[71.092,33.595],[71.045,33.563],[71.014,33.568],[71.014,33.556],[70.969,33.545],[70.906,33.568],[70.898,33.555],[70.822,33.568],[70.814,33.56],[70.809,33.578],[70.787,33.582],[70.754,33.583],[70.739,33.59],[70.74,33.613],[70.756,33.623],[70.746,33.638],[70.617,33.683],[70.616,33.718],[70.599,33.721],[70.585,33.743],[70.6,33.771],[70.575,33.78],[70.582,33.806],[70.593,33.799],[70.625,33.815],[70.646,33.79],[70.676,33.785],[70.657,33.759],[70.695,33.744],[70.831,33.769],[70.844,33.781],[70.875,33.775],[70.896,33.783],[70.911,33.77],[70.975,33.785],[70.986,33.794],[70.976,33.823],[71.01,33.816],[71.02,33.831],[71.045,33.828],[71.05,33.848],[71.122,33.844],[71.16,33.822],[71.208,33.835],[71.218,33.849],[71.317,33.832]]]}},{"type":"Feature","properties":{"district_code":"121","name":"SOUTH WAZIRISTAN DISTRICT","census_name":"SOUTH WAZIRISTAN DISTRICT","province":"KHYBER PAKHTUNKHWA"},"geometry":{"type":"Polygon","coordinates":[[[70.354,32.689],[70.325,32.658],[70.324,32.634],[70.342,32.613],[70.338,32.581],[70.32,32.585],[70.284,32.639],[70.226,32.609],[70.199,32.626],[70.115,32.53],[70.101,32.466],[70.044,32.48],[70.06,32.429],[70.041,32.421],[70.117,32.381],[70.113,32.342],[70.085,32.336],[70.068,32.313],[70.075,32.271],[70.054,32.259],[70.058,32.239],[70.092,32.226],[70.096,32.213],[70.071,32.181],[70.074,32.151],[70.105,32.122],[70.11,32.075],[70.179,32.037],[70.202,32.032],[70.206,32.044],[70.224,32.034],[70.23,32.025],[70.202,32.004],[70.181,32.007],[70.168,31.962],[70.21,31.848],[70.212,31.81],[70.185,31.839],[70.064,31.851],[70.019,31.89],[69.96,31.896],[69.957,31.935],[69.924,31.921],[69.895,31.885],[69.854,31.884],[69.851,31.92],[69.874,31.946],[69.88,31.979],[69.802,32.022],[69.837,32.07],[69.851,32.091],[69.748,32.078],[69.658,32.056],[69.628,32.001],[69.553,31.954],[69.523,31.972],[69.375,31.962],[69.323,31.947],[69.315,31.981],[69.306,31.988],[69.297,32.003],[69.292,32.025],[69.29,32.043],[69.29,32.093],[69.279,32.121],[69.275,32.139],[69.275,32.176],[69.277,32.195],[69.275,32.238],[69.27,32.272],[69.281,32.285],[69.281,32.325],[69.282,32.354],[69.266,32.382],[69.258,32.4],[69.249,32.414],[69.243,32.433],[69.242,32.459],[69.276,32.509],[69.267,32.506],[69.265,32.507],[69.265,32.51],[69.272,32.513],[69.268,32.516],[69.266,32.516],[69.267,32.519],[69.269,32.519],[69.273,32.523],[69.277,32.525],[69.282,32.531],[69.285,32.53],[69.291,32.538],[69.307,32.545],[69.313,32.54],[69.332,32.542],[69.35,32.55],[69.368,32.553],[69.391,32.565],[69.408,32.598],[69.46,32.594],[69.488,32.563],[69.537,32.562],[69.611,32.59],[69.611,32.6],[69.592,32.61],[69.594,32.632],[69.63,32.652],[69.644,32.648],[69.663,32.687],[69.735,32.717],[69.75,32.698],[69.811,32.694],[69.84,32.664],[69.841,32.659],[69.872,32.659],[69.883,32.685],[69.944,32.679],[69.978,32.704],[70.047,32.67],[70.146,32.731],[70.171,32.734],[70.2,32.719],[70.222,32.729],[70.256,32.72],[70.253,32.743],[70.297,32.746],[70.292,32.73],[70.319,32.684],[70.322,32.714],[70.353,32.76],[70.394,32.777],[70.389,32.772],[70.382,32.738],[70.378,32.714],[70.352,32.708],[70.354,32.689]]]}},{"type":"Feature","properties":{"district_code":"128","name":"ISLAMABAD DISTRICT","census_name":"ISLAMABAD DISTRICT","province":"ISLAMABAD CAPITAL TERRITORY"},"geometry":{"type":"Polygon","coordinates":[[[73.241,33.832],[73.211,33.815],[73.219,33.803],[73.24,33.803],[73.236,33.775],[73.299,33.779],[73.312,33.765],[73.3,33.73],[73.309,33.722],[73.346,33.731],[73.352,33.698],[73.391,33.7],[73.358,33.667],[73.336,33.665],[73.325,33.653],[73.336,33.652],[73.331,33.63],[73.315,33.629],[73.318,33.642],[73.3,33.635],[73.281,33.571],[73.236,33.532],[73.218,33.497],[73.169,33.481],[73.139,33.513],[73.096,33.515],[73.109,33.524],[73.1,33.551],[73.113,33.555],[73.114,33.578],[73.141,33.593],[73.087,33.664],[73.015,33.626],[73.006,33.634],[72.974,33.627],[72.964,33.642],[72.939,33.632],[72.975,33.623],[72.979,33.608],[72.911,33.574],[72.876,33.615],[72.845,33.662],[72.819,33.679],[72.819,33.697],[72.861,33.722],[72.924,33.736],[72.949,33.73],[72.974,33.739],[73.046,33.785],[73.091,33.794],[73.108,33.783],[73.173,33.821],[73.184,33.809],[73.212,33.837],[73.241,33.832]]]}},{"type":"Feature","properties":{"district_code":"129","name":"SKARDU DISTRICT","census_name":null,"province":"GILGIT-BALTISTAN","outside_census_frame":1},"geometry":{"type":"Polygon","coordinates":[[[74.976,35.823],[75.065,35.765],[75.09,35.778],[75.119,35.747],[75.176,35.716],[75.163,35.707],[75.167,35.662],[75.229,35.652],[75.295,35.608],[75.309,35.617],[75.293,35.651],[75.25,35.67],[75.301,35.685],[75.333,35.634],[75.329,35.604],[75.347,35.614],[75.37,35.608],[75.366,35.591],[75.387,35.558],[75.419,35.544],[75.461,35.494],[75.443,35.463],[75.479,35.451],[75.484,35.433],[75.506,35.421],[75.519,35.427],[75.536,35.389],[75.582,35.368],[75.594,35.367],[75.589,35.385],[75.606,35.367],[75.684,35.378],[75.687,35.364],[75.623,35.327],[75.662,35.291],[75.691,35.321],[75.726,35.298],[75.738,35.312],[75.778,35.31],[75.799,35.328],[75.798,35.348],[75.812,35.349],[75.856,35.318],[75.87,35.243],[75.89,35.227],[75.91,35.232],[75.913,35.224],[75.905,35.198],[75.928,35.159],[75.84,35.157],[75.758,35.125],[75.757,35.102],[75.811,35.12],[75.813,35.111],[75.785,35.033],[75.735,34.977],[75.746,34.908],[75.81,34.853],[75.826,34.804],[75.866,34.778],[75.9,34.772],[75.914,34.743],[75.958,34.729],[75.978,34.708],[75.975,34.695],[76.011,34.666],[75.991,34.636],[75.965,34.636],[75.78,34.511],[75.66,34.533],[75.365,34.538],[75.345,34.563],[75.248,34.602],[75.268,34.621],[75.267,34.638],[75.22,34.642],[75.261,34.69],[75.249,34.793],[75.233,34.811],[75.15,34.839],[75.142,34.872],[75.105,34.899],[75.161,34.935],[75.196,34.938],[75.206,34.981],[75.226,35.002],[75.209,35.047],[75.218,35.074],[75.204,35.076],[75.197,35.11],[75.216,35.118],[75.227,35.145],[75.272,35.158],[75.246,35.166],[75.236,35.193],[75.209,35.189],[75.172,35.229],[75.192,35.276],[75.173,35.339],[75.105,35.387],[75.068,35.438],[75.014,35.448],[75.007,35.477],[74.979,35.48],[74.952,35.512],[74.864,35.562],[74.87,35.576],[74.834,35.614],[74.878,35.641],[74.876,35.696],[74.829,35.719],[74.803,35.709],[74.744,35.716],[74.741,35.745],[74.758,35.771],[74.797,35.751],[74.831,35.764],[74.848,35.797],[74.896,35.819],[74.905,35.843],[74.976,35.823]]]}},{"type":"Feature","properties":{"district_code":"130","name":"GHANCHE DISTRICT","census_name":null,"province":"GILGIT-BALTISTAN","outside_census_frame":1},"geometry":{"type":"Polygon","coordinates":[[[76.67,35.46],[76.726,35.425],[76.829,35.577],[76.896,35.627],[76.899,35.625],[76.9,35.619],[76.901,35.618],[76.919,35.611],[76.931,35.611],[76.937,35.606],[76.946,35.603],[76.958,35.596],[76.965,35.594],[76.968,35.595],[76.972,35.601],[76.983,35.598],[76.991,35.607],[76.997,35.61],[77.001,35.608],[77.012,35.61],[77.027,35.601],[77.03,35.6],[77.048,35.599],[77.055,35.602],[77.059,35.601],[77.069,35.594],[77.083,35.575],[77.093,35.566],[77.102,35.563],[77.111,35.564],[77.121,35.556],[77.127,35.556],[77.137,35.551],[77.147,35.54],[77.165,35.537],[77.175,35.533],[77.181,35.527],[77.189,35.523],[77.195,35.521],[77.208,35.521],[77.209,35.522],[77.219,35.524],[77.228,35.529],[77.242,35.529],[77.25,35.531],[77.265,35.54],[77.274,35.536],[77.278,35.538],[77.283,35.537],[77.293,35.544],[77.295,35.542],[77.3,35.541],[77.304,35.546],[77.311,35.542],[77.313,35.537],[77.32,35.539],[77.328,35.534],[77.329,35.531],[77.339,35.524],[77.339,35.518],[77.336,35.515],[77.34,35.51],[77.341,35.503],[77.355,35.494],[77.363,35.5],[77.37,35.499],[77.372,35.497],[77.371,35.489],[77.375,35.486],[77.381,35.475],[77.393,35.47],[77.408,35.474],[77.419,35.471],[77.424,35.471],[77.43,35.466],[77.432,35.466],[77.436,35.463],[77.444,35.462],[77.451,35.467],[77.46,35.469],[77.467,35.474],[77.477,35.479],[77.479,35.487],[77.483,35.492],[77.489,35.493],[77.501,35.489],[77.504,35.491],[77.509,35.491],[77.512,35.486],[77.517,35.484],[77.521,35.487],[77.525,35.484],[77.534,35.489],[77.54,35.487],[77.545,35.483],[77.551,35.484],[77.559,35.488],[77.583,35.48],[77.579,35.47],[77.583,35.468],[77.593,35.465],[77.595,35.469],[77.601,35.47],[77.605,35.473],[77.615,35.47],[77.63,35.462],[77.642,35.467],[77.638,35.476],[77.638,35.484],[77.648,35.484],[77.651,35.487],[77.655,35.485],[77.671,35.467],[77.678,35.464],[77.688,35.453],[77.682,35.423],[77.612,35.371],[77.607,35.341],[77.447,35.251],[77.172,35.06],[77.054,35.037],[77.007,35.017],[76.996,34.932],[76.869,34.984],[76.858,34.964],[76.772,34.932],[76.756,34.939],[76.748,34.831],[76.712,34.809],[76.681,34.75],[76.598,34.75],[76.542,34.767],[76.496,34.798],[76.507,34.8],[76.462,34.832],[76.413,34.933],[76.413,34.98],[76.395,35.011],[76.332,35.048],[76.29,35.049],[76.268,35.074],[76.188,35.08],[76.075,35.131],[76.002,35.145],[75.913,35.224],[75.91,35.232],[75.917,35.269],[75.993,35.375],[76.006,35.461],[76.06,35.495],[76.145,35.521],[76.222,35.593],[76.329,35.652],[76.438,35.687],[76.61,35.565],[76.67,35.46]]]}},{"type":"Feature","properties":{"district_code":"131","name":"ASTORE DISTRICT","census_name":null,"province":"GILGIT-BALTISTAN","outside_census_frame":1},"geometry":{"type":"Polygon","coordinates":[[[74.744,35.716],[74.803,35.709],[74.829,35.719],[74.876,35.696],[74.878,35.641],[74.834,35.614],[74.87,35.576],[74.864,35.562],[74.952,35.512],[74.979,35.48],[75.007,35.477],[75.014,35.448],[75.068,35.438],[75.105,35.387],[75.173,35.339],[75.192,35.276],[75.172,35.229],[75.209,35.189],[75.236,35.193],[75.246,35.166],[75.272,35.158],[75.227,35.145],[75.216,35.118],[75.197,35.11],[75.204,35.076],[75.218,35.074],[75.209,35.047],[75.226,35.002],[75.206,34.981],[75.196,34.938],[75.161,34.935],[75.105,34.899],[75.142,34.872],[75.15,34.839],[75.233,34.811],[75.249,34.793],[75.261,34.69],[75.22,34.642],[75.192,34.652],[75.177,34.645],[75.162,34.657],[75.121,34.648],[75.088,34.655],[75.027,34.629],[74.997,34.652],[74.982,34.647],[74.935,34.672],[74.883,34.674],[74.822,34.748],[74.776,34.762],[74.753,34.823],[74.728,34.838],[74.726,34.855],[74.703,34.854],[74.666,34.9],[74.607,34.911],[74.57,34.896],[74.566,34.956],[74.589,34.999],[74.573,35.018],[74.562,35.009],[74.54,35.026],[74.538,35.068],[74.51,35.101],[74.463,35.108],[74.456,35.132],[74.439,35.131],[74.412,35.156],[74.463,35.204],[74.499,35.226],[74.557,35.23],[74.604,35.263],[74.64,35.267],[74.674,35.323],[74.716,35.351],[74.73,35.396],[74.7,35.494],[74.663,35.54],[74.625,35.547],[74.627,35.563],[74.645,35.569],[74.626,35.591],[74.634,35.607],[74.615,35.623],[74.612,35.652],[74.637,35.67],[74.651,35.705],[74.624,35.726],[74.625,35.742],[74.652,35.767],[74.622,35.787],[74.655,35.828],[74.728,35.85],[74.741,35.844],[74.729,35.789],[74.758,35.771],[74.741,35.745],[74.744,35.716]]]}},{"type":"Feature","properties":{"district_code":"132","name":"DIAMER DISTRICT","census_name":null,"province":"GILGIT-BALTISTAN","outside_census_frame":1},"geometry":{"type":"Polygon","coordinates":[[[73.384,35.902],[73.473,35.872],[73.506,35.876],[73.518,35.857],[73.542,35.86],[73.558,35.882],[73.627,35.86],[73.681,35.883],[73.737,35.856],[73.764,35.854],[73.769,35.864],[73.78,35.875],[73.814,35.866],[73.837,35.874],[73.88,35.845],[73.949,35.853],[73.969,35.821],[74.004,35.816],[74.027,35.83],[74.051,35.778],[74.1,35.77],[74.147,35.728],[74.156,35.731],[74.226,35.649],[74.245,35.637],[74.284,35.644],[74.373,35.583],[74.395,35.572],[74.41,35.589],[74.474,35.564],[74.486,35.58],[74.533,35.577],[74.567,35.624],[74.615,35.623],[74.634,35.607],[74.626,35.591],[74.645,35.569],[74.627,35.563],[74.625,35.547],[74.663,35.54],[74.7,35.494],[74.73,35.396],[74.716,35.351],[74.674,35.323],[74.64,35.267],[74.604,35.263],[74.557,35.23],[74.499,35.226],[74.463,35.204],[74.412,35.156],[74.439,35.131],[74.363,35.057],[74.301,35.066],[74.257,35.04],[74.223,35.081],[74.169,35.079],[74.129,35.105],[74.112,35.153],[74.097,35.146],[74.08,35.156],[74.056,35.153],[74.053,35.134],[73.994,35.118],[74.043,35.151],[74.003,35.185],[73.958,35.165],[73.926,35.21],[73.871,35.205],[73.809,35.243],[73.75,35.221],[73.73,35.274],[73.712,35.28],[73.693,35.349],[73.727,35.419],[73.755,35.443],[73.794,35.449],[73.783,35.497],[73.797,35.516],[73.742,35.518],[73.728,35.532],[73.588,35.541],[73.563,35.531],[73.562,35.541],[73.507,35.543],[73.418,35.525],[73.401,35.536],[73.402,35.555],[73.395,35.587],[73.358,35.607],[73.333,35.656],[73.291,35.671],[73.24,35.658],[73.126,35.721],[73.112,35.759],[73.158,35.762],[73.2,35.787],[73.194,35.836],[73.268,35.867],[73.267,35.933],[73.342,35.947],[73.38,35.921],[73.384,35.902]]]}},{"type":"Feature","properties":{"district_code":"133","name":"GHIZER DISTRICT","census_name":null,"province":"GILGIT-BALTISTAN","outside_census_frame":1},"geometry":{"type":"Polygon","coordinates":[[[73.856,36.917],[73.89,36.913],[73.893,36.909],[73.907,36.901],[73.908,36.899],[73.904,36.894],[73.905,36.887],[73.892,36.88],[73.893,36.878],[73.909,36.874],[73.913,36.869],[73.926,36.874],[73.932,36.875],[73.941,36.868],[73.946,36.867],[73.948,36.865],[73.948,36.861],[73.956,36.859],[73.956,36.857],[73.958,36.856],[73.954,36.852],[73.957,36.848],[73.956,36.844],[73.957,36.843],[73.967,36.842],[73.967,36.839],[73.972,36.837],[73.981,36.836],[73.987,36.831],[73.99,36.833],[73.995,36.83],[74.0,36.833],[74.003,36.837],[74.007,36.837],[74.01,36.834],[74.023,36.831],[74.027,36.827],[74.033,36.829],[74.04,36.826],[74.046,36.826],[74.069,36.817],[74.069,36.804],[74.111,36.8],[74.114,36.758],[74.1,36.731],[74.165,36.738],[74.196,36.728],[74.187,36.691],[74.247,36.683],[74.28,36.659],[74.321,36.641],[74.281,36.596],[74.226,36.598],[74.194,36.574],[74.187,36.538],[74.124,36.528],[74.119,36.485],[74.081,36.431],[74.105,36.397],[74.081,36.384],[74.035,36.332],[74.036,36.277],[74.045,36.24],[74.079,36.219],[74.12,36.167],[74.095,36.121],[74.114,36.06],[74.085,36.027],[74.078,35.965],[74.006,35.949],[74.0,35.899],[73.949,35.907],[73.949,35.853],[73.88,35.845],[73.837,35.874],[73.814,35.866],[73.78,35.875],[73.769,35.864],[73.764,35.854],[73.737,35.856],[73.681,35.883],[73.627,35.86],[73.558,35.882],[73.542,35.86],[73.518,35.857],[73.506,35.876],[73.473,35.872],[73.384,35.902],[73.38,35.921],[73.342,35.947],[73.267,35.933],[73.268,35.867],[73.194,35.836],[73.178,35.86],[73.15,35.844],[73.129,35.846],[73.092,35.876],[73.026,35.842],[72.999,35.863],[72.904,35.842],[72.891,35.877],[72.837,35.873],[72.819,35.888],[72.809,35.862],[72.797,35.866],[72.79,35.852],[72.67,35.822],[72.58,35.846],[72.528,35.898],[72.496,35.901],[72.509,35.948],[72.545,35.965],[72.588,36.025],[72.592,36.101],[72.579,36.138],[72.536,36.173],[72.581,36.256],[72.609,36.269],[72.653,36.264],[72.686,36.276],[72.722,36.313],[72.848,36.376],[72.871,36.452],[72.938,36.473],[72.967,36.477],[72.97,36.509],[73.041,36.548],[73.075,36.609],[73.049,36.685],[73.152,36.73],[73.24,36.717],[73.313,36.736],[73.425,36.737],[73.513,36.723],[73.569,36.736],[73.579,36.719],[73.607,36.71],[73.657,36.707],[73.694,36.719],[73.79,36.7],[73.852,36.718],[73.867,36.739],[73.839,36.801],[73.793,36.812],[73.785,36.835],[73.697,36.855],[73.655,36.909],[73.659,36.911],[73.672,36.912],[73.692,36.916],[73.7,36.914],[73.703,36.911],[73.716,36.905],[73.735,36.903],[73.753,36.912],[73.757,36.908],[73.758,36.905],[73.771,36.905],[73.773,36.899],[73.781,36.897],[73.79,36.901],[73.795,36.9],[73.799,36.897],[73.799,36.892],[73.8,36.891],[73.815,36.891],[73.821,36.896],[73.827,36.899],[73.828,36.901],[73.825,36.904],[73.825,36.908],[73.827,36.911],[73.826,36.913],[73.834,36.924],[73.844,36.926],[73.848,36.924],[73.848,36.921],[73.85,36.919],[73.856,36.917]]]}},{"type":"Feature","properties":{"district_code":"134","name":"GILGIT DISTRICT","census_name":null,"province":"GILGIT-BALTISTAN","outside_census_frame":1},"geometry":{"type":"Polygon","coordinates":[[[74.228,36.185],[74.288,36.181],[74.313,36.203],[74.298,36.182],[74.363,36.165],[74.428,36.086],[74.489,36.155],[74.624,36.144],[74.673,36.107],[74.713,36.096],[74.743,36.063],[74.853,36.046],[74.878,36.006],[74.894,36.004],[74.944,35.964],[74.928,35.94],[74.963,35.927],[74.969,35.902],[74.97,35.869],[74.905,35.843],[74.896,35.819],[74.848,35.797],[74.831,35.764],[74.797,35.751],[74.758,35.771],[74.729,35.789],[74.741,35.844],[74.728,35.85],[74.655,35.828],[74.622,35.787],[74.652,35.767],[74.625,35.742],[74.624,35.726],[74.651,35.705],[74.637,35.67],[74.612,35.652],[74.615,35.623],[74.567,35.624],[74.533,35.577],[74.486,35.58],[74.474,35.564],[74.41,35.589],[74.395,35.572],[74.373,35.583],[74.284,35.644],[74.245,35.637],[74.226,35.649],[74.156,35.731],[74.147,35.728],[74.1,35.77],[74.051,35.778],[74.027,35.83],[74.004,35.816],[73.969,35.821],[73.949,35.853],[73.949,35.907],[74.0,35.899],[74.006,35.949],[74.078,35.965],[74.085,36.027],[74.114,36.06],[74.095,36.121],[74.12,36.167],[74.079,36.219],[74.045,36.24],[74.036,36.277],[74.035,36.332],[74.081,36.384],[74.09,36.339],[74.15,36.302],[74.164,36.241],[74.209,36.213],[74.228,36.185]]]}},{"type":"Feature","properties":{"district_code":"135","name":"HUNZA DISTRICT","census_name":null,"province":"GILGIT-BALTISTAN","outside_census_frame":1},"geometry":{"type":"Polygon","coordinates":[[[74.706,37.071],[74.707,37.065],[74.719,37.059],[74.72,37.052],[74.717,37.041],[74.717,37.037],[74.723,37.035],[74.725,37.029],[74.731,37.024],[74.739,37.022],[74.764,37.025],[74.774,37.022],[74.781,37.028],[74.789,37.028],[74.794,37.031],[74.791,37.042],[74.792,37.045],[74.799,37.051],[74.806,37.053],[74.821,37.054],[74.839,37.059],[74.841,37.055],[74.841,37.043],[74.846,37.029],[74.84,37.018],[74.848,37.01],[74.864,36.981],[74.874,36.97],[74.875,36.965],[74.88,36.961],[74.881,36.953],[74.886,36.947],[74.884,36.936],[74.888,36.934],[74.899,36.935],[74.906,36.93],[74.91,36.93],[74.913,36.933],[74.92,36.934],[74.921,36.938],[74.916,36.946],[74.927,36.945],[74.932,36.946],[74.93,36.95],[74.93,36.955],[74.925,36.959],[74.921,36.973],[74.917,36.979],[74.929,36.979],[74.939,36.985],[74.947,36.988],[74.963,36.989],[74.966,36.99],[74.974,36.997],[74.978,36.996],[74.982,36.99],[74.992,36.991],[75.005,37.001],[75.01,37.0],[75.015,37.003],[75.021,37.012],[75.029,37.016],[75.043,37.013],[75.044,37.008],[75.048,37.005],[75.06,37.002],[75.071,37.002],[75.08,37.008],[75.098,37.011],[75.106,37.011],[75.115,37.007],[75.115,37.01],[75.125,37.013],[75.13,37.021],[75.138,37.026],[75.141,37.027],[75.147,37.026],[75.152,37.018],[75.152,37.016],[75.161,37.017],[75.168,37.01],[75.166,37.005],[75.159,37.001],[75.158,36.993],[75.159,36.99],[75.166,36.987],[75.173,36.986],[75.178,36.98],[75.186,36.976],[75.195,36.974],[75.199,36.976],[75.216,36.972],[75.216,36.967],[75.218,36.965],[75.233,36.959],[75.248,36.961],[75.252,36.964],[75.261,36.965],[75.268,36.967],[75.271,36.972],[75.29,36.974],[75.298,36.972],[75.307,36.965],[75.316,36.97],[75.32,36.965],[75.322,36.96],[75.324,36.959],[75.339,36.957],[75.359,36.957],[75.375,36.947],[75.39,36.949],[75.394,36.95],[75.394,36.954],[75.4,36.955],[75.404,36.949],[75.41,36.946],[75.406,36.937],[75.394,36.933],[75.387,36.928],[75.39,36.921],[75.391,36.916],[75.386,36.903],[75.394,36.901],[75.41,36.892],[75.42,36.889],[75.423,36.886],[75.419,36.881],[75.423,36.875],[75.424,36.865],[75.429,36.848],[75.43,36.831],[75.428,36.825],[75.423,36.819],[75.423,36.805],[75.42,36.799],[75.425,36.796],[75.427,36.79],[75.421,36.773],[75.43,36.761],[75.435,36.759],[75.435,36.751],[75.445,36.744],[75.452,36.724],[75.455,36.722],[75.467,36.717],[75.47,36.717],[75.475,36.724],[75.487,36.729],[75.491,36.734],[75.499,36.739],[75.515,36.724],[75.523,36.721],[75.532,36.721],[75.537,36.733],[75.537,36.743],[75.527,36.757],[75.533,36.761],[75.534,36.771],[75.554,36.771],[75.567,36.775],[75.569,36.769],[75.574,36.767],[75.587,36.769],[75.621,36.769],[75.629,36.767],[75.64,36.77],[75.648,36.767],[75.654,36.768],[75.662,36.765],[75.676,36.764],[75.689,36.758],[75.698,36.747],[75.711,36.747],[75.72,36.752],[75.724,36.751],[75.747,36.74],[75.766,36.725],[75.784,36.719],[75.792,36.715],[75.794,36.712],[75.804,36.71],[75.811,36.698],[75.817,36.697],[75.826,36.693],[75.831,36.685],[75.849,36.674],[75.855,36.674],[75.865,36.67],[75.871,36.662],[75.873,36.657],[75.888,36.639],[75.911,36.629],[75.919,36.619],[75.928,36.61],[75.935,36.601],[75.941,36.599],[75.942,36.596],[75.94,36.591],[75.926,36.573],[75.924,36.569],[75.926,36.565],[75.94,36.556],[75.948,36.542],[75.96,36.531],[75.964,36.523],[75.987,36.502],[75.993,36.489],[76.005,36.477],[76.009,36.471],[76.023,36.436],[76.029,36.418],[76.035,36.409],[76.034,36.405],[76.027,36.397],[76.027,36.392],[76.019,36.39],[76.005,36.382],[76.002,36.377],[76.001,36.371],[75.999,36.369],[75.999,36.364],[75.995,36.359],[75.994,36.356],[75.987,36.353],[75.985,36.35],[75.985,36.342],[75.993,36.33],[75.995,36.324],[75.995,36.307],[76.017,36.3],[76.025,36.273],[76.027,36.269],[76.036,36.265],[76.048,36.252],[76.058,36.246],[76.058,36.239],[76.06,36.236],[76.058,36.232],[76.062,36.227],[76.06,36.225],[76.056,36.224],[76.043,36.225],[76.035,36.229],[76.033,36.234],[76.028,36.236],[76.019,36.236],[76.018,36.233],[76.011,36.235],[76.003,36.232],[76.007,36.226],[76.009,36.209],[76.007,36.199],[76.011,36.195],[76.008,36.189],[76.004,36.189],[76.005,36.183],[76.012,36.18],[76.028,36.176],[76.029,36.174],[76.013,36.172],[76.003,36.166],[75.996,36.166],[75.99,36.163],[75.969,36.164],[75.964,36.159],[75.968,36.149],[75.96,36.145],[75.933,36.136],[75.932,36.127],[75.946,36.119],[75.949,36.113],[75.949,36.112],[75.94,36.108],[75.937,36.105],[75.944,36.098],[75.945,36.093],[75.944,36.088],[75.953,36.082],[75.955,36.078],[75.944,36.076],[75.942,36.074],[75.942,36.071],[75.848,36.023],[75.785,36.018],[75.766,36.024],[75.749,36.069],[75.727,36.072],[75.731,36.108],[75.68,36.14],[75.606,36.127],[75.485,36.146],[75.457,36.157],[75.414,36.208],[75.34,36.253],[75.29,36.224],[75.253,36.249],[75.22,36.321],[75.194,36.33],[75.1,36.298],[75.01,36.334],[74.966,36.311],[74.882,36.322],[74.859,36.288],[74.827,36.28],[74.794,36.282],[74.785,36.301],[74.712,36.307],[74.702,36.298],[74.645,36.312],[74.612,36.298],[74.615,36.287],[74.603,36.273],[74.575,36.272],[74.57,36.255],[74.424,36.236],[74.366,36.25],[74.37,36.263],[74.338,36.288],[74.345,36.357],[74.399,36.427],[74.392,36.453],[74.363,36.464],[74.36,36.492],[74.446,36.552],[74.433,36.583],[74.373,36.63],[74.373,36.661],[74.345,36.656],[74.321,36.688],[74.28,36.659],[74.247,36.683],[74.187,36.691],[74.196,36.728],[74.165,36.738],[74.1,36.731],[74.114,36.758],[74.111,36.8],[74.069,36.804],[74.069,36.817],[74.046,36.826],[74.055,36.831],[74.065,36.841],[74.08,36.838],[74.092,36.839],[74.097,36.842],[74.105,36.841],[74.109,36.838],[74.121,36.838],[74.125,36.846],[74.124,36.849],[74.134,36.85],[74.135,36.854],[74.131,36.856],[74.129,36.861],[74.137,36.873],[74.139,36.874],[74.143,36.879],[74.151,36.885],[74.155,36.883],[74.16,36.886],[74.158,36.89],[74.152,36.893],[74.154,36.898],[74.172,36.903],[74.173,36.906],[74.172,36.912],[74.176,36.917],[74.181,36.916],[74.184,36.912],[74.191,36.91],[74.2,36.911],[74.202,36.909],[74.204,36.904],[74.214,36.907],[74.221,36.902],[74.224,36.897],[74.24,36.895],[74.243,36.896],[74.245,36.899],[74.257,36.9],[74.265,36.904],[74.271,36.912],[74.28,36.911],[74.288,36.914],[74.294,36.912],[74.301,36.917],[74.309,36.919],[74.317,36.936],[74.316,36.938],[74.333,36.945],[74.333,36.95],[74.344,36.957],[74.347,36.961],[74.358,36.963],[74.362,36.962],[74.369,36.965],[74.38,36.963],[74.388,36.964],[74.394,36.969],[74.396,36.974],[74.416,36.975],[74.419,36.98],[74.418,36.983],[74.421,36.989],[74.414,36.993],[74.418,36.999],[74.417,37.004],[74.419,37.007],[74.427,37.011],[74.43,37.007],[74.438,37.006],[74.446,37.002],[74.456,37.004],[74.461,36.999],[74.465,36.999],[74.468,36.994],[74.474,36.99],[74.485,36.987],[74.492,36.988],[74.5,36.981],[74.499,36.976],[74.506,36.971],[74.506,36.966],[74.516,36.964],[74.522,36.959],[74.529,36.959],[74.534,36.957],[74.539,36.96],[74.543,36.965],[74.544,36.973],[74.536,36.98],[74.539,36.987],[74.537,36.991],[74.527,36.997],[74.525,37.004],[74.517,37.011],[74.519,37.017],[74.53,37.02],[74.536,37.026],[74.548,37.025],[74.555,37.031],[74.58,37.031],[74.586,37.034],[74.602,37.037],[74.611,37.042],[74.615,37.042],[74.624,37.047],[74.622,37.06],[74.636,37.066],[74.646,37.07],[74.652,37.069],[74.659,37.079],[74.668,37.082],[74.698,37.084],[74.702,37.082],[74.706,37.077],[74.706,37.071]]]}},{"type":"Feature","properties":{"district_code":"136","name":"BHIMBER DISTRICT","census_name":null,"province":"AZAD JAMMU & KASHMIR","outside_census_frame":1},"geometry":{"type":"Polygon","coordinates":[[[74.0,33.253],[74.008,33.217],[74.036,33.197],[74.069,33.196],[74.153,33.138],[74.182,33.09],[74.171,33.073],[74.209,33.068],[74.25,33.045],[74.323,33.031],[74.339,32.952],[74.31,32.936],[74.325,32.922],[74.325,32.887],[74.351,32.88],[74.349,32.861],[74.365,32.877],[74.382,32.875],[74.402,32.902],[74.416,32.897],[74.42,32.841],[74.438,32.823],[74.442,32.791],[74.422,32.79],[74.391,32.765],[74.354,32.767],[74.307,32.808],[74.312,32.822],[74.221,32.849],[74.219,32.873],[74.197,32.876],[74.147,32.895],[74.141,32.887],[74.106,32.909],[74.069,32.911],[74.05,32.938],[74.026,32.93],[74.002,32.938],[74.005,32.962],[73.963,32.98],[73.949,32.974],[73.927,32.995],[73.833,33.003],[73.825,33.023],[73.867,33.04],[73.884,33.073],[73.848,33.106],[73.877,33.115],[73.873,33.146],[73.916,33.171],[73.916,33.182],[73.902,33.225],[73.936,33.249],[73.975,33.238],[73.975,33.252],[74.0,33.253]]]}},{"type":"Feature","properties":{"district_code":"137","name":"KOTLI DISTRICT","census_name":null,"province":"AZAD JAMMU & KASHMIR","outside_census_frame":1},"geometry":{"type":"Polygon","coordinates":[[[73.686,33.626],[73.734,33.583],[73.75,33.598],[73.747,33.616],[73.774,33.609],[73.819,33.613],[73.829,33.59],[73.859,33.579],[73.876,33.591],[73.87,33.599],[73.96,33.62],[73.966,33.607],[74.019,33.596],[74.035,33.577],[74.07,33.585],[74.145,33.556],[74.153,33.516],[74.196,33.473],[74.182,33.459],[74.178,33.412],[74.185,33.386],[74.156,33.327],[74.09,33.284],[74.007,33.276],[74.013,33.261],[74.003,33.263],[74.0,33.253],[73.975,33.252],[73.975,33.238],[73.936,33.249],[73.902,33.225],[73.867,33.271],[73.833,33.298],[73.817,33.291],[73.789,33.339],[73.762,33.349],[73.778,33.361],[73.75,33.376],[73.755,33.392],[73.748,33.411],[73.734,33.412],[73.734,33.429],[73.715,33.445],[73.669,33.442],[73.66,33.46],[73.647,33.443],[73.628,33.448],[73.632,33.46],[73.617,33.479],[73.61,33.472],[73.603,33.494],[73.637,33.53],[73.622,33.541],[73.629,33.57],[73.605,33.589],[73.61,33.604],[73.597,33.6],[73.585,33.629],[73.623,33.65],[73.686,33.626]]]}},{"type":"Feature","properties":{"district_code":"138","name":"MIRPUR DISTRICT","census_name":null,"province":"AZAD JAMMU & KASHMIR","outside_census_frame":1},"geometry":{"type":"Polygon","coordinates":[[[73.66,33.46],[73.669,33.442],[73.715,33.445],[73.734,33.429],[73.734,33.412],[73.748,33.411],[73.755,33.392],[73.75,33.376],[73.778,33.361],[73.762,33.349],[73.789,33.339],[73.817,33.291],[73.833,33.298],[73.867,33.271],[73.902,33.225],[73.916,33.182],[73.916,33.171],[73.873,33.146],[73.877,33.115],[73.848,33.106],[73.884,33.073],[73.867,33.04],[73.825,33.023],[73.833,33.003],[73.816,32.967],[73.785,32.965],[73.79,33.013],[73.766,33.01],[73.746,33.036],[73.751,33.051],[73.724,33.069],[73.634,33.093],[73.631,33.144],[73.628,33.166],[73.653,33.171],[73.658,33.194],[73.636,33.191],[73.639,33.224],[73.613,33.249],[73.614,33.325],[73.599,33.325],[73.594,33.342],[73.579,33.33],[73.569,33.34],[73.582,33.354],[73.566,33.371],[73.6,33.425],[73.587,33.427],[73.596,33.441],[73.628,33.448],[73.647,33.443],[73.66,33.46]]]}},{"type":"Feature","properties":{"district_code":"139","name":"JHELUM VALLEY DISTRICT","census_name":null,"province":"AZAD JAMMU & KASHMIR","outside_census_frame":1},"geometry":{"type":"Polygon","coordinates":[[[73.937,34.336],[73.918,34.307],[73.942,34.313],[73.937,34.285],[73.991,34.274],[73.99,34.261],[74.006,34.224],[73.997,34.2],[74.01,34.193],[73.96,34.169],[73.966,34.154],[73.927,34.128],[73.926,34.103],[73.904,34.105],[73.898,34.055],[73.927,34.024],[73.876,34.017],[73.857,34.027],[73.852,34.067],[73.831,34.082],[73.77,34.083],[73.698,34.074],[73.646,34.137],[73.637,34.182],[73.626,34.2],[73.636,34.209],[73.671,34.2],[73.684,34.217],[73.698,34.2],[73.748,34.246],[73.765,34.282],[73.757,34.287],[73.755,34.344],[73.774,34.333],[73.815,34.349],[73.813,34.329],[73.854,34.322],[73.913,34.352],[73.937,34.336]]]}},{"type":"Feature","properties":{"district_code":"140","name":"MUZAFFARABAD DISTRICT","census_name":null,"province":"AZAD JAMMU & KASHMIR","outside_census_frame":1},"geometry":{"type":"Polygon","coordinates":[[[73.757,34.287],[73.765,34.282],[73.748,34.246],[73.698,34.2],[73.684,34.217],[73.671,34.2],[73.636,34.209],[73.626,34.2],[73.637,34.182],[73.646,34.137],[73.698,34.074],[73.694,34.069],[73.645,34.058],[73.626,34.082],[73.612,34.074],[73.618,34.061],[73.6,34.064],[73.578,34.094],[73.529,34.106],[73.523,34.134],[73.517,34.11],[73.496,34.108],[73.496,34.208],[73.472,34.254],[73.482,34.287],[73.454,34.276],[73.459,34.29],[73.426,34.33],[73.429,34.343],[73.406,34.346],[73.395,34.372],[73.417,34.381],[73.43,34.434],[73.422,34.471],[73.417,34.479],[73.443,34.495],[73.446,34.567],[73.541,34.574],[73.564,34.59],[73.618,34.582],[73.655,34.562],[73.665,34.542],[73.768,34.515],[73.739,34.465],[73.749,34.417],[73.736,34.386],[73.755,34.382],[73.757,34.287]]]}},{"type":"Feature","properties":{"district_code":"141","name":"NEELUM DISTRICT","census_name":null,"province":"AZAD JAMMU & KASHMIR","outside_census_frame":1},"geometry":{"type":"Polygon","coordinates":[[[74.538,35.068],[74.54,35.026],[74.562,35.009],[74.573,35.018],[74.589,34.999],[74.566,34.956],[74.57,34.896],[74.607,34.911],[74.666,34.9],[74.703,34.854],[74.726,34.855],[74.728,34.838],[74.753,34.823],[74.776,34.762],[74.822,34.748],[74.883,34.674],[74.851,34.684],[74.84,34.674],[74.73,34.681],[74.652,34.706],[74.569,34.764],[74.348,34.787],[74.31,34.783],[74.24,34.726],[74.159,34.69],[74.145,34.659],[74.122,34.66],[74.104,34.681],[74.09,34.669],[73.969,34.687],[73.952,34.649],[73.931,34.641],[73.929,34.602],[73.952,34.597],[73.956,34.565],[73.891,34.506],[73.887,34.453],[73.847,34.432],[73.807,34.429],[73.755,34.382],[73.736,34.386],[73.749,34.417],[73.739,34.465],[73.768,34.515],[73.665,34.542],[73.655,34.562],[73.618,34.582],[73.564,34.59],[73.541,34.574],[73.554,34.599],[73.572,34.601],[73.562,34.619],[73.575,34.623],[73.555,34.646],[73.568,34.655],[73.601,34.651],[73.593,34.677],[73.625,34.676],[73.626,34.7],[73.668,34.74],[73.587,34.782],[73.619,34.829],[73.66,34.832],[73.684,34.805],[73.71,34.805],[73.715,34.782],[73.732,34.774],[73.765,34.799],[73.831,34.791],[73.838,34.814],[73.865,34.809],[73.898,34.82],[73.928,34.811],[73.934,34.832],[73.968,34.836],[73.978,34.866],[74.045,34.89],[74.039,34.914],[74.072,34.938],[74.061,34.989],[74.111,35.018],[74.077,35.048],[74.087,35.083],[74.129,35.105],[74.169,35.079],[74.223,35.081],[74.257,35.04],[74.301,35.066],[74.363,35.057],[74.439,35.131],[74.456,35.132],[74.463,35.108],[74.51,35.101],[74.538,35.068]]]}},{"type":"Feature","properties":{"district_code":"142","name":"BAGH DISTRICT","census_name":null,"province":"AZAD JAMMU & KASHMIR","outside_census_frame":1},"geometry":{"type":"Polygon","coordinates":[[[73.6,34.064],[73.618,34.061],[73.612,34.074],[73.626,34.082],[73.645,34.058],[73.694,34.069],[73.698,34.074],[73.77,34.083],[73.831,34.082],[73.852,34.067],[73.857,34.027],[73.876,34.017],[73.927,34.024],[73.967,34.011],[74.009,34.024],[74.034,34.018],[74.032,33.998],[74.013,33.984],[73.989,33.985],[74.001,33.977],[73.986,33.961],[73.975,33.918],[73.914,33.888],[73.79,33.92],[73.778,33.884],[73.761,33.883],[73.673,33.955],[73.643,33.978],[73.609,33.981],[73.611,33.933],[73.576,33.911],[73.548,33.937],[73.515,34.018],[73.496,34.108],[73.517,34.11],[73.523,34.134],[73.529,34.106],[73.578,34.094],[73.6,34.064]]]}},{"type":"Feature","properties":{"district_code":"143","name":"HAVELI DISTRICT","census_name":null,"province":"AZAD JAMMU & KASHMIR","outside_census_frame":1},"geometry":{"type":"Polygon","coordinates":[[[74.138,34.046],[74.201,34.016],[74.228,34.025],[74.254,34.005],[74.282,33.936],[74.276,33.895],[74.208,33.858],[74.171,33.835],[74.071,33.826],[74.047,33.815],[74.006,33.857],[73.975,33.918],[73.986,33.961],[74.001,33.977],[73.989,33.985],[74.013,33.984],[74.032,33.998],[74.034,34.018],[74.009,34.024],[74.016,34.038],[74.051,34.03],[74.138,34.046]]]}},{"type":"Feature","properties":{"district_code":"144","name":"POONCH DISTRICT","census_name":null,"province":"AZAD JAMMU & KASHMIR","outside_census_frame":1},"geometry":{"type":"Polygon","coordinates":[[[73.673,33.955],[73.761,33.883],[73.778,33.884],[73.79,33.92],[73.914,33.888],[73.975,33.918],[74.006,33.857],[74.047,33.815],[74.002,33.773],[74.008,33.752],[73.974,33.74],[73.96,33.718],[73.981,33.706],[73.989,33.684],[73.982,33.639],[74.019,33.596],[73.966,33.607],[73.96,33.62],[73.903,33.606],[73.897,33.618],[73.958,33.659],[73.923,33.678],[73.919,33.693],[73.883,33.704],[73.886,33.719],[73.854,33.715],[73.852,33.723],[73.807,33.749],[73.823,33.766],[73.802,33.766],[73.797,33.778],[73.771,33.779],[73.74,33.8],[73.695,33.808],[73.698,33.79],[73.687,33.787],[73.661,33.807],[73.64,33.834],[73.628,33.826],[73.581,33.848],[73.594,33.888],[73.576,33.911],[73.611,33.933],[73.609,33.981],[73.643,33.978],[73.673,33.955]]]}},{"type":"Feature","properties":{"district_code":"145","name":"SUDHNOTI DISTRICT","census_name":null,"province":"AZAD JAMMU & KASHMIR","outside_census_frame":1},"geometry":{"type":"Polygon","coordinates":[[[73.581,33.848],[73.628,33.826],[73.64,33.834],[73.661,33.807],[73.687,33.787],[73.698,33.79],[73.695,33.808],[73.74,33.8],[73.771,33.779],[73.797,33.778],[73.802,33.766],[73.823,33.766],[73.807,33.749],[73.852,33.723],[73.854,33.715],[73.886,33.719],[73.883,33.704],[73.919,33.693],[73.923,33.678],[73.958,33.659],[73.897,33.618],[73.903,33.606],[73.87,33.599],[73.876,33.591],[73.859,33.579],[73.829,33.59],[73.819,33.613],[73.774,33.609],[73.747,33.616],[73.75,33.598],[73.734,33.583],[73.686,33.626],[73.623,33.65],[73.585,33.629],[73.592,33.61],[73.568,33.617],[73.578,33.641],[73.567,33.665],[73.6,33.701],[73.602,33.732],[73.599,33.745],[73.56,33.779],[73.581,33.848]]]}},{"type":"Feature","properties":{"district_code":"146","name":"KARACHI EAST DISTRICT","census_name":"KARACHI EAST DISTRICT","province":"SINDH"},"geometry":{"type":"Polygon","coordinates":[[[67.205,25.001],[67.192,24.988],[67.167,24.992],[67.191,24.973],[67.182,24.947],[67.157,24.939],[67.135,24.906],[67.136,24.887],[67.097,24.873],[67.089,24.86],[67.079,24.831],[67.03,24.868],[67.025,24.865],[67.022,24.884],[67.026,24.889],[67.064,24.907],[67.09,24.938],[67.092,25.008],[67.17,25.021],[67.174,25.009],[67.205,25.001]]]}},{"type":"Feature","properties":{"district_code":"147","name":"KARACHI WEST DISTRICT","census_name":"KARACHI WEST DISTRICT","province":"SINDH"},"geometry":{"type":"Polygon","coordinates":[[[67.081,25.088],[67.13,25.072],[67.164,25.082],[67.18,25.047],[67.189,25.051],[67.218,25.017],[67.205,25.001],[67.174,25.009],[67.17,25.021],[67.092,25.008],[67.046,25.004],[67.044,24.964],[67.017,24.932],[66.999,24.927],[66.984,24.915],[66.977,24.954],[66.962,24.962],[66.989,24.994],[66.968,25.007],[66.971,24.982],[66.938,24.965],[66.93,25.017],[66.985,25.068],[66.997,25.041],[67.013,25.074],[67.036,25.087],[67.076,25.073],[67.081,25.088]]]}},{"type":"Feature","properties":{"district_code":"148","name":"MALIR DISTRICT","census_name":"MALIR DISTRICT","province":"SINDH"},"geometry":{"type":"Polygon","coordinates":[[[67.416,25.649],[67.42,25.629],[67.431,25.631],[67.46,25.519],[67.425,25.419],[67.436,25.389],[67.42,25.353],[67.405,25.354],[67.383,25.308],[67.361,25.318],[67.362,25.342],[67.343,25.342],[67.297,25.255],[67.335,25.246],[67.32,25.198],[67.365,25.205],[67.367,25.176],[67.299,25.18],[67.316,25.152],[67.352,25.16],[67.382,25.15],[67.402,25.161],[67.464,25.14],[67.445,25.111],[67.489,25.094],[67.523,25.03],[67.522,24.993],[67.536,24.99],[67.542,24.909],[67.586,24.829],[67.591,24.791],[67.519,24.801],[67.477,24.842],[67.437,24.845],[67.449,24.781],[67.436,24.777],[67.425,24.78],[67.423,24.777],[67.421,24.777],[67.417,24.781],[67.415,24.788],[67.409,24.79],[67.402,24.789],[67.401,24.786],[67.406,24.784],[67.415,24.783],[67.424,24.773],[67.428,24.772],[67.424,24.769],[67.418,24.774],[67.407,24.78],[67.401,24.781],[67.398,24.783],[67.385,24.785],[67.384,24.78],[67.38,24.78],[67.38,24.781],[67.376,24.781],[67.374,24.783],[67.366,24.779],[67.362,24.784],[67.362,24.782],[67.359,24.784],[67.366,24.779],[67.362,24.781],[67.365,24.778],[67.353,24.776],[67.344,24.778],[67.342,24.775],[67.339,24.774],[67.339,24.773],[67.328,24.764],[67.322,24.764],[67.319,24.766],[67.321,24.769],[67.326,24.769],[67.323,24.775],[67.325,24.778],[67.329,24.778],[67.338,24.786],[67.328,24.793],[67.326,24.793],[67.327,24.794],[67.32,24.801],[67.313,24.805],[67.311,24.809],[67.312,24.814],[67.306,24.824],[67.302,24.828],[67.301,24.844],[67.27,24.844],[67.27,24.84],[67.273,24.84],[67.273,24.837],[67.284,24.837],[67.286,24.828],[67.28,24.827],[67.277,24.825],[67.27,24.823],[67.271,24.81],[67.27,24.807],[67.266,24.806],[67.262,24.808],[67.262,24.813],[67.254,24.816],[67.252,24.819],[67.245,24.818],[67.246,24.816],[67.244,24.814],[67.238,24.815],[67.237,24.814],[67.236,24.815],[67.224,24.814],[67.224,24.813],[67.221,24.813],[67.214,24.81],[67.212,24.811],[67.205,24.811],[67.204,24.815],[67.202,24.815],[67.199,24.809],[67.205,24.807],[67.203,24.8],[67.201,24.801],[67.201,24.805],[67.197,24.805],[67.196,24.802],[67.188,24.805],[67.182,24.804],[67.178,24.805],[67.178,24.803],[67.167,24.802],[67.168,24.799],[67.174,24.796],[67.175,24.794],[67.189,24.789],[67.179,24.782],[67.168,24.78],[67.163,24.784],[67.165,24.787],[67.163,24.79],[67.149,24.791],[67.148,24.793],[67.146,24.792],[67.148,24.789],[67.145,24.791],[67.146,24.79],[67.147,24.789],[67.147,24.788],[67.145,24.791],[67.145,24.789],[67.143,24.791],[67.145,24.786],[67.143,24.79],[67.143,24.788],[67.141,24.79],[67.141,24.787],[67.144,24.784],[67.14,24.786],[67.142,24.783],[67.14,24.785],[67.138,24.781],[67.126,24.777],[67.12,24.778],[67.114,24.782],[67.1,24.799],[67.097,24.805],[67.113,24.807],[67.132,24.817],[67.144,24.802],[67.184,24.824],[67.206,24.831],[67.205,24.846],[67.161,24.843],[67.155,24.869],[67.201,24.865],[67.188,24.879],[67.218,24.9],[67.213,24.911],[67.185,24.912],[67.175,24.885],[67.136,24.887],[67.135,24.906],[67.157,24.939],[67.182,24.947],[67.191,24.973],[67.167,24.992],[67.192,24.988],[67.218,25.017],[67.189,25.051],[67.18,25.047],[67.164,25.082],[67.13,25.072],[67.081,25.088],[67.076,25.073],[67.036,25.087],[67.013,25.074],[66.997,25.041],[66.985,25.068],[67.025,25.117],[67.019,25.169],[67.04,25.21],[67.11,25.252],[67.139,25.306],[67.169,25.329],[67.157,25.359],[67.181,25.391],[67.178,25.455],[67.215,25.491],[67.221,25.522],[67.267,25.534],[67.276,25.576],[67.321,25.592],[67.348,25.642],[67.367,25.646],[67.416,25.649]]]}},{"type":"Feature","properties":{"district_code":"149","name":"KARACHI CENTRAL DISTRICT","census_name":"KARACHI CENTRAL DISTRICT","province":"SINDH"},"geometry":{"type":"Polygon","coordinates":[[[67.09,24.938],[67.064,24.907],[67.026,24.889],[67.016,24.931],[67.044,24.964],[67.046,25.004],[67.092,25.008],[67.09,24.938]],[[67.044,24.921],[67.044,24.921],[67.044,24.921],[67.044,24.921]]]}},{"type":"Feature","properties":{"district_code":"150","name":"KARACHI SOUTH DISTRICT","census_name":"KARACHI SOUTH DISTRICT","province":"SINDH"},"geometry":{"type":"Polygon","coordinates":[[[67.022,24.884],[67.025,24.865],[67.03,24.868],[67.078,24.831],[67.074,24.831],[67.079,24.801],[67.081,24.794],[67.102,24.775],[67.102,24.772],[67.1,24.771],[67.103,24.768],[67.105,24.762],[67.099,24.758],[67.098,24.76],[67.085,24.75],[67.083,24.75],[67.083,24.748],[67.082,24.748],[67.082,24.75],[67.077,24.751],[67.073,24.756],[67.068,24.759],[67.052,24.776],[67.054,24.777],[67.053,24.779],[67.038,24.795],[67.018,24.81],[66.994,24.814],[67.018,24.823],[67.021,24.831],[67.022,24.845],[66.993,24.852],[66.976,24.871],[67.012,24.879],[67.022,24.884]]]}},{"type":"Feature","properties":{"district_code":"152","name":"SUJAWAL DISTRICT","census_name":"SUJAWAL DISTRICT","province":"SINDH"},"geometry":{"type":"MultiPolygon","coordinates":[[[[67.676,23.931],[67.685,23.929],[67.693,23.931],[67.699,23.928],[67.712,23.911],[67.71,23.892],[67.712,23.887],[67.718,23.882],[67.726,23.878],[67.741,23.867],[67.743,23.865],[67.739,23.854],[67.742,23.85],[67.748,23.846],[67.75,23.842],[67.747,23.838],[67.744,23.82],[67.736,23.82],[67.736,23.826],[67.729,23.828],[67.727,23.825],[67.726,23.821],[67.722,23.82],[67.715,23.815],[67.707,23.813],[67.698,23.813],[67.688,23.817],[67.685,23.822],[67.656,23.822],[67.649,23.828],[67.652,23.84],[67.655,23.845],[67.652,23.847],[67.651,23.851],[67.646,23.853],[67.644,23.857],[67.644,23.88],[67.639,23.896],[67.646,23.91],[67.646,23.915],[67.651,23.921],[67.655,23.93],[67.658,23.933],[67.669,23.935],[67.676,23.931]]],[[[67.582,23.936],[67.586,23.935],[67.589,23.936],[67.59,23.934],[67.587,23.929],[67.579,23.921],[67.578,23.908],[67.579,23.907],[67.579,23.882],[67.576,23.877],[67.547,23.895],[67.542,23.914],[67.535,23.918],[67.533,23.922],[67.535,23.927],[67.546,23.937],[67.549,23.953],[67.554,23.951],[67.562,23.941],[67.582,23.936]]],[[[67.578,23.995],[67.566,23.989],[67.563,23.945],[67.553,23.955],[67.549,23.956],[67.543,23.953],[67.541,23.937],[67.534,23.934],[67.525,23.925],[67.525,23.918],[67.516,23.916],[67.509,23.918],[67.471,23.941],[67.469,23.945],[67.466,23.955],[67.468,23.957],[67.474,23.959],[67.476,23.962],[67.488,23.961],[67.495,23.964],[67.496,23.968],[67.504,23.972],[67.508,23.972],[67.517,23.969],[67.52,23.97],[67.526,23.978],[67.533,23.98],[67.536,23.989],[67.545,23.991],[67.546,23.993],[67.536,23.991],[67.533,23.988],[67.532,23.982],[67.525,23.98],[67.519,23.974],[67.502,23.976],[67.499,23.981],[67.5,23.992],[67.56,24.033],[67.578,23.995]]],[[[68.273,24.993],[68.326,24.939],[68.274,24.894],[68.304,24.813],[68.321,24.812],[68.374,24.757],[68.375,24.663],[68.358,24.651],[68.388,24.634],[68.378,24.616],[68.408,24.566],[68.424,24.437],[68.431,24.422],[68.46,24.432],[68.45,24.404],[68.489,24.402],[68.493,24.385],[68.533,24.355],[68.617,24.375],[68.732,24.376],[68.762,24.324],[68.763,24.295],[68.752,23.949],[68.417,23.969],[68.393,23.976],[68.387,23.976],[68.385,23.996],[68.395,24.014],[68.394,24.022],[68.375,24.029],[68.366,24.031],[68.268,23.965],[68.256,23.961],[68.078,23.913],[67.936,23.879],[67.881,23.863],[67.782,23.817],[67.777,23.816],[67.769,23.818],[67.753,23.831],[67.754,23.84],[67.752,23.849],[67.743,23.855],[67.745,23.861],[67.743,23.869],[67.745,23.874],[67.742,23.87],[67.74,23.873],[67.726,23.881],[67.715,23.889],[67.713,23.894],[67.715,23.908],[67.711,23.932],[67.706,23.924],[67.699,23.929],[67.701,23.939],[67.716,23.962],[67.709,23.963],[67.706,23.96],[67.691,23.936],[67.686,23.943],[67.683,23.945],[67.664,23.944],[67.674,23.95],[67.677,23.955],[67.679,23.968],[67.676,23.972],[67.665,23.976],[67.659,23.98],[67.658,23.986],[67.655,23.988],[67.656,23.979],[67.658,23.977],[67.662,23.973],[67.676,23.967],[67.672,23.959],[67.663,23.95],[67.643,23.941],[67.639,23.938],[67.639,23.935],[67.637,23.934],[67.626,23.933],[67.619,23.926],[67.6,23.929],[67.592,23.933],[67.591,23.938],[67.578,23.94],[67.6,23.967],[67.611,24.026],[67.589,24.066],[67.593,24.069],[67.593,24.071],[67.601,24.075],[67.627,24.067],[67.63,24.065],[67.632,24.062],[67.637,24.06],[67.642,24.06],[67.646,24.062],[67.647,24.064],[67.639,24.066],[67.65,24.111],[67.627,24.143],[67.627,24.198],[67.646,24.194],[67.67,24.154],[67.698,24.166],[67.7,24.187],[67.724,24.189],[67.716,24.202],[67.727,24.202],[67.733,24.232],[67.769,24.232],[67.769,24.26],[67.816,24.267],[67.796,24.299],[67.794,24.345],[67.825,24.354],[67.843,24.409],[67.861,24.41],[67.866,24.443],[67.949,24.43],[67.95,24.49],[67.99,24.525],[68.001,24.524],[68.016,24.568],[67.99,24.591],[68.0,24.648],[67.972,24.669],[67.975,24.691],[67.98,24.705],[68.022,24.729],[68.034,24.724],[68.041,24.737],[68.028,24.739],[68.059,24.758],[68.056,24.788],[68.02,24.776],[68.019,24.802],[68.055,24.872],[68.109,24.899],[68.115,24.917],[68.134,24.913],[68.178,24.987],[68.199,24.967],[68.226,24.987],[68.239,24.95],[68.273,24.993]]]]}},{"type":"Feature","properties":{"district_code":"153","name":"SOHBATPUR DISTRICT","census_name":"SOHBATPUR DISTRICT","province":"BALOCHISTAN"},"geometry":{"type":"Polygon","coordinates":[[[68.49,28.65],[68.578,28.615],[68.602,28.593],[68.646,28.548],[68.703,28.532],[68.802,28.477],[68.854,28.457],[68.941,28.475],[69.044,28.455],[69.121,28.487],[69.185,28.47],[69.184,28.455],[69.199,28.454],[69.068,28.428],[69.062,28.438],[68.923,28.431],[68.749,28.426],[68.473,28.428],[68.414,28.387],[68.334,28.461],[68.355,28.489],[68.372,28.481],[68.395,28.466],[68.415,28.475],[68.402,28.537],[68.399,28.6],[68.478,28.607],[68.463,28.611],[68.463,28.635],[68.485,28.624],[68.49,28.65]]]}},{"type":"Feature","properties":{"district_code":"154","name":"KORANGI DISTRICT","census_name":"KORANGI DISTRICT","province":"SINDH"},"geometry":{"type":"Polygon","coordinates":[[[67.218,24.9],[67.188,24.879],[67.201,24.865],[67.155,24.869],[67.161,24.843],[67.205,24.846],[67.206,24.831],[67.184,24.824],[67.144,24.802],[67.132,24.817],[67.112,24.808],[67.095,24.806],[67.093,24.82],[67.086,24.82],[67.078,24.803],[67.074,24.831],[67.079,24.831],[67.089,24.86],[67.097,24.873],[67.136,24.887],[67.175,24.885],[67.185,24.912],[67.213,24.911],[67.218,24.9]]]}},{"type":"Feature","properties":{"district_code":"155","name":"KHARMANG DISTRICT","census_name":null,"province":"GILGIT-BALTISTAN","outside_census_frame":1},"geometry":{"type":"Polygon","coordinates":[[[76.002,35.145],[76.075,35.131],[76.188,35.08],[76.268,35.074],[76.29,35.049],[76.332,35.048],[76.395,35.011],[76.413,34.98],[76.413,34.933],[76.462,34.832],[76.507,34.8],[76.456,34.791],[76.431,34.77],[76.429,34.751],[76.261,34.715],[76.272,34.698],[76.251,34.685],[76.254,34.672],[76.185,34.658],[76.162,34.633],[76.114,34.636],[76.1,34.662],[76.058,34.689],[76.03,34.686],[76.011,34.666],[75.975,34.695],[75.978,34.708],[75.958,34.729],[75.914,34.743],[75.9,34.772],[75.866,34.778],[75.826,34.804],[75.81,34.853],[75.746,34.908],[75.735,34.977],[75.785,35.033],[75.813,35.111],[75.811,35.12],[75.757,35.102],[75.758,35.125],[75.84,35.157],[75.928,35.159],[75.905,35.198],[75.913,35.224],[76.002,35.145]]]}},{"type":"Feature","properties":{"district_code":"156","name":"SHIGAR DISTRICT","census_name":null,"province":"GILGIT-BALTISTAN","outside_census_frame":1},"geometry":{"type":"Polygon","coordinates":[[[75.606,36.127],[75.68,36.14],[75.731,36.108],[75.727,36.072],[75.749,36.069],[75.766,36.024],[75.785,36.018],[75.848,36.023],[75.942,36.071],[75.953,36.065],[75.949,36.059],[75.951,36.055],[75.955,36.051],[75.957,36.046],[75.974,36.037],[75.977,36.033],[75.982,36.032],[75.989,36.025],[75.999,36.019],[76.005,36.017],[76.018,36.017],[76.025,36.019],[76.03,36.023],[76.039,36.022],[76.048,36.024],[76.086,36.023],[76.101,36.016],[76.104,36.012],[76.098,36.009],[76.098,36.0],[76.098,35.998],[76.103,35.994],[76.104,35.985],[76.107,35.984],[76.107,35.977],[76.113,35.972],[76.114,35.968],[76.12,35.968],[76.136,35.955],[76.136,35.951],[76.159,35.917],[76.158,35.908],[76.154,35.902],[76.151,35.896],[76.148,35.892],[76.153,35.883],[76.149,35.874],[76.155,35.866],[76.151,35.859],[76.144,35.855],[76.141,35.85],[76.144,35.844],[76.145,35.838],[76.153,35.83],[76.169,35.821],[76.178,35.824],[76.202,35.824],[76.217,35.828],[76.222,35.832],[76.222,35.841],[76.225,35.842],[76.248,35.84],[76.258,35.841],[76.265,35.839],[76.273,35.842],[76.296,35.843],[76.303,35.84],[76.309,35.832],[76.317,35.837],[76.321,35.837],[76.341,35.83],[76.359,35.828],[76.355,35.836],[76.356,35.845],[76.351,35.854],[76.366,35.864],[76.376,35.859],[76.386,35.861],[76.39,35.86],[76.393,35.857],[76.404,35.854],[76.415,35.854],[76.427,35.853],[76.436,35.862],[76.444,35.865],[76.447,35.872],[76.453,35.881],[76.469,35.891],[76.477,35.891],[76.481,35.888],[76.493,35.89],[76.504,35.888],[76.509,35.886],[76.513,35.881],[76.517,35.887],[76.532,35.897],[76.537,35.901],[76.546,35.903],[76.543,35.907],[76.544,35.925],[76.548,35.928],[76.556,35.927],[76.562,35.922],[76.567,35.925],[76.583,35.92],[76.585,35.916],[76.584,35.911],[76.599,35.9],[76.591,35.892],[76.591,35.889],[76.588,35.888],[76.587,35.884],[76.581,35.877],[76.572,35.871],[76.573,35.868],[76.583,35.863],[76.588,35.843],[76.57,35.831],[76.561,35.823],[76.566,35.82],[76.565,35.814],[76.57,35.807],[76.578,35.804],[76.578,35.799],[76.591,35.783],[76.585,35.779],[76.586,35.776],[76.602,35.772],[76.615,35.761],[76.626,35.768],[76.633,35.77],[76.642,35.77],[76.649,35.765],[76.647,35.762],[76.652,35.758],[76.664,35.755],[76.679,35.755],[76.687,35.752],[76.691,35.749],[76.697,35.74],[76.693,35.734],[76.696,35.725],[76.703,35.725],[76.717,35.714],[76.727,35.71],[76.731,35.7],[76.74,35.698],[76.745,35.688],[76.757,35.682],[76.755,35.675],[76.755,35.668],[76.759,35.664],[76.766,35.66],[76.771,35.66],[76.777,35.658],[76.783,35.662],[76.79,35.661],[76.794,35.664],[76.804,35.663],[76.814,35.67],[76.823,35.666],[76.833,35.669],[76.838,35.668],[76.844,35.676],[76.854,35.668],[76.861,35.651],[76.872,35.645],[76.874,35.643],[76.881,35.64],[76.884,35.636],[76.896,35.627],[76.829,35.577],[76.726,35.425],[76.67,35.46],[76.61,35.565],[76.438,35.687],[76.329,35.652],[76.222,35.593],[76.145,35.521],[76.06,35.495],[76.006,35.461],[75.993,35.375],[75.917,35.269],[75.91,35.232],[75.89,35.227],[75.87,35.243],[75.856,35.318],[75.812,35.349],[75.798,35.348],[75.799,35.328],[75.778,35.31],[75.738,35.312],[75.726,35.298],[75.691,35.321],[75.662,35.291],[75.623,35.327],[75.687,35.364],[75.684,35.378],[75.606,35.367],[75.589,35.385],[75.594,35.367],[75.582,35.368],[75.536,35.389],[75.519,35.427],[75.506,35.421],[75.484,35.433],[75.479,35.451],[75.443,35.463],[75.461,35.494],[75.419,35.544],[75.387,35.558],[75.366,35.591],[75.37,35.608],[75.347,35.614],[75.329,35.604],[75.333,35.634],[75.301,35.685],[75.25,35.67],[75.293,35.651],[75.309,35.617],[75.295,35.608],[75.229,35.652],[75.167,35.662],[75.163,35.707],[75.176,35.716],[75.119,35.747],[75.09,35.778],[75.065,35.765],[74.976,35.823],[74.905,35.843],[74.97,35.869],[74.969,35.902],[74.963,35.927],[74.928,35.94],[74.944,35.964],[74.894,36.004],[74.911,36.05],[74.976,36.061],[74.994,36.053],[75.014,36.087],[75.041,36.067],[75.049,36.038],[75.11,36.053],[75.153,36.083],[75.216,36.203],[75.29,36.224],[75.34,36.253],[75.414,36.208],[75.457,36.157],[75.485,36.146],[75.606,36.127]]]}},{"type":"Feature","properties":{"district_code":"157","name":"NAGAR DISTRICT","census_name":null,"province":"GILGIT-BALTISTAN","outside_census_frame":1},"geometry":{"type":"Polygon","coordinates":[[[74.321,36.688],[74.345,36.656],[74.373,36.661],[74.373,36.63],[74.433,36.583],[74.446,36.552],[74.36,36.492],[74.363,36.464],[74.392,36.453],[74.399,36.427],[74.345,36.357],[74.338,36.288],[74.37,36.263],[74.366,36.25],[74.424,36.236],[74.57,36.255],[74.575,36.272],[74.603,36.273],[74.615,36.287],[74.612,36.298],[74.645,36.312],[74.702,36.298],[74.712,36.307],[74.785,36.301],[74.794,36.282],[74.827,36.28],[74.859,36.288],[74.882,36.322],[74.966,36.311],[75.01,36.334],[75.1,36.298],[75.194,36.33],[75.22,36.321],[75.253,36.249],[75.29,36.224],[75.216,36.203],[75.153,36.083],[75.11,36.053],[75.049,36.038],[75.041,36.067],[75.014,36.087],[74.994,36.053],[74.976,36.061],[74.911,36.05],[74.894,36.004],[74.878,36.006],[74.853,36.046],[74.743,36.063],[74.713,36.096],[74.673,36.107],[74.624,36.144],[74.489,36.155],[74.428,36.086],[74.363,36.165],[74.298,36.182],[74.313,36.203],[74.288,36.181],[74.228,36.185],[74.209,36.213],[74.164,36.241],[74.15,36.302],[74.09,36.339],[74.081,36.384],[74.105,36.397],[74.081,36.431],[74.119,36.485],[74.124,36.528],[74.187,36.538],[74.194,36.574],[74.226,36.598],[74.281,36.596],[74.321,36.641],[74.28,36.659],[74.321,36.688]]]}},{"type":"Feature","properties":{"district_code":"164","name":"SURAB DISTRICT","census_name":"SURAB DISTRICT","province":"BALOCHISTAN"},"geometry":{"type":"Polygon","coordinates":[[[66.264,29.008],[66.291,28.976],[66.319,28.985],[66.347,28.976],[66.38,29.003],[66.449,28.985],[66.453,28.952],[66.434,28.941],[66.395,28.968],[66.374,28.964],[66.368,28.949],[66.351,28.96],[66.327,28.95],[66.218,28.977],[66.162,28.951],[66.177,28.927],[66.144,28.888],[66.221,28.895],[66.17,28.819],[66.238,28.794],[66.274,28.792],[66.29,28.817],[66.253,28.863],[66.248,28.889],[66.26,28.9],[66.326,28.928],[66.345,28.903],[66.387,28.913],[66.393,28.888],[66.37,28.881],[66.368,28.866],[66.319,28.881],[66.306,28.906],[66.28,28.887],[66.309,28.857],[66.361,28.862],[66.38,28.798],[66.364,28.773],[66.398,28.738],[66.402,28.708],[66.388,28.694],[66.375,28.701],[66.388,28.726],[66.348,28.726],[66.332,28.696],[66.293,28.685],[66.323,28.66],[66.321,28.638],[66.355,28.647],[66.338,28.672],[66.359,28.667],[66.376,28.585],[66.41,28.558],[66.428,28.561],[66.4,28.488],[66.456,28.497],[66.473,28.512],[66.497,28.472],[66.467,28.42],[66.468,28.359],[66.466,28.343],[66.516,28.287],[66.505,28.174],[66.477,28.158],[66.465,28.174],[66.467,28.15],[66.445,28.14],[66.394,28.138],[66.382,28.147],[66.361,28.137],[66.356,28.124],[66.375,28.116],[66.367,28.106],[66.314,28.083],[66.324,28.042],[66.262,28.056],[66.196,28.007],[66.131,28.021],[66.126,28.048],[66.024,28.072],[65.954,28.053],[65.891,28.049],[65.882,28.098],[65.895,28.192],[65.877,28.208],[65.835,28.21],[65.827,28.228],[65.883,28.358],[66.059,28.577],[66.088,28.665],[66.087,28.73],[66.038,28.711],[66.015,28.729],[66.017,28.777],[66.034,28.826],[66.07,28.836],[66.119,28.934],[66.141,29.029],[66.254,29.051],[66.27,29.041],[66.264,29.008]]]}},{"type":"Feature","properties":{"district_code":"165","name":"DUKI DISTRICT","census_name":"DUKI DISTRICT","province":"BALOCHISTAN"},"geometry":{"type":"Polygon","coordinates":[[[69.637,30.383],[69.681,30.357],[69.744,30.357],[69.685,30.25],[69.647,30.211],[69.647,30.182],[69.608,30.139],[69.562,30.156],[69.589,30.233],[69.412,30.065],[69.381,30.027],[69.313,30.008],[69.187,30.005],[69.147,29.988],[69.081,29.99],[69.047,29.975],[68.982,29.995],[68.885,29.989],[68.77,29.927],[68.639,29.913],[68.52,29.93],[68.463,29.966],[68.394,30.028],[68.381,30.058],[68.227,30.138],[68.212,30.171],[68.271,30.18],[68.316,30.169],[68.46,30.185],[68.544,30.239],[68.666,30.233],[68.68,30.212],[68.772,30.214],[68.746,30.252],[68.693,30.264],[68.763,30.265],[68.871,30.296],[68.983,30.297],[69.011,30.302],[69.024,30.32],[69.196,30.384],[69.277,30.346],[69.331,30.336],[69.475,30.346],[69.558,30.44],[69.574,30.444],[69.639,30.41],[69.637,30.383]]]}},{"type":"Feature","properties":{"district_code":"166","name":"KEAMARI DISTRICT","census_name":"KEAMARI DISTRICT","province":"SINDH"},"geometry":{"type":"MultiPolygon","coordinates":[[[[66.948,24.815],[66.959,24.806],[66.959,24.809],[66.966,24.809],[66.967,24.812],[66.967,24.807],[66.974,24.801],[66.981,24.789],[66.97,24.798],[66.966,24.798],[66.963,24.801],[66.945,24.816],[66.948,24.815]]],[[[66.963,24.82],[66.965,24.82],[66.965,24.817],[66.962,24.815],[66.961,24.817],[66.963,24.818],[66.961,24.819],[66.963,24.82]]],[[[66.962,24.826],[66.964,24.825],[66.962,24.823],[66.959,24.822],[66.959,24.825],[66.962,24.826]]],[[[66.988,24.841],[66.984,24.831],[66.986,24.83],[66.984,24.827],[66.989,24.826],[66.992,24.828],[67.005,24.824],[67.008,24.825],[67.011,24.821],[67.015,24.822],[66.994,24.813],[66.986,24.814],[66.98,24.811],[66.979,24.808],[66.976,24.815],[66.975,24.815],[66.976,24.818],[66.974,24.818],[66.973,24.823],[66.983,24.839],[66.988,24.841]]],[[[66.924,24.843],[66.918,24.841],[66.916,24.845],[66.918,24.843],[66.922,24.846],[66.922,24.847],[66.925,24.848],[66.926,24.846],[66.924,24.843]]],[[[66.93,25.017],[66.938,24.965],[66.971,24.982],[66.968,25.007],[66.989,24.994],[66.962,24.962],[66.977,24.954],[66.984,24.915],[66.999,24.927],[67.016,24.931],[67.026,24.889],[67.022,24.884],[67.012,24.879],[66.976,24.871],[66.993,24.852],[67.022,24.845],[67.021,24.837],[67.019,24.839],[67.016,24.836],[67.014,24.836],[67.012,24.839],[67.007,24.838],[66.99,24.845],[66.987,24.845],[66.981,24.843],[66.974,24.831],[66.969,24.826],[66.969,24.831],[66.971,24.838],[66.978,24.85],[66.979,24.849],[66.98,24.851],[66.977,24.852],[66.976,24.847],[66.973,24.847],[66.977,24.855],[66.972,24.868],[66.975,24.872],[66.969,24.87],[66.954,24.86],[66.944,24.858],[66.936,24.859],[66.932,24.855],[66.926,24.859],[66.914,24.857],[66.914,24.855],[66.917,24.853],[66.908,24.849],[66.906,24.85],[66.899,24.842],[66.865,24.858],[66.849,24.86],[66.85,24.861],[66.845,24.861],[66.834,24.859],[66.832,24.857],[66.832,24.855],[66.829,24.853],[66.824,24.846],[66.825,24.845],[66.822,24.841],[66.824,24.84],[66.822,24.84],[66.823,24.838],[66.82,24.84],[66.819,24.838],[66.816,24.84],[66.815,24.838],[66.807,24.843],[66.798,24.846],[66.793,24.846],[66.789,24.843],[66.787,24.845],[66.784,24.843],[66.78,24.845],[66.779,24.843],[66.776,24.843],[66.776,24.842],[66.774,24.842],[66.775,24.843],[66.764,24.849],[66.752,24.852],[66.75,24.851],[66.749,24.852],[66.74,24.847],[66.739,24.844],[66.731,24.841],[66.73,24.838],[66.726,24.835],[66.724,24.838],[66.719,24.838],[66.704,24.831],[66.704,24.833],[66.701,24.833],[66.692,24.832],[66.688,24.83],[66.687,24.831],[66.677,24.827],[66.669,24.825],[66.664,24.826],[66.654,24.836],[66.654,24.839],[66.66,24.839],[66.659,24.85],[66.658,24.852],[66.664,24.861],[66.67,24.864],[66.68,24.877],[66.685,24.881],[66.694,24.881],[66.777,24.968],[66.818,24.973],[66.865,25.012],[66.93,25.017]]]]}},{"type":"Feature","properties":{"district_code":"167","name":"CHAMAN DISTRICT","census_name":"CHAMAN DISTRICT","province":"BALOCHISTAN"},"geometry":{"type":"Polygon","coordinates":[[[66.557,30.973],[66.581,30.966],[66.618,30.96],[66.609,30.911],[66.62,30.905],[66.655,30.929],[66.722,30.947],[66.718,30.889],[66.719,30.81],[66.687,30.769],[66.65,30.769],[66.652,30.743],[66.62,30.705],[66.634,30.701],[66.626,30.651],[66.598,30.641],[66.587,30.617],[66.568,30.61],[66.549,30.63],[66.52,30.629],[66.481,30.59],[66.491,30.564],[66.361,30.536],[66.347,30.542],[66.346,30.566],[66.339,30.563],[66.312,30.562],[66.294,30.566],[66.289,30.566],[66.288,30.576],[66.292,30.588],[66.311,30.611],[66.332,30.61],[66.34,30.619],[66.371,30.749],[66.373,30.806],[66.38,30.862],[66.38,30.88],[66.384,30.887],[66.381,30.887],[66.379,30.885],[66.376,30.886],[66.374,30.892],[66.38,30.899],[66.387,30.921],[66.399,30.917],[66.4,30.932],[66.401,30.934],[66.402,30.944],[66.414,30.948],[66.415,30.95],[66.419,30.952],[66.557,30.973]]]}},{"type":"Feature","properties":{"district_code":"168","name":"UPPER KOHISTAN DISTRICT","census_name":"UPPER KOHISTAN DISTRICT","province":"KHYBER PAKHTUNKHWA"},"geometry":{"type":"Polygon","coordinates":[[[72.819,35.888],[72.837,35.873],[72.891,35.877],[72.904,35.842],[72.999,35.863],[73.026,35.842],[73.092,35.876],[73.129,35.846],[73.15,35.844],[73.178,35.86],[73.194,35.836],[73.2,35.787],[73.158,35.762],[73.112,35.759],[73.126,35.721],[73.24,35.658],[73.291,35.671],[73.333,35.656],[73.358,35.607],[73.395,35.587],[73.402,35.555],[73.401,35.536],[73.418,35.525],[73.507,35.543],[73.562,35.541],[73.563,35.531],[73.588,35.541],[73.728,35.532],[73.742,35.518],[73.797,35.516],[73.783,35.497],[73.794,35.449],[73.755,35.443],[73.727,35.419],[73.693,35.349],[73.712,35.28],[73.73,35.274],[73.75,35.221],[73.809,35.243],[73.871,35.205],[73.926,35.21],[73.958,35.165],[73.955,35.145],[73.914,35.108],[73.871,35.108],[73.85,35.092],[73.838,35.034],[73.816,35.004],[73.791,35.006],[73.779,35.02],[73.763,35.012],[73.718,35.025],[73.684,35.014],[73.662,34.981],[73.63,35.001],[73.594,34.999],[73.557,34.961],[73.502,35.05],[73.445,35.037],[73.42,35.019],[73.432,35.041],[73.41,35.101],[73.42,35.108],[73.412,35.154],[73.388,35.154],[73.367,35.125],[73.364,35.058],[73.316,35.054],[73.323,35.07],[73.26,35.101],[73.196,35.092],[73.18,35.111],[73.193,35.136],[73.17,35.146],[73.171,35.164],[73.153,35.159],[73.175,35.21],[73.159,35.222],[73.148,35.241],[73.119,35.249],[73.096,35.235],[73.048,35.34],[72.987,35.307],[72.936,35.296],[72.92,35.252],[72.769,35.314],[72.786,35.376],[72.741,35.393],[72.725,35.423],[72.756,35.46],[72.752,35.586],[72.795,35.724],[72.79,35.852],[72.797,35.866],[72.809,35.862],[72.819,35.888]]]}},{"type":"Feature","properties":{"district_code":"169","name":"LOWER KOHISTAN DISTRICT","census_name":"LOWER KOHISTAN DISTRICT","province":"KHYBER PAKHTUNKHWA"},"geometry":{"type":"Polygon","coordinates":[[[73.048,35.34],[73.096,35.235],[73.119,35.249],[73.148,35.241],[73.159,35.222],[73.082,35.143],[73.086,35.119],[73.058,35.119],[73.069,35.138],[72.997,35.105],[72.987,35.084],[72.972,35.072],[72.953,35.063],[72.945,35.039],[72.905,35.038],[72.886,35.022],[72.914,34.999],[72.903,34.969],[72.872,34.986],[72.831,34.975],[72.808,34.992],[72.813,35.012],[72.79,35.056],[72.793,35.107],[72.747,35.158],[72.721,35.16],[72.685,35.183],[72.703,35.231],[72.725,35.239],[72.719,35.26],[72.753,35.261],[72.762,35.274],[72.769,35.314],[72.92,35.252],[72.936,35.296],[72.987,35.307],[73.048,35.34]]]}},{"type":"Feature","properties":{"district_code":"170","name":"UPPER CHITRAL DISTRICT","census_name":"UPPER CHITRAL DISTRICT","province":"KHYBER PAKHTUNKHWA"},"geometry":{"type":"Polygon","coordinates":[[[73.697,36.855],[73.785,36.835],[73.793,36.812],[73.839,36.801],[73.867,36.739],[73.852,36.718],[73.79,36.7],[73.694,36.719],[73.657,36.707],[73.607,36.71],[73.579,36.719],[73.569,36.736],[73.513,36.723],[73.425,36.737],[73.313,36.736],[73.24,36.717],[73.152,36.73],[73.049,36.685],[73.075,36.609],[73.041,36.548],[72.97,36.509],[72.967,36.477],[72.938,36.473],[72.871,36.452],[72.848,36.376],[72.722,36.313],[72.686,36.276],[72.653,36.264],[72.609,36.269],[72.581,36.256],[72.536,36.173],[72.579,36.138],[72.592,36.101],[72.588,36.025],[72.545,35.965],[72.509,35.948],[72.496,35.901],[72.452,35.833],[72.417,35.83],[72.404,35.794],[72.369,35.766],[72.324,35.763],[72.308,35.779],[72.291,35.771],[72.216,35.777],[72.188,35.758],[72.171,35.777],[72.256,35.867],[72.343,35.91],[72.348,35.949],[72.363,35.956],[72.324,36.026],[72.31,36.085],[72.263,36.104],[72.19,36.078],[72.175,36.095],[72.119,36.111],[72.058,36.112],[72.055,36.133],[71.987,36.111],[71.972,36.126],[71.935,36.122],[71.926,36.16],[71.868,36.168],[71.799,36.238],[71.761,36.32],[71.737,36.447],[71.766,36.423],[71.789,36.409],[71.815,36.402],[71.839,36.401],[71.862,36.406],[71.867,36.423],[71.856,36.437],[71.825,36.441],[71.819,36.466],[71.827,36.493],[71.839,36.511],[71.901,36.511],[71.914,36.513],[71.921,36.524],[71.927,36.546],[71.934,36.564],[71.993,36.576],[72.018,36.572],[72.062,36.603],[72.078,36.603],[72.105,36.625],[72.122,36.629],[72.129,36.641],[72.156,36.659],[72.17,36.658],[72.181,36.655],[72.189,36.662],[72.196,36.659],[72.209,36.664],[72.217,36.675],[72.201,36.698],[72.239,36.759],[72.269,36.759],[72.303,36.752],[72.338,36.768],[72.36,36.767],[72.391,36.77],[72.408,36.785],[72.496,36.783],[72.514,36.806],[72.571,36.841],[72.625,36.849],[72.645,36.86],[72.689,36.851],[72.727,36.852],[72.751,36.858],[72.776,36.854],[72.876,36.849],[72.939,36.86],[72.954,36.881],[73.019,36.868],[73.033,36.875],[73.036,36.88],[73.052,36.881],[73.06,36.884],[73.064,36.888],[73.066,36.888],[73.075,36.888],[73.076,36.886],[73.083,36.887],[73.091,36.885],[73.102,36.884],[73.109,36.882],[73.12,36.881],[73.142,36.89],[73.15,36.898],[73.162,36.902],[73.167,36.9],[73.173,36.89],[73.188,36.884],[73.189,36.882],[73.191,36.884],[73.2,36.885],[73.204,36.888],[73.206,36.891],[73.222,36.896],[73.222,36.9],[73.225,36.902],[73.243,36.903],[73.244,36.909],[73.254,36.914],[73.26,36.914],[73.271,36.914],[73.287,36.912],[73.302,36.904],[73.313,36.895],[73.316,36.894],[73.323,36.894],[73.323,36.892],[73.334,36.896],[73.337,36.893],[73.357,36.889],[73.379,36.893],[73.401,36.901],[73.415,36.901],[73.446,36.899],[73.467,36.896],[73.473,36.894],[73.48,36.897],[73.487,36.893],[73.492,36.895],[73.511,36.893],[73.525,36.896],[73.531,36.893],[73.537,36.886],[73.545,36.888],[73.559,36.897],[73.57,36.898],[73.573,36.904],[73.591,36.914],[73.599,36.912],[73.605,36.906],[73.617,36.906],[73.62,36.904],[73.65,36.916],[73.697,36.855]]]}}]}