province_code,province,division_code,division,district_code,district,tehsil_code,tehsil,TotalMauzaCount,CompletedMouzaCount,CompletedWithErrorMouzaCount,RuralMouzaCount,UrbanMouzaCount,PartlyUrbanMouzaCount,ForestMouzaCount,ForestPopulatedMouzaCount,ForestUnPopulatedMouzaCount,UnPopulatedMouzaCount,RuralPopulatedMouzaCount,TotalArea,CultivatedArea,NonCultivatedArea,PopulatedArea,WheatCount,RiceCount,CottonCount,SugarCaneCount,CornCount,PulsesCount,FarmsCount,VegetablesCount,CanalCount,RiverCount,TubewellCount,StreamsCount,WatercourseCount,AridCount,FloodedCount,OthersCount,DripSystemCount,SprinklerSystemCount,OtherSystemCount,SweetWaterCount,BarkishWaterCount,PoultryFarmsCount,LiveStockFarmsCount,FishFarmsCount,MetaledRoadsCount,CementedRoadsCount,BrickedRoadsCount,DirtRoadsCount,MauzaStatus_RuralCount,MauzaStatus_UrbanCount,MauzaStatus_PartiallyUrbanCount,MauzaStatus_ForestCount,MauzaStatus_UnPopulatedCount,HousingConstruction_Bricked,HousingConstruction_MudMade,HousingConstruction_BricksAndMud,HousingConstruction_Others,EducationFacility_MalePrimaryExistanceCount,EducationFacility_MalePrimaryNotExistanceCount,EducationFacility_FemalePrimaryExistanceCount,EducationFacility_FemalePrimaryNotExistanceCount,EducationFacility_MaleMiddleExistanceCount,EducationFacility_MaleMiddleNotExistanceCount,EducationFacility_FemaleMiddleExistanceCount,EducationFacility_FemaleMiddleNotExistanceCount,EducationFacility_MaleHHSchoolExistanceCount,EducationFacility_MaleHHSchoolNotExistanceCount,EducationFacility_FemaleHHSchoolExistanceCount,EducationFacility_FemaleHHSchoolNotExistanceCount,EducationFacility_MaleCollegeExistanceCount,EducationFacility_MaleCollegeNotExistanceCount,EducationFacility_FemaleCollegeExistanceCount,EducationFacility_FemaleCollegeNotExistanceCount,EducationFacility_MaleTechInstituteExistanceCount,EducationFacility_MaleTechInstituteNotExistanceCount,EducationFacility_FemaleTechInstituteExistanceCount,EducationFacility_FemaleTechInstituteNotExistanceCount,EducationFacility_MaleDeniMudarsaExistanceCount,EducationFacility_MaleDeniMudarsaNotExistanceCount,EducationFacility_FemaleDeniMudarsaExistanceCount,EducationFacility_FemaleDeniMudarsaNotExistanceCount,Livestock_VeterinaryCenterExistanceCount,Livestock_VeterinaryCenterNotExistanceCount,Livestock_PrivateFacilityExistanceCount,Livestock_PrivateFacilityNotExistanceCount,Livestock_MobileVeterinaryExistanceCount,Livestock_MobileVeterinaryNotExistanceCount,MediaSource_RadioCount,MediaSource_TVCount,MediaSource_CableCount,MediaSource_NewspaperCount,MediaSource_NoneCount,DepoAgencyShop_FertilizerCount,DepoAgencyShop_SeedCount,DepoAgencyShop_PesticideCount,WholesaleMarket_LivestockCount,WholesaleMarket_GrainsCount,WholesaleMarket_FruitsVegetableCount,AvgDepthOfWater,MinDepthOfWater,MaxDepthOfWater,SourceOfDrinkingWater_GovtPipedSupply,SourceOfDrinkingWater_PersonalPump,SourceOfDrinkingWater_WaterFiltrationPlant,SourceOfDrinkingWater_ROPlant,SourceOfDrinkingWater_NearbyPump,SourceOfDrinkingWater_Well,SourceOfDrinkingWater_RiverCanal,SourceOfDrinkingWater_SpringRavineKarez,SourceOfDrinkingWater_PondToba,SourceOfDrinkingWater_Others,StatusTypeOfStreets_Metaled,StatusTypeOfStreets_Cemented,StatusTypeOfStreets_Bricked,StatusTypeOfStreets_DirtRoad,HealthFacility_PoupulationWelfareCentre,HealthFacility_BHU,HealthFacility_RHC,HealthFacility_NGODispensary,HealthFacility_ChildMotherCareCentre,HealthFacility_PrivateDoctorMBBS,HealthFacility_HospitalDispensary,HealthFacility_FacilityOfMidwife,ElectrictiyAvailability_AllMouzas,ElectrictiyAvailability_MostlyMouzas,ElectrictiyAvailability_SomeMouzas,ElectrictiyAvailability_NoneMouzas,AlternateEnergySource_SolarEnergy,AlternateEnergySource_BioGas,AlternateEnergySource_Generator,AlternateEnergySource_Others,AlternateEnergySource_None,FuelAvailability_SuiGas,FuelAvailability_LPG,FuelAvailability_keroseneOil,FuelAvailability_Wood,FuelAvailability_Coal,FuelAvailability_AnimalDungCake,BazarAvailabilityCount,ColdStorageAvailabilityCount,ProcurementCentreAvailabilityCount,CommunityInfrastructure_AgriMachineryWorkshopAvailableCount,CommunityInfrastructure_DieselPumpAgencyAvailableCount,CommunityInfrastructure_TransportFacilityAvailableCount,CommunityInfrastructure_TransportFacilityNotAvailableCount,CommunityInfrastructure_CNGFacilityAvailableCount,CommunityInfrastructure_CNGFacilityNotAvailableCount,CommunityInfrastructure_TelephoneFacility_FixedlineAvailableCount,CommunityInfrastructure_TelephoneFacility_FixedlineNotAvailableCount,CommunityInfrastructure_TelephoneFacility_PCOAvailableCount,CommunityInfrastructure_TelephoneFacility_PCONotAvailableCount,CommunityInfrastructure_TelephoneFacility_MobileSignalsAvailableCount,CommunityInfrastructure_TelephoneFacility_MobileSignalsNotAvailableCount,CommunityInfrastructure_InternetFacility_FixedlineDSLAvailableCount,CommunityInfrastructure_InternetFacility_FixedlineDSLNotAvailableCount,CommunityInfrastructure_InternetFacility_CableNetAvailableCount,CommunityInfrastructure_InternetFacility_CableNetNotAvailableCount,CommunityInfrastructure_InternetFacility_MobileNetAvailableCount,CommunityInfrastructure_InternetFacility_MobileNetNotAvailableCount,NaturalDisaster_ExistanceCount,NaturalDisaster_NotExistanceCount,NaturalDisaster_DroughtCount,NaturalDisaster_FloodCount,NaturalDisaster_EarthquakeCount,NaturalDisaster_OthersCount,CreditSource_ZTBL,CreditSource_CooperativeBank,CreditSource_CommercialBank,CreditSource_MicrofinanceBank,CreditSource_NGO,CreditSource_RSP,CreditSource_Govt,CreditSource_Broker,CreditSource_Others,CreditSource_OnlineCommercialBankExistance,CreditSource_OnlineCommercialBankNotExistance,CreditSource_PostOfficeExistance,CreditSource_PostOfficeNotExistance,CreditSource_PoliceStationExistance,CreditSource_PoliceStationNotExistance,IndustryAndSourceOfEmployment_LargeScale,IndustryAndSourceOfEmployment_MediumScale,IndustryAndSourceOfEmployment_SmallScale,IndustryAndSourceOfEmployment_CottageIndustries,IndustryAndSourceOfEmployment_None,IndustryAndSourceOfEmployment_MaleServiceMostlyCount,IndustryAndSourceOfEmployment_MaleServiceSomeCount,IndustryAndSourceOfEmployment_MaleServiceNoneCount,IndustryAndSourceOfEmployment_MaleAgricultureMostlyCount,IndustryAndSourceOfEmployment_MaleAgricultureSomeCount,IndustryAndSourceOfEmployment_MaleAgricultureNoneCount,IndustryAndSourceOfEmployment_MaleTradeMostlyCount,IndustryAndSourceOfEmployment_MaleTradeSomeCount,IndustryAndSourceOfEmployment_MaleTradeNoneCount,IndustryAndSourceOfEmployment_MaleIndustriesMostlyCount,IndustryAndSourceOfEmployment_MaleIndustriesSomeCount,IndustryAndSourceOfEmployment_MaleIndustriesNoneCount,IndustryAndSourceOfEmployment_MalePersonalBusinessMostlyCount,IndustryAndSourceOfEmployment_MalePersonalBusinessSomeCount,IndustryAndSourceOfEmployment_MalePersonalBusinessNoneCount,IndustryAndSourceOfEmployment_MaleOverseasMostlyCount,IndustryAndSourceOfEmployment_MaleOverseasSomeCount,IndustryAndSourceOfEmployment_MaleOverseasNoneCount,IndustryAndSourceOfEmployment_MaleLabourMostlyCount,IndustryAndSourceOfEmployment_MaleLabourSomeCount,IndustryAndSourceOfEmployment_MaleLabourNoneCount,IndustryAndSourceOfEmployment_FemaleServiceMostlyCount,IndustryAndSourceOfEmployment_FemaleServiceSomeCount,IndustryAndSourceOfEmployment_FemaleServiceNoneCount,IndustryAndSourceOfEmployment_FemaleAgricultureMostlyCount,IndustryAndSourceOfEmployment_FemaleAgricultureSomeCount,IndustryAndSourceOfEmployment_FemaleAgricultureNoneCount,IndustryAndSourceOfEmployment_FemaleTradeMostlyCount,IndustryAndSourceOfEmployment_FemaleTradeSomeCount,IndustryAndSourceOfEmployment_FemaleTradeNoneCount,IndustryAndSourceOfEmployment_FemaleIndustriesMostlyCount,IndustryAndSourceOfEmployment_FemaleIndustriesSomeCount,IndustryAndSourceOfEmployment_FemaleIndustriesNoneCount,IndustryAndSourceOfEmployment_FemalePersonalBusinessMostlyCount,IndustryAndSourceOfEmployment_FemalePersonalBusinessSomeCount,IndustryAndSourceOfEmployment_FemalePersonalBusinessNoneCount,IndustryAndSourceOfEmployment_FemaleOverseasMostlyCount,IndustryAndSourceOfEmployment_FemaleOverseasSomeCount,IndustryAndSourceOfEmployment_FemaleOverseasNoneCount,IndustryAndSourceOfEmployment_FemaleLabourMostlyCount,IndustryAndSourceOfEmployment_FemaleLabourSomeCount,IndustryAndSourceOfEmployment_FemaleLabourNoneCount
2,PUNJAB,08,BAHAWALPUR DIVISION,999,CHOLISTAN,0071,FORT ABBAS (CHOLISTAN),46,46,0,46,0,0,0,0,0,0,46,82492,22503,57967,2022,46,1,45,5,9,0,0,9,15,0,43,0,0,1,0,0,0,0,0,30,16,0,1,0,18,0,0,28,46,0,0,0,0,1,1,44,0,17,29,15,31,2,44,2,44,1,45,1,45,0,46,1,45,0,46,0,46,0,46,0,46,1,2,1,1,2,44,3,5,2,0,36,0,0,0,1,0,0,185,100,350,0,44,0,0,2,0,1,0,5,1,0,0,1,45,0,0,0,1,2,0,0,3,1,14,11,20,11,0,0,1,34,0,0,0,46,0,0,0,0,0,0,2,3,43,0,46,0,46,2,44,41,5,0,46,0,46,30,16,16,30,16,0,0,0,0,0,5,0,0,0,0,19,28,0,46,0,46,1,45,0,0,0,0,34,5,16,25,13,29,4,0,10,36,0,1,45,0,14,32,0,1,45,23,22,1,0,1,45,0,15,31,0,0,46,0,0,46,0,0,46,0,0,46,0,45,1
2,PUNJAB,08,BAHAWALPUR DIVISION,999,CHOLISTAN,0079,YAZMAN (CHOLISTAN),144,144,0,144,0,0,0,0,0,0,144,248739,150044,92610,6085,142,17,124,19,13,0,1,12,118,0,52,0,0,4,0,10,0,0,0,23,121,0,0,2,86,2,1,55,144,0,0,0,0,10,15,118,1,85,59,51,93,13,131,11,133,4,140,4,140,0,144,0,144,0,144,0,144,10,134,5,139,8,6,12,3,39,105,78,69,0,2,35,5,4,5,0,1,1,63,20,250,2,102,1,0,32,1,17,1,25,1,5,1,10,134,6,5,5,4,3,1,3,6,13,32,33,66,58,0,0,2,84,0,2,21,144,1,25,3,0,1,1,28,16,128,1,143,3,141,2,142,112,32,1,143,1,143,92,52,23,121,11,4,0,10,63,2,0,19,3,6,0,88,51,0,144,1,143,2,142,0,0,0,0,84,0,51,93,112,25,7,0,33,111,0,2,142,0,71,73,0,27,117,18,125,1,1,4,139,11,54,79,0,0,144,0,2,142,1,10,133,0,5,139,26,97,21
2,PUNJAB,08,BAHAWALPUR DIVISION,999,CHOLISTAN,0081,LIAQUATPUR (CHOLISTAN),133,133,0,133,0,0,0,0,0,0,133,139813,78927,56902,3984,132,16,127,53,1,0,0,5,130,1,0,0,0,0,0,2,0,0,0,3,130,0,0,0,92,0,0,41,133,0,0,0,0,9,4,115,5,46,87,21,112,9,124,6,127,2,131,2,131,0,133,0,133,0,133,0,133,2,131,0,133,0,4,29,3,72,61,66,70,1,0,33,2,3,3,0,1,1,49,20,300,0,81,0,0,78,1,35,0,3,0,1,1,9,129,1,3,1,0,1,2,1,0,2,54,23,54,52,0,0,2,79,1,0,0,132,3,46,2,1,0,1,5,0,133,0,133,0,133,0,133,126,7,0,133,0,133,125,8,15,118,15,0,0,2,15,1,1,14,0,0,0,124,78,0,133,0,133,1,132,0,0,0,0,79,0,41,92,114,13,6,0,31,102,0,4,129,0,94,39,0,114,19,9,122,2,3,1,129,4,79,50,1,2,130,0,1,132,0,13,120,0,0,133,35,94,4
1,KHYBER PAKHTUNKHWA,01,BANNU DIVISION,001,BANNU DISTRICT,001,BANNU,176,176,1,152,6,17,0,0,0,1,169,74128,45832,19711,8585,173,149,1,58,158,0,50,74,136,6,19,48,3,2,0,2,0,0,0,175,0,19,144,9,128,9,17,21,152,6,17,0,1,21,1,153,0,149,26,127,48,71,104,67,108,43,132,31,144,15,160,7,168,5,170,5,170,117,58,102,73,22,62,52,55,38,137,129,148,11,119,6,30,25,27,8,6,13,85,15,255,32,175,4,0,22,10,0,0,1,0,57,4,21,61,29,26,21,10,31,26,18,49,127,43,3,2,170,3,19,0,3,44,84,23,168,27,139,42,3,1,13,84,154,21,32,143,38,137,30,145,159,16,37,138,23,152,161,14,3,172,0,2,0,2,157,24,13,1,1,1,13,5,21,6,169,37,138,20,155,1,1,5,11,3,2,161,12,58,111,6,0,149,26,1,71,103,2,166,7,0,170,5,36,138,1,1,133,41,2,9,164,0,4,171,0,13,162,0,35,140,0,2,173,9,33,133
1,KHYBER PAKHTUNKHWA,01,BANNU DIVISION,001,BANNU DISTRICT,002,DOMEL,17,17,0,16,0,1,0,0,0,0,17,121555,57889,45904,17762,17,0,0,0,3,11,2,3,1,0,16,4,2,15,0,0,0,0,0,15,2,8,4,2,15,0,0,2,16,0,1,0,0,1,2,14,0,17,0,17,0,17,0,16,1,14,3,7,10,6,11,2,15,3,14,1,16,17,0,15,2,10,0,13,0,4,13,14,7,1,14,0,1,0,0,3,4,1,266,25,600,5,16,1,2,4,1,0,0,0,0,4,0,1,13,13,12,12,13,12,13,13,12,3,14,0,0,15,0,3,0,2,2,0,2,17,0,11,3,0,0,0,13,11,6,2,15,11,6,11,6,15,2,14,3,9,8,15,2,2,15,2,0,2,0,17,1,0,0,0,0,0,0,0,1,16,9,8,5,12,0,0,0,0,2,0,17,0,4,13,0,0,12,5,0,2,15,0,16,1,0,15,2,3,14,0,0,12,5,0,2,15,0,0,17,0,0,17,0,4,13,0,1,16,1,1,15
1,KHYBER PAKHTUNKHWA,01,BANNU DIVISION,001,BANNU DISTRICT,603,SUB-DIVISION WAZIR BANNU,158,158,0,158,0,0,0,0,0,0,158,20433,3130,15457,1846,127,27,1,0,34,0,10,18,0,8,6,24,9,88,10,5,0,0,0,148,10,0,0,1,66,1,0,91,158,0,0,0,0,1,101,54,2,88,70,60,98,23,135,11,147,4,154,0,158,0,158,0,158,0,158,0,158,50,108,14,144,29,8,16,2,2,156,117,17,0,1,38,12,1,2,0,2,1,330,30,1200,1,32,0,0,3,52,21,46,34,14,2,1,1,155,0,8,15,2,1,12,32,9,44,19,18,77,94,0,10,0,64,0,0,0,150,1,91,1,4,6,1,9,99,59,2,156,5,153,0,158,76,82,3,155,0,158,48,110,64,94,54,6,3,5,10,0,0,0,0,0,2,0,147,0,158,0,158,17,141,0,0,1,3,64,3,87,68,25,84,49,0,74,84,0,4,154,3,110,45,5,133,20,63,85,10,0,2,156,1,10,147,0,0,158,0,2,156,0,17,141,0,0,158,14,21,123
1,KHYBER PAKHTUNKHWA,01,BANNU DIVISION,001,BANNU DISTRICT,637,BAKA KHEL,11,11,0,11,0,0,0,0,0,0,11,87338,48044,33402,5892,11,8,0,3,11,0,3,4,8,2,6,2,0,4,2,0,0,0,0,11,0,2,12,2,8,0,0,3,11,0,0,0,0,0,7,4,0,11,0,11,0,11,0,11,0,9,2,6,5,3,8,0,11,0,11,0,11,10,1,7,4,2,0,2,0,5,6,11,11,0,8,0,1,1,2,5,0,1,193,100,360,1,11,0,0,1,3,1,1,3,0,1,0,0,10,2,5,2,1,4,4,6,0,2,9,0,0,11,0,4,0,0,0,2,0,11,0,11,5,0,0,0,5,7,4,1,10,5,6,3,8,10,1,5,6,1,10,10,1,5,6,5,0,0,0,10,0,4,0,0,0,0,0,1,0,11,1,10,4,7,0,0,0,0,0,0,11,0,9,2,0,0,11,0,0,0,11,0,11,0,0,11,0,1,10,0,0,1,10,0,0,11,0,0,11,0,0,11,0,0,11,0,0,11,0,0,11
1,KHYBER PAKHTUNKHWA,01,BANNU DIVISION,001,BANNU DISTRICT,638,MIRYAN,37,37,0,37,0,0,0,0,0,0,37,28660,19109,7384,2167,36,37,0,7,35,0,4,13,36,1,2,3,1,0,0,0,0,0,0,37,0,4,7,0,22,0,0,15,37,0,0,0,0,0,5,32,0,32,5,24,13,11,26,7,30,12,25,7,30,0,37,0,37,0,37,0,37,16,21,9,28,5,0,18,0,13,24,28,16,0,20,3,6,6,7,4,0,0,88,50,150,2,35,0,0,2,2,1,0,0,0,4,0,0,32,2,3,2,1,1,5,6,6,24,8,5,0,36,1,10,0,1,1,18,1,36,3,34,8,0,1,1,11,27,10,0,37,4,33,1,36,20,17,0,37,2,35,22,15,5,32,1,4,1,0,21,5,2,1,5,0,0,0,11,0,37,8,29,5,32,0,1,0,0,1,1,32,4,7,28,2,0,33,4,0,9,28,0,34,3,1,34,2,12,25,0,0,12,25,0,4,33,0,2,35,0,2,35,0,4,33,0,1,36,0,6,31
1,KHYBER PAKHTUNKHWA,01,BANNU DIVISION,002,LAKKI MARWAT DISTRICT,003,LAKKI MARWAT,103,103,1,92,4,6,0,0,0,1,98,783986,540142,231889,11955,103,0,0,0,14,37,0,3,0,0,18,1,0,97,13,0,0,0,0,96,6,108,131,80,78,0,0,24,92,4,6,0,1,3,9,90,0,101,1,86,16,69,33,43,59,55,47,24,78,6,96,1,101,5,97,1,101,74,28,33,69,20,1,22,2,16,86,67,90,0,14,8,8,12,10,10,16,10,460,90,1100,43,65,0,0,3,7,0,1,24,3,16,2,3,81,22,26,12,4,12,11,22,7,51,40,10,1,79,1,1,0,22,3,4,3,98,1,77,8,4,2,6,54,81,21,4,98,12,90,15,87,83,19,8,94,4,98,76,26,44,58,27,3,3,0,84,0,4,0,0,0,0,0,32,6,96,25,77,15,87,2,0,3,1,22,4,96,2,62,34,6,0,86,16,0,19,83,0,76,26,0,32,70,30,67,5,0,34,68,0,15,87,0,4,98,0,3,99,0,10,92,0,1,101,7,22,73
1,KHYBER PAKHTUNKHWA,01,BANNU DIVISION,002,LAKKI MARWAT DISTRICT,004,SARAI NAURANG,66,66,0,60,1,5,0,0,0,0,65,146154,91278,47689,7187,66,23,1,7,58,4,20,48,45,4,57,17,0,12,0,2,0,0,0,64,2,10,8,0,35,1,2,28,60,1,5,0,0,3,12,51,0,60,6,53,13,28,38,27,39,14,52,13,53,5,61,6,60,5,61,4,62,36,30,25,41,8,2,10,2,20,46,27,57,4,41,7,9,9,9,5,14,7,126,10,750,22,60,3,0,4,0,2,1,0,0,17,0,3,47,15,12,10,8,19,8,13,14,52,9,5,0,61,1,4,0,3,3,5,0,65,1,44,9,4,4,8,32,42,24,18,48,18,48,19,47,43,23,20,46,10,56,43,23,11,55,3,0,8,2,57,0,2,0,1,0,0,0,8,2,64,7,59,10,56,0,0,0,1,3,3,45,18,33,26,7,0,51,15,0,21,45,1,60,5,0,38,28,16,50,0,0,10,56,0,8,58,0,1,65,0,1,65,0,3,63,0,1,65,3,4,59
1,KHYBER PAKHTUNKHWA,01,BANNU DIVISION,002,LAKKI MARWAT DISTRICT,604,SUB-DIVISION  BHETTANI LAKKI MARWAT,44,44,0,44,0,0,0,0,0,0,44,38115,4231,32508,1376,43,0,0,1,30,2,9,25,1,0,3,8,25,25,0,0,0,0,0,44,0,0,0,0,10,0,0,34,44,0,0,0,0,1,38,5,0,29,15,23,21,10,34,7,37,1,43,3,41,0,44,0,44,1,43,2,42,8,36,3,41,8,5,0,2,3,41,42,8,0,1,1,2,6,0,0,6,7,326,60,700,1,4,0,0,0,12,1,33,16,0,0,2,1,42,2,7,3,2,0,1,9,2,5,4,3,32,20,0,0,1,24,0,2,0,44,0,27,0,0,0,0,0,37,7,0,44,1,43,0,44,13,31,1,43,1,43,1,43,21,23,19,10,0,0,7,0,5,0,0,0,0,0,41,0,44,3,41,1,43,0,0,0,1,24,3,38,3,15,29,0,0,25,19,0,6,38,0,32,12,0,28,16,11,32,1,0,5,39,0,2,42,0,0,44,0,0,44,1,2,41,0,0,44,0,5,39
1,KHYBER PAKHTUNKHWA,02,DERA ISMAIL KHAN DIVISION,003,DERA ISMAIL KHAN DISTRICT,005,D.I.KHAN TEHSIL,120,120,17,92,3,3,0,0,0,22,95,364700,241856,111122,11722,109,36,5,53,45,6,12,16,40,7,37,0,0,52,12,7,0,0,1,62,46,33,9,4,63,0,1,43,92,3,3,0,22,6,43,54,4,86,22,71,37,41,66,25,83,26,82,13,95,5,103,4,104,6,102,4,104,44,64,34,74,12,2,19,1,10,98,86,84,10,18,6,20,14,19,1,3,2,316,0,950,27,56,2,0,15,0,0,1,10,14,9,10,6,72,13,13,12,11,13,10,16,13,70,21,9,7,85,0,7,0,24,6,9,4,101,2,91,7,1,2,6,32,53,56,10,99,11,97,8,100,99,9,11,97,11,97,91,17,10,99,7,1,0,7,99,4,35,13,1,1,0,3,8,3,105,16,92,13,95,1,2,4,0,24,0,76,32,62,36,10,0,60,47,0,16,92,1,85,22,0,42,65,38,68,2,0,31,77,0,15,92,0,1,107,0,3,105,1,7,100,0,2,106,3,20,85
1,KHYBER PAKHTUNKHWA,02,DERA ISMAIL KHAN DIVISION,003,DERA ISMAIL KHAN DISTRICT,006,DARABAN TEHSIL,41,41,1,38,1,0,0,0,0,2,38,324858,88385,227118,9355,38,0,0,0,10,3,3,3,0,0,2,0,2,40,24,0,0,0,0,10,30,0,0,0,11,0,1,28,38,1,0,0,2,0,30,9,1,37,3,26,14,10,30,6,34,6,34,3,37,1,39,1,39,0,40,0,40,19,21,9,31,3,0,3,0,1,39,20,19,0,4,14,1,0,1,1,0,0,606,80,950,11,12,0,0,1,0,3,0,23,2,1,0,0,36,5,8,4,5,2,3,5,4,16,10,5,9,33,0,0,0,7,0,4,0,35,1,33,4,0,0,2,4,14,26,5,35,2,38,1,39,35,5,1,39,3,37,34,6,2,38,2,0,0,0,16,0,4,0,0,0,0,18,9,1,39,3,37,2,38,0,0,2,8,7,0,18,22,21,10,9,0,15,25,0,1,39,1,26,13,0,2,38,16,23,1,0,3,37,1,1,38,0,1,39,0,0,40,0,3,37,0,0,40,1,6,33
1,KHYBER PAKHTUNKHWA,02,DERA ISMAIL KHAN DIVISION,003,DERA ISMAIL KHAN DISTRICT,007,KULACHI TEHSIL,26,26,3,21,2,0,0,0,0,3,21,305575,91675,210870,3030,25,6,0,7,5,3,0,2,15,0,4,1,0,16,15,0,0,0,0,19,4,0,0,0,13,0,0,10,21,2,0,0,3,0,10,12,1,22,1,18,5,16,7,12,11,9,14,4,19,1,22,1,22,0,23,0,23,11,12,7,16,3,1,6,0,1,22,20,19,0,3,0,5,4,4,3,6,3,642,0,900,13,7,0,0,0,4,1,0,11,2,3,2,0,18,4,4,5,2,4,0,4,8,14,6,1,2,18,0,0,0,5,0,6,2,23,3,14,6,1,1,1,6,9,14,3,20,3,20,4,19,20,3,4,19,0,23,19,4,2,21,2,0,0,0,9,0,0,0,0,0,0,9,7,1,22,6,17,4,19,0,1,1,9,5,0,18,5,13,7,3,0,19,4,0,4,19,0,19,4,0,5,18,8,15,0,0,8,15,0,1,22,0,1,22,0,2,21,0,4,19,0,0,23,4,9,10
1,KHYBER PAKHTUNKHWA,02,DERA ISMAIL KHAN DIVISION,003,DERA ISMAIL KHAN DISTRICT,008,PAHAR PUR TEHSIL,88,88,3,71,8,2,0,0,0,7,73,503466,258577,222611,22278,85,58,12,61,63,12,35,29,59,5,46,3,2,19,10,3,0,0,0,81,5,39,9,42,62,1,2,20,71,8,2,0,7,1,6,77,1,73,12,67,18,47,38,42,43,32,53,18,67,4,81,1,84,2,83,1,84,41,44,26,59,9,6,17,6,11,74,60,79,3,22,2,15,13,15,8,7,8,121,5,900,7,80,2,0,6,0,2,0,11,0,21,13,1,47,16,18,9,8,8,7,18,12,36,39,8,2,68,0,2,0,15,0,8,2,84,1,73,18,1,2,5,21,49,36,10,75,11,74,7,78,80,5,10,75,7,78,77,8,14,71,0,8,2,3,74,3,17,15,0,9,8,10,6,4,81,15,70,11,74,0,2,2,5,15,1,78,6,64,19,2,0,46,39,0,9,76,0,66,19,0,15,70,16,67,2,0,41,44,0,13,72,0,2,83,0,1,84,0,11,74,0,0,85,6,25,54
1,KHYBER PAKHTUNKHWA,02,DERA ISMAIL KHAN DIVISION,003,DERA ISMAIL KHAN DISTRICT,009,PAROA,112,112,17,89,6,0,0,0,0,17,89,402342,239428,155941,6973,109,60,13,69,62,28,7,26,52,20,40,0,1,31,39,0,0,0,0,55,49,1,1,2,38,4,1,59,89,6,0,0,17,3,23,73,1,78,22,64,36,40,59,28,71,13,87,10,90,1,99,1,99,0,99,1,98,32,68,24,76,4,1,16,5,12,89,46,66,0,14,27,14,13,14,1,7,3,129,0,500,19,64,1,0,19,0,27,1,5,1,8,7,3,70,7,8,7,2,8,6,9,13,54,12,17,17,78,0,4,0,24,0,5,2,95,2,75,10,1,1,5,22,30,72,7,94,12,90,10,92,79,23,8,94,8,94,72,31,13,90,0,13,2,0,80,0,53,8,0,4,11,16,25,2,100,8,94,5,97,2,0,6,3,24,0,71,30,65,23,14,1,59,42,0,24,78,0,88,14,0,21,81,25,69,8,0,27,75,2,6,94,0,7,95,0,3,99,0,32,70,0,1,101,4,40,58
1,KHYBER PAKHTUNKHWA,02,DERA ISMAIL KHAN DIVISION,003,DERA ISMAIL KHAN DISTRICT,605,DRAZANDA SUB-DIVISION,39,39,0,38,1,0,0,0,0,0,38,391049,16844,350396,23809,36,0,0,0,30,0,6,7,0,0,1,25,12,6,6,1,0,0,0,36,3,1,0,0,21,0,0,18,38,1,0,0,0,0,29,8,2,31,8,23,16,19,20,7,32,7,32,4,35,2,37,2,37,0,39,2,37,17,22,9,30,14,2,3,0,3,36,39,8,0,6,0,2,2,2,2,2,2,193,40,400,1,7,0,0,0,7,0,29,3,0,0,1,0,38,3,13,10,1,3,2,13,5,2,15,7,15,36,0,0,0,3,0,0,0,39,0,13,4,0,1,2,7,28,11,1,38,5,34,3,36,36,3,4,35,0,39,37,2,9,30,9,0,0,1,0,0,0,0,0,0,0,0,39,0,39,5,34,7,32,0,0,1,20,3,0,25,14,13,17,9,0,29,10,0,0,39,0,34,5,0,37,2,25,14,0,0,3,36,2,8,29,0,1,38,0,0,39,0,0,39,0,0,39,1,9,29
1,KHYBER PAKHTUNKHWA,02,DERA ISMAIL KHAN DIVISION,004,TANK DISTRICT,010,TANK,87,87,10,73,1,2,0,0,0,11,75,413836,180356,221940,11540,87,7,0,8,21,44,0,6,19,0,8,12,0,41,52,2,1,0,2,46,34,17,16,2,48,4,0,25,73,1,2,0,11,3,28,47,0,71,6,65,12,37,40,21,56,23,54,10,67,2,75,2,75,3,74,0,77,38,39,24,53,17,6,12,2,5,72,53,48,0,8,18,5,4,5,4,5,1,592,0,999,26,20,0,0,0,1,2,5,29,12,12,19,3,47,15,16,10,3,4,4,21,16,48,11,13,5,72,1,1,0,6,1,6,2,76,2,51,8,1,1,5,16,43,34,6,71,10,67,6,71,65,12,8,69,7,70,63,14,33,44,24,5,0,2,66,2,23,0,1,0,1,0,8,1,76,11,66,10,67,0,0,1,1,6,1,58,18,34,40,3,0,45,32,0,9,68,2,54,21,0,45,32,32,42,3,1,17,59,0,4,73,0,1,76,0,1,76,0,5,72,0,1,76,6,7,64
1,KHYBER PAKHTUNKHWA,02,DERA ISMAIL KHAN DIVISION,004,TANK DISTRICT,606,JANDOLA SUB-DIVISION,13,13,0,11,1,1,0,0,0,0,12,27534,4993,20009,2532,13,3,0,0,6,6,2,6,0,0,0,4,2,7,3,1,0,0,0,13,0,4,0,0,9,0,0,4,11,1,1,0,0,0,2,9,2,13,0,13,0,10,3,9,4,11,2,4,9,1,12,1,12,1,12,0,13,8,5,0,13,9,0,1,0,0,13,12,6,1,2,1,1,1,1,1,1,0,487,150,950,3,1,1,0,1,5,0,6,7,1,0,0,0,13,2,2,1,0,2,3,9,1,3,3,6,1,7,0,0,0,6,0,0,0,12,1,12,1,0,0,1,3,9,4,0,13,1,12,1,12,8,5,2,11,1,12,4,9,6,7,0,1,0,1,2,0,3,0,0,0,0,0,10,0,13,5,8,3,10,0,0,0,0,6,0,11,2,0,12,1,0,7,6,0,0,13,0,7,6,0,13,0,10,3,0,0,6,7,0,0,13,0,0,13,0,0,13,0,0,13,0,0,13,1,0,12
1,KHYBER PAKHTUNKHWA,03,HAZARA DIVISION,005,ABBOTTABAD DISTRICT,011,ABBOTTABAD TEHSIL,176,176,0,160,2,14,0,0,0,0,174,300453,96904,195267,8282,151,2,0,1,169,0,5,25,0,0,2,9,7,170,0,3,0,0,0,175,1,199,91,4,103,22,2,49,160,2,14,0,0,35,7,129,5,167,9,157,19,106,70,90,86,61,115,49,127,10,166,7,169,7,169,10,166,84,92,72,104,20,9,36,6,40,136,113,173,38,69,0,17,13,13,1,14,18,200,30,500,88,66,1,0,5,11,0,105,3,1,42,35,35,98,41,50,30,12,33,41,56,67,148,28,0,0,5,4,17,1,150,45,31,14,150,6,33,37,17,11,10,18,161,15,27,149,60,116,31,145,169,7,53,123,48,128,161,15,18,158,0,0,13,3,140,3,16,1,1,0,3,0,33,13,163,59,117,25,151,0,2,2,2,150,14,156,6,23,146,7,0,134,42,0,21,155,3,153,20,0,163,13,63,110,3,0,82,94,2,47,127,0,3,173,0,0,176,0,12,164,0,6,170,5,51,120
1,KHYBER PAKHTUNKHWA,03,HAZARA DIVISION,005,ABBOTTABAD DISTRICT,012,HAVELIAN,72,72,0,69,3,0,0,0,0,0,69,78049,20817,55285,1947,70,0,0,0,69,0,0,1,1,0,3,4,4,69,0,0,0,0,0,69,3,41,15,2,41,6,3,22,69,3,0,0,0,17,2,53,0,65,7,65,7,26,46,28,44,19,53,14,58,3,69,4,68,2,70,2,70,19,53,14,58,6,3,8,2,23,49,36,69,10,21,0,3,3,2,4,3,3,174,40,400,40,40,0,0,5,10,1,26,2,1,7,19,17,45,10,9,6,4,6,13,13,20,67,5,0,0,0,5,10,0,57,10,9,1,64,2,30,9,2,2,3,5,54,18,8,64,23,49,12,60,68,4,26,46,12,60,69,3,6,66,0,0,6,0,65,1,2,0,0,0,1,0,9,2,70,19,53,8,64,1,1,1,2,57,5,60,7,20,49,3,0,60,12,0,15,57,0,62,10,0,70,2,26,46,0,0,33,39,5,32,35,0,3,69,0,1,71,0,1,71,0,1,71,0,15,57
1,KHYBER PAKHTUNKHWA,03,HAZARA DIVISION,005,ABBOTTABAD DISTRICT,617,LORA,37,37,0,37,0,0,0,0,0,0,37,38620,9565,28668,387,37,0,0,0,37,0,1,2,0,0,0,1,2,37,0,0,0,0,0,37,0,14,0,0,17,15,0,5,37,0,0,0,0,6,0,31,0,33,4,33,4,13,24,12,25,9,28,7,30,0,37,2,35,0,37,0,37,14,23,10,27,2,0,3,0,4,33,32,35,2,1,0,3,2,1,0,1,1,161,80,500,3,2,0,0,1,2,0,35,0,0,5,16,6,16,7,8,4,1,1,1,4,12,35,2,0,0,1,0,3,0,34,0,25,0,37,1,11,6,0,1,1,1,34,3,17,20,10,27,1,36,35,2,5,32,3,34,34,3,0,37,0,0,0,0,18,0,0,0,0,0,0,0,19,1,36,9,28,5,32,0,0,0,0,34,0,37,0,1,36,0,0,35,2,0,2,35,0,36,1,1,34,2,1,36,0,1,32,4,0,26,11,0,3,34,0,0,37,0,3,34,0,0,37,0,4,33
1,KHYBER PAKHTUNKHWA,03,HAZARA DIVISION,005,ABBOTTABAD DISTRICT,618,LOWER TANAWAL,64,64,0,64,0,0,0,0,0,0,64,40042,10260,28716,1066,61,0,0,2,59,1,1,1,0,1,4,0,11,50,0,0,0,0,0,63,1,16,0,0,38,5,3,18,64,0,0,0,0,3,4,56,1,55,9,49,15,24,40,27,37,15,49,13,51,1,63,0,64,0,64,0,64,22,42,20,44,2,7,2,6,1,63,26,64,1,7,0,2,6,1,2,10,7,182,60,600,30,35,0,0,7,12,0,29,0,3,8,10,3,46,5,5,5,0,1,3,4,2,57,6,1,0,2,0,2,0,60,1,10,3,63,3,9,4,1,0,0,1,59,5,8,56,16,48,5,59,62,2,13,51,7,57,56,8,7,57,0,0,7,0,55,0,8,0,1,0,6,0,11,3,61,14,50,7,57,0,0,0,0,60,2,59,3,4,56,4,0,39,25,0,9,55,1,57,6,0,50,14,16,46,2,0,20,44,0,1,63,0,1,63,0,0,64,0,1,63,0,1,63,1,1,62
1,KHYBER PAKHTUNKHWA,03,HAZARA DIVISION,006,BATAGRAM DISTRICT,013,ALLAI,44,44,0,38,0,3,3,3,0,0,44,137329,33135,103094,1100,33,26,0,0,44,0,0,0,0,0,0,31,14,31,0,0,0,0,0,44,0,1,0,1,12,5,0,27,38,0,3,3,0,3,30,11,0,44,0,32,12,29,15,6,38,18,26,1,43,0,44,0,44,0,44,0,44,36,8,19,25,0,3,1,3,1,43,39,27,0,9,0,3,3,3,0,0,0,162,70,250,14,0,0,0,0,0,20,43,0,0,2,0,3,42,6,12,6,0,0,1,8,1,4,20,17,3,16,0,35,0,2,0,4,0,44,0,1,14,0,0,0,2,29,15,1,43,9,35,2,42,40,4,4,40,0,44,39,5,0,44,0,0,0,0,34,0,0,0,0,0,0,1,13,0,44,26,18,3,41,0,0,0,1,2,0,42,2,19,25,0,0,32,12,0,2,42,0,19,25,3,26,15,14,29,1,0,11,33,0,1,43,0,0,44,0,0,44,0,0,44,0,0,44,0,1,43
1,KHYBER PAKHTUNKHWA,03,HAZARA DIVISION,006,BATAGRAM DISTRICT,014,BATAGRAM,60,60,0,57,0,1,2,2,0,0,60,143314,38283,103022,2009,52,43,0,2,58,0,1,13,8,6,1,37,27,50,0,2,0,0,0,60,0,0,0,0,34,7,0,19,57,0,1,2,0,4,17,39,0,60,0,56,4,41,19,34,26,24,36,7,53,2,58,1,59,1,59,0,60,40,20,31,29,4,6,1,6,2,58,48,51,4,18,4,9,2,4,4,0,5,119,50,300,25,30,2,0,5,36,11,44,0,0,15,6,4,39,20,21,10,0,5,3,5,9,31,18,6,5,49,0,24,0,6,1,26,16,59,10,10,16,3,2,0,6,48,12,19,41,15,45,7,53,53,7,15,45,9,51,56,4,2,58,0,0,0,2,57,0,12,0,7,0,0,7,7,3,57,18,42,9,51,0,0,0,0,6,1,46,13,21,32,7,1,43,16,0,11,49,0,52,8,2,51,7,24,33,3,0,20,40,1,13,46,0,0,60,0,0,60,0,0,60,0,0,60,0,10,50
1,KHYBER PAKHTUNKHWA,03,HAZARA DIVISION,007,HARIPUR DISTRICT,015,GHAZI,67,67,0,63,1,3,0,0,0,0,66,133389,26642,103517,3230,67,0,1,1,64,3,12,11,0,1,28,0,6,58,0,1,0,0,0,67,0,49,11,1,33,4,1,29,63,1,3,0,0,8,10,49,0,63,4,52,15,36,31,22,45,19,48,11,56,2,65,1,66,3,64,0,67,9,58,6,61,10,3,4,2,1,66,51,55,10,12,2,3,4,4,2,4,7,190,40,500,32,27,2,1,1,31,2,29,1,4,9,31,8,26,9,13,8,3,3,5,10,17,40,25,0,2,15,1,7,0,47,13,17,5,63,3,15,3,1,1,2,7,43,24,7,60,18,49,10,57,60,7,22,45,13,54,56,11,2,65,1,1,1,1,44,0,32,0,7,0,2,2,22,2,65,12,55,4,63,0,0,0,0,47,0,58,9,48,19,0,0,39,28,0,6,61,0,55,12,0,65,2,13,53,1,0,26,41,8,21,38,0,1,66,0,0,67,0,13,54,0,1,66,1,27,39
1,KHYBER PAKHTUNKHWA,03,HAZARA DIVISION,007,HARIPUR DISTRICT,016,HARIPUR,203,203,17,165,2,19,0,0,0,17,184,251305,90733,154536,6036,186,0,3,3,175,3,38,55,28,3,37,22,12,159,0,3,0,0,0,185,1,187,144,22,137,19,5,26,165,2,19,0,17,73,1,112,0,167,19,161,25,66,120,67,119,50,136,39,147,4,182,6,180,2,184,2,184,46,140,40,146,16,11,22,9,51,135,109,186,54,45,0,19,19,11,3,18,12,144,0,400,111,87,1,0,5,80,1,29,3,3,80,92,73,14,42,32,23,7,18,25,30,41,160,25,2,0,52,2,71,1,102,34,57,31,169,6,36,24,2,2,16,30,153,34,20,167,87,100,33,154,172,15,80,107,60,127,163,24,9,178,1,2,1,3,163,3,108,6,2,4,7,5,25,16,171,40,147,12,175,4,0,10,4,102,8,157,21,86,97,3,1,99,86,0,59,127,1,138,47,0,166,20,40,146,0,0,83,103,1,45,140,0,3,183,0,8,178,0,18,168,1,9,176,3,58,125
1,KHYBER PAKHTUNKHWA,03,HAZARA DIVISION,007,HARIPUR DISTRICT,619,KHANPUR,92,92,0,90,0,2,0,0,0,0,92,141110,33938,99421,7751,90,0,17,2,80,0,15,11,19,0,1,14,16,67,0,0,0,0,0,91,1,31,4,5,50,10,1,31,90,0,2,0,0,24,4,63,1,89,3,85,7,42,50,42,50,29,63,21,71,2,90,2,90,2,90,1,91,24,68,19,73,5,7,5,6,17,75,35,85,22,28,4,6,4,3,0,2,5,165,45,350,30,36,0,0,2,36,0,36,0,0,31,16,24,43,10,17,11,4,4,10,12,14,75,16,1,0,10,2,17,1,70,18,19,1,87,2,4,14,1,2,3,10,74,18,7,85,23,69,10,82,87,5,29,63,22,70,80,12,1,91,1,0,0,0,40,0,20,0,0,5,0,1,39,4,88,14,78,9,83,1,3,2,0,70,7,68,17,15,65,12,0,54,38,0,20,72,0,67,25,0,69,23,30,61,1,0,21,71,4,15,73,0,1,91,0,1,91,0,6,86,0,0,92,0,9,83
1,KHYBER PAKHTUNKHWA,03,HAZARA DIVISION,008,KOHISTAN DISTRICT,017,DASSU,172,172,0,171,1,0,0,0,0,0,171,42931,8251,33030,1650,41,2,1,4,153,4,87,134,82,4,0,93,85,4,3,1,0,0,0,172,0,0,0,0,14,1,0,157,171,1,0,0,0,2,166,4,0,61,111,27,145,14,158,3,169,5,167,0,172,0,172,0,172,0,172,0,172,9,163,4,168,3,5,1,4,2,170,129,12,1,6,43,3,3,1,2,5,5,287,30,500,9,5,0,0,0,0,68,153,1,1,5,1,2,166,0,5,4,0,0,2,8,6,1,4,12,155,108,0,46,4,32,2,5,4,165,4,34,3,1,1,2,3,13,159,4,168,3,169,4,168,63,109,4,168,4,168,61,111,43,129,1,27,16,1,1,0,1,0,0,0,0,27,143,4,168,1,171,7,165,0,0,0,0,32,5,113,54,97,61,14,0,118,54,0,4,168,0,99,73,1,1,170,58,111,3,1,10,161,26,69,77,0,3,169,0,0,172,0,9,163,0,0,172,30,23,119
1,KHYBER PAKHTUNKHWA,03,HAZARA DIVISION,008,KOHISTAN DISTRICT,018,KANDIA,191,191,0,190,1,0,0,0,0,0,190,116054,56921,44918,14215,81,5,0,3,190,12,62,81,123,20,1,100,85,2,0,0,0,0,0,191,0,0,0,0,0,1,6,184,190,1,0,0,0,1,179,11,0,63,128,19,172,14,177,1,190,3,188,0,191,0,191,0,191,0,191,0,191,20,171,13,178,9,9,4,0,1,190,173,57,1,0,17,1,2,0,0,0,4,251,100,460,0,0,0,0,0,0,144,169,16,0,0,1,1,190,5,12,2,2,0,0,1,1,0,7,6,178,30,1,175,0,11,0,0,1,191,0,0,20,0,0,1,2,84,107,2,189,0,191,0,191,153,38,0,191,1,190,139,52,95,96,1,83,51,0,1,0,0,0,1,0,0,57,150,0,191,1,190,5,186,0,0,0,0,11,1,83,107,112,47,32,0,108,83,0,2,189,0,125,66,0,4,187,73,115,3,0,1,190,5,71,115,0,2,189,0,0,191,0,8,183,0,0,191,14,37,140
1,KHYBER PAKHTUNKHWA,03,HAZARA DIVISION,008,KOHISTAN DISTRICT,654,HARBAN BHASHA,40,40,0,40,0,0,0,0,0,0,40,37215,15967,20422,826,39,1,0,0,39,0,11,33,37,0,0,23,20,1,0,0,0,0,0,40,0,0,0,0,3,0,0,37,40,0,0,0,0,5,31,4,0,15,25,7,33,6,34,0,40,2,38,0,40,0,40,0,40,0,40,0,40,2,38,0,40,1,2,0,0,0,40,33,2,0,0,6,1,1,1,0,0,0,299,200,342,17,0,0,0,0,0,24,37,0,0,0,0,5,40,0,3,1,0,0,0,1,0,1,0,1,38,0,0,25,0,15,0,0,0,40,0,0,2,0,0,1,1,25,15,1,39,0,40,0,40,32,8,0,40,0,40,7,33,13,27,0,13,0,0,0,0,0,0,0,0,0,3,40,0,40,1,39,3,37,0,0,0,0,15,0,35,5,36,4,0,0,30,10,0,0,40,0,28,12,0,0,40,3,36,1,0,1,39,28,10,2,0,0,40,0,0,40,0,0,40,0,0,40,2,3,35
1,KHYBER PAKHTUNKHWA,03,HAZARA DIVISION,008,KOHISTAN DISTRICT,655,SEO,102,102,0,99,1,1,0,0,0,1,100,32803,5079,25483,2241,50,1,0,0,90,9,18,48,44,3,0,37,28,7,1,6,0,0,0,101,1,0,0,3,3,1,1,97,99,1,1,0,1,0,72,27,3,37,65,11,91,7,95,1,101,4,98,0,102,1,101,0,102,0,102,0,102,4,98,0,102,2,3,1,3,0,102,65,62,0,1,20,2,4,1,0,0,9,328,108,678,8,2,0,0,3,1,24,86,2,2,2,2,0,97,1,4,1,0,0,1,1,1,8,1,5,88,32,0,39,37,7,0,6,0,102,0,14,2,0,0,0,2,27,75,1,101,1,101,1,101,87,15,1,101,1,101,87,15,37,65,1,26,14,6,12,0,0,0,1,0,0,0,89,1,101,1,101,1,101,0,0,0,0,7,3,86,13,60,39,3,0,71,31,0,14,88,3,67,32,0,3,99,20,63,19,1,2,99,12,19,71,1,2,99,0,0,102,0,0,102,0,0,102,0,6,96
1,KHYBER PAKHTUNKHWA,03,HAZARA DIVISION,009,MANSEHRA DISTRICT,021,BALA KOT,65,65,0,62,0,3,0,0,0,0,65,559680,37355,518446,3879,53,5,0,0,64,4,11,19,0,3,0,10,3,59,0,0,0,0,0,63,2,151,3,49,27,2,0,36,62,0,3,0,0,21,9,34,1,63,2,57,8,44,21,29,36,26,39,15,50,1,64,1,64,2,63,3,62,24,41,16,49,9,1,8,1,4,61,46,55,10,23,0,3,4,3,1,0,0,202,40,500,43,13,0,0,0,12,3,49,0,0,5,13,21,47,10,13,5,5,3,5,9,8,48,10,4,3,12,0,6,1,49,0,29,5,60,2,5,13,0,3,2,7,58,7,14,51,22,43,16,49,65,0,25,40,17,48,62,3,0,65,0,0,0,0,15,1,2,0,0,0,6,0,50,3,62,21,44,6,59,0,0,0,0,49,0,63,2,37,27,1,0,51,14,0,3,62,0,50,15,0,63,2,18,47,0,1,18,46,0,5,60,0,0,65,0,0,65,0,0,65,0,0,65,0,8,57
1,KHYBER PAKHTUNKHWA,03,HAZARA DIVISION,009,MANSEHRA DISTRICT,022,MANSEHRA,174,174,0,169,1,4,0,0,0,0,173,217438,89791,120642,7005,172,2,0,0,172,0,1,27,10,2,3,34,5,168,0,0,0,0,0,168,6,395,43,1,106,17,1,50,169,1,4,0,0,55,6,113,0,162,12,157,17,75,99,68,106,50,124,37,137,6,168,4,170,3,171,2,172,74,100,49,125,21,19,18,16,20,154,61,160,34,48,6,14,7,11,1,3,5,121,30,600,66,74,3,1,4,127,3,59,3,1,37,72,55,65,30,26,16,4,11,14,26,23,121,46,6,1,10,0,30,2,142,18,47,13,168,7,37,20,3,11,5,18,115,59,26,148,52,122,15,159,163,11,56,118,35,139,162,12,4,170,4,0,1,0,167,8,8,1,1,1,6,1,6,12,162,31,143,11,163,2,1,1,0,142,4,158,12,76,93,5,0,110,64,0,14,160,1,135,38,0,142,32,46,126,2,1,58,115,5,50,119,0,0,174,0,0,174,0,10,164,0,3,171,3,41,130
1,KHYBER PAKHTUNKHWA,03,HAZARA DIVISION,009,MANSEHRA DISTRICT,023,OGHI,44,44,0,42,1,1,0,0,0,0,43,89997,34591,53165,2241,43,4,0,0,43,0,0,1,0,0,0,3,3,44,0,0,0,0,0,44,0,161,3,0,34,8,0,2,42,1,1,0,0,2,0,42,0,44,0,43,1,30,14,27,17,16,28,5,39,1,43,1,43,0,44,0,44,23,21,16,28,1,0,1,1,0,44,34,41,4,8,3,1,1,1,1,1,1,131,80,250,10,20,0,0,1,36,0,37,0,0,14,23,2,7,8,12,7,4,7,2,7,10,26,18,0,0,11,0,0,0,33,0,22,3,44,1,4,7,0,0,0,3,41,3,5,39,9,35,7,37,44,0,8,36,5,39,44,0,0,44,0,0,0,0,42,0,0,0,0,0,0,0,2,2,42,4,40,1,43,0,0,0,0,33,7,36,1,22,22,0,0,39,5,0,1,43,0,40,4,0,41,3,3,41,0,0,41,3,0,38,6,0,1,43,0,0,44,0,2,42,0,2,42,3,11,30
1,KHYBER PAKHTUNKHWA,03,HAZARA DIVISION,009,MANSEHRA DISTRICT,615,DARBAND,27,27,4,22,0,1,0,0,0,4,23,28970,8570,20148,252,23,0,0,0,23,0,0,0,0,0,0,0,0,23,0,0,0,0,0,23,0,0,0,0,15,0,0,8,22,0,1,0,4,1,0,22,0,23,0,22,1,9,14,5,18,2,21,1,22,1,22,0,23,0,23,0,23,2,21,1,22,1,4,2,4,0,23,8,23,1,1,0,1,0,1,0,0,0,127,0,300,10,0,0,0,0,4,0,11,0,9,10,2,1,11,3,4,1,0,1,3,1,1,20,3,0,0,1,0,0,0,22,0,2,0,23,0,0,1,0,0,1,1,20,3,1,22,12,11,5,18,17,6,7,16,5,18,19,4,0,23,0,0,0,0,21,0,0,0,0,0,0,0,2,1,22,1,22,1,22,0,0,0,0,22,3,20,0,12,11,0,0,17,6,0,2,21,0,17,6,0,21,2,0,23,0,2,13,8,0,6,17,0,0,23,0,0,23,0,0,23,0,0,23,0,0,23
1,KHYBER PAKHTUNKHWA,03,HAZARA DIVISION,009,MANSEHRA DISTRICT,616,BAFFA PAKHAL,87,87,1,77,0,9,0,0,0,1,86,142415,44684,93919,3812,67,16,0,1,77,1,2,35,21,5,1,15,0,78,0,0,0,0,0,86,0,209,12,2,59,6,0,21,77,0,9,0,1,18,4,64,0,80,6,72,14,45,41,43,43,25,61,17,69,2,84,3,83,2,84,1,85,34,52,27,59,13,6,8,5,3,83,47,77,10,55,1,9,5,10,2,2,1,95,0,500,38,13,1,0,3,52,1,42,1,0,18,19,18,44,21,21,17,8,14,19,22,19,71,8,6,1,12,0,11,0,67,0,39,11,83,3,2,21,1,5,4,6,65,21,14,72,34,52,11,75,81,5,31,55,15,71,79,7,0,86,0,0,0,0,41,10,4,1,0,0,10,3,37,9,77,30,56,11,75,0,0,0,2,67,0,71,15,47,38,1,0,56,30,0,8,78,0,75,11,0,77,9,35,50,1,1,37,48,1,8,77,0,0,86,0,1,85,1,1,84,0,2,84,0,20,66
1,KHYBER PAKHTUNKHWA,03,HAZARA DIVISION,010,TORGHAR DISTRICT,024,JUDBA TEHSIL,43,43,0,42,0,1,0,0,0,0,43,26600,6393,18966,1241,42,13,0,0,43,0,2,8,14,0,0,4,1,34,0,1,0,0,0,41,2,64,90,68,10,3,0,30,42,0,1,0,0,0,31,12,0,40,3,19,24,12,31,1,42,4,39,0,43,0,43,0,43,0,43,1,42,17,26,10,33,2,0,2,0,6,37,36,5,0,1,5,5,0,0,0,1,0,208,40,500,28,0,0,0,1,0,5,24,0,0,3,4,0,35,5,8,2,1,2,3,8,9,9,4,2,28,32,1,0,9,6,0,0,0,43,0,20,4,2,0,0,3,29,14,1,42,0,43,0,43,42,1,0,43,0,43,40,3,30,13,1,0,28,1,0,0,0,0,0,0,0,0,43,3,40,2,41,10,33,0,0,0,2,6,0,25,18,20,18,5,0,29,14,0,0,43,0,27,16,0,22,21,20,23,0,0,0,43,7,6,30,0,1,42,0,0,43,0,0,43,0,0,43,4,9,30
1,KHYBER PAKHTUNKHWA,03,HAZARA DIVISION,010,TORGHAR DISTRICT,600,KANDER TEHSIL,54,54,2,52,0,0,0,0,0,2,52,24307,5594,16782,1931,42,2,0,0,44,3,0,1,2,0,1,2,4,38,7,2,0,0,0,51,1,1,0,0,11,2,0,39,52,0,0,0,2,0,43,9,0,49,3,27,25,23,29,4,48,6,46,1,51,0,52,0,52,0,52,0,52,18,34,13,39,2,2,3,0,5,47,40,7,0,2,10,0,0,0,0,1,0,158,0,350,39,1,1,0,0,7,3,23,0,2,1,29,0,20,1,4,1,2,2,0,3,4,8,8,1,35,42,1,2,0,10,0,0,1,52,0,8,1,0,0,0,3,31,21,0,52,1,51,1,51,51,1,2,50,1,51,51,1,16,36,6,8,1,2,0,0,4,0,0,0,1,2,48,0,52,0,52,6,46,0,0,0,0,10,0,42,10,32,19,1,0,30,22,0,5,47,0,33,19,0,22,30,12,40,0,0,3,49,15,9,28,0,1,51,0,0,52,0,2,50,0,0,52,0,9,43
1,KHYBER PAKHTUNKHWA,04,KOHAT DIVISION,011,HANGU DISTRICT,025,HANGU,35,35,0,34,1,0,0,0,0,0,34,160951,35993,122496,2462,33,0,0,1,30,0,3,8,8,0,5,6,4,24,2,0,0,0,0,35,0,0,3,0,34,1,0,0,34,1,0,0,0,9,4,22,0,34,1,29,6,23,12,18,17,11,24,8,27,1,34,1,34,1,34,3,32,16,19,16,19,5,2,2,2,18,17,17,34,3,8,0,3,2,2,4,1,2,75,15,135,10,10,0,0,2,26,0,10,2,0,7,22,9,6,10,8,5,1,3,1,4,3,24,11,0,0,19,0,12,4,9,5,14,3,33,0,15,6,1,1,4,8,25,10,10,25,17,18,6,29,30,5,14,21,7,28,29,6,18,17,8,0,10,0,11,0,3,0,0,0,2,1,22,4,31,4,31,7,28,0,0,1,0,9,3,32,0,18,17,0,0,21,14,0,1,34,0,35,0,7,28,0,5,30,0,0,11,24,0,23,12,0,0,35,0,0,35,0,5,30,0,0,35,5,15,15
1,KHYBER PAKHTUNKHWA,04,KOHAT DIVISION,011,HANGU DISTRICT,026,TAL,14,14,0,11,1,2,0,0,0,0,13,161206,30382,129156,1668,14,4,0,0,14,0,4,7,0,0,8,1,2,13,0,0,0,0,0,13,1,10,7,0,13,0,0,1,11,1,2,0,0,6,0,8,0,14,0,12,2,13,1,6,8,12,2,1,13,1,13,1,13,0,14,0,14,12,2,12,2,6,0,7,0,11,3,12,12,1,7,0,2,2,2,2,1,4,119,28,300,3,11,0,0,2,11,0,7,1,0,8,1,6,3,5,7,7,2,3,4,4,3,10,3,1,0,13,2,3,0,0,3,5,2,13,1,7,8,1,1,3,8,12,2,4,10,4,10,5,9,14,0,7,7,2,12,13,1,4,10,3,0,2,0,1,0,2,0,0,0,0,1,11,5,9,6,8,3,11,0,0,0,0,0,0,11,3,7,6,1,0,11,3,0,1,13,1,12,1,0,13,1,5,9,0,0,2,12,0,5,9,0,0,14,0,0,14,0,3,11,0,0,14,0,4,10
1,KHYBER PAKHTUNKHWA,04,KOHAT DIVISION,012,KARAK DISTRICT,027,BANDA DAUD SHAH,52,52,1,51,0,0,1,0,1,0,51,251654,58828,189866,2960,51,0,0,0,25,0,1,2,1,0,1,0,1,47,0,3,0,0,0,34,18,44,34,0,31,0,0,20,51,0,0,1,0,1,11,39,1,48,4,38,14,26,26,18,34,17,35,9,43,2,50,0,52,0,52,0,52,36,16,27,25,6,0,12,1,19,33,36,41,0,12,2,1,0,1,2,0,2,130,30,500,8,24,0,0,3,17,0,4,4,10,8,1,1,43,7,9,6,2,12,9,4,12,15,34,0,2,24,0,20,0,17,30,6,0,43,2,9,10,1,0,11,13,39,13,6,46,11,41,10,42,52,0,11,41,2,50,52,0,37,15,37,0,0,3,46,0,1,0,0,0,0,0,5,17,35,6,46,7,45,0,0,2,0,17,1,44,7,13,38,1,0,41,11,0,30,22,0,46,6,4,38,10,15,35,2,0,3,49,3,11,38,0,0,52,0,0,52,0,3,49,0,0,52,1,10,41
1,KHYBER PAKHTUNKHWA,04,KOHAT DIVISION,012,KARAK DISTRICT,028,KARAK,52,52,1,48,0,3,0,0,0,1,51,292096,76760,207809,7527,52,0,0,0,0,0,0,0,1,0,5,0,0,52,0,0,0,0,0,45,6,11,2,0,27,2,0,22,48,0,3,0,1,7,10,34,0,48,3,46,5,33,18,27,24,23,28,19,32,3,48,3,48,2,49,4,47,31,20,26,25,7,0,9,2,16,35,39,32,1,27,1,6,6,4,4,3,3,215,50,600,3,43,0,0,2,11,0,0,13,1,6,5,7,40,8,12,5,4,8,9,6,11,17,16,11,7,43,0,7,0,7,8,5,1,51,0,25,7,0,0,5,20,41,10,7,44,9,42,7,44,48,3,8,43,2,49,49,2,12,40,12,0,0,0,32,2,2,0,0,0,0,2,24,6,45,13,38,4,47,0,1,0,0,7,7,41,3,4,35,12,0,39,12,0,12,39,0,42,9,0,40,11,26,25,0,1,20,30,3,12,36,0,1,50,0,0,51,0,2,49,0,0,51,3,8,40
1,KHYBER PAKHTUNKHWA,04,KOHAT DIVISION,012,KARAK DISTRICT,029,TAKHT-E-NASRATI,15,15,0,14,0,1,0,0,0,0,15,136422,56656,72308,7458,15,0,0,0,0,9,0,0,0,1,0,0,0,15,0,0,0,0,0,13,2,70,12,2,14,0,0,1,14,0,1,0,0,4,0,11,0,15,0,15,0,13,2,12,3,11,4,10,5,6,9,5,10,4,11,4,11,15,0,13,2,8,0,9,1,7,8,14,13,0,10,0,9,8,7,6,8,8,317,60,600,4,14,0,0,0,3,0,1,2,0,0,1,4,12,7,7,5,1,6,6,6,5,12,2,0,1,15,0,3,0,0,6,5,0,15,0,12,8,0,0,7,11,15,0,5,10,5,10,5,10,15,0,4,11,3,12,15,0,7,8,6,0,0,0,9,0,3,0,0,0,0,0,6,1,14,9,6,5,10,0,0,2,2,0,1,13,1,3,10,2,0,12,3,0,7,8,0,10,5,0,12,3,3,11,1,0,5,10,0,7,8,0,3,12,0,3,12,0,5,10,0,3,12,3,5,7
1,KHYBER PAKHTUNKHWA,04,KOHAT DIVISION,013,KOHAT DISTRICT,030,KOHAT TEHSIL,97,97,1,82,11,4,0,0,0,0,86,704494,169444,520471,14579,90,2,2,6,45,1,30,41,30,0,33,21,25,57,2,3,0,0,1,83,14,12,21,3,80,3,0,14,82,11,4,0,0,19,11,66,1,95,2,90,7,77,20,58,39,52,45,32,65,8,89,6,91,4,93,5,92,61,36,44,53,13,4,22,3,31,66,45,85,22,28,8,17,12,13,4,5,7,102,30,210,37,67,1,0,8,61,9,11,3,4,49,19,19,29,26,31,25,5,17,21,26,32,65,28,1,3,49,1,18,1,43,28,27,9,88,7,60,10,5,5,12,27,76,21,16,81,30,67,26,71,86,11,35,62,23,74,84,13,18,79,11,0,0,3,52,0,8,0,1,0,0,2,48,12,85,31,66,21,76,3,0,1,1,43,5,76,16,46,43,8,0,44,53,0,10,87,1,68,28,2,90,5,30,63,4,0,32,65,12,20,65,0,2,95,0,1,96,0,11,86,0,2,95,1,27,69
1,KHYBER PAKHTUNKHWA,04,KOHAT DIVISION,013,KOHAT DISTRICT,031,LACHI,51,51,2,44,3,1,1,1,0,2,46,361599,94766,264958,1875,50,0,0,0,9,0,1,3,0,0,1,0,1,50,0,0,0,0,0,35,15,14,14,0,24,5,0,21,44,3,1,1,2,5,13,32,1,43,6,33,16,16,33,15,34,9,40,6,43,3,46,3,46,1,48,1,48,18,31,11,38,5,2,8,2,10,41,34,27,1,9,7,5,6,5,4,1,2,182,40,400,11,30,0,0,0,9,1,9,15,1,9,8,5,34,4,8,2,1,2,4,6,13,22,15,2,12,20,0,2,0,29,7,2,1,48,0,18,6,2,1,3,5,36,15,6,45,5,45,3,46,43,6,5,44,3,46,36,13,17,34,16,0,1,0,20,0,29,0,0,0,0,0,32,0,50,7,43,4,46,0,0,0,0,29,4,30,16,20,26,4,0,18,32,0,2,48,0,24,26,0,26,24,9,33,8,0,11,39,1,4,45,0,1,49,0,0,50,0,1,49,0,0,50,0,6,44
1,KHYBER PAKHTUNKHWA,04,KOHAT DIVISION,013,KOHAT DISTRICT,607,TRIBAL AREA ADJ. KOHAT DISTRICT,27,27,0,27,0,0,0,0,0,0,27,4033,1295,2024,714,23,0,0,0,6,0,0,0,0,0,2,0,0,23,0,0,0,0,0,26,1,0,0,0,23,0,0,4,27,0,0,0,0,3,15,9,0,17,10,17,10,8,19,1,26,6,21,0,27,6,21,0,27,0,27,0,27,14,13,11,16,0,2,0,0,5,22,25,5,0,3,1,0,0,1,0,0,1,236,50,700,7,8,0,0,2,16,0,0,1,2,8,3,3,12,0,7,0,0,0,0,0,0,23,0,0,4,27,0,3,0,0,0,8,0,26,0,17,3,0,0,0,0,23,4,3,24,17,10,11,16,27,0,16,11,11,16,27,0,4,23,4,0,0,0,1,0,4,0,0,0,1,0,22,0,27,0,27,10,17,0,0,0,0,0,1,22,4,1,24,2,0,23,4,0,2,25,4,23,0,2,24,1,16,11,0,0,17,10,0,10,17,0,0,27,0,0,27,0,3,24,0,0,27,0,16,11
1,KHYBER PAKHTUNKHWA,05,MALAKAND DIVISION,014,BUNER DISTRICT,032,DAGGAR (BUNER),50,50,0,50,0,0,0,0,0,0,50,184128,56515,122078,5535,49,3,0,0,49,0,5,12,2,2,11,10,7,45,0,0,0,0,0,45,5,100,6,0,30,2,2,16,50,0,0,0,0,6,4,40,0,50,0,38,12,32,18,20,30,18,32,6,44,2,48,2,48,0,50,6,44,35,15,29,21,7,5,8,4,4,46,25,44,3,8,4,10,9,10,1,4,4,204,40,430,20,19,0,0,3,21,5,18,0,0,13,23,6,14,9,7,8,12,8,16,14,12,16,24,4,6,48,0,2,0,2,0,6,1,47,2,3,11,2,2,5,14,33,17,5,45,21,29,9,41,43,7,20,30,12,38,42,8,0,50,0,0,0,0,50,0,7,0,0,0,0,0,0,5,45,6,44,12,38,2,12,2,0,2,0,42,8,41,9,0,0,32,18,0,18,32,0,36,14,1,47,2,7,43,0,1,30,19,2,12,36,0,0,50,0,0,50,0,2,48,0,1,49,4,6,40
1,KHYBER PAKHTUNKHWA,05,MALAKAND DIVISION,014,BUNER DISTRICT,033,GAGRA,55,55,0,55,0,0,0,0,0,0,55,120350,37677,81041,1632,55,9,0,0,54,0,6,13,5,3,9,15,23,48,0,0,0,0,0,54,1,89,2,15,27,8,0,20,55,0,0,0,0,2,4,48,1,55,0,40,15,35,20,21,34,25,30,15,40,6,49,2,53,5,50,4,51,30,25,20,35,12,1,17,3,18,37,34,49,5,13,0,14,8,9,3,6,8,329,100,800,24,16,0,0,0,14,2,44,1,1,9,22,2,24,8,7,7,7,5,12,9,7,9,39,1,6,30,1,18,1,8,1,16,7,48,2,9,17,1,2,3,10,44,11,10,45,13,42,8,47,49,6,13,42,12,43,54,1,0,55,0,0,0,0,25,1,9,2,1,0,1,0,29,3,52,11,44,8,47,2,1,4,3,8,3,43,9,16,38,1,0,49,6,1,11,43,1,49,5,2,50,3,5,49,1,2,26,27,4,4,47,0,1,54,0,1,54,0,1,54,0,0,55,0,1,54
1,KHYBER PAKHTUNKHWA,05,MALAKAND DIVISION,014,BUNER DISTRICT,034,KHADO KHEL,28,28,0,28,0,0,0,0,0,0,28,72912,24464,47528,920,28,0,0,0,28,0,1,4,1,0,6,4,6,27,0,0,0,0,0,28,0,11,10,2,11,8,0,9,28,0,0,0,0,4,3,21,0,26,2,24,4,20,8,13,15,9,19,6,22,2,26,1,27,1,27,0,28,14,14,9,19,2,2,3,2,9,19,20,18,2,7,6,6,5,5,0,1,0,131,20,400,9,13,0,0,0,14,0,10,1,0,3,17,4,8,2,4,1,4,2,4,3,0,11,10,3,4,15,0,0,2,12,0,6,0,27,0,11,4,0,0,1,4,27,1,0,28,4,24,3,25,26,2,11,17,5,23,25,3,0,28,0,0,0,0,25,1,0,0,2,0,0,0,0,1,27,3,25,4,24,0,0,0,1,12,0,27,1,14,14,0,0,25,3,0,14,14,2,21,5,2,25,1,8,20,0,0,8,20,0,0,28,0,0,28,0,0,28,0,0,28,0,0,28,0,0,28
1,KHYBER PAKHTUNKHWA,05,MALAKAND DIVISION,014,BUNER DISTRICT,035,MANDANR,33,33,0,33,0,0,0,0,0,0,33,70590,23222,46514,854,32,0,0,0,33,0,17,26,0,0,10,20,17,28,0,0,0,0,0,33,0,17,7,0,20,2,0,11,33,0,0,0,0,4,3,26,0,32,1,30,3,24,9,20,13,15,18,12,21,1,32,2,31,1,32,5,28,22,11,14,19,6,5,22,2,28,5,23,31,1,9,0,14,10,10,1,1,3,218,70,420,27,7,0,0,1,4,0,24,0,0,7,7,4,19,12,11,12,12,12,8,10,17,6,25,0,2,4,0,2,0,28,0,7,1,32,0,0,9,2,2,5,5,31,2,5,28,6,27,8,25,31,2,12,21,5,28,31,2,0,33,0,0,0,0,14,0,1,0,0,0,0,0,28,1,32,5,28,6,27,0,0,1,0,28,0,30,3,29,4,0,0,23,10,0,10,23,0,29,4,0,28,5,3,30,0,0,15,18,4,3,26,0,0,33,0,0,33,0,1,32,0,0,33,0,3,30
1,KHYBER PAKHTUNKHWA,05,MALAKAND DIVISION,015,CHITRAL UPPER,037,MASTUJ TEHSIL,88,88,0,87,1,0,0,0,0,0,87,16672,12547,3438,687,87,18,0,0,69,0,60,55,46,10,2,64,9,0,0,0,0,0,0,88,0,0,0,1,11,0,0,77,87,1,0,0,0,2,80,5,1,69,19,50,38,24,64,24,64,15,73,15,73,7,81,8,80,2,86,3,85,27,61,22,66,4,1,9,6,4,84,33,79,16,1,1,22,7,3,0,15,4,184,30,700,52,0,0,0,1,9,25,33,0,1,0,1,2,86,27,5,21,15,10,5,12,41,83,0,0,5,39,0,1,2,47,2,8,1,83,9,25,17,1,6,6,8,71,17,5,83,16,72,16,72,80,8,11,77,9,79,76,12,86,2,15,76,79,0,14,0,21,18,3,0,2,16,33,3,85,19,69,5,83,0,1,0,23,47,0,85,3,45,34,9,0,72,16,0,6,82,0,70,18,0,65,23,37,50,1,2,63,23,1,38,49,0,35,53,0,11,77,0,38,50,0,2,86,10,6,72
1,KHYBER PAKHTUNKHWA,05,MALAKAND DIVISION,015,CHITRAL UPPER,630,TORKHOW/MULKHOW TEHSIL,74,74,0,73,0,1,0,0,0,0,74,24444,16564,4969,2911,73,2,0,0,47,2,20,27,63,5,2,17,16,8,0,0,0,0,2,74,0,0,15,0,2,0,0,72,73,0,1,0,0,0,61,13,0,68,6,45,29,27,47,16,58,17,57,5,69,1,73,1,73,1,73,3,71,59,15,51,23,6,3,5,1,5,69,62,47,0,4,6,20,16,12,1,19,7,292,40,999,56,0,0,0,0,1,24,57,2,1,0,0,0,74,14,9,10,4,7,5,20,22,56,10,3,5,38,0,1,1,35,0,0,0,74,0,10,12,0,17,4,4,69,5,3,71,4,70,5,69,71,3,3,71,1,73,53,21,73,1,21,66,68,0,13,2,7,17,0,0,3,6,52,3,71,15,59,5,69,0,0,0,15,35,0,69,5,27,31,16,0,68,6,0,8,66,1,58,15,0,67,7,38,36,0,1,36,37,3,12,59,0,8,66,0,7,67,0,20,54,0,2,72,2,12,60
1,KHYBER PAKHTUNKHWA,05,MALAKAND DIVISION,016,LOWER DIR DISTRICT,038,ADENZAI SUB-DIVISION,219,219,0,202,2,15,0,0,0,0,217,147996,72945,70886,4165,215,35,1,4,200,3,61,92,11,19,77,37,47,183,0,0,1,0,0,215,4,126,44,1,108,30,3,78,202,2,15,0,0,13,33,172,1,140,79,95,124,40,179,26,193,29,190,20,199,5,214,7,212,9,210,4,215,105,114,83,136,21,22,36,26,90,129,173,204,28,67,8,21,19,15,0,7,7,141,1,500,58,42,0,0,0,144,3,141,0,1,12,87,13,119,20,17,12,67,15,21,20,66,175,39,4,1,70,0,56,1,120,8,116,3,218,12,195,37,2,7,4,21,156,63,75,144,37,182,17,202,215,4,58,161,29,190,215,4,0,219,0,0,0,0,59,0,6,4,1,0,5,17,135,11,208,21,198,19,200,0,2,1,22,120,4,187,28,104,110,5,1,158,60,0,52,167,3,188,28,3,175,41,45,171,3,1,89,129,1,27,191,0,8,211,0,11,208,0,23,196,0,1,218,0,15,204
1,KHYBER PAKHTUNKHWA,05,MALAKAND DIVISION,016,LOWER DIR DISTRICT,039,LAL QILA SUB-DIVISION,162,162,0,161,1,0,0,0,0,0,161,105033,46127,56725,2181,162,55,0,1,161,0,0,1,2,0,5,77,18,155,0,1,0,0,0,161,1,3,1,0,66,20,0,76,161,1,0,0,0,2,17,143,0,109,53,84,78,21,141,22,140,16,146,13,149,1,161,0,162,0,162,0,162,84,78,83,79,6,22,17,17,99,63,147,106,0,45,10,8,1,3,0,0,2,137,20,500,2,68,0,0,1,102,1,106,0,0,3,30,2,129,4,6,3,0,6,3,5,51,115,35,4,8,136,0,9,2,24,0,92,3,155,2,115,31,0,0,1,21,122,40,25,137,31,131,2,160,161,1,45,117,8,154,161,1,80,82,39,3,72,1,114,0,96,2,0,0,6,0,22,1,161,9,153,16,146,0,0,0,29,24,0,126,36,59,87,16,0,123,39,0,9,153,0,137,25,24,96,42,74,88,0,0,61,101,1,4,157,0,1,161,0,0,162,0,15,147,0,0,162,1,0,161
1,KHYBER PAKHTUNKHWA,05,MALAKAND DIVISION,016,LOWER DIR DISTRICT,040,SAMARBAGH SUB-DIVISION,338,338,27,333,3,2,0,0,0,0,335,163429,123107,34900,5422,326,69,1,5,303,5,11,43,10,10,55,129,66,312,1,3,0,0,2,334,4,34,2,8,159,21,2,156,333,3,2,0,0,24,77,237,0,200,138,143,195,69,269,55,283,39,299,28,310,2,336,4,334,2,336,2,336,150,188,109,229,20,32,34,33,70,268,305,207,9,105,8,28,17,18,3,22,33,118,20,650,28,157,2,1,6,212,5,181,2,6,60,25,24,253,13,17,12,8,10,17,16,13,239,29,13,57,263,0,19,2,72,1,57,7,329,3,244,55,35,13,7,37,247,91,30,308,69,269,28,310,311,27,61,277,36,302,295,43,245,93,140,12,174,3,23,0,21,0,0,2,19,1,294,8,330,11,327,28,310,0,0,4,21,72,1,260,77,202,119,17,1,245,92,0,23,315,2,282,54,5,278,55,114,216,8,1,93,244,6,44,288,0,7,331,0,1,337,0,12,326,0,3,335,10,10,318
1,KHYBER PAKHTUNKHWA,05,MALAKAND DIVISION,016,LOWER DIR DISTRICT,041,TEMERGARA SUB-DIVISION,388,388,0,383,1,4,0,0,0,0,387,234334,115495,113105,5734,374,47,1,5,306,4,56,89,36,31,74,105,111,318,0,2,0,0,1,378,10,130,24,0,159,58,8,163,383,1,4,0,0,13,62,312,1,249,139,195,193,87,301,83,305,60,328,50,338,11,377,10,378,12,376,21,367,214,174,205,183,25,40,85,34,202,186,320,319,17,118,17,32,20,21,10,12,14,171,15,550,114,79,2,2,8,252,14,250,2,1,46,78,13,259,56,36,25,24,31,22,35,84,296,62,20,10,280,0,61,1,103,32,246,10,379,7,305,47,11,11,13,36,291,97,101,287,59,329,21,367,366,22,110,278,51,337,366,22,159,229,123,11,91,2,13,0,22,4,5,4,13,2,355,19,369,35,353,29,359,0,0,5,92,103,21,289,78,142,199,47,1,294,93,2,51,335,6,338,44,22,319,47,171,214,3,10,168,210,1,14,373,1,10,377,0,24,364,0,15,373,0,1,387,6,15,367
1,KHYBER PAKHTUNKHWA,05,MALAKAND DIVISION,017,MALAKAND PROTECTED AREA,625,BATKHELA,11,11,0,8,3,0,0,0,0,0,8,41720,38520,2464,736,10,6,0,1,8,0,7,6,6,4,11,4,0,10,0,0,0,0,0,11,0,30,5,3,11,0,0,0,8,3,0,0,0,5,0,6,0,11,0,11,0,11,0,11,0,10,1,9,2,5,6,5,6,3,8,4,7,11,0,10,1,10,0,8,0,1,10,11,11,7,10,0,7,8,9,2,3,3,75,40,120,10,9,0,0,1,9,0,1,0,0,3,7,5,1,11,10,7,3,6,8,11,5,5,6,0,0,9,0,8,0,2,6,5,8,10,3,5,9,1,2,5,11,11,0,5,6,9,2,8,3,11,0,10,1,8,3,10,1,0,11,0,0,0,0,7,0,3,0,0,0,0,0,2,7,4,10,1,9,2,0,0,7,0,2,0,11,0,7,4,0,0,11,0,0,5,6,0,11,0,0,11,0,4,7,0,0,10,1,0,4,7,0,0,11,0,0,11,0,0,11,0,0,11,1,5,5
1,KHYBER PAKHTUNKHWA,05,MALAKAND DIVISION,017,MALAKAND PROTECTED AREA,626,DARGAI,17,17,0,17,0,0,0,0,0,0,17,18280,11007,6476,797,17,0,0,13,15,0,12,12,16,0,14,1,0,15,0,0,0,0,0,17,0,97,4,0,16,0,0,1,17,0,0,0,0,11,1,5,0,17,0,17,0,15,2,16,1,11,6,10,7,1,16,2,15,1,16,2,15,17,0,17,0,6,4,10,1,2,15,13,17,7,17,0,2,5,7,0,2,1,77,60,110,17,17,1,0,0,16,0,1,0,0,0,17,11,0,12,14,11,6,10,6,9,3,6,11,0,0,17,0,17,0,0,16,4,17,17,0,13,3,0,1,1,9,15,2,2,15,12,5,11,6,17,0,12,5,12,5,17,0,1,16,0,0,0,0,16,0,1,0,0,0,0,0,0,2,15,6,11,8,9,0,2,11,0,0,1,16,0,14,3,0,0,17,0,0,13,4,0,17,0,0,17,0,2,15,0,0,15,2,0,13,4,0,0,17,0,0,17,0,1,16,0,0,17,0,15,2
1,KHYBER PAKHTUNKHWA,05,MALAKAND DIVISION,017,MALAKAND PROTECTED AREA,627,THANA BAIZAI,6,6,0,6,0,0,0,0,0,0,6,34933,22630,11823,480,6,5,0,0,5,0,5,5,0,5,4,1,0,6,0,0,0,0,0,6,0,30,12,0,6,0,0,0,6,0,0,0,0,2,0,4,0,6,0,6,0,3,3,4,2,6,0,4,2,1,5,2,4,0,6,1,5,6,0,6,0,6,0,6,0,5,1,6,6,6,6,0,4,4,5,0,0,0,83,80,90,6,2,0,0,0,6,0,0,0,0,4,2,2,0,4,4,2,3,4,5,4,4,0,6,0,0,6,0,6,0,0,6,4,1,6,1,6,3,0,1,1,6,6,0,3,3,6,0,6,0,6,0,6,0,6,0,6,0,0,6,0,0,0,0,1,0,1,0,1,0,0,2,2,2,4,3,3,3,3,0,0,4,1,0,0,6,0,4,2,0,0,6,0,0,1,5,0,6,0,0,6,0,0,6,0,0,6,0,0,1,5,0,0,6,0,0,6,0,2,4,0,0,6,0,1,5
1,KHYBER PAKHTUNKHWA,05,MALAKAND DIVISION,018,SHANGLA DISTRICT,044,ALPURI,79,79,0,79,0,0,0,0,0,0,79,239238,68217,168839,2182,63,18,0,6,65,7,2,6,0,5,0,27,24,63,5,0,0,0,0,77,2,1,15,5,30,6,1,42,79,0,0,0,0,1,6,67,5,72,7,54,25,49,30,30,49,33,46,6,73,2,77,3,76,2,77,4,75,57,22,38,41,5,1,29,1,26,53,64,60,4,6,2,24,10,12,2,4,2,178,50,980,19,16,0,0,3,10,24,73,1,2,3,11,1,65,12,14,7,8,8,5,19,16,8,27,34,10,36,3,38,9,13,1,38,2,67,3,7,34,0,2,2,25,74,5,45,34,16,63,9,70,75,4,12,67,6,73,75,4,79,0,1,3,78,0,22,0,0,0,0,0,0,0,57,3,76,14,65,20,59,0,0,1,0,13,8,68,3,26,44,9,0,58,21,0,17,62,0,59,20,0,64,15,29,40,10,1,29,49,3,16,60,0,2,77,0,2,77,0,1,78,0,1,78,4,20,55
1,KHYBER PAKHTUNKHWA,05,MALAKAND DIVISION,018,SHANGLA DISTRICT,045,PURAN,21,21,0,21,0,0,0,0,0,0,21,58035,19724,37254,1057,21,19,0,1,17,4,4,9,0,1,2,17,13,16,0,1,0,0,0,21,0,16,3,0,12,1,0,8,21,0,0,0,0,0,0,20,1,20,1,19,2,15,6,11,10,8,13,5,16,1,20,3,18,2,19,1,20,18,3,8,13,4,4,10,0,18,3,18,19,3,8,0,16,2,4,0,0,2,140,80,400,20,12,1,0,2,13,1,16,1,0,7,4,0,10,4,7,4,3,5,7,7,5,8,12,1,0,17,1,13,2,0,2,13,3,14,1,7,15,0,0,3,14,21,0,15,6,2,19,1,20,20,1,3,18,2,19,20,1,20,1,1,0,20,1,15,0,0,0,0,0,0,0,7,2,19,8,13,6,15,0,0,0,0,0,0,21,0,0,20,1,1,19,1,0,9,12,0,20,1,0,20,1,4,16,1,0,15,6,0,4,17,0,1,20,0,0,21,0,1,20,0,1,20,0,1,20
1,KHYBER PAKHTUNKHWA,05,MALAKAND DIVISION,018,SHANGLA DISTRICT,596,BISHAM,11,11,0,11,0,0,0,0,0,0,11,38649,13044,22739,2866,11,3,0,0,10,1,0,0,0,0,0,9,9,11,0,0,0,0,0,10,1,3,2,0,8,2,0,1,11,0,0,0,0,0,0,10,1,11,0,10,1,7,4,5,6,5,6,4,7,2,9,3,8,5,6,5,6,8,3,5,6,2,2,5,3,5,6,11,6,3,7,0,2,1,1,0,1,1,266,150,600,8,0,0,0,0,3,0,10,0,0,3,1,0,7,7,4,5,3,3,3,4,5,2,8,1,0,10,1,1,1,0,0,11,1,11,0,0,4,1,0,1,3,9,2,10,1,6,5,2,9,11,0,6,5,3,8,11,0,10,1,6,10,10,0,1,0,1,0,0,0,0,1,9,2,9,1,10,2,9,0,0,2,0,0,0,6,5,4,2,5,0,5,6,0,2,9,0,8,3,0,11,0,7,4,0,0,1,10,0,2,9,0,0,11,0,0,11,0,1,10,1,1,9,0,2,9
1,KHYBER PAKHTUNKHWA,05,MALAKAND DIVISION,019,SWAT DISTRICT,046,BABUZAI,29,29,0,25,0,4,0,0,0,0,29,79389,28298,48179,2912,29,11,0,0,23,0,18,16,1,6,8,18,20,17,0,0,1,0,0,29,0,0,0,0,19,3,0,7,25,0,4,0,0,6,7,16,0,29,0,28,1,22,7,17,12,9,20,5,24,1,28,1,28,2,27,1,28,20,9,14,15,4,3,14,4,22,7,19,21,12,17,6,10,7,11,0,0,5,113,60,300,17,13,1,0,8,12,3,17,1,0,9,6,6,14,9,9,2,4,5,18,10,5,11,10,8,0,20,0,19,0,7,10,18,15,29,6,17,10,4,4,1,9,28,1,16,13,16,13,10,19,25,4,14,15,14,15,23,6,13,16,0,5,12,0,23,1,17,0,1,0,1,0,3,3,26,6,23,10,19,0,1,2,0,7,2,27,0,18,11,0,0,23,6,0,9,20,0,24,5,0,25,4,4,23,2,1,15,13,1,9,19,0,5,24,1,3,25,2,8,19,0,3,26,0,13,16
1,KHYBER PAKHTUNKHWA,05,MALAKAND DIVISION,019,SWAT DISTRICT,047,BEHRAIN,35,35,0,35,0,0,0,0,0,0,35,658192,16318,641080,794,7,0,0,0,34,0,6,34,0,9,0,31,26,23,2,1,0,0,0,35,0,3,0,9,13,2,0,20,35,0,0,0,0,0,1,34,0,35,0,27,8,19,16,8,27,12,23,2,33,0,35,0,35,0,35,0,35,22,13,8,27,4,6,12,5,2,33,32,10,2,16,0,2,1,9,0,0,0,282,80,980,2,1,0,0,0,1,19,35,0,0,1,4,0,30,7,6,3,1,1,3,3,0,9,18,7,1,27,0,16,2,0,0,5,3,35,0,5,14,4,1,2,4,34,1,8,27,4,31,2,33,34,1,3,32,5,30,34,1,0,35,0,0,0,1,35,0,9,0,0,0,0,0,0,0,35,5,30,8,27,0,0,0,0,0,0,28,7,29,0,6,0,28,7,0,2,33,0,30,5,0,31,4,6,29,0,0,8,27,1,0,34,0,0,35,0,2,33,0,2,33,0,2,33,2,1,32
1,KHYBER PAKHTUNKHWA,05,MALAKAND DIVISION,019,SWAT DISTRICT,048,BARIKOT,13,13,0,13,0,0,0,0,0,0,13,47966,21792,25389,785,12,11,0,1,12,0,12,11,0,10,12,1,3,11,0,0,0,0,0,13,0,3,2,1,11,0,0,2,13,0,0,0,0,8,0,5,0,13,0,13,0,9,4,6,7,6,7,3,10,0,13,0,13,2,11,2,11,6,7,4,9,2,2,8,1,11,2,4,11,7,9,1,2,1,3,0,0,2,110,25,270,9,12,1,0,2,12,2,2,0,0,6,6,8,1,2,3,3,0,4,7,4,0,3,9,1,0,8,0,8,0,3,4,11,2,13,0,11,2,1,0,2,6,13,0,5,8,6,7,3,10,13,0,6,7,7,6,13,0,1,12,0,1,0,0,12,0,11,0,0,0,1,7,2,5,8,4,9,4,9,0,0,3,4,3,0,11,2,11,2,0,0,11,2,0,5,8,1,12,0,0,13,0,0,13,0,0,5,8,0,0,13,0,0,13,0,0,13,0,2,11,0,0,13,0,0,13
1,KHYBER PAKHTUNKHWA,05,MALAKAND DIVISION,019,SWAT DISTRICT,049,CHARBAGH,16,16,0,16,0,0,0,0,0,0,16,34974,16121,18461,392,15,4,0,0,14,0,7,12,5,3,7,2,11,14,1,0,0,0,0,16,0,0,0,0,13,1,0,2,16,0,0,0,0,5,2,9,0,16,0,16,0,11,5,12,4,3,13,2,14,0,16,0,16,2,14,0,16,5,11,3,13,1,0,1,0,16,0,15,16,1,4,0,1,1,1,0,0,0,126,60,200,2,10,0,0,1,12,5,8,0,0,6,7,5,3,4,5,3,1,0,0,1,0,16,0,0,0,5,0,1,0,10,1,16,5,16,0,16,2,0,0,0,3,16,0,1,15,10,6,0,16,16,0,10,6,1,15,16,0,14,2,0,1,13,0,16,7,12,0,0,0,0,0,0,1,15,1,15,5,11,0,0,0,0,10,0,16,0,13,3,0,0,16,0,0,1,15,0,16,0,0,16,0,3,13,0,0,8,8,0,4,12,0,0,16,0,0,16,0,1,15,0,1,15,0,0,16
1,KHYBER PAKHTUNKHWA,05,MALAKAND DIVISION,019,SWAT DISTRICT,050,KABAL,35,35,0,26,9,0,0,0,0,0,26,132696,69275,53847,9574,35,19,0,0,35,1,32,28,16,13,22,8,14,15,1,0,0,1,0,35,0,0,0,0,27,8,0,0,26,9,0,0,0,16,1,18,0,35,0,31,4,27,8,21,14,20,15,11,24,1,34,2,33,1,34,2,33,26,9,11,24,15,6,14,4,23,12,16,34,13,21,0,8,7,7,1,1,2,80,15,200,24,20,0,1,1,29,7,13,0,0,13,19,16,3,7,14,6,0,8,12,13,6,32,3,0,0,12,0,19,0,9,1,22,6,35,0,27,24,0,2,2,21,28,7,3,32,31,4,5,30,35,0,23,12,18,17,32,3,0,35,0,0,0,0,34,9,25,0,1,0,2,0,0,11,24,11,24,13,22,0,0,4,0,9,2,33,0,18,17,0,0,34,1,0,17,18,0,34,1,0,34,1,3,32,0,1,22,12,0,5,30,0,2,33,0,0,35,0,3,32,0,1,34,0,7,28
1,KHYBER PAKHTUNKHWA,05,MALAKAND DIVISION,019,SWAT DISTRICT,051,KHAWAZAKHELA,29,29,0,28,0,1,0,0,0,0,29,64946,26709,37789,448,28,23,0,0,28,1,29,28,8,8,10,20,20,29,0,0,0,0,0,29,0,0,0,2,27,2,0,0,28,0,1,0,0,4,0,25,0,29,0,29,0,20,9,12,17,7,22,5,24,1,28,1,28,0,29,0,29,24,5,10,19,4,6,10,5,15,14,27,28,16,27,0,9,8,5,1,5,6,126,60,400,21,23,0,0,2,21,4,20,0,0,4,24,4,1,5,6,5,1,3,7,5,1,18,9,2,0,28,0,26,0,0,1,22,21,28,1,12,7,0,1,2,8,20,9,9,20,11,18,5,24,21,8,14,15,13,16,21,8,0,29,0,0,0,0,28,2,15,1,0,0,0,0,1,2,27,3,26,5,24,0,0,0,0,0,1,23,5,16,11,2,0,21,8,0,10,19,0,28,1,0,27,2,9,20,0,1,18,10,2,15,12,0,1,28,0,1,28,1,4,24,0,1,28,0,13,16
1,KHYBER PAKHTUNKHWA,05,MALAKAND DIVISION,019,SWAT DISTRICT,052,MATTA,39,39,0,37,2,0,0,0,0,0,37,198819,93431,104670,718,38,30,0,0,37,1,39,37,1,9,9,33,31,38,0,1,0,0,0,39,0,0,0,23,39,0,0,0,37,2,0,0,0,2,0,37,0,39,0,38,1,31,8,23,16,20,19,10,29,1,38,1,38,5,34,1,38,31,8,24,15,7,3,15,1,7,32,39,38,8,23,0,4,4,4,3,0,1,95,30,180,35,34,0,0,1,33,4,29,0,0,4,34,2,1,13,10,10,1,2,17,13,8,31,7,1,0,9,0,5,0,28,0,33,16,39,0,17,15,0,0,3,26,37,2,19,20,12,27,4,35,39,0,20,19,4,35,38,1,0,39,0,0,0,1,38,5,14,0,1,0,2,28,0,4,35,17,22,9,30,0,0,2,0,28,0,39,0,26,13,0,0,32,7,0,2,37,0,39,0,0,39,0,12,27,0,0,38,1,0,4,35,0,0,39,0,0,39,0,1,38,0,0,39,0,4,35
1,KHYBER PAKHTUNKHWA,05,MALAKAND DIVISION,019,SWAT DISTRICT,656,SWAT,16,16,0,0,16,0,0,0,0,0,0,53633,10913,39673,3047,16,7,1,0,14,1,14,15,2,9,7,11,12,14,1,0,0,0,0,16,0,0,3,2,12,1,0,3,0,16,0,0,0,5,2,9,0,16,0,16,0,10,6,10,6,4,12,4,12,2,14,2,14,2,14,2,14,11,5,7,9,1,3,7,1,9,7,14,13,7,14,0,7,5,5,3,4,4,107,40,300,11,9,0,0,2,8,4,11,0,0,9,3,5,3,7,7,4,4,3,6,5,4,9,6,1,0,15,1,7,0,1,3,15,7,16,1,7,4,4,4,4,11,15,1,9,7,9,7,7,9,16,0,9,7,9,7,16,0,0,16,0,0,0,0,15,0,12,0,0,0,0,0,1,4,12,4,12,4,12,0,0,3,1,1,1,15,0,12,4,0,0,14,2,0,7,9,1,14,1,0,16,0,1,15,0,1,7,8,0,2,14,0,2,14,0,2,14,0,3,13,0,2,14,0,1,15
1,KHYBER PAKHTUNKHWA,05,MALAKAND DIVISION,020,UPPER DIR DISTRICT,053,DIR SUB-DIVISION,260,260,1,257,0,0,3,2,1,0,259,306397,92105,191997,22295,218,30,0,0,245,7,68,122,30,6,0,185,65,185,23,0,0,0,0,258,2,0,0,0,74,21,2,163,257,0,0,3,0,5,66,188,1,207,53,121,139,52,208,37,223,38,222,23,237,3,257,1,259,3,257,5,255,165,95,144,116,15,17,27,18,41,219,206,101,4,80,31,34,22,19,3,17,17,145,15,700,69,13,1,0,1,41,25,234,2,0,25,3,5,231,20,22,22,15,13,15,22,23,117,52,28,63,160,5,71,1,66,1,51,17,256,11,17,41,10,2,5,26,209,51,29,231,31,229,28,232,243,17,34,226,18,242,224,36,169,91,31,6,153,0,88,2,14,1,2,0,6,13,155,7,253,20,240,23,237,0,1,118,30,66,1,180,79,99,141,20,0,184,76,0,28,232,0,205,55,9,230,21,131,126,3,0,73,187,11,57,192,0,8,252,0,7,253,0,11,249,0,2,258,3,16,241
1,KHYBER PAKHTUNKHWA,05,MALAKAND DIVISION,020,UPPER DIR DISTRICT,054,SHARINGAL SUB-DIVISION,175,175,0,168,2,4,1,1,0,0,173,567207,103028,444948,19231,90,0,0,1,164,1,24,72,6,33,1,121,58,43,5,2,0,0,0,165,10,0,2,9,11,13,6,145,168,2,4,1,0,0,135,40,0,122,53,45,130,27,148,8,167,14,161,4,171,0,175,0,175,0,175,3,172,60,115,50,125,4,8,13,12,16,159,154,34,0,27,14,11,10,7,1,14,6,159,10,1000,31,4,0,0,0,0,39,167,0,1,1,3,0,171,5,13,6,6,4,2,10,9,42,13,6,114,59,1,107,20,7,1,5,0,173,2,4,26,5,2,2,12,123,52,6,169,16,159,7,168,169,6,11,164,3,172,142,33,158,17,17,67,154,2,17,2,6,0,0,0,4,23,131,1,174,4,171,10,165,0,0,0,9,7,1,130,44,93,79,3,0,148,27,0,18,157,2,146,27,3,138,34,63,109,3,0,30,145,10,56,109,0,2,173,0,8,167,0,4,171,0,1,174,4,34,137
1,KHYBER PAKHTUNKHWA,05,MALAKAND DIVISION,020,UPPER DIR DISTRICT,055,WARI SUB-DIVISION,222,222,2,219,1,0,0,0,0,2,219,115817,31483,60143,24191,217,0,3,4,192,8,15,30,3,4,3,145,85,159,1,14,0,0,0,216,4,13,3,0,36,8,0,176,219,1,0,0,2,6,101,112,1,170,50,97,123,50,170,28,192,26,194,16,204,1,219,6,214,3,217,14,206,45,175,40,180,6,8,14,5,53,167,195,103,2,18,19,5,5,5,5,14,7,274,0,700,40,13,0,0,2,52,1,193,9,0,4,8,6,206,19,21,16,11,4,6,19,14,150,65,4,1,162,0,15,1,56,2,97,1,208,1,111,13,2,7,4,9,211,9,9,211,34,186,10,210,218,2,37,183,15,205,206,14,170,50,148,8,104,14,24,1,13,0,5,1,5,29,157,5,215,5,215,12,208,0,0,0,9,56,3,193,24,84,121,15,1,164,55,0,24,196,0,166,54,1,134,85,119,98,3,0,70,150,6,26,188,0,8,212,0,9,211,0,10,210,0,0,220,2,6,212
1,KHYBER PAKHTUNKHWA,06,MARDAN DIVISION,021,MARDAN DISTRICT,056,KATLANG,29,29,0,27,1,1,0,0,0,0,28,184087,111512,69910,2665,28,1,0,22,27,0,14,18,24,1,8,1,0,15,0,0,0,0,0,29,0,49,17,12,22,5,0,2,27,1,1,0,0,8,3,18,0,27,2,27,2,22,7,23,6,16,13,13,16,3,26,2,27,1,28,0,29,14,15,16,13,7,2,10,3,8,21,24,27,0,9,1,10,7,10,5,3,1,127,30,300,4,26,2,0,0,25,0,2,0,0,7,21,8,1,8,11,5,4,8,5,8,15,13,15,1,0,21,0,17,1,1,8,8,5,28,1,12,15,0,0,3,19,25,4,6,23,29,0,4,25,11,18,28,1,2,27,12,17,1,28,0,0,0,0,27,2,26,0,0,0,1,0,1,7,22,13,16,8,21,0,4,6,0,1,2,26,1,16,13,0,0,26,3,0,5,24,2,23,4,0,28,1,7,22,0,0,22,7,0,1,28,0,0,29,0,0,29,0,3,26,0,0,29,0,1,28
1,KHYBER PAKHTUNKHWA,06,MARDAN DIVISION,021,MARDAN DISTRICT,057,MARDAN,51,51,0,37,4,10,0,0,0,0,47,81655,53376,17257,11022,46,23,0,44,43,1,21,40,47,3,23,12,3,17,5,0,2,0,0,49,2,106,98,14,49,0,0,2,37,4,10,0,0,18,1,32,0,51,0,49,2,42,9,39,12,33,18,26,25,11,40,11,40,8,43,8,43,38,13,36,15,13,4,26,1,19,32,27,49,10,22,0,23,24,26,10,15,7,78,20,160,20,51,2,0,8,7,1,0,0,0,29,15,18,7,22,24,26,10,22,16,19,29,38,12,0,1,36,1,28,1,7,23,18,9,41,2,21,25,6,8,14,27,44,7,15,36,49,2,15,36,26,25,49,2,14,37,28,23,3,48,0,3,3,0,47,2,41,10,4,17,9,3,4,12,39,24,27,21,30,0,1,10,3,7,4,44,3,30,17,4,1,41,9,0,17,34,4,41,6,0,43,8,6,43,2,0,30,21,0,4,47,0,2,49,0,2,49,0,4,47,0,0,51,0,4,47
1,KHYBER PAKHTUNKHWA,06,MARDAN DIVISION,021,MARDAN DISTRICT,058,TAKHT BHAI,38,38,0,32,2,4,0,0,0,0,36,83423,64108,12089,7226,36,0,0,34,35,0,14,36,37,0,10,1,1,10,0,1,0,0,0,38,0,94,32,2,35,2,0,1,32,2,4,0,0,10,1,26,1,37,1,36,2,30,8,28,10,21,17,18,20,3,35,2,36,1,37,0,38,34,4,32,6,4,2,28,0,7,31,31,37,4,26,0,14,9,13,3,4,4,63,8,100,1,37,0,0,5,13,0,0,0,0,13,18,10,7,13,14,8,4,11,14,11,18,26,11,1,0,19,0,16,0,14,16,11,5,34,5,14,24,1,0,6,23,32,6,13,25,36,2,10,28,19,19,35,3,6,32,22,16,2,36,0,0,0,1,34,1,34,0,3,0,0,0,6,6,32,24,14,16,22,0,1,7,4,14,0,35,3,34,3,1,0,32,6,0,16,22,1,34,3,0,35,3,2,36,0,1,25,12,2,4,32,0,4,34,1,3,34,1,8,29,0,0,38,0,11,27
1,KHYBER PAKHTUNKHWA,06,MARDAN DIVISION,021,MARDAN DISTRICT,623,RUSTAM SUDHAM,36,36,1,35,0,0,0,0,0,1,35,94732,41170,52229,1333,36,1,0,17,35,1,19,12,14,0,28,1,0,24,2,0,0,0,0,35,1,48,18,2,30,2,0,4,35,0,0,0,1,10,4,22,0,31,5,29,7,22,14,18,18,11,25,9,27,1,35,1,35,0,36,0,36,17,19,17,19,3,2,3,2,3,33,18,31,3,8,2,3,4,4,2,4,2,117,30,300,1,31,2,0,5,18,0,5,1,1,12,16,10,7,4,6,5,4,5,3,6,6,23,6,4,2,25,0,4,0,11,0,14,2,36,0,13,6,1,0,3,10,24,12,6,30,24,12,4,32,14,22,22,14,3,33,15,21,12,24,2,0,12,0,33,1,32,1,0,0,0,1,16,3,33,5,31,6,30,0,0,9,0,11,0,29,7,24,12,0,0,28,8,0,8,28,0,31,5,0,32,4,10,26,0,0,21,15,0,3,33,0,1,35,0,3,33,0,4,32,0,0,36,3,6,27
1,KHYBER PAKHTUNKHWA,06,MARDAN DIVISION,021,MARDAN DISTRICT,635,GARHI KAPURA,18,18,0,17,0,1,0,0,0,0,18,59788,38983,13570,7235,17,14,0,15,16,0,3,11,18,0,9,2,0,11,1,1,0,0,0,18,0,37,6,4,17,1,0,0,17,0,1,0,0,12,0,6,0,17,1,18,0,17,1,17,1,13,5,12,6,4,14,1,17,2,16,0,18,14,4,10,8,3,1,4,1,6,12,10,17,4,3,0,11,13,11,5,3,3,79,40,120,7,18,0,0,2,2,0,0,0,0,10,8,12,0,6,9,6,0,3,8,5,5,13,5,0,0,13,2,5,0,5,9,5,3,15,1,6,9,1,2,6,16,14,4,4,14,18,0,7,11,13,5,17,1,6,12,12,6,1,17,0,0,0,1,18,0,14,2,1,2,1,0,0,5,13,11,7,9,9,1,5,2,0,5,1,16,1,13,5,0,0,16,2,0,7,11,1,16,1,0,17,1,3,14,1,0,14,4,0,0,18,0,0,18,0,0,18,0,1,17,0,0,18,0,0,18
1,KHYBER PAKHTUNKHWA,06,MARDAN DIVISION,022,SWABI DISTRICT,059,LAHORE (CHOUTA),34,34,0,31,2,1,0,0,0,0,32,125312,85338,28573,11401,34,5,0,17,33,2,8,14,29,1,23,1,0,21,0,0,0,0,0,34,0,97,9,3,32,0,0,2,31,2,1,0,0,19,0,15,0,33,1,33,1,33,1,31,3,25,9,20,14,5,29,4,30,1,33,3,31,31,3,31,3,12,5,18,5,15,19,24,32,3,18,2,19,13,18,4,6,5,57,15,150,7,32,2,0,3,18,0,0,0,0,25,2,19,7,19,19,13,5,8,13,14,13,25,9,0,0,26,0,8,0,7,7,19,1,28,0,13,26,3,2,7,19,29,5,18,16,18,16,17,17,28,6,18,16,14,20,28,6,6,28,0,3,2,0,9,0,8,0,0,0,0,0,19,8,26,13,21,10,24,0,0,0,0,7,0,34,0,18,16,0,0,26,8,0,13,21,1,29,4,0,31,3,1,32,1,2,17,15,0,2,32,0,2,32,0,3,31,1,4,29,1,2,31,1,7,26
1,KHYBER PAKHTUNKHWA,06,MARDAN DIVISION,022,SWABI DISTRICT,060,RAZAR,35,35,0,34,0,1,0,0,0,0,35,84886,53074,27119,4693,33,9,1,22,29,0,4,23,20,0,28,0,0,25,0,0,0,0,0,35,0,30,13,2,29,3,1,2,34,0,1,0,0,14,0,21,0,35,0,35,0,26,9,19,16,20,15,12,23,1,34,2,33,2,33,3,32,26,9,26,9,3,3,14,2,14,21,18,27,0,8,4,19,15,13,5,12,7,104,20,400,1,32,0,0,10,18,0,2,0,0,24,8,14,3,15,13,13,10,10,16,13,20,19,13,3,0,13,0,7,0,22,1,9,0,34,0,7,13,0,0,4,22,31,4,6,29,13,22,13,22,34,1,13,22,9,26,34,1,3,32,0,1,0,0,24,0,11,0,0,1,4,0,9,5,30,9,26,10,25,0,0,3,2,22,2,27,6,19,16,0,0,27,8,0,16,19,0,32,3,0,31,4,9,26,0,1,15,19,1,3,31,0,1,34,0,3,32,0,4,31,0,3,32,1,6,28
1,KHYBER PAKHTUNKHWA,06,MARDAN DIVISION,022,SWABI DISTRICT,061,SWABI,27,27,0,22,3,2,0,0,0,0,24,84512,61557,18115,4840,27,6,0,22,25,0,10,24,21,2,23,2,0,18,0,1,0,0,0,27,0,68,46,35,27,0,0,0,22,3,2,0,0,20,0,7,0,27,0,26,1,24,3,21,6,24,3,20,7,7,20,6,21,6,21,3,24,24,3,20,7,10,1,12,0,14,13,23,26,6,18,0,15,15,15,9,14,14,62,15,180,9,27,0,0,1,12,1,2,0,0,11,15,20,1,9,10,8,4,8,9,13,8,22,5,0,0,22,0,5,1,5,8,9,2,23,0,13,15,2,2,6,21,26,1,12,15,14,13,12,15,27,0,19,8,10,17,27,0,0,27,0,0,0,1,9,1,9,1,2,1,2,1,13,10,17,20,7,9,18,0,0,1,1,5,0,24,3,17,10,0,1,23,3,0,15,12,0,25,2,0,24,3,1,26,0,0,18,9,0,2,25,0,1,26,0,1,26,0,5,22,0,2,25,0,8,19
1,KHYBER PAKHTUNKHWA,06,MARDAN DIVISION,022,SWABI DISTRICT,062,TOPI,61,61,0,60,0,1,0,0,0,0,61,102824,38572,59986,4266,61,2,0,7,58,0,4,5,10,0,9,6,17,42,0,1,0,0,0,60,1,74,6,2,42,1,0,18,60,0,1,0,0,21,7,33,0,57,4,56,5,42,19,33,28,29,32,18,43,5,56,3,58,1,60,3,58,49,12,41,20,20,1,30,1,15,46,32,43,0,9,13,13,10,10,3,6,3,141,10,445,22,17,0,0,2,26,3,29,5,1,29,11,21,21,21,22,9,2,16,26,18,16,27,29,1,4,37,0,1,3,23,3,17,0,61,0,12,36,2,2,3,14,42,19,5,56,20,41,18,43,36,25,13,48,6,55,33,28,3,58,2,0,0,1,6,0,7,0,2,0,0,0,50,7,54,18,43,7,54,1,0,0,0,23,3,50,8,40,20,1,0,36,25,0,26,35,0,52,9,2,49,10,11,50,0,2,19,40,1,25,35,0,0,61,0,1,60,0,5,56,0,0,61,0,22,39
1,KHYBER PAKHTUNKHWA,07,PESHAWAR DIVISION,023,CHARSADDA DISTRICT,063,CHARSADDA,103,103,0,99,0,4,0,0,0,0,103,111702,77654,22816,11232,103,9,0,95,78,1,33,75,73,19,32,15,5,8,7,1,0,0,0,103,0,240,42,14,85,9,0,9,99,0,4,0,0,18,2,83,0,92,11,89,14,57,46,49,54,34,69,27,76,5,98,8,95,3,100,4,99,72,31,68,35,16,4,33,5,29,74,70,99,7,39,0,24,20,20,10,6,7,42,10,160,12,94,2,0,18,35,11,1,0,0,40,31,18,32,35,34,27,10,16,23,16,51,79,20,4,0,94,2,22,0,8,45,38,14,86,4,28,31,6,3,9,36,61,42,22,81,33,70,24,79,98,5,48,55,18,85,101,2,7,96,2,1,2,1,76,1,13,0,0,1,2,17,20,7,96,25,78,18,85,0,1,7,2,8,8,90,5,77,26,0,0,88,15,0,25,78,0,97,6,0,73,30,11,91,1,6,51,46,1,9,93,0,3,100,1,5,97,0,10,93,0,1,102,1,22,80
1,KHYBER PAKHTUNKHWA,07,PESHAWAR DIVISION,023,CHARSADDA DISTRICT,064,SHABQADAR,48,48,0,43,5,0,0,0,0,0,43,46715,28002,13906,4807,47,1,0,40,24,0,4,18,45,8,13,7,0,2,1,0,0,0,0,47,1,115,8,1,45,2,0,1,43,5,0,0,0,27,0,21,0,47,1,45,3,25,23,25,23,20,28,20,28,3,45,4,44,2,46,4,44,41,7,37,11,4,11,24,7,10,38,43,44,2,30,4,20,19,15,1,1,3,30,14,100,10,48,2,0,4,9,0,0,0,0,18,27,27,3,9,13,9,6,8,14,9,12,28,14,6,0,39,0,18,0,7,18,17,10,48,3,21,14,2,1,4,23,40,8,16,32,17,31,15,33,46,2,26,22,18,30,47,1,3,45,0,2,0,0,45,0,29,0,0,0,10,16,2,4,44,14,34,12,36,1,1,1,2,7,0,46,2,35,8,5,0,37,11,0,6,42,0,42,6,0,40,8,9,37,2,0,30,18,0,0,48,0,0,48,0,0,48,0,0,48,0,0,48,0,2,46
1,KHYBER PAKHTUNKHWA,07,PESHAWAR DIVISION,023,CHARSADDA DISTRICT,065,TANGI,54,54,0,49,0,5,0,0,0,0,54,87631,65530,12509,9592,53,1,0,46,35,0,26,23,47,1,18,6,1,10,3,0,0,0,0,54,0,108,25,6,49,1,0,4,49,0,5,0,0,11,3,40,0,46,8,45,9,28,26,20,34,19,35,14,40,2,52,2,52,0,54,1,53,47,7,41,13,7,4,25,5,17,37,51,53,2,27,0,18,19,19,7,4,3,59,20,150,12,52,0,0,5,25,2,0,0,0,25,7,11,22,17,25,7,3,4,15,9,19,42,12,0,0,53,0,12,0,1,23,38,13,51,0,38,27,3,3,10,34,45,9,15,39,19,35,14,40,50,4,15,39,7,47,51,3,8,46,0,1,0,0,46,0,1,0,0,0,1,17,23,5,49,13,41,14,40,0,0,1,0,1,1,51,2,43,10,1,1,40,13,0,9,45,1,49,4,0,52,2,4,50,0,0,40,14,3,4,47,0,3,51,0,5,49,0,6,48,0,1,53,0,13,41
1,KHYBER PAKHTUNKHWA,07,PESHAWAR DIVISION,024,NOWSHERA DISTRICT,066,NOWSHERA TEHSIL,60,60,8,43,3,5,1,1,0,8,49,217472,56707,142940,17825,39,3,0,14,26,0,8,11,18,3,28,2,0,23,3,0,0,0,0,50,2,60,67,4,46,3,2,1,43,3,5,1,8,11,2,39,0,50,2,48,4,41,11,36,16,29,23,24,28,6,46,5,47,4,48,7,45,34,18,31,21,10,2,20,1,14,38,23,45,8,20,2,17,17,21,5,10,12,130,25,500,21,37,6,1,3,19,3,1,0,0,25,16,11,11,21,19,19,11,15,15,18,15,39,12,0,1,44,0,17,0,6,29,14,6,35,1,10,20,6,18,8,24,43,9,17,35,19,33,22,30,42,10,20,32,17,35,40,12,5,47,1,1,3,0,22,0,10,1,2,0,0,0,22,6,46,16,36,16,36,1,0,1,5,6,2,46,4,16,27,9,1,40,11,0,15,37,1,48,3,0,43,9,22,27,3,2,25,25,1,5,46,0,1,51,0,4,48,0,4,48,0,3,49,2,10,40
1,KHYBER PAKHTUNKHWA,07,PESHAWAR DIVISION,024,NOWSHERA DISTRICT,067,PABBI,54,54,3,43,3,3,1,1,0,4,47,162196,67125,89444,5627,54,1,1,29,43,1,28,40,41,5,18,2,2,13,7,1,1,1,0,49,2,57,30,12,47,3,0,1,43,3,3,1,4,35,0,16,0,46,5,45,6,29,22,27,24,25,26,24,27,4,47,2,49,2,49,2,49,31,20,31,20,7,8,12,7,8,43,37,49,19,40,1,8,4,7,4,2,3,79,1,300,10,46,12,1,3,3,1,6,0,0,31,18,35,1,12,16,12,1,5,7,6,19,46,4,0,1,22,2,38,2,4,39,12,6,35,1,10,14,3,1,2,16,47,4,7,44,37,14,20,31,47,4,36,15,16,35,48,3,11,40,0,8,3,1,34,15,23,1,1,1,6,11,14,8,43,9,42,9,42,0,2,2,0,4,1,49,1,24,24,3,0,37,14,0,12,39,0,43,8,1,34,16,20,30,1,3,36,12,0,1,50,0,0,51,0,0,51,0,1,50,0,1,50,1,14,36
1,KHYBER PAKHTUNKHWA,07,PESHAWAR DIVISION,024,NOWSHERA DISTRICT,546,JEHANGIRA,45,45,2,41,2,0,0,0,0,2,41,319452,132697,180680,6075,43,0,0,1,22,0,11,16,6,3,25,4,6,30,8,1,0,0,0,44,0,53,6,1,27,2,9,5,41,2,0,0,2,7,4,31,2,42,1,40,3,27,16,22,21,20,23,14,29,5,38,5,38,4,40,4,39,30,14,26,18,6,2,8,2,9,35,23,42,9,18,0,8,9,7,1,5,5,138,50,300,16,30,0,0,0,30,0,3,1,0,17,14,7,13,13,15,13,5,13,9,16,19,24,18,1,0,28,1,11,0,13,18,10,1,40,0,13,11,1,26,6,18,36,7,14,29,10,33,10,33,34,9,10,33,12,31,35,8,2,41,0,1,1,1,32,3,11,0,1,0,0,1,2,6,37,7,36,8,35,2,5,0,0,13,1,42,0,16,23,4,1,31,11,0,15,28,0,38,5,0,41,2,20,23,0,0,23,20,2,3,38,0,1,42,0,3,40,0,3,40,0,1,42,0,10,33
1,KHYBER PAKHTUNKHWA,07,PESHAWAR DIVISION,025,PESHAWAR DISTRICT,608,HASSAN KHEL SUB-DIVISION,39,39,0,39,0,0,0,0,0,0,39,58660,11003,40108,7549,39,0,0,0,16,0,0,0,0,0,7,1,2,38,0,1,0,0,0,37,2,5,0,0,25,0,0,14,39,0,0,0,0,1,9,29,0,37,2,33,6,27,12,22,17,18,21,7,32,0,39,0,39,0,39,0,39,24,15,14,25,23,1,13,0,14,25,39,16,1,0,0,5,2,1,0,2,10,223,40,600,8,29,0,0,6,14,0,9,2,0,16,1,1,22,2,15,14,4,1,1,19,3,24,9,6,0,39,0,0,0,0,0,1,0,39,0,15,6,0,0,0,9,30,9,0,39,10,29,3,36,39,0,16,23,10,29,39,0,24,15,14,0,0,1,0,0,1,0,0,0,0,0,38,1,38,1,38,6,33,0,0,0,0,0,3,20,16,9,15,15,0,20,19,0,0,39,0,31,8,0,36,3,11,26,2,0,6,33,1,2,36,0,0,39,0,0,39,0,4,35,0,1,38,4,2,33
1,KHYBER PAKHTUNKHWA,07,PESHAWAR DIVISION,025,PESHAWAR DISTRICT,639,MATTANI,30,30,0,27,0,3,0,0,0,0,30,110066,46119,45612,18335,30,1,1,3,25,1,2,18,22,1,13,6,0,14,3,0,0,0,0,30,0,0,46,0,25,1,0,4,27,0,3,0,0,4,4,22,0,29,1,29,1,21,9,20,10,16,14,4,26,2,28,2,28,2,28,3,27,23,7,23,7,2,1,14,0,15,15,25,24,7,14,0,17,18,16,2,6,9,182,50,350,24,17,0,0,0,14,1,0,0,0,9,8,4,12,8,9,8,4,8,15,10,13,14,8,8,0,27,0,14,1,1,15,9,4,29,1,19,12,7,3,4,13,20,10,8,22,17,13,18,12,29,1,16,14,12,18,28,2,2,28,0,1,0,0,14,0,3,0,0,0,0,0,15,7,23,8,22,20,10,0,0,0,0,1,0,30,0,19,11,0,0,22,8,0,9,21,1,26,3,0,22,8,5,25,0,0,14,16,0,1,29,0,0,30,0,1,29,1,0,29,0,0,30,0,10,20
1,KHYBER PAKHTUNKHWA,07,PESHAWAR DIVISION,025,PESHAWAR DISTRICT,640,PESHAWAR CANTT,33,33,0,32,1,0,0,0,0,0,32,92330,65974,19022,7334,32,1,0,9,26,0,12,16,22,0,15,6,0,15,1,1,0,0,1,32,1,52,53,1,32,0,1,0,32,1,0,0,0,4,3,26,0,33,0,28,5,25,8,18,15,17,16,15,18,2,31,2,31,2,31,3,30,27,6,21,12,8,3,15,0,11,22,29,32,5,24,0,15,13,13,9,5,6,111,20,340,17,26,0,0,3,14,2,2,0,0,25,3,4,5,15,16,11,5,4,8,14,16,21,9,3,0,31,1,15,0,2,21,12,2,21,0,15,19,6,4,9,23,29,4,12,21,19,14,25,8,32,1,20,13,13,20,33,0,3,30,0,2,1,1,21,0,5,0,0,0,1,3,9,6,27,14,19,12,21,0,3,1,1,2,3,26,4,17,15,1,0,27,6,0,17,16,0,30,3,0,27,6,10,22,1,0,15,18,0,3,30,0,2,31,0,5,28,0,3,30,0,2,31,1,5,27
1,KHYBER PAKHTUNKHWA,07,PESHAWAR DIVISION,025,PESHAWAR DISTRICT,641,PESHAWAR CITY,50,50,0,6,33,11,0,0,0,0,17,91657,37619,8850,45188,40,1,1,5,30,0,2,25,39,0,18,13,0,1,3,3,0,0,0,49,1,37,105,14,46,4,0,0,6,33,11,0,0,25,0,25,0,47,3,48,2,44,6,40,10,31,19,28,22,16,34,20,30,7,43,11,39,44,6,43,7,14,5,30,1,18,32,41,45,37,44,0,20,19,23,7,8,7,98,12,300,43,39,4,0,4,10,1,1,0,1,29,19,25,1,28,30,13,35,24,42,34,28,41,7,2,0,47,6,37,1,1,48,22,12,24,10,4,39,12,12,12,29,50,0,42,8,45,5,48,2,49,1,46,4,45,5,50,0,5,45,0,1,1,3,34,7,23,3,1,0,8,4,3,26,24,27,23,30,20,1,5,11,6,1,7,40,3,11,29,10,1,46,3,0,27,23,3,46,1,0,46,4,25,24,1,3,36,11,1,5,44,0,9,41,0,13,37,1,22,27,0,6,44,1,34,15
1,KHYBER PAKHTUNKHWA,07,PESHAWAR DIVISION,025,PESHAWAR DISTRICT,642,SHAH ALAM,166,166,0,161,1,4,0,0,0,0,165,114026,77748,24038,12240,164,7,1,131,127,1,18,57,115,42,12,57,0,6,0,0,0,0,0,154,12,433,277,21,141,13,1,11,161,1,4,0,0,18,5,141,2,149,17,135,31,89,77,75,91,43,123,40,126,4,162,9,157,3,163,3,163,120,46,118,48,12,19,52,14,54,112,130,159,21,92,1,43,24,24,12,2,12,28,5,100,23,130,4,0,7,94,8,1,0,0,108,34,18,23,30,35,22,8,14,65,32,36,132,27,7,0,110,4,61,3,32,116,58,17,104,2,70,64,8,2,15,46,113,53,43,123,69,97,72,94,157,9,73,93,35,131,158,8,19,147,4,14,3,0,82,0,6,0,0,0,0,25,71,4,162,29,137,34,132,4,2,12,5,32,10,143,13,99,62,5,6,124,36,0,51,115,2,141,23,0,124,42,21,142,3,6,82,78,1,49,116,0,2,164,1,11,154,0,6,160,0,2,164,3,44,119
1,KHYBER PAKHTUNKHWA,05,MALAKAND DIVISION,115,BAJAUR DISTRICT,448,BAR CHAMER KAND TEHSIL,7,7,0,7,0,0,0,0,0,0,7,707,379,288,40,7,0,0,0,7,0,0,5,0,0,0,0,5,7,0,0,0,0,0,7,0,0,0,0,3,0,0,4,7,0,0,0,0,0,6,1,0,3,4,1,6,0,7,0,7,0,7,0,7,0,7,0,7,0,7,0,7,0,7,0,7,0,0,0,0,0,7,7,0,0,0,0,0,0,0,0,0,0,207,130,315,0,0,0,0,0,2,0,7,0,0,0,0,0,7,0,1,0,1,0,0,0,0,5,0,2,0,0,0,0,0,7,0,0,0,7,0,7,0,0,0,0,0,0,7,0,7,0,7,0,7,0,7,0,7,0,7,0,7,0,7,0,0,0,0,0,0,0,0,0,0,0,2,5,0,7,0,7,0,7,0,0,0,0,7,1,5,1,2,4,1,0,0,7,0,0,7,0,0,7,0,4,3,1,5,1,0,0,7,0,0,7,0,0,7,0,0,7,0,0,7,0,0,7,0,0,7
1,KHYBER PAKHTUNKHWA,05,MALAKAND DIVISION,115,BAJAUR DISTRICT,449,BARANG TEHSIL,54,54,0,54,0,0,0,0,0,0,54,70381,26428,39884,4069,53,0,0,1,29,0,0,4,0,0,3,4,4,54,0,0,0,0,0,54,0,0,0,0,20,0,0,34,54,0,0,0,0,0,54,0,0,34,20,7,47,15,39,2,52,4,50,2,52,0,54,0,54,0,54,0,54,19,35,13,41,4,0,3,1,0,54,49,0,0,0,5,0,0,0,0,0,0,252,100,600,0,1,0,0,0,28,0,41,0,0,0,0,0,54,2,0,1,0,1,2,2,2,9,8,21,16,24,0,0,3,27,0,0,0,54,0,26,4,0,0,0,4,45,9,2,52,0,54,0,54,52,2,0,54,0,54,51,3,9,45,9,0,0,0,9,0,0,0,0,0,0,9,36,0,54,1,53,5,49,0,0,0,0,27,0,21,33,16,27,11,0,20,34,0,0,54,0,19,35,0,9,45,38,16,0,0,0,54,3,0,51,0,0,54,0,0,54,0,0,54,0,0,54,0,2,52
1,KHYBER PAKHTUNKHWA,05,MALAKAND DIVISION,115,BAJAUR DISTRICT,450,KHAR BAJAUR TEHSIL,86,86,0,82,2,2,0,0,0,0,84,40361,30181,4124,6056,85,12,0,5,73,0,14,31,1,1,29,10,0,76,0,0,0,0,0,86,0,3,0,0,57,1,0,28,82,2,2,0,0,1,38,47,0,51,35,38,48,18,68,13,73,13,73,10,76,5,81,2,84,2,84,1,85,52,34,46,40,7,17,28,17,10,76,82,42,1,24,1,11,8,9,3,7,8,178,20,480,12,44,0,0,5,55,0,6,0,0,10,9,1,67,6,8,8,3,4,14,7,12,65,11,10,0,58,0,0,0,28,0,22,0,81,0,78,22,1,4,6,16,66,20,5,81,16,70,14,72,84,2,13,73,11,75,84,2,43,43,25,0,10,0,69,0,0,0,2,3,1,1,10,6,80,8,78,27,59,0,0,0,0,28,0,58,28,60,18,8,0,65,21,0,4,82,1,67,18,0,50,36,16,67,3,0,4,82,3,6,77,0,0,86,0,0,86,0,1,85,0,0,86,0,0,86
1,KHYBER PAKHTUNKHWA,05,MALAKAND DIVISION,115,BAJAUR DISTRICT,451,MAMUND TEHSIL,117,117,0,117,0,0,0,0,0,0,117,51995,38027,6263,7705,117,0,0,2,111,1,2,14,0,0,21,0,25,108,1,0,0,0,0,117,0,7,3,3,65,6,0,46,117,0,0,0,0,1,89,27,0,49,68,24,93,13,104,10,107,5,112,0,117,1,116,0,117,0,117,0,117,63,54,45,72,5,18,35,18,21,96,111,48,0,2,6,10,1,2,0,1,0,140,20,300,16,47,0,0,0,103,0,29,0,0,8,11,1,98,6,6,9,4,2,10,4,2,74,20,20,3,96,0,3,0,20,0,4,1,108,0,107,21,2,2,0,6,85,32,0,117,1,116,3,114,113,4,6,111,1,116,100,17,39,78,27,7,13,0,78,0,0,0,0,0,8,0,37,4,113,3,114,11,106,0,0,0,0,20,0,80,37,101,3,13,0,92,25,0,1,116,0,96,21,0,67,50,13,101,3,0,1,116,6,11,100,0,0,117,0,0,117,0,2,115,0,0,117,1,5,111
1,KHYBER PAKHTUNKHWA,05,MALAKAND DIVISION,115,BAJAUR DISTRICT,452,NAWAGAI TEHSIL,49,49,0,48,0,1,0,0,0,0,49,20713,9186,8889,2638,47,0,0,0,42,1,1,8,0,0,2,1,6,45,4,1,0,0,0,49,0,3,0,0,23,2,0,24,48,0,1,0,0,1,38,10,0,33,16,16,33,3,46,3,46,2,47,1,48,0,49,0,49,0,49,0,49,11,38,2,47,3,5,2,6,0,49,49,14,0,11,0,1,1,1,0,0,0,159,50,360,7,7,0,1,0,39,0,17,1,0,4,3,1,42,1,2,0,1,0,2,1,2,24,8,1,16,30,1,0,0,18,0,8,0,48,0,39,1,0,0,1,3,34,15,7,42,4,45,1,48,31,18,1,48,0,49,25,24,32,17,25,1,16,1,10,0,0,0,0,0,2,0,37,0,49,1,48,4,45,0,0,4,2,18,1,24,24,22,23,4,0,31,18,0,1,48,0,36,13,0,17,32,19,25,5,0,0,49,1,0,48,0,1,48,0,0,49,0,1,48,0,0,49,0,2,47
1,KHYBER PAKHTUNKHWA,05,MALAKAND DIVISION,115,BAJAUR DISTRICT,453,SALARZAI TEHSIL,224,224,0,224,0,0,0,0,0,0,224,124183,75071,36438,12674,223,46,1,0,189,2,6,17,5,4,34,36,33,200,1,1,0,0,0,219,5,60,45,44,65,4,1,154,224,0,0,0,0,2,138,83,1,86,138,35,189,20,204,7,217,8,216,2,222,0,224,2,222,6,218,2,222,86,138,40,184,7,15,35,16,22,202,217,46,0,16,6,6,1,10,7,3,3,143,15,800,20,77,0,1,0,157,3,54,2,3,7,21,2,195,14,8,9,7,2,7,3,22,86,25,50,63,174,0,0,2,49,2,18,3,214,1,192,18,0,1,3,9,131,93,21,203,186,38,2,222,5,219,193,31,5,219,6,218,130,94,75,11,98,1,27,0,1,0,5,1,0,23,167,1,223,0,224,11,213,1,0,1,0,49,1,117,106,150,68,6,0,144,80,0,9,215,0,163,61,1,153,70,54,163,7,0,13,211,11,46,167,0,3,221,0,0,224,0,8,216,0,1,223,1,7,216
1,KHYBER PAKHTUNKHWA,05,MALAKAND DIVISION,115,BAJAUR DISTRICT,454,UTMAN KHEL TEHSIL,60,60,0,60,0,0,0,0,0,0,60,159102,102161,25167,31774,60,5,1,0,57,0,0,9,0,1,5,4,1,60,0,0,0,0,0,60,0,0,0,0,11,3,0,46,60,0,0,0,0,0,18,42,0,26,34,17,43,7,53,4,56,3,57,2,58,0,60,0,60,0,60,0,60,20,40,15,45,4,12,18,11,23,37,59,18,0,25,0,1,1,2,0,0,1,175,40,350,1,12,0,0,2,57,0,11,0,0,0,0,0,60,1,1,1,0,0,10,2,1,31,11,14,4,47,0,6,0,13,0,0,0,60,0,8,8,2,0,0,3,31,29,0,60,3,57,3,57,55,5,5,55,3,57,51,9,35,25,22,3,6,0,2,0,0,0,0,0,0,0,60,0,60,2,58,8,52,0,0,0,0,13,0,34,26,53,7,0,0,30,30,0,0,60,0,33,27,0,43,17,7,52,1,0,12,48,1,11,48,0,0,60,0,0,60,0,0,60,0,0,60,1,0,59
1,KHYBER PAKHTUNKHWA,07,PESHAWAR DIVISION,116,KHYBER DISTRICT,455,BARA TEHSIL,64,64,0,63,0,1,0,0,0,0,64,1018632,271065,607151,140416,36,11,0,0,48,4,9,18,13,8,12,10,10,41,1,0,1,0,0,62,2,24,1,2,29,0,0,35,63,0,1,0,0,0,49,12,3,47,17,23,41,29,35,15,49,15,49,6,58,2,62,2,62,3,61,0,64,41,23,26,38,16,0,29,3,18,46,63,12,1,9,0,7,14,17,8,5,11,193,30,600,6,3,0,0,4,35,7,40,2,1,0,1,0,63,9,16,8,4,5,20,11,18,7,10,4,43,56,0,2,6,5,1,5,1,59,1,27,20,1,2,13,21,48,16,5,59,56,8,22,42,11,53,17,47,2,62,4,60,15,49,1,2,4,0,12,0,0,0,6,0,10,2,42,2,62,5,59,22,42,0,1,2,1,5,0,55,9,35,26,3,0,57,7,0,13,51,3,58,3,0,57,7,19,44,1,0,8,56,10,17,37,0,0,64,0,0,64,0,4,60,0,0,64,1,5,58
1,KHYBER PAKHTUNKHWA,07,PESHAWAR DIVISION,116,KHYBER DISTRICT,456,JAMRUD TEHSIL,17,17,0,15,2,0,0,0,0,0,15,49806,2410,30901,16495,8,0,1,0,8,0,0,3,1,0,1,7,4,1,0,1,0,0,0,17,0,1,0,0,5,1,0,11,15,2,0,0,0,1,6,7,3,16,1,14,3,10,7,6,11,8,9,5,12,1,16,1,16,1,16,2,15,3,14,1,16,3,1,5,0,9,8,16,13,0,14,0,0,0,0,1,0,0,216,20,600,2,2,1,0,0,11,0,7,0,0,0,0,1,16,4,4,4,3,1,3,3,2,15,1,1,0,17,0,1,0,0,1,0,2,15,0,5,1,0,0,0,3,15,2,0,17,12,5,1,16,6,11,2,15,0,17,1,16,13,4,1,1,0,1,0,0,0,0,0,0,0,0,17,1,16,0,17,5,12,0,0,0,1,0,0,16,1,0,11,6,0,16,1,0,2,15,0,17,0,0,16,1,4,13,0,0,2,15,0,1,16,0,1,16,0,1,16,0,0,17,0,0,17,0,0,17
1,KHYBER PAKHTUNKHWA,07,PESHAWAR DIVISION,116,KHYBER DISTRICT,457,LANDI KOTAL TEHSIL,21,21,0,21,0,0,0,0,0,0,21,21858,1834,13132,6892,15,0,0,0,7,0,3,5,0,1,8,1,3,5,0,0,0,0,0,21,0,4,0,0,12,1,0,8,21,0,0,0,0,0,10,11,0,17,4,14,7,9,12,2,19,8,13,1,20,1,20,1,20,2,19,2,19,12,9,6,15,4,1,5,1,6,15,21,15,0,16,0,2,4,5,3,2,1,235,10,500,1,6,1,1,0,15,0,5,2,0,0,0,0,21,3,4,5,5,2,6,9,4,15,4,1,1,19,1,0,0,1,2,9,2,21,0,17,1,2,2,1,5,19,2,3,18,18,3,3,18,7,14,4,17,5,16,3,18,1,20,0,1,0,0,0,0,2,0,0,0,0,0,19,2,19,2,19,7,14,0,0,0,1,1,0,15,6,0,9,12,0,11,10,0,5,16,2,16,3,0,17,4,15,5,1,1,4,16,0,1,20,0,0,21,0,0,21,0,1,20,0,0,21,0,0,21
1,KHYBER PAKHTUNKHWA,07,PESHAWAR DIVISION,116,KHYBER DISTRICT,458,MULLA GORI TEHSIL,12,12,0,12,0,0,0,0,0,0,12,7401,255,5258,1888,5,0,0,0,1,0,0,2,3,0,2,0,2,0,0,0,0,0,0,12,0,0,0,0,6,2,0,4,12,0,0,0,0,0,9,3,0,8,4,4,8,2,10,1,11,1,11,0,12,0,12,0,12,0,12,0,12,5,7,0,12,0,0,0,1,0,12,11,5,0,2,1,0,0,0,1,0,0,100,35,200,2,6,1,0,3,4,1,4,2,0,0,1,0,11,0,0,0,1,0,0,0,0,8,4,0,0,12,0,0,0,0,0,3,0,11,0,7,0,0,0,0,0,11,1,1,11,11,1,1,11,1,11,4,8,1,11,1,11,2,10,0,1,0,0,0,0,0,0,0,0,0,2,10,0,12,0,12,4,8,0,1,1,0,0,0,10,2,0,4,8,0,9,3,0,4,8,0,10,2,0,5,7,11,1,0,0,0,12,0,1,11,0,0,12,0,0,12,0,0,12,0,0,12,0,0,12
1,KHYBER PAKHTUNKHWA,04,KOHAT DIVISION,117,KURRAM DISTRICT,459,CENTRAL KURRAM F.R,143,143,0,143,0,0,0,0,0,0,143,686860,222018,403413,61429,100,32,0,0,141,3,40,50,1,4,4,38,38,112,0,1,0,0,0,132,11,290,374,0,49,7,0,87,143,0,0,0,0,6,129,7,1,81,62,38,105,22,121,9,134,6,137,1,142,0,143,0,143,1,142,3,140,28,115,18,125,11,4,6,4,11,132,138,22,0,32,4,1,1,0,2,2,0,181,30,450,13,2,0,0,1,45,2,129,2,0,3,3,6,137,1,5,5,2,2,0,13,19,50,13,7,73,122,0,0,1,20,2,44,2,140,3,64,5,0,0,0,12,112,31,12,131,2,141,2,141,28,115,2,141,2,141,1,142,111,32,22,6,27,1,5,0,6,1,1,0,0,6,129,2,141,2,141,30,113,0,1,4,6,20,0,110,33,59,73,11,1,91,51,0,37,106,2,115,26,5,136,2,39,96,8,1,16,126,2,26,115,0,4,139,0,6,137,7,16,120,0,4,139,3,9,131
1,KHYBER PAKHTUNKHWA,04,KOHAT DIVISION,117,KURRAM DISTRICT,460,LOWER KURRAM TEHSIL,51,51,2,48,1,0,0,0,0,2,48,20326,10626,9489,211,49,46,0,1,32,0,12,48,16,5,5,30,8,5,0,0,0,0,0,48,1,20,2,0,41,2,0,6,48,1,0,0,2,1,15,33,0,44,5,39,10,29,20,20,29,13,36,5,44,2,47,2,47,0,49,2,47,5,44,6,43,6,3,7,3,5,44,45,45,2,37,2,1,2,4,1,1,1,107,15,210,8,16,0,1,3,44,7,5,0,0,10,4,1,35,4,5,4,4,9,8,6,6,47,1,0,1,47,1,3,0,1,0,27,8,49,0,25,4,1,0,4,7,40,9,10,39,5,44,6,43,42,7,5,44,2,47,1,48,3,46,0,3,0,0,0,0,4,0,38,0,0,0,7,3,46,2,47,17,32,0,0,0,0,1,0,38,11,24,23,2,0,34,15,0,10,39,1,39,9,0,46,3,10,38,1,1,16,32,0,1,48,0,0,49,0,0,49,0,1,48,0,0,49,0,1,48
1,KHYBER PAKHTUNKHWA,04,KOHAT DIVISION,117,KURRAM DISTRICT,461,UPPER KURRAM TEHSIL,113,113,4,107,2,0,0,0,0,4,107,52074,37378,13181,1515,97,70,2,0,73,0,33,70,0,16,15,64,39,58,0,3,0,0,0,107,2,7,2,4,63,2,0,44,107,2,0,0,4,2,69,37,1,73,36,57,52,33,76,23,86,25,84,12,97,4,105,3,106,3,106,2,107,4,105,5,104,18,7,4,2,17,92,76,45,2,11,31,4,6,7,2,3,3,202,0,700,45,17,1,0,8,77,25,60,7,0,4,1,2,104,8,14,11,11,4,5,19,9,82,13,10,4,52,5,18,0,49,3,31,30,106,23,81,6,0,2,3,9,82,27,20,89,19,90,7,102,86,23,25,84,17,92,25,84,36,73,7,16,1,3,25,0,2,0,14,0,1,4,69,3,106,4,105,10,99,0,0,4,0,49,0,76,33,53,38,18,0,70,39,0,7,102,2,84,23,1,79,29,10,79,20,0,30,79,0,6,103,0,2,107,0,1,108,1,4,104,0,1,108,0,5,104
1,KHYBER PAKHTUNKHWA,07,PESHAWAR DIVISION,118,MOHMAND DISTRICT,462,AMBAR UTMAN KHEL TEHSIL,12,12,0,12,0,0,0,0,0,0,12,60162,24436,23206,12520,12,0,0,0,2,0,0,8,0,0,9,0,2,11,1,0,0,0,0,12,0,0,0,0,4,0,0,8,12,0,0,0,0,0,10,2,0,9,3,3,9,2,10,0,12,0,12,0,12,0,12,0,12,0,12,0,12,4,8,1,11,0,0,9,0,10,2,12,1,0,0,0,6,6,6,0,0,0,128,35,300,0,1,0,0,0,12,0,0,0,0,0,0,0,12,3,5,4,0,5,2,0,7,0,4,5,3,3,0,0,0,9,0,0,3,12,0,5,5,0,0,3,3,9,3,7,5,0,12,0,12,9,3,0,12,0,12,1,11,11,1,9,0,0,0,0,0,0,0,0,0,0,0,12,0,12,0,12,1,11,0,0,0,0,9,0,1,11,9,2,1,0,2,10,0,0,12,0,2,10,0,0,12,2,10,0,0,0,12,0,0,12,0,0,12,0,0,12,0,0,12,0,0,12,0,0,12
1,KHYBER PAKHTUNKHWA,07,PESHAWAR DIVISION,118,MOHMAND DISTRICT,463,HALIM ZAI TEHSIL,12,12,0,12,0,0,0,0,0,0,12,54250,29330,11320,13600,12,0,0,0,0,0,0,2,0,0,7,0,0,8,0,1,0,0,0,12,0,1,0,0,12,0,0,0,12,0,0,0,0,1,9,2,0,12,0,11,1,8,4,6,6,6,6,3,9,1,11,0,12,0,12,1,11,8,4,3,9,8,0,6,1,6,6,12,10,0,8,0,3,4,5,0,2,1,278,150,450,0,5,0,0,0,12,0,0,0,0,1,1,1,10,4,11,3,3,5,6,3,2,12,0,0,0,10,0,0,0,2,0,3,0,12,1,11,5,0,0,3,6,9,3,3,9,3,9,3,9,12,0,3,9,0,12,2,10,7,5,5,1,1,1,3,0,0,0,0,0,0,2,7,0,12,3,9,5,7,0,0,1,0,2,0,8,4,0,12,0,0,12,0,0,7,5,1,10,1,0,11,1,10,2,0,0,3,9,0,1,11,0,0,12,0,0,12,0,0,12,0,0,12,0,3,9
1,KHYBER PAKHTUNKHWA,07,PESHAWAR DIVISION,118,MOHMAND DISTRICT,464,PINDIALI TEHSIL,19,19,0,18,0,0,0,0,0,1,18,545535,174860,289798,80877,18,0,0,1,7,0,1,14,0,1,12,0,0,15,0,0,0,0,0,17,2,300,0,0,13,0,0,6,18,0,0,0,1,0,15,4,0,18,1,10,9,4,15,2,17,3,16,1,18,0,19,0,19,0,19,0,19,7,12,3,16,3,1,5,0,7,12,19,6,0,9,0,3,2,2,0,0,0,203,80,350,0,11,0,0,0,13,0,1,0,0,0,0,0,18,2,2,4,0,2,0,3,3,11,3,3,2,19,0,0,0,0,0,9,6,17,0,19,0,0,0,1,6,12,7,0,19,0,19,4,15,16,3,0,19,0,19,3,16,16,3,15,1,1,0,0,0,0,0,0,0,1,0,18,0,19,1,18,8,11,0,1,0,0,0,0,8,11,11,6,2,0,11,8,0,0,19,0,15,4,0,18,1,7,12,0,0,14,5,1,6,12,0,0,19,0,0,19,0,1,18,0,0,19,1,15,3
1,KHYBER PAKHTUNKHWA,07,PESHAWAR DIVISION,118,MOHMAND DISTRICT,465,PRANG GHAR TEHSIL,6,6,0,6,0,0,0,0,0,0,6,290060,125100,160500,4460,6,0,0,0,0,0,0,5,0,0,6,0,1,5,0,0,0,0,3,5,1,9,0,0,6,0,0,0,6,0,0,0,0,0,3,3,0,6,0,6,0,4,2,4,2,3,3,3,3,0,6,0,6,0,6,0,6,4,2,1,5,2,1,3,0,4,2,6,2,0,0,0,1,0,0,0,0,0,195,100,300,0,2,0,0,0,5,0,2,0,0,0,0,0,6,0,2,0,0,0,0,1,1,1,4,1,0,6,0,0,0,0,0,0,0,6,0,2,2,0,0,0,5,6,0,0,6,0,6,0,6,6,0,0,6,0,6,3,3,6,0,6,0,0,0,0,0,0,0,0,0,0,0,6,0,6,0,6,4,2,0,0,3,0,0,0,6,0,4,2,0,0,5,1,0,4,2,0,5,1,0,3,3,2,4,0,0,4,2,0,1,5,0,0,6,0,0,6,0,1,5,0,0,6,0,3,3
1,KHYBER PAKHTUNKHWA,07,PESHAWAR DIVISION,118,MOHMAND DISTRICT,466,SAFI TEHSIL,4,4,0,4,0,0,0,0,0,0,4,145800,93000,36800,16000,4,0,0,0,1,0,0,0,0,0,0,0,0,4,0,0,0,0,0,4,0,4,0,0,3,0,0,1,4,0,0,0,0,0,3,1,0,4,0,4,0,4,0,0,4,3,1,2,2,1,3,0,4,0,4,0,4,4,0,2,2,2,0,3,0,2,2,4,1,0,3,0,0,0,0,1,0,0,360,350,380,0,2,0,0,0,4,0,0,0,0,0,0,0,4,1,3,1,1,1,0,3,1,0,4,0,0,2,0,0,0,2,0,2,0,4,0,4,2,0,0,2,4,4,0,0,4,0,4,2,2,4,0,0,4,0,4,2,2,0,4,0,0,0,0,0,0,0,0,0,0,0,0,4,0,4,1,3,3,1,0,0,0,0,2,0,4,0,3,1,0,0,4,0,0,0,4,0,4,0,0,4,0,0,4,0,0,4,0,0,0,4,0,0,4,0,0,4,0,0,4,0,0,4,0,4,0
1,KHYBER PAKHTUNKHWA,07,PESHAWAR DIVISION,118,MOHMAND DISTRICT,467,UPPER MOHMAND TEHSIL,6,6,0,6,0,0,0,0,0,0,6,69050,43075,15320,10655,6,0,0,0,5,0,0,3,0,0,4,0,1,6,0,0,0,0,0,6,0,0,0,0,3,0,0,3,6,0,0,0,0,0,3,3,0,5,1,2,4,2,4,1,5,0,6,0,6,0,6,0,6,0,6,0,6,3,3,1,5,2,0,1,0,1,5,6,0,0,0,0,0,0,0,0,0,0,295,240,330,0,2,0,0,0,6,0,3,0,0,0,0,0,6,0,1,2,0,0,0,2,0,0,1,1,4,5,0,0,0,1,0,0,0,6,0,6,2,0,0,0,1,4,2,3,3,0,6,0,6,1,5,0,6,0,6,0,6,3,3,2,3,0,0,0,0,2,0,0,0,0,0,4,0,6,0,6,3,3,0,0,0,0,1,0,0,6,5,1,0,0,6,0,0,0,6,0,6,0,0,6,0,1,5,0,0,0,6,1,2,3,0,0,6,0,0,6,0,0,6,0,0,6,0,0,6
1,KHYBER PAKHTUNKHWA,07,PESHAWAR DIVISION,118,MOHMAND DISTRICT,468,YAKE GHUND TEHSIL,13,13,0,13,0,0,0,0,0,0,13,33345,16740,9672,6933,13,0,0,3,10,1,8,7,12,0,5,0,0,6,0,0,0,0,0,12,1,149,9,1,10,0,0,3,13,0,0,0,0,1,4,8,0,13,0,13,0,10,3,9,4,7,6,2,11,1,12,0,13,1,12,0,13,3,10,1,12,4,2,6,2,3,10,13,9,1,3,0,0,0,0,1,0,0,59,20,150,1,7,0,0,2,10,0,0,0,0,0,0,1,13,6,5,2,0,0,0,2,1,11,1,0,1,7,0,1,0,6,0,4,0,13,0,9,1,0,0,0,4,7,6,0,13,6,7,1,12,12,1,6,7,5,8,8,5,6,7,2,0,4,0,1,0,0,0,0,0,0,0,12,1,12,2,11,7,6,0,0,0,0,6,0,11,2,10,3,0,0,7,6,0,4,9,0,13,0,0,13,0,3,10,0,0,7,6,2,1,10,0,1,12,0,1,12,0,1,12,0,1,12,1,4,8
1,KHYBER PAKHTUNKHWA,07,PESHAWAR DIVISION,118,MOHMAND DISTRICT,613,MOHMAND AGENCY,1,1,0,1,0,0,0,0,0,0,1,10000,6000,3000,1000,1,0,0,0,0,0,0,0,0,0,0,0,0,1,0,0,0,0,0,1,0,0,0,0,1,0,0,0,1,0,0,0,0,0,1,0,0,1,0,1,0,1,0,1,0,0,1,1,0,0,1,1,0,0,1,1,0,1,0,1,0,1,0,1,0,1,0,1,0,0,0,0,1,1,1,0,0,0,350,350,350,0,0,0,0,0,1,0,0,0,0,0,0,0,1,0,1,1,0,0,0,1,1,0,0,1,0,0,0,0,0,1,0,0,0,1,0,1,1,0,0,0,1,1,0,1,0,0,1,0,1,0,1,0,1,0,1,0,1,0,1,0,0,0,0,0,0,0,0,0,0,0,0,1,0,1,0,1,1,0,0,0,0,0,1,0,1,0,1,0,0,0,1,0,0,0,1,0,1,0,0,1,0,0,1,0,0,0,1,1,0,0,0,0,1,0,0,1,0,0,1,0,0,1,0,0,1
1,KHYBER PAKHTUNKHWA,01,BANNU DIVISION,119,NORTH WAZIRISTAN DISTRICT,469,DATTA KHEL TEHSIL,70,70,0,70,0,0,0,0,0,0,70,71237,17741,31758,21738,68,3,0,1,55,0,20,18,2,23,1,59,19,14,0,10,0,0,0,70,0,1,0,0,6,0,0,64,70,0,0,0,0,0,61,9,0,29,41,23,47,16,54,10,60,12,58,4,66,4,66,3,67,3,67,3,67,56,14,29,41,6,1,8,0,3,67,68,32,0,2,1,3,3,2,2,3,14,196,30,800,1,31,0,0,1,60,5,31,0,0,2,1,0,67,2,5,2,2,3,9,8,4,4,5,1,60,68,0,1,0,2,1,30,5,69,1,27,20,0,0,1,5,41,29,1,69,6,64,8,62,5,65,1,69,1,69,4,66,49,21,0,3,0,10,0,0,0,0,0,2,4,18,46,0,70,3,67,3,67,2,0,2,12,2,0,22,48,25,29,16,0,47,23,0,10,60,0,53,17,1,67,2,41,28,1,0,2,68,0,2,68,0,0,70,0,3,67,0,5,65,0,0,70,0,4,66
1,KHYBER PAKHTUNKHWA,01,BANNU DIVISION,119,NORTH WAZIRISTAN DISTRICT,470,DOSSALI TEHSIL,8,8,0,8,0,0,0,0,0,0,8,242582,20169,139477,82936,7,0,0,2,4,0,5,4,1,0,1,5,5,1,0,0,0,0,0,8,0,0,0,0,1,0,0,7,8,0,0,0,0,0,6,2,0,8,0,8,0,8,0,7,1,2,6,1,7,0,8,1,7,1,7,1,7,7,1,5,3,3,0,2,0,1,7,8,8,0,0,0,0,0,0,0,0,0,207,80,400,1,1,0,0,0,7,1,6,0,0,0,0,0,8,2,3,3,3,4,2,5,1,4,2,2,0,8,0,3,0,0,0,2,0,8,0,4,1,0,0,0,2,4,4,1,7,0,8,2,6,0,8,0,8,1,7,0,8,1,7,1,0,0,0,0,0,0,0,0,0,1,0,7,0,8,0,8,2,6,0,0,2,2,0,0,7,1,3,4,1,0,7,1,0,1,7,2,6,0,0,8,0,1,7,0,0,0,8,0,0,8,0,0,8,0,0,8,0,0,8,0,1,7,1,2,5
1,KHYBER PAKHTUNKHWA,01,BANNU DIVISION,119,NORTH WAZIRISTAN DISTRICT,471,GHARYUM TEHSIL,6,6,0,6,0,0,0,0,0,0,6,68226,3796,54710,9720,3,0,0,0,4,0,4,5,0,0,2,2,4,3,0,0,0,0,0,6,0,0,0,0,2,0,0,4,6,0,0,0,0,0,5,1,0,6,0,4,2,3,3,3,3,0,6,0,6,0,6,0,6,0,6,0,6,3,3,2,4,2,0,1,1,0,6,6,4,0,0,0,0,0,0,0,0,0,145,55,250,1,2,0,0,0,6,0,6,2,0,0,0,0,6,3,3,3,1,3,0,3,0,3,0,0,3,6,0,0,0,0,0,0,0,6,0,6,0,0,0,0,0,3,3,0,6,0,6,0,6,0,6,0,6,0,6,0,6,3,3,0,2,0,0,0,0,0,0,0,1,0,0,5,0,6,0,6,0,6,0,0,0,4,0,0,5,1,0,6,0,0,6,0,0,1,5,0,6,0,0,6,0,6,0,0,0,0,6,0,0,6,0,0,6,0,0,6,0,0,6,0,0,6,0,3,3
1,KHYBER PAKHTUNKHWA,01,BANNU DIVISION,119,NORTH WAZIRISTAN DISTRICT,472,GHULAM KHAN TEHSIL,9,9,0,9,0,0,0,0,0,0,9,27360,3684,20978,2698,9,0,0,0,2,0,0,7,0,0,7,0,3,2,0,0,0,0,0,8,1,12,0,0,6,0,0,3,9,0,0,0,0,0,4,5,0,9,0,8,1,6,3,4,5,1,8,0,9,0,9,0,9,0,9,0,9,8,1,2,7,6,0,5,0,2,7,9,6,0,0,0,2,2,1,1,1,1,200,60,280,1,2,0,0,1,5,1,3,0,0,1,0,0,8,3,7,2,3,1,1,4,2,6,1,1,1,9,0,0,0,0,0,0,1,9,0,8,3,1,1,2,5,6,3,1,8,1,8,1,8,3,6,0,9,0,9,1,8,7,2,7,0,0,0,0,0,0,0,0,0,0,1,8,1,8,1,8,2,7,0,0,0,2,0,0,9,0,0,8,1,0,9,0,0,1,8,0,9,0,1,8,0,8,1,0,0,0,9,0,0,9,0,0,9,0,1,8,0,0,9,0,0,9,0,1,8
1,KHYBER PAKHTUNKHWA,01,BANNU DIVISION,119,NORTH WAZIRISTAN DISTRICT,473,MIR ALI TEHSIL,23,23,0,19,2,2,0,0,0,0,21,53055,20503,21271,11281,22,14,0,0,21,0,2,10,8,7,7,17,1,3,0,0,0,0,0,21,2,0,0,0,13,2,0,8,19,2,2,0,0,0,9,14,0,20,3,18,5,13,10,11,12,5,18,3,20,0,23,1,22,1,22,1,22,22,1,18,5,10,2,9,2,5,18,23,22,3,12,0,7,5,4,4,5,4,119,4,500,2,14,0,0,5,22,2,2,0,0,5,0,0,18,2,6,7,7,6,5,11,6,11,6,5,1,20,0,3,0,3,2,7,3,19,0,19,7,1,2,4,7,16,7,7,16,6,17,8,15,17,6,5,18,4,19,3,20,8,15,6,0,0,0,0,0,1,0,1,0,2,0,19,2,21,1,22,6,17,0,0,1,5,3,0,22,1,4,19,0,0,19,4,0,5,18,1,21,1,0,22,1,15,8,0,0,8,15,0,5,18,0,1,22,0,0,23,0,4,19,0,1,22,1,5,17
1,KHYBER PAKHTUNKHWA,01,BANNU DIVISION,119,NORTH WAZIRISTAN DISTRICT,474,MIRAN SHAH TEHSIL,21,21,0,21,0,0,0,0,0,0,21,38511,10479,21542,6490,21,17,0,1,18,0,14,20,6,8,3,11,0,0,0,0,0,0,0,21,0,8,0,1,11,0,0,10,21,0,0,0,0,0,9,12,0,20,1,16,5,14,7,10,11,8,13,3,18,0,21,0,21,1,20,2,19,19,2,8,13,9,1,5,2,5,16,21,19,0,3,0,1,1,1,2,2,3,129,80,290,5,5,0,0,1,19,1,2,0,0,6,0,0,14,1,5,4,3,5,6,10,5,15,4,2,0,14,1,1,0,6,0,10,2,21,0,20,7,1,1,1,3,19,2,2,19,6,15,3,18,16,5,2,19,1,20,1,20,12,9,3,7,0,0,0,0,0,0,0,0,2,1,18,2,19,1,20,3,18,0,0,0,5,6,0,21,0,16,5,0,0,21,0,0,1,20,0,20,1,0,20,1,3,18,0,0,8,13,0,1,20,0,0,21,0,0,21,0,2,19,0,0,21,0,3,18
1,KHYBER PAKHTUNKHWA,01,BANNU DIVISION,119,NORTH WAZIRISTAN DISTRICT,475,RAZMAK TEHSIL,20,20,0,20,0,0,0,0,0,0,20,17356,7701,8150,1505,0,0,0,0,20,0,2,19,0,0,0,0,0,19,0,1,0,0,0,20,0,0,0,0,5,0,0,15,20,0,0,0,0,0,19,1,0,14,6,14,6,4,16,3,17,2,18,1,19,1,19,1,19,1,19,1,19,5,15,3,17,6,6,2,4,3,17,20,17,0,0,0,1,2,2,0,0,0,155,80,250,2,0,0,0,1,3,0,17,0,1,0,0,0,20,3,2,5,2,2,2,6,2,19,0,0,1,5,0,0,0,15,0,0,0,20,1,19,0,0,0,0,1,6,14,0,20,2,18,0,20,18,2,0,20,0,20,0,20,0,20,0,0,0,1,0,0,0,0,0,0,0,0,20,0,20,0,20,0,20,0,0,2,3,15,0,19,1,1,18,1,0,20,0,0,0,20,0,18,2,0,20,0,12,8,0,1,0,19,0,1,19,0,0,20,0,0,20,0,0,20,0,0,20,1,2,17
1,KHYBER PAKHTUNKHWA,01,BANNU DIVISION,119,NORTH WAZIRISTAN DISTRICT,476,SHEWA TEHSIL,4,4,0,4,0,0,0,0,0,0,4,32125,7225,16425,8475,4,4,0,1,4,1,0,3,0,4,0,2,1,3,0,0,0,0,0,3,1,1,0,0,1,0,0,3,4,0,0,0,0,0,0,4,0,4,0,2,2,3,1,2,2,1,3,0,4,0,4,0,4,0,4,0,4,3,1,2,2,1,0,1,0,0,4,3,3,0,1,1,0,0,0,0,0,1,73,18,150,0,2,0,0,0,2,2,1,0,0,0,0,0,4,0,0,0,0,0,1,1,0,1,3,0,0,2,0,0,1,1,0,1,0,4,0,3,1,0,0,1,0,4,0,0,4,0,4,0,4,4,0,0,4,0,4,1,3,0,4,0,0,0,0,0,0,0,0,2,0,0,1,1,0,4,1,3,1,3,0,0,0,1,1,0,4,0,0,3,1,0,4,0,0,0,4,0,4,0,0,4,0,3,1,0,0,0,4,0,0,4,0,0,4,0,0,4,0,0,4,0,0,4,0,0,4
1,KHYBER PAKHTUNKHWA,01,BANNU DIVISION,119,NORTH WAZIRISTAN DISTRICT,477,SPINWAM TEHSIL,8,8,0,8,0,0,0,0,0,0,8,43000,12500,26400,4100,8,8,0,0,8,0,2,7,0,3,0,7,0,4,0,1,0,0,0,4,4,0,0,0,2,0,0,6,8,0,0,0,0,0,2,6,0,8,0,7,1,7,1,4,4,2,6,0,8,0,8,0,8,0,8,0,8,7,1,8,0,3,0,3,0,0,8,7,7,0,0,0,0,1,0,0,0,3,166,90,300,0,5,0,0,0,8,0,2,2,0,0,0,0,8,0,1,0,0,1,1,2,0,0,1,7,0,7,0,1,3,0,0,2,0,8,0,8,3,0,0,0,4,8,0,0,8,1,7,3,5,3,5,0,8,0,8,1,7,8,0,7,0,0,1,0,0,0,0,0,0,0,1,7,0,8,0,8,0,8,0,0,0,1,0,0,7,1,0,8,0,0,7,1,0,0,8,0,8,0,1,7,0,6,2,0,0,0,8,0,0,8,0,0,8,0,0,8,0,3,5,0,0,8,0,1,7
1,KHYBER PAKHTUNKHWA,04,KOHAT DIVISION,120,ORAKZAI DISTRICT,478,CENTRAL TEHSIL,7,7,0,7,0,0,0,0,0,0,7,10940,3245,5540,2155,7,0,0,0,7,1,1,5,0,0,1,5,0,6,0,1,0,0,0,7,0,0,0,0,4,0,0,3,7,0,0,0,0,0,7,0,0,7,0,6,1,6,1,2,5,6,1,1,6,0,7,0,7,0,7,0,7,4,3,2,5,4,0,0,0,7,0,6,0,0,1,1,0,0,0,1,0,0,201,100,300,5,1,0,0,0,5,1,7,1,0,0,1,0,6,2,2,3,0,1,0,3,2,1,5,1,0,7,0,0,0,0,0,1,0,7,0,1,1,0,0,1,2,6,1,1,6,1,6,2,5,5,2,0,7,0,7,1,6,4,3,4,0,0,1,0,0,0,0,0,0,0,0,7,0,7,1,6,1,6,0,0,0,2,0,0,7,0,1,6,0,0,6,1,0,0,7,0,6,1,0,7,0,0,7,0,0,1,6,0,2,5,0,0,7,0,0,7,0,0,7,0,0,7,0,0,7
1,KHYBER PAKHTUNKHWA,04,KOHAT DIVISION,120,ORAKZAI DISTRICT,479,ISMAIL ZAI TEHSIL,18,18,0,18,0,0,0,0,0,0,18,2132,500,1115,517,18,5,0,5,17,7,5,5,0,5,0,6,2,12,0,0,0,0,0,18,0,0,0,0,8,0,0,10,18,0,0,0,0,0,16,2,0,15,3,11,7,12,6,7,11,6,12,1,17,1,17,0,18,1,17,0,18,8,10,2,16,8,4,0,2,18,0,18,5,0,0,0,0,0,0,0,0,0,136,18,220,12,5,0,0,0,5,0,9,6,0,0,0,0,18,5,4,6,1,1,0,10,6,10,0,6,2,12,0,0,4,2,0,5,0,18,0,0,0,0,0,0,2,12,6,0,18,0,18,0,18,8,10,0,18,0,18,5,13,5,13,2,0,0,0,0,0,0,0,0,0,0,0,18,0,18,6,12,12,6,0,0,0,0,2,0,17,1,7,11,0,0,6,12,0,1,17,0,6,12,0,16,2,11,7,0,0,0,18,0,1,17,0,0,18,0,0,18,0,0,18,0,0,18,0,0,18
1,KHYBER PAKHTUNKHWA,04,KOHAT DIVISION,120,ORAKZAI DISTRICT,480,LOWER TEHSIL,33,33,0,32,0,1,0,0,0,0,33,9770,4415,3965,1390,33,3,0,0,33,21,23,26,1,0,0,16,3,30,0,1,0,0,0,32,1,0,0,0,9,2,0,22,32,0,1,0,0,1,30,2,0,29,4,26,7,20,13,15,18,9,24,6,27,3,30,1,32,2,31,2,31,5,28,4,29,13,5,6,4,33,0,27,12,2,6,3,3,1,3,0,0,0,218,60,320,28,14,0,0,2,16,2,22,3,1,1,0,1,32,12,8,6,2,2,5,8,11,12,14,5,2,0,0,0,2,31,0,1,0,33,1,19,4,1,0,0,3,20,13,0,33,6,27,4,29,26,7,5,28,4,29,7,26,8,25,4,4,0,1,0,0,1,0,0,0,0,0,32,1,32,6,27,9,24,0,0,0,2,31,0,33,0,6,27,0,0,28,5,0,5,28,0,23,10,0,31,2,19,12,2,0,21,12,1,12,20,0,0,33,0,0,33,0,0,33,0,0,33,0,6,27
1,KHYBER PAKHTUNKHWA,04,KOHAT DIVISION,120,ORAKZAI DISTRICT,481,UPPER TEHSIL,15,15,0,15,0,0,0,0,0,0,15,7350,2400,3385,1565,7,1,0,0,15,15,14,13,0,2,0,7,4,14,0,0,0,0,0,15,0,0,0,0,1,1,0,13,15,0,0,0,0,0,15,0,0,15,0,13,2,7,8,3,12,5,10,2,13,0,15,0,15,1,14,0,15,8,7,0,15,5,0,0,2,12,3,12,0,0,0,3,0,0,0,0,0,1,136,50,300,7,5,0,0,0,7,0,13,0,0,2,0,0,13,2,6,6,2,1,0,5,0,0,0,1,14,6,0,0,7,2,0,0,0,15,0,5,5,0,1,0,0,12,3,1,14,0,15,0,15,8,7,1,14,1,14,1,14,9,6,0,0,0,0,0,0,0,0,0,0,0,0,15,0,15,0,15,10,5,0,0,0,3,2,0,14,1,6,9,0,0,14,1,0,6,9,0,12,3,0,15,0,7,8,0,0,0,15,0,5,10,0,0,15,0,5,10,0,0,15,0,0,15,0,0,15
1,KHYBER PAKHTUNKHWA,02,DERA ISMAIL KHAN DIVISION,121,SOUTH WAZIRISTAN DISTRICT,482,BIRMIL TEHSIL,52,52,0,51,0,1,0,0,0,0,52,198576,50757,144293,3526,49,0,0,1,39,0,26,35,1,0,25,18,12,29,1,3,0,0,0,52,0,2,0,0,15,0,0,37,51,0,1,0,0,0,50,1,1,28,24,6,46,9,43,1,51,4,48,0,52,0,52,0,52,0,52,0,52,17,35,11,41,2,3,8,3,0,52,49,24,0,1,2,6,5,3,4,5,4,202,30,400,0,29,0,0,0,21,3,26,2,3,0,0,0,52,1,4,3,3,1,4,8,1,9,16,15,12,46,0,10,5,3,0,0,0,50,4,38,6,0,1,2,8,34,18,3,49,3,49,6,46,35,17,0,52,0,52,0,52,26,26,4,7,0,3,0,0,0,0,0,0,0,7,51,1,51,0,52,4,48,0,0,0,0,3,0,35,17,14,36,2,0,50,2,0,11,41,1,51,0,1,44,7,11,40,1,0,0,52,1,3,48,0,1,51,0,0,52,0,1,51,0,0,52,2,4,46
1,KHYBER PAKHTUNKHWA,02,DERA ISMAIL KHAN DIVISION,121,SOUTH WAZIRISTAN DISTRICT,483,LADHA TEHSIL,82,82,0,81,0,1,0,0,0,0,82,425958,14986,400397,10575,54,0,0,0,62,0,15,24,0,0,0,51,25,8,0,0,0,0,0,80,2,70,12,100,10,0,0,72,81,0,1,0,0,1,79,1,1,48,34,21,61,16,66,2,80,4,78,2,80,2,80,1,81,0,82,0,82,13,69,7,75,3,5,2,3,0,82,80,4,0,0,2,0,0,0,0,0,0,278,50,999,13,7,0,0,1,6,1,76,0,1,0,1,1,81,0,6,0,0,0,1,9,0,3,1,5,73,63,0,0,1,18,0,0,2,82,0,1,2,0,0,0,1,46,36,4,78,0,82,7,75,21,61,0,82,0,82,6,76,11,71,0,6,0,0,0,0,0,0,0,0,0,2,81,0,82,2,80,1,81,0,1,0,1,18,1,68,13,4,67,11,0,71,11,0,7,75,0,72,10,0,66,16,26,55,1,0,2,80,0,3,79,0,1,81,0,1,81,0,9,73,0,3,79,0,11,71
1,KHYBER PAKHTUNKHWA,02,DERA ISMAIL KHAN DIVISION,121,SOUTH WAZIRISTAN DISTRICT,484,MAKIN TEHSIL,31,31,0,31,0,0,0,0,0,0,31,47278,6634,36892,3752,24,0,0,0,30,1,26,30,0,0,1,22,15,2,0,0,0,0,0,31,0,0,0,0,4,0,0,27,31,0,0,0,0,0,31,0,0,18,13,11,20,8,23,4,27,4,27,1,30,0,31,0,31,0,31,0,31,2,29,0,31,1,1,0,0,1,30,31,0,0,0,0,0,0,0,0,1,7,275,120,500,3,1,0,0,0,3,2,28,0,0,0,1,0,30,0,3,1,2,0,1,2,0,0,1,1,29,29,0,0,0,2,0,0,0,31,0,1,1,0,0,0,3,18,13,0,31,3,28,3,28,23,8,1,30,1,30,1,30,9,22,6,7,0,0,0,0,0,0,0,0,0,0,31,0,31,0,31,0,31,0,0,0,0,2,0,31,0,5,24,2,1,30,0,0,11,20,2,28,1,0,23,8,11,20,0,0,2,29,0,1,30,0,0,31,0,0,31,0,0,31,0,0,31,1,2,28
1,KHYBER PAKHTUNKHWA,02,DERA ISMAIL KHAN DIVISION,121,SOUTH WAZIRISTAN DISTRICT,485,SARAROGHA TEHSIL,88,88,0,88,0,0,0,0,0,0,88,133278,9891,109026,14361,66,9,0,1,67,2,13,21,0,0,0,38,28,19,0,0,0,0,0,85,3,7,0,0,22,1,0,65,88,0,0,0,0,0,83,5,0,55,33,26,62,26,62,5,83,5,83,1,87,0,88,0,88,0,88,0,88,14,74,9,79,4,4,2,2,1,87,84,8,0,0,4,1,4,1,0,4,5,268,60,800,14,4,0,0,0,2,5,79,4,3,0,0,0,88,2,0,1,1,1,3,3,1,26,7,5,50,70,0,0,0,18,0,0,1,88,1,36,3,0,0,0,7,51,37,3,85,1,87,4,84,22,66,0,88,0,88,4,84,14,74,0,6,1,0,0,0,0,0,0,0,0,7,88,0,88,2,86,3,85,0,0,0,0,18,0,71,17,5,69,14,3,78,7,0,7,81,1,82,5,2,75,11,60,28,0,0,1,87,0,5,83,0,0,88,0,0,88,0,1,87,0,1,87,4,4,80
1,KHYBER PAKHTUNKHWA,02,DERA ISMAIL KHAN DIVISION,121,SOUTH WAZIRISTAN DISTRICT,486,SERWEKAI TEHSIL,25,25,0,25,0,0,0,0,0,0,25,116635,17330,88215,11090,20,0,0,0,23,0,17,18,0,0,2,17,16,8,0,0,0,0,0,24,1,0,0,0,3,0,0,22,25,0,0,0,0,0,23,2,0,17,8,12,13,7,18,2,23,3,22,1,24,0,25,0,25,0,25,0,25,2,23,2,23,5,0,1,0,0,25,24,3,0,1,1,0,0,0,0,0,0,267,50,500,3,1,0,0,0,4,1,20,2,0,0,0,0,25,0,2,0,0,0,0,5,0,7,0,0,18,12,0,0,0,13,0,0,0,25,0,7,3,0,0,0,2,9,16,1,24,1,24,2,23,6,19,0,25,0,25,0,25,20,5,3,5,0,0,0,0,0,0,0,0,0,0,25,0,25,0,25,0,25,0,0,0,0,13,0,23,2,0,25,0,0,21,4,0,3,22,0,19,6,0,19,6,22,3,0,0,0,25,0,0,25,0,0,25,0,0,25,0,0,25,0,0,25,4,1,20
1,KHYBER PAKHTUNKHWA,02,DERA ISMAIL KHAN DIVISION,121,SOUTH WAZIRISTAN DISTRICT,487,TIARZA TEHSIL,19,19,0,19,0,0,0,0,0,0,19,72181,13173,53945,5063,19,0,0,0,19,0,13,13,0,0,1,8,1,10,0,0,0,0,0,16,3,0,0,0,0,0,0,19,19,0,0,0,0,0,19,0,0,9,10,5,14,3,16,2,17,2,17,0,19,0,19,0,19,0,19,0,19,1,18,0,19,0,0,0,1,0,19,18,0,0,0,1,0,0,0,0,0,0,313,150,500,1,0,0,0,0,10,0,9,0,0,0,0,0,19,0,0,0,0,0,0,0,0,3,1,9,6,7,0,0,0,12,0,0,0,19,0,1,0,0,0,0,0,11,8,0,19,0,19,0,19,1,18,0,19,0,19,0,19,9,10,1,7,0,0,0,0,0,0,0,0,0,0,19,0,19,0,19,1,18,0,0,0,0,12,0,18,1,0,18,1,0,18,1,0,1,18,0,18,1,0,15,4,9,9,1,0,5,14,0,2,17,0,3,16,0,0,19,0,2,17,0,0,19,0,4,15
1,KHYBER PAKHTUNKHWA,02,DERA ISMAIL KHAN DIVISION,121,SOUTH WAZIRISTAN DISTRICT,488,TOI KHULLA TEHSIL,9,9,0,9,0,0,0,0,0,0,9,19632,9024,8348,2260,9,1,0,0,9,0,5,9,0,2,5,3,0,2,0,0,0,0,0,8,1,0,0,0,4,0,0,5,9,0,0,0,0,0,9,0,0,4,5,2,7,2,7,1,8,0,9,0,9,0,9,0,9,0,9,0,9,5,4,0,9,1,0,3,0,0,9,9,0,0,0,0,1,0,0,1,1,1,137,40,300,1,8,0,0,0,4,0,1,0,0,0,0,0,9,0,1,0,0,0,0,0,0,2,1,6,0,9,0,0,0,0,0,0,0,9,0,5,2,0,0,2,1,4,5,2,7,0,9,2,7,7,2,0,9,0,9,3,6,8,1,0,8,0,0,0,0,0,0,0,0,0,1,9,0,9,0,9,3,6,0,0,0,1,0,0,9,0,5,4,0,0,9,0,0,1,8,0,8,1,0,5,4,2,7,0,0,0,9,0,2,7,0,0,9,0,0,9,0,0,9,0,0,9,2,1,6
1,KHYBER PAKHTUNKHWA,02,DERA ISMAIL KHAN DIVISION,121,SOUTH WAZIRISTAN DISTRICT,489,WANA TEHSIL,72,72,0,66,3,3,0,0,0,0,69,115465,27991,82225,5249,71,0,0,0,63,0,47,51,0,0,52,28,18,29,2,3,0,0,0,72,0,1,12,0,14,1,0,57,66,3,3,0,0,1,69,2,0,42,30,29,43,15,57,12,60,8,64,8,64,0,72,0,72,0,72,0,72,35,37,23,49,8,1,10,4,3,69,68,31,0,2,3,5,4,3,2,4,3,175,40,450,2,46,1,0,14,42,3,22,5,1,0,1,1,71,0,2,2,1,2,3,8,0,32,19,17,4,57,0,12,0,9,0,0,0,69,0,45,8,0,2,1,7,39,33,2,70,24,48,9,63,56,16,0,72,0,72,0,72,19,53,1,8,1,3,0,0,0,0,0,0,0,4,72,1,71,0,72,5,67,0,0,0,0,9,0,49,23,33,36,3,0,69,3,0,8,64,1,67,4,0,65,7,23,48,1,1,12,59,2,8,62,0,2,70,0,1,71,1,24,47,0,0,72,7,15,50
1,KHYBER PAKHTUNKHWA,05,MALAKAND DIVISION,166,CHITRAL LOWER,036,CHITRAL TEHSIL,200,200,1,172,26,2,0,0,0,0,174,447478,48080,384161,15237,187,23,0,1,168,17,61,109,119,24,6,85,37,19,0,3,0,1,3,188,11,2,3,5,40,3,2,154,172,26,2,0,0,12,104,83,0,129,70,108,91,58,141,49,150,45,154,35,164,17,182,15,184,12,187,12,187,81,118,77,122,21,21,15,9,27,172,146,120,52,22,13,21,12,17,9,18,18,254,5,999,103,8,4,0,0,20,53,116,4,18,20,6,12,170,33,21,47,18,30,19,25,46,175,22,0,2,47,4,18,20,127,3,39,2,198,9,45,36,14,23,16,27,165,34,38,161,46,153,30,169,189,10,40,159,44,155,156,43,178,21,36,118,142,3,32,7,20,71,34,6,9,3,117,14,185,26,173,30,169,0,2,5,7,127,12,175,12,89,96,14,1,144,54,0,21,178,1,145,53,0,121,78,92,101,6,7,96,96,24,53,122,0,13,186,0,2,197,1,26,172,1,3,195,2,32,165
1,KHYBER PAKHTUNKHWA,05,MALAKAND DIVISION,166,CHITRAL LOWER,629,DROSH TEHSIL,134,134,0,125,2,2,5,5,0,0,132,24822,9501,11747,3574,116,7,0,1,126,8,34,48,40,6,3,88,39,23,0,1,0,0,0,133,1,3,4,1,27,0,0,107,125,2,2,5,0,1,97,36,0,67,67,47,87,24,110,18,116,15,119,7,127,3,131,4,130,2,132,4,130,72,62,59,75,11,14,6,7,6,128,125,51,12,29,4,12,13,4,1,12,8,292,2,999,64,5,4,0,1,14,39,78,6,1,8,5,1,121,9,10,12,4,3,1,14,32,68,17,24,25,77,0,13,2,54,2,15,14,131,5,7,18,5,4,4,12,87,47,15,119,30,104,13,121,99,35,23,111,14,120,94,40,128,6,3,84,116,1,72,0,10,2,5,3,7,0,61,6,128,8,126,10,124,0,1,3,13,54,5,104,25,19,102,13,1,103,30,0,22,112,2,108,24,0,82,52,67,65,2,1,43,90,4,31,99,0,7,127,0,0,134,0,15,119,0,0,134,1,10,123
1,KHYBER PAKHTUNKHWA,03,HAZARA DIVISION,167,LOWER KOHISTAN,020,PATTAN,230,230,0,219,6,5,0,0,0,0,224,42570,5198,35474,1898,71,1,1,1,206,2,36,117,63,2,0,57,87,53,0,2,1,0,0,217,13,0,0,0,16,1,0,213,219,6,5,0,0,4,145,78,3,86,144,41,189,21,209,3,227,7,223,2,228,0,230,0,230,0,230,1,229,18,212,12,218,1,5,7,4,4,226,158,49,0,7,53,4,23,2,0,20,15,225,1,900,45,1,0,0,1,5,31,168,5,12,0,6,4,221,0,4,2,3,1,1,1,34,55,10,34,131,219,1,6,2,6,1,5,3,225,2,0,4,2,1,0,0,31,199,7,223,6,224,3,227,208,22,2,228,3,227,209,21,152,78,2,118,121,2,5,0,0,0,0,0,0,96,133,0,230,0,230,3,227,0,0,0,13,6,0,169,61,63,104,63,1,148,81,0,25,205,1,169,60,0,50,180,137,89,4,0,24,206,5,37,188,0,1,229,0,1,229,0,6,224,0,1,229,29,72,129
1,KHYBER PAKHTUNKHWA,03,HAZARA DIVISION,167,LOWER KOHISTAN,660,BANKAD,195,195,0,191,0,3,1,1,0,0,195,89838,17491,67910,4437,100,0,0,0,189,3,10,33,53,6,1,35,25,112,0,0,0,0,0,195,0,0,0,101,6,1,1,187,191,0,3,1,0,8,100,86,1,95,100,36,159,19,176,7,188,11,184,1,194,1,194,1,194,1,194,2,193,51,144,14,181,2,5,0,4,1,194,138,76,1,6,18,0,1,1,0,1,2,170,50,900,37,4,0,0,2,4,29,160,3,4,1,0,8,191,5,8,5,3,0,1,5,9,49,76,35,35,139,0,62,2,11,0,10,4,193,1,16,3,0,0,0,3,43,152,2,193,2,193,0,195,190,5,0,195,0,195,183,12,45,150,7,34,10,0,1,0,0,0,0,0,0,153,41,0,195,1,194,5,190,0,0,1,11,11,3,120,72,35,118,42,0,128,67,0,37,158,3,148,44,1,157,37,78,116,1,0,7,188,7,7,181,0,1,194,0,20,175,0,13,182,0,2,193,3,28,164
1,KHYBER PAKHTUNKHWA,03,HAZARA DIVISION,168,KOLAI PALAS KOHISTAN,019,PALAS,363,363,1,358,3,0,1,1,0,1,359,717585,259642,399285,58658,4,0,0,1,332,0,11,34,75,6,1,160,63,71,0,2,0,0,0,362,1,0,0,0,8,0,1,353,358,3,0,1,1,0,355,7,1,67,296,37,326,23,340,9,354,7,356,0,363,0,363,0,363,0,363,0,363,66,297,60,303,3,3,1,2,1,361,309,2,0,0,52,6,30,3,0,21,2,166,20,1500,22,0,0,0,3,1,109,278,0,0,1,0,0,362,0,9,2,0,2,4,4,9,7,2,4,349,302,0,24,0,38,1,0,0,362,0,0,3,0,0,0,1,42,320,0,362,1,361,2,360,334,28,6,356,5,357,299,63,152,210,2,78,84,2,0,0,0,0,1,0,5,123,233,1,361,1,361,3,359,0,0,0,0,38,0,193,169,220,128,14,0,219,143,0,9,353,1,286,75,0,40,322,99,256,7,0,28,334,41,122,199,0,6,356,0,5,357,0,23,339,0,0,362,37,97,228
1,KHYBER PAKHTUNKHWA,03,HAZARA DIVISION,168,KOLAI PALAS KOHISTAN,661,BATERA,185,185,2,183,0,0,0,0,0,2,183,243360,94351,127718,21291,33,0,0,1,183,0,0,0,22,0,0,22,6,135,0,0,0,0,0,183,0,0,0,0,1,1,1,180,183,0,0,0,2,0,162,20,1,58,125,27,156,12,171,4,179,3,180,1,182,0,183,0,183,0,183,0,183,30,153,23,160,2,2,0,2,4,179,136,5,0,1,44,6,5,0,0,0,0,247,20,1400,3,0,0,0,0,3,19,176,2,0,0,0,0,183,2,6,1,0,0,0,2,5,8,4,5,166,112,0,44,11,20,0,0,0,183,0,1,3,1,1,0,0,13,170,1,182,0,183,0,183,168,15,0,183,0,183,167,16,59,124,1,26,25,0,0,0,0,0,0,0,2,1,180,0,183,3,180,5,178,0,0,0,0,20,0,66,117,52,95,36,0,66,117,0,4,179,3,73,107,13,68,102,89,80,14,0,8,175,2,14,167,0,1,182,0,0,183,0,3,180,0,1,182,13,21,149
2,PUNJAB,08,BAHAWALPUR DIVISION,026,BAHAWALNAGAR DISTRICT,069,BAHAWALNAGAR,245,245,2,229,8,6,0,0,0,2,235,432003,351204,65604,15195,243,179,221,123,152,4,54,83,220,22,171,0,0,6,1,0,2,0,2,106,138,27,18,65,200,2,5,37,229,8,6,0,2,112,10,120,1,206,38,170,74,76,168,50,194,36,208,19,225,5,239,7,237,7,237,9,235,93,151,81,163,22,11,43,9,110,134,115,228,23,17,6,29,28,28,6,4,11,40,4,110,85,178,9,3,19,0,13,0,0,18,26,2,112,161,35,36,37,13,17,23,35,51,81,141,16,5,50,0,14,5,185,10,27,21,227,5,176,25,9,16,46,97,101,143,15,229,24,220,32,212,224,20,15,229,25,219,220,24,62,183,5,21,1,0,221,100,144,95,12,37,13,141,19,9,235,27,217,13,231,1,13,5,1,185,1,177,66,203,36,5,0,149,95,0,30,214,4,189,51,0,74,170,15,226,3,3,65,176,11,105,128,0,4,240,1,4,239,1,41,202,0,3,241,34,156,54
2,PUNJAB,08,BAHAWALPUR DIVISION,026,BAHAWALNAGAR DISTRICT,070,CHISHTIAN,221,221,2,210,6,2,0,0,0,3,212,349161,289270,47855,12036,215,114,210,128,142,68,80,119,192,20,166,1,0,4,6,3,0,0,0,117,103,26,7,2,195,3,5,16,210,6,2,0,3,78,5,133,4,185,35,179,41,80,140,101,119,36,184,32,188,8,212,8,212,9,211,6,214,44,176,31,189,25,25,35,19,132,88,137,212,25,38,2,34,29,31,4,10,5,56,1,105,90,154,30,2,16,1,2,0,15,0,22,6,78,117,45,42,45,19,28,20,39,86,125,88,3,3,61,3,17,7,155,12,94,14,203,13,173,28,4,14,35,98,173,47,21,199,17,203,26,194,209,11,15,205,25,195,195,25,10,210,0,10,0,3,217,168,137,132,31,86,27,139,19,17,203,48,172,16,204,1,9,9,15,155,2,184,34,204,13,3,1,119,100,0,75,145,2,181,37,0,139,81,5,210,5,0,111,108,18,51,150,0,3,216,0,1,218,0,26,193,0,2,217,9,157,53
2,PUNJAB,08,BAHAWALPUR DIVISION,026,BAHAWALNAGAR DISTRICT,071,FORT ABBAS,169,169,0,163,0,6,0,0,0,0,169,252727,214314,31110,7303,169,27,163,38,29,19,48,109,169,4,114,1,0,20,0,1,3,0,0,89,80,27,42,12,141,0,9,19,163,0,6,0,0,83,12,74,0,153,16,148,21,46,123,49,120,30,139,27,142,18,151,14,155,19,150,14,155,39,130,33,136,18,11,25,8,96,73,87,137,27,9,18,13,10,13,12,10,11,84,2,220,46,144,2,2,25,1,14,0,15,1,14,2,83,122,35,24,24,42,15,16,26,42,137,25,3,4,30,1,5,4,136,5,23,12,160,4,38,23,22,4,13,29,39,130,19,150,18,151,22,147,153,16,23,146,45,124,147,22,39,130,28,0,0,1,144,120,101,108,24,56,41,139,18,9,160,15,154,4,165,0,4,6,0,136,2,127,40,148,13,8,0,72,97,0,20,149,0,105,64,0,96,73,14,142,13,4,74,91,15,37,117,0,2,167,0,0,169,1,16,152,0,5,164,29,50,90
2,PUNJAB,08,BAHAWALPUR DIVISION,026,BAHAWALNAGAR DISTRICT,072,HAROONABAD,187,187,0,169,11,6,0,0,0,1,175,284585,229924,44349,10312,187,34,177,38,43,12,28,58,187,0,20,0,0,0,0,0,6,0,0,19,167,41,16,11,172,7,4,3,169,11,6,0,1,138,3,44,1,184,2,177,9,55,131,65,121,23,163,26,160,7,179,7,179,5,181,5,181,19,167,11,175,25,9,27,7,87,99,33,178,14,12,1,9,9,12,3,4,7,53,12,100,59,122,10,1,24,1,11,1,14,2,13,8,138,107,33,23,25,12,15,7,22,52,137,48,1,0,17,2,1,5,164,5,43,2,179,3,66,10,1,4,15,33,68,118,10,176,11,175,18,168,156,30,18,168,17,169,143,43,8,178,8,0,0,0,147,122,85,32,3,29,13,115,9,8,178,29,157,5,181,0,1,1,0,164,1,173,12,177,7,2,0,114,72,0,22,164,2,138,46,0,158,28,0,181,5,0,134,52,3,9,174,0,1,185,0,1,185,1,11,174,0,8,178,17,98,71
2,PUNJAB,08,BAHAWALPUR DIVISION,026,BAHAWALNAGAR DISTRICT,073,MINCHINABAD,272,272,8,250,11,2,0,0,0,9,252,430297,378125,42101,10071,271,215,138,35,81,8,19,36,203,28,201,1,0,43,1,2,0,0,0,128,137,5,15,110,180,6,13,66,250,11,2,0,9,82,10,169,4,198,67,169,96,56,209,46,219,36,229,33,232,10,255,9,256,8,257,11,254,63,202,46,219,18,17,27,14,107,158,20,241,15,10,18,30,25,26,16,14,16,59,1,150,48,199,33,1,35,0,7,0,1,3,32,2,82,155,41,45,34,38,32,30,36,45,141,70,46,8,13,0,0,4,248,4,20,6,226,7,184,16,18,15,24,75,64,201,27,238,40,225,36,229,207,58,42,223,42,223,202,63,36,229,11,19,0,2,188,80,53,80,1,13,2,164,52,10,255,17,248,20,245,0,1,0,0,248,0,142,123,202,43,20,2,85,178,0,26,239,5,183,77,1,41,223,34,221,10,1,35,229,34,61,170,0,6,259,0,4,261,1,30,234,0,2,263,70,108,87
2,PUNJAB,08,BAHAWALPUR DIVISION,027,BAHAWALPUR DISTRICT,074,AHMADPUR EAST,187,187,2,171,1,15,0,0,0,0,186,358275,307430,36547,14298,182,154,180,153,83,26,93,104,169,18,164,2,0,0,0,0,1,0,0,155,32,29,53,10,143,3,15,26,171,1,15,0,0,72,20,92,3,165,22,145,42,72,115,46,141,31,156,21,166,5,182,2,185,3,184,2,185,55,132,34,153,23,11,23,9,46,141,98,165,13,18,15,36,29,34,3,4,6,59,10,200,2,177,2,1,16,0,1,0,0,0,19,4,72,133,31,38,26,11,18,18,28,27,34,133,20,0,120,1,5,3,61,23,7,4,179,4,51,21,6,7,16,58,93,94,10,177,7,180,26,161,166,21,8,179,14,173,175,12,15,172,0,6,0,0,153,104,80,103,3,74,10,45,86,8,179,18,169,11,176,1,0,5,0,61,3,167,17,155,29,3,0,126,61,0,46,141,0,177,10,0,131,56,15,170,2,1,116,70,40,61,86,0,5,182,0,3,184,1,56,130,0,10,177,6,161,20
2,PUNJAB,08,BAHAWALPUR DIVISION,027,BAHAWALPUR DISTRICT,075,BAHAWALPUR CITY,43,43,0,0,43,0,0,0,0,0,0,82238,55748,10760,15730,38,26,35,26,31,2,8,25,26,4,33,3,0,0,0,0,0,0,0,43,0,13,24,1,38,2,0,3,0,43,0,0,0,30,0,13,0,39,4,38,5,34,9,30,13,17,26,15,28,6,37,6,37,3,40,4,39,20,23,15,28,6,7,12,2,16,27,29,40,30,24,0,14,9,10,0,1,8,113,40,901,2,43,7,0,1,0,1,0,0,0,19,1,30,17,13,10,9,8,9,13,8,20,35,6,2,0,14,2,10,1,25,23,21,13,32,5,11,14,7,2,12,22,22,21,17,26,15,28,21,22,43,0,20,23,27,16,43,0,0,43,0,0,0,0,25,18,29,9,0,4,0,4,10,16,27,9,34,8,35,5,4,7,11,25,4,30,9,21,15,7,0,33,10,0,13,30,0,34,9,0,32,11,14,28,1,1,22,20,3,8,32,0,1,42,0,2,41,0,7,36,0,8,35,6,29,8
2,PUNJAB,08,BAHAWALPUR DIVISION,027,BAHAWALPUR DISTRICT,077,HASILPUR,115,115,3,102,6,4,0,0,0,3,106,238868,179674,52730,6464,111,28,111,27,38,2,24,64,111,1,86,0,0,0,0,0,0,0,0,43,69,71,22,5,101,3,6,2,102,6,4,0,3,69,2,40,1,112,0,105,7,34,78,35,77,21,91,19,93,3,109,3,109,3,109,3,109,23,89,18,94,19,5,15,8,47,65,60,110,18,11,0,24,20,19,3,6,7,90,0,200,14,94,29,3,25,1,1,1,30,0,22,1,69,49,15,17,14,13,12,10,13,19,81,30,1,0,21,1,2,0,91,7,22,9,110,1,63,14,9,8,14,46,100,12,4,108,15,97,8,104,112,0,16,96,13,99,109,3,16,96,4,1,0,0,111,62,81,32,1,14,14,87,53,6,106,29,83,7,105,1,8,2,26,91,0,74,38,104,7,1,0,71,41,0,15,97,1,86,25,0,81,31,6,103,3,0,44,68,5,20,87,0,2,110,0,2,110,1,17,94,0,12,100,30,63,19
2,PUNJAB,08,BAHAWALPUR DIVISION,027,BAHAWALPUR DISTRICT,078,KHAIRPUR TAMEWALI,107,107,1,100,0,5,0,0,0,2,105,135352,117936,14264,3152,106,81,106,84,95,1,24,100,92,5,99,1,0,0,0,0,0,0,0,106,0,1,3,7,85,2,3,16,100,0,5,0,2,12,2,92,0,66,40,43,63,20,86,13,93,8,98,5,101,3,103,2,104,2,104,2,104,11,95,2,104,4,7,10,7,27,79,79,104,3,6,0,8,6,10,2,2,5,88,0,130,1,105,1,0,1,0,0,0,0,0,6,0,12,81,10,12,9,4,5,5,7,11,23,79,4,0,54,0,0,0,52,1,16,16,103,0,67,6,2,3,6,45,90,16,6,100,3,103,5,101,103,3,4,102,9,97,95,11,0,106,0,0,0,0,104,40,75,6,7,4,0,90,23,2,104,8,98,6,100,0,0,0,4,52,4,79,23,80,25,1,0,90,16,0,36,70,4,95,7,0,86,20,5,101,0,0,51,55,6,41,59,0,20,86,0,20,86,0,46,60,0,22,84,20,75,11
2,PUNJAB,08,BAHAWALPUR DIVISION,027,BAHAWALPUR DISTRICT,079,YAZMAN,140,140,0,137,0,3,0,0,0,0,140,260480,187925,65555,7000,140,108,138,118,82,10,101,81,139,2,51,0,0,0,0,1,0,0,0,41,99,29,44,22,131,0,4,5,137,0,3,0,0,86,4,47,3,128,12,120,20,34,106,44,96,22,118,22,118,1,139,5,135,2,138,1,139,19,121,10,130,13,6,21,5,26,114,67,132,27,12,2,16,17,18,0,2,5,75,2,150,45,52,7,3,43,0,10,0,0,8,12,4,86,49,23,22,13,22,9,7,18,18,122,13,3,2,28,0,0,1,111,6,37,8,136,4,32,19,2,2,18,42,71,69,3,137,12,128,11,129,129,11,11,129,13,127,131,9,4,136,4,0,0,1,133,15,86,30,0,1,6,104,69,7,133,43,97,3,137,0,2,10,11,111,0,118,22,117,13,10,1,70,69,0,15,125,0,116,24,0,112,28,11,121,8,2,86,52,1,9,130,0,3,137,0,2,138,0,12,128,0,4,136,2,105,33
2,PUNJAB,08,BAHAWALPUR DIVISION,027,BAHAWALPUR DISTRICT,602,BAHAWALPUR SADDAR,115,115,1,111,1,3,0,0,0,0,114,194552,146833,36799,10920,114,55,113,72,50,1,41,47,111,6,98,1,0,0,0,0,0,0,0,74,41,66,55,2,97,2,8,8,111,1,3,0,0,35,5,75,0,102,13,98,17,54,61,50,65,18,97,24,91,9,106,11,104,13,102,11,104,37,78,34,81,23,7,60,4,44,71,93,109,34,45,1,42,40,32,4,4,6,108,35,200,1,112,19,0,20,0,0,0,0,1,29,7,35,25,27,17,26,32,19,32,22,48,50,54,11,0,33,0,2,0,81,15,33,22,113,11,65,13,2,3,24,41,42,73,15,100,36,79,33,82,109,6,43,72,50,65,99,16,4,111,0,4,0,0,102,31,45,15,11,5,1,3,7,9,106,15,100,9,106,3,1,5,6,81,1,95,19,102,10,3,0,81,34,0,34,81,0,92,23,0,92,23,7,106,2,0,43,72,20,22,73,0,22,93,0,13,102,0,31,84,0,21,94,16,64,35
2,PUNJAB,08,BAHAWALPUR DIVISION,028,RAHIM YAR KHAN DISTRICT,080,KHANPUR,261,261,2,244,7,8,0,0,0,2,252,376555,299072,61787,15696,257,181,247,224,118,9,85,102,253,15,180,1,0,0,0,0,5,0,0,148,112,72,34,22,213,7,10,30,244,7,8,0,2,123,11,121,5,213,47,200,60,72,188,67,193,37,223,23,237,3,257,7,253,3,257,4,256,67,193,29,231,17,20,40,8,116,144,228,247,29,28,0,41,36,37,4,10,13,56,2,800,10,218,40,4,59,1,2,1,4,1,24,8,123,191,25,36,30,21,26,17,20,60,191,63,0,6,74,5,10,5,180,18,17,9,251,6,119,26,5,19,33,78,73,187,14,246,18,242,29,231,243,17,24,236,33,227,235,25,8,252,2,7,1,0,255,140,167,97,2,54,2,21,40,14,246,20,240,13,247,9,2,12,1,180,0,176,84,222,25,13,0,171,89,0,58,202,2,205,53,1,211,48,29,223,8,0,102,158,15,211,34,0,12,248,0,14,246,1,32,227,0,27,233,22,146,92
2,PUNJAB,08,BAHAWALPUR DIVISION,028,RAHIM YAR KHAN DISTRICT,081,LIAQUATPUR,210,210,0,204,0,6,0,0,0,0,210,303105,262821,27438,12846,209,178,190,188,81,15,77,91,198,8,152,0,0,0,0,0,0,0,0,119,91,39,13,10,140,1,24,45,204,0,6,0,0,98,11,98,3,181,29,162,48,47,163,35,175,24,186,16,194,1,209,4,206,2,208,1,209,78,132,54,156,15,17,57,9,98,112,174,201,12,29,5,27,23,25,6,3,13,43,7,150,2,164,2,2,55,0,0,0,8,0,20,4,98,139,15,19,21,13,13,10,20,25,88,105,15,2,88,2,9,0,120,11,45,14,210,2,100,21,2,3,18,60,47,163,4,206,8,202,17,193,184,26,7,203,8,202,171,39,23,187,1,15,0,0,194,131,111,109,6,105,2,99,23,5,205,18,192,6,204,3,0,16,0,120,0,168,42,198,8,4,0,140,70,0,43,167,0,170,40,0,136,74,7,201,2,0,120,90,23,164,23,0,6,204,0,0,210,4,28,178,0,20,190,31,151,28
2,PUNJAB,08,BAHAWALPUR DIVISION,028,RAHIM YAR KHAN DISTRICT,082,RAHIM YAR KHAN,322,322,1,293,17,11,0,0,0,1,304,495023,405900,66574,22549,321,208,315,260,113,12,190,134,312,14,219,0,0,0,0,0,6,0,0,206,115,155,55,50,286,1,14,20,293,17,11,0,1,130,10,179,2,268,53,234,87,89,232,70,251,45,276,29,292,4,317,6,315,14,307,8,313,49,272,21,300,25,15,57,11,255,66,101,308,49,68,5,62,50,59,4,5,11,56,2,120,23,268,11,7,80,0,4,1,13,0,34,6,130,198,40,43,34,30,23,44,38,75,171,138,9,3,134,3,8,3,182,24,24,27,315,5,148,35,6,7,38,108,141,180,21,300,20,301,31,290,305,16,22,299,46,275,298,23,29,292,20,9,0,0,306,121,233,61,40,49,27,55,20,18,303,59,262,21,300,7,9,18,4,182,2,241,78,292,26,3,0,164,157,0,35,286,1,256,64,0,225,96,14,293,14,1,125,195,60,189,72,0,8,313,1,2,318,2,50,269,0,14,307,49,191,81
2,PUNJAB,08,BAHAWALPUR DIVISION,028,RAHIM YAR KHAN DISTRICT,083,SADIQABAD,319,319,13,303,8,8,0,0,0,0,311,531185,430053,80184,20948,317,129,305,238,63,3,99,75,310,10,196,0,0,0,0,0,1,0,1,165,154,88,35,15,244,0,5,70,303,8,8,0,0,158,19,139,3,260,59,233,86,81,238,58,261,43,276,31,288,4,315,3,316,3,316,5,314,50,269,23,296,21,10,41,9,174,145,215,294,21,33,8,46,47,48,3,5,6,60,15,150,17,269,15,9,56,0,6,0,23,2,45,5,158,224,33,34,27,17,23,37,32,34,194,106,10,9,119,0,12,7,186,48,59,76,304,22,190,38,5,9,40,88,94,225,17,302,48,271,53,266,300,19,41,278,52,267,292,27,51,268,46,4,1,0,277,167,256,121,7,57,24,99,34,15,304,36,283,19,300,7,10,10,2,186,1,232,86,284,34,1,1,220,98,2,57,260,1,279,39,0,197,122,8,298,13,1,94,224,55,171,93,0,22,297,0,21,298,1,85,233,0,27,292,23,214,82
2,PUNJAB,09,D.G.KHAN DIVISION,029,DERA GHAZI KHAN DISTRICT,084,DE-EXCLUDED AREA D.G KHAN,335,335,5,329,1,1,0,0,0,4,330,722585,86838,633639,2108,330,1,5,0,0,6,1,3,1,5,18,37,49,316,39,40,0,0,0,300,33,0,0,0,71,4,0,257,329,1,1,0,4,2,238,91,1,164,168,80,253,33,299,15,317,12,320,2,330,0,332,1,331,0,332,0,332,6,326,2,330,12,7,9,3,161,171,277,39,0,3,34,5,6,6,4,5,5,241,30,500,10,151,1,0,6,23,2,170,247,19,1,2,2,329,6,11,12,7,2,2,24,7,10,13,20,289,325,1,0,1,6,2,1,2,325,5,18,4,0,0,1,6,236,96,3,329,1,331,3,329,268,64,0,332,0,332,126,206,4,329,2,1,0,40,0,0,0,0,1,38,0,1,293,3,329,8,324,31,301,0,1,0,5,6,10,262,61,81,239,13,0,116,217,0,16,317,0,154,179,0,134,199,22,298,13,0,53,280,0,18,315,0,0,333,0,5,328,0,14,319,0,0,333,0,21,312
2,PUNJAB,09,D.G.KHAN DIVISION,029,DERA GHAZI KHAN DISTRICT,085,DERA GHAZI KHAN,178,178,18,149,8,9,1,0,1,11,158,504635,292627,182925,29083,162,109,91,42,69,3,18,40,107,15,150,8,0,20,30,0,1,0,2,118,60,64,143,610,132,1,4,40,149,8,9,1,11,27,21,122,5,138,40,99,79,57,121,43,135,29,149,18,160,6,172,3,175,7,171,2,176,64,114,40,138,17,14,40,10,27,151,110,131,14,35,24,44,38,38,10,11,19,83,0,550,11,142,12,2,48,0,14,0,7,2,11,5,27,119,14,24,21,8,14,24,21,15,38,89,27,24,100,2,8,4,72,14,33,8,165,6,90,32,11,9,25,70,77,101,20,158,24,154,25,153,152,26,25,153,18,160,151,27,7,171,1,6,0,0,120,21,27,13,20,28,8,42,35,18,159,15,162,28,149,4,6,13,4,72,3,119,56,131,35,12,0,104,74,0,39,139,0,129,49,0,146,32,19,140,19,0,60,118,32,31,115,0,7,171,0,3,175,0,15,163,0,5,173,11,39,128
2,PUNJAB,09,D.G.KHAN DIVISION,029,DERA GHAZI KHAN DISTRICT,086,KOT CHHUTTA,119,119,15,94,1,6,0,0,0,18,100,432468,254527,167492,10449,106,57,81,40,33,4,17,27,68,13,93,1,1,7,11,0,1,0,0,100,11,8,2,8,76,0,2,28,94,1,6,0,18,6,27,72,1,78,32,68,43,35,75,24,86,13,97,8,102,3,107,3,107,2,108,0,110,28,82,13,97,10,7,15,5,21,88,90,77,8,40,9,36,29,33,8,4,1,48,2,300,4,104,2,0,11,2,6,0,0,0,6,1,6,62,17,24,12,12,21,19,20,23,15,46,23,25,62,0,0,2,47,2,34,1,99,2,45,18,0,3,14,55,50,61,16,95,8,103,12,99,83,28,20,91,12,99,81,30,15,96,2,4,0,0,84,21,24,6,6,3,1,5,17,7,104,16,95,10,101,0,2,3,0,47,0,73,38,90,10,11,1,53,57,0,16,95,0,86,24,0,95,16,11,95,4,0,33,77,22,25,63,0,1,109,0,2,108,2,31,77,0,3,108,25,42,44
2,PUNJAB,09,D.G.KHAN DIVISION,029,DERA GHAZI KHAN DISTRICT,087,TAUNSA,197,197,8,181,3,2,2,1,1,9,184,679733,462354,210159,7220,188,101,152,86,29,14,9,10,98,41,134,3,1,33,44,1,2,1,0,133,60,10,0,50,131,2,0,60,181,3,2,2,9,11,46,130,3,138,55,105,88,55,138,39,154,30,163,23,170,5,188,5,188,4,189,4,189,76,117,59,134,18,9,44,7,76,117,157,123,13,11,13,32,23,29,10,20,16,113,10,350,34,153,11,0,12,1,20,1,1,4,9,3,11,160,20,20,17,7,12,15,25,21,53,68,30,40,83,0,0,4,109,3,1,1,183,0,44,21,6,7,12,65,79,114,6,187,20,173,12,181,132,61,14,179,13,180,119,74,7,187,4,5,0,1,113,51,19,10,18,2,2,6,82,11,183,22,172,15,179,1,3,1,0,109,1,122,70,163,18,12,0,112,81,0,18,175,0,136,57,1,40,152,16,142,36,0,40,153,16,16,162,0,4,190,0,1,193,7,25,162,0,4,190,20,47,127
2,PUNJAB,09,D.G.KHAN DIVISION,030,LAYYAH DISTRICT,088,CHOUBARA,164,164,7,120,37,0,2,0,2,5,120,693175,572460,112293,8422,156,7,143,18,23,83,73,17,135,3,137,0,0,25,0,0,4,0,0,141,18,38,17,1,115,0,6,38,120,37,0,2,5,60,2,97,1,141,18,116,43,31,128,26,133,13,146,6,153,3,156,1,158,3,156,3,156,19,140,12,147,14,17,30,11,56,103,60,99,2,4,29,15,13,14,0,2,0,35,0,120,2,154,3,0,14,0,1,0,0,0,9,4,60,128,8,10,7,17,8,7,13,28,37,37,47,37,79,3,0,1,77,1,1,1,155,3,3,8,0,5,10,48,79,80,5,154,13,146,30,129,140,19,6,153,7,152,120,39,28,132,25,0,3,0,97,36,5,20,17,13,1,46,47,2,157,6,153,5,154,0,0,1,0,77,0,132,25,129,24,4,0,93,64,0,15,142,0,127,30,0,92,65,25,131,1,1,76,82,13,15,131,0,0,159,0,1,158,1,5,153,0,4,155,10,95,54
2,PUNJAB,09,D.G.KHAN DIVISION,030,LAYYAH DISTRICT,089,KAROR LAL ESAN,237,237,4,221,9,3,3,1,2,1,225,363294,298855,49731,14708,233,88,219,109,166,78,154,74,185,1,217,2,0,3,0,0,6,0,3,235,0,255,53,5,196,6,11,21,221,9,3,3,1,104,8,122,1,212,22,198,36,89,145,95,139,36,198,28,206,8,226,7,227,9,225,9,225,56,178,27,207,32,25,72,16,150,84,97,219,20,7,7,71,53,58,10,12,18,51,0,300,11,223,3,2,12,0,3,0,0,0,37,3,104,106,36,42,34,33,28,39,41,39,103,112,16,3,115,2,4,3,117,10,24,12,220,24,57,15,5,6,24,120,102,132,26,208,36,198,47,187,204,30,32,202,42,192,209,25,0,234,0,0,0,0,191,157,131,144,16,51,30,112,27,8,226,31,203,12,222,1,1,3,0,117,0,197,37,213,13,8,0,176,58,0,46,188,2,204,28,0,161,73,9,218,7,1,128,105,51,36,147,0,10,224,0,9,225,0,29,205,0,12,222,21,128,85
2,PUNJAB,09,D.G.KHAN DIVISION,030,LAYYAH DISTRICT,090,LAYYAH,325,325,10,295,6,10,3,1,2,11,306,494700,402875,72326,19499,313,116,262,115,149,47,138,94,222,28,295,5,0,1,0,1,3,0,0,313,4,63,88,9,251,9,12,44,295,6,10,3,11,143,21,148,5,253,63,238,78,104,212,103,213,49,267,43,273,6,310,9,307,6,310,4,312,69,247,27,289,38,28,77,22,150,166,157,271,18,28,19,87,75,73,8,15,9,44,0,135,3,311,2,0,16,5,6,0,0,0,38,6,143,214,35,31,28,16,25,31,29,75,111,130,45,30,180,8,5,12,128,27,79,9,303,8,54,34,8,17,30,137,101,215,16,300,31,285,27,289,271,45,25,291,29,287,265,51,44,272,4,25,1,1,245,199,185,148,81,99,86,169,34,17,299,21,295,17,299,2,4,6,8,128,2,264,50,276,29,11,0,206,110,0,42,274,0,260,56,0,142,174,22,289,5,0,180,136,22,97,197,0,18,298,0,14,302,0,47,269,0,16,300,41,196,79
2,PUNJAB,09,D.G.KHAN DIVISION,031,MUZAFFARGARH DISTRICT,091,ALIPUR,124,124,26,92,1,5,1,0,1,25,97,343967,214795,119912,9260,100,19,84,36,22,38,20,25,40,21,89,10,0,1,3,0,3,0,1,89,10,4,5,20,66,1,1,32,92,1,5,1,25,18,24,56,0,70,29,61,38,30,69,25,74,13,86,9,90,1,98,0,99,5,94,1,98,40,59,27,72,21,6,38,3,38,61,58,80,11,22,11,25,24,24,1,3,2,53,0,160,2,98,6,0,1,0,0,0,0,0,11,0,18,54,13,16,16,4,8,10,14,17,12,38,29,20,67,0,9,0,30,4,10,5,97,3,57,14,6,5,13,37,42,57,11,88,8,91,14,85,88,11,11,88,11,88,83,16,41,59,0,41,0,0,89,33,30,31,1,24,6,25,13,4,95,15,84,21,79,0,0,0,2,30,0,61,38,74,11,14,0,49,50,0,11,88,3,71,25,0,51,48,8,87,4,0,33,66,16,10,73,0,2,97,0,2,97,0,13,86,0,1,98,7,70,22
2,PUNJAB,09,D.G.KHAN DIVISION,031,MUZAFFARGARH DISTRICT,092,JATOI,93,93,6,70,14,3,3,0,3,3,73,290411,239104,43920,7387,88,64,83,65,28,0,45,37,75,14,59,3,0,0,0,1,0,0,0,90,1,0,2,5,67,2,4,16,70,14,3,3,3,22,2,64,2,76,14,65,25,42,48,31,59,17,73,9,81,3,87,4,86,3,87,3,87,47,42,34,56,15,8,21,6,35,56,56,79,12,36,5,34,24,27,4,4,5,43,0,120,0,89,1,0,2,0,1,0,0,0,2,0,22,68,7,14,10,4,6,19,10,27,20,49,15,6,53,0,0,1,38,2,4,3,89,0,22,16,3,11,21,43,34,56,5,85,10,78,11,77,64,26,14,74,18,70,56,34,11,80,0,11,0,1,57,10,19,4,3,7,1,17,25,5,85,18,72,8,81,0,1,2,1,38,2,78,11,47,33,11,0,64,27,0,29,62,0,81,10,0,65,26,30,56,5,1,68,22,4,32,55,0,15,76,0,15,76,1,40,50,0,16,75,28,50,13
2,PUNJAB,09,D.G.KHAN DIVISION,031,MUZAFFARGARH DISTRICT,093,KOT ADDU,340,340,6,306,17,10,4,0,4,3,316,975195,674902,264520,35773,334,120,269,146,111,17,63,39,290,18,220,2,0,17,6,1,5,0,0,300,38,263,91,205,264,0,4,69,306,17,10,4,3,99,12,221,3,272,66,234,103,116,221,102,235,64,273,62,275,33,304,37,300,42,295,45,292,114,223,75,262,41,26,89,19,109,227,199,306,32,57,15,63,66,54,20,28,32,40,0,150,13,331,13,0,17,0,7,1,1,1,51,2,99,243,61,56,53,59,55,49,51,63,101,152,62,22,104,5,20,0,218,13,19,12,325,3,58,35,24,18,40,168,162,176,26,312,68,269,70,268,288,50,66,271,64,274,277,60,36,302,17,6,0,1,248,87,76,74,36,61,35,75,98,23,315,38,300,25,313,4,3,17,43,218,7,243,87,293,30,14,0,211,126,0,89,248,5,263,69,0,171,166,21,292,24,5,119,213,22,80,235,1,20,316,0,23,314,3,70,264,1,20,316,31,132,174
2,PUNJAB,09,D.G.KHAN DIVISION,031,MUZAFFARGARH DISTRICT,094,MUZAFFARGARH,426,426,13,390,8,15,8,0,8,5,405,600145,445729,132699,21717,412,319,382,295,208,13,172,146,307,43,258,71,0,8,11,1,1,0,0,370,45,57,119,2648,270,1,53,91,390,8,15,8,5,81,23,309,2,283,132,235,180,102,313,73,342,40,375,24,391,4,411,6,409,5,410,6,409,121,294,73,342,57,42,101,34,140,275,206,344,28,97,28,98,82,83,9,9,7,45,0,160,7,401,17,1,22,0,2,0,0,1,43,3,81,208,45,39,34,15,24,38,29,66,117,195,81,22,126,1,18,3,276,42,8,41,410,4,116,26,6,10,59,168,179,236,20,395,60,355,72,343,358,57,40,375,41,374,329,86,30,386,1,29,0,1,374,161,110,90,27,41,7,24,44,14,401,46,369,21,394,8,8,9,2,276,0,291,124,313,80,22,1,199,215,0,59,356,5,277,133,0,171,244,76,328,11,0,118,297,55,102,258,0,18,397,0,10,405,1,69,345,1,5,409,85,200,130
2,PUNJAB,09,D.G.KHAN DIVISION,032,RAJANPUR DISTRICT,095,DE-EXCLUDED AREA RAJANPUR,43,43,0,22,0,0,0,0,0,21,22,14477,14092,303,82,15,0,1,0,0,0,0,29,0,0,1,9,2,22,21,7,0,0,2,37,6,20,0,0,11,1,0,31,22,0,0,0,21,2,5,10,26,13,30,4,39,1,42,0,43,0,43,0,43,0,43,0,43,1,42,0,43,0,43,0,43,4,1,1,0,4,39,30,1,0,0,12,0,0,0,0,0,0,336,200,500,1,1,0,1,1,8,0,8,33,1,0,1,2,42,3,2,1,0,0,0,1,0,0,0,0,43,26,2,1,1,14,0,0,0,43,1,1,1,0,0,0,0,14,29,0,43,1,42,0,43,34,9,1,42,0,43,24,19,34,9,32,0,0,7,0,0,0,0,0,0,0,0,43,0,43,0,43,14,29,0,0,0,0,14,0,26,17,3,27,13,0,12,31,0,6,37,0,29,14,0,14,29,10,27,6,0,4,39,1,5,37,0,0,43,0,0,43,0,8,35,0,3,40,7,14,22
2,PUNJAB,09,D.G.KHAN DIVISION,032,RAJANPUR DISTRICT,096,JAMPUR,183,183,16,152,3,12,1,0,1,15,164,571367,378978,181315,11074,163,85,144,23,33,2,11,40,90,7,119,8,0,34,48,0,0,0,4,108,60,6,7,25,93,1,10,64,152,3,12,1,15,11,52,103,2,136,32,113,55,38,130,30,138,19,149,9,159,3,165,4,164,3,165,4,164,29,139,14,154,11,9,13,11,45,123,101,88,6,34,41,31,24,27,2,2,7,153,0,400,9,116,9,0,20,6,22,10,23,6,15,1,11,120,16,18,13,8,10,12,20,25,10,47,70,41,102,11,13,4,59,0,17,2,167,6,73,27,2,3,20,64,52,116,18,150,15,153,16,152,133,35,13,155,11,157,131,37,41,127,13,25,0,0,128,48,48,38,29,40,4,63,31,5,163,9,159,17,151,0,1,0,0,59,0,110,58,140,25,3,0,85,83,0,5,163,0,125,43,1,141,26,14,148,6,0,49,119,53,58,57,0,6,162,0,4,164,0,32,136,0,5,163,14,87,67
2,PUNJAB,09,D.G.KHAN DIVISION,032,RAJANPUR DISTRICT,097,RAJANPUR,219,219,6,198,10,1,2,0,2,8,199,578214,346282,219126,12806,210,119,196,144,72,3,27,55,151,19,157,1,0,4,7,4,0,0,0,151,64,9,3,11,146,2,3,64,198,10,1,2,8,25,53,126,10,140,75,114,101,39,176,28,187,24,191,15,200,5,210,5,210,5,210,3,212,30,185,13,202,5,5,19,9,84,131,150,151,16,24,18,42,22,30,2,4,7,57,0,450,13,173,2,0,25,1,16,2,25,2,12,3,25,167,23,17,14,9,11,23,18,16,22,87,56,50,138,0,13,0,77,1,28,29,211,2,119,31,3,3,24,82,94,121,8,207,7,208,13,202,196,19,9,206,13,202,170,45,116,99,10,75,0,4,139,97,69,53,71,27,17,90,50,5,210,9,206,17,198,1,6,5,1,77,0,113,102,178,16,21,1,108,106,0,35,180,1,159,55,0,90,125,19,181,15,1,42,172,24,89,102,1,19,195,0,6,209,1,56,158,0,9,206,16,145,54
2,PUNJAB,09,D.G.KHAN DIVISION,032,RAJANPUR DISTRICT,098,ROJHAN,89,89,12,71,5,0,0,0,0,13,71,721445,288253,425183,8009,86,40,56,41,0,14,6,3,24,30,77,2,1,7,7,1,0,0,0,63,15,0,0,4,37,0,5,35,71,5,0,0,13,8,29,40,1,46,32,33,45,19,59,14,64,12,66,8,70,2,76,3,75,1,77,4,74,22,56,9,69,8,4,11,2,14,64,46,48,2,9,14,12,9,12,2,2,1,103,30,300,11,72,4,1,4,0,3,0,0,2,3,1,8,60,7,11,9,5,6,5,10,7,4,22,29,22,37,1,4,0,40,2,1,2,77,2,38,14,1,2,5,25,33,45,2,76,5,73,5,73,65,13,5,73,2,76,60,18,7,71,0,7,0,1,67,55,4,3,10,0,1,11,11,2,76,4,74,16,62,1,0,0,0,40,0,51,27,60,9,9,1,48,29,0,4,74,1,61,16,0,16,62,5,68,5,0,12,66,6,17,55,0,3,75,0,2,76,0,13,65,0,1,77,5,32,41
2,PUNJAB,10,FAISALABAD DIVISION,033,CHINIOT DISTRICT,099,BHAWANA,109,109,2,104,3,0,1,0,1,1,104,217211,187931,24173,5107,108,96,52,105,102,9,16,30,82,5,100,8,0,1,3,0,0,0,1,105,3,3,4,0,97,0,3,8,104,3,0,1,1,16,1,91,0,100,8,95,13,26,82,18,90,18,90,5,103,2,106,2,106,2,106,2,106,8,100,4,104,20,12,29,5,13,95,82,105,10,41,0,12,10,12,1,0,0,68,0,130,4,106,8,1,5,0,3,1,0,0,8,0,16,14,11,20,9,2,6,4,11,11,74,28,4,2,9,0,2,0,99,1,19,7,108,0,100,32,0,2,12,17,83,25,3,105,11,97,10,98,102,6,12,96,16,92,102,6,5,103,1,2,0,0,102,60,78,0,1,9,3,30,16,4,104,11,97,7,101,1,1,0,0,99,0,100,8,103,4,1,1,36,71,0,6,102,2,98,8,0,32,76,1,106,1,0,76,32,8,18,82,1,0,107,0,1,107,0,34,74,0,1,107,26,75,7
2,PUNJAB,10,FAISALABAD DIVISION,033,CHINIOT DISTRICT,100,CHINIOT,115,115,3,107,4,1,0,0,0,3,108,170670,143118,19138,8414,114,112,4,111,110,0,7,98,67,1,105,1,0,0,2,4,2,0,0,112,0,22,5,18,84,1,9,18,107,4,1,0,3,55,3,53,1,97,15,89,23,33,79,28,84,14,98,9,103,2,110,2,110,2,110,2,110,15,97,14,98,11,7,10,5,30,82,52,108,25,14,4,4,3,6,3,2,2,56,0,451,3,112,9,0,12,0,0,0,0,0,7,4,55,28,16,13,10,9,9,8,9,12,77,26,3,6,26,1,7,2,80,11,7,1,108,4,93,9,7,2,6,22,59,53,3,109,6,106,13,99,95,17,6,106,18,94,89,23,9,103,0,9,0,4,111,61,73,16,6,9,11,90,6,3,109,4,108,10,102,4,7,7,2,80,1,90,21,101,10,1,1,44,67,0,15,97,3,99,10,0,37,75,3,107,2,0,47,65,9,60,43,0,1,111,0,9,103,0,29,83,0,4,108,10,86,16
2,PUNJAB,10,FAISALABAD DIVISION,033,CHINIOT DISTRICT,101,LALIAN,138,138,4,126,1,1,0,0,0,10,127,265637,216745,42635,6257,134,133,32,130,128,5,26,50,105,10,132,0,0,0,4,1,3,0,0,133,2,21,17,7,110,0,0,25,126,1,1,0,10,65,8,61,1,111,23,105,30,32,102,26,108,19,115,16,118,4,130,5,129,2,132,4,130,14,120,8,126,9,10,13,9,41,94,90,123,16,12,4,20,11,12,1,1,2,58,0,150,1,132,4,1,15,0,0,0,0,0,7,2,65,51,15,15,14,10,12,6,12,16,57,58,11,9,22,7,3,1,107,5,7,1,133,4,120,13,4,2,20,36,75,59,7,127,11,123,15,119,126,8,10,124,15,119,107,27,5,130,0,5,0,1,126,89,88,4,2,35,9,52,20,4,130,25,109,8,126,2,4,6,5,107,1,100,34,112,20,3,0,49,86,0,13,122,2,112,21,0,32,103,3,125,7,1,53,81,12,44,79,0,2,133,0,3,132,0,35,100,0,6,129,11,98,26
2,PUNJAB,10,FAISALABAD DIVISION,034,FAISALABAD DISTRICT,102,CHAK JHUMRA,68,68,0,62,3,3,0,0,0,0,65,120712,93245,22608,4859,67,66,10,67,41,1,34,38,67,0,59,1,0,1,0,0,2,0,0,16,52,65,10,230,66,1,1,0,62,3,3,0,0,64,0,4,0,65,3,63,5,32,36,35,33,17,51,19,49,3,65,2,66,2,66,1,67,50,18,51,17,12,4,47,1,68,0,61,65,56,16,0,23,12,9,0,1,4,39,15,150,13,62,8,0,42,0,1,0,0,0,36,2,64,1,16,18,15,11,10,10,16,55,64,4,0,0,53,2,52,0,10,52,8,5,57,1,34,18,2,1,8,35,60,8,3,65,41,27,29,39,65,3,35,33,42,26,63,5,0,68,0,0,0,0,22,15,31,1,0,1,0,28,13,9,59,10,58,8,60,5,2,2,3,10,2,65,1,58,8,2,0,37,31,0,33,35,1,61,6,0,67,1,1,66,1,0,67,1,2,24,42,0,2,66,0,5,63,0,11,57,0,6,62,3,63,2
2,PUNJAB,10,FAISALABAD DIVISION,034,FAISALABAD DISTRICT,103,FAISALABAD CITY,26,26,0,0,24,2,0,0,0,0,2,51669,13256,5256,33157,25,6,2,6,21,1,3,21,24,1,3,0,0,0,0,2,1,0,0,9,17,13,34,0,26,0,0,0,0,24,2,0,0,25,0,1,0,25,1,26,0,25,1,25,1,22,4,22,4,12,14,12,14,5,21,6,20,22,4,21,5,7,0,17,0,21,5,19,25,26,22,0,8,4,3,3,1,1,102,70,150,21,23,9,0,13,0,0,0,1,1,15,6,25,1,19,18,15,11,18,21,16,21,23,3,0,0,11,1,19,9,1,23,19,11,11,2,1,18,1,3,9,21,24,2,22,4,25,1,23,3,25,1,25,1,25,1,26,0,0,26,0,0,0,2,6,5,23,3,3,1,1,5,3,19,7,19,7,17,9,2,9,16,10,1,3,23,0,3,21,2,0,25,1,0,23,3,1,24,1,0,25,1,16,10,0,0,25,1,0,4,22,0,7,19,0,19,7,0,10,16,0,11,15,4,20,2
2,PUNJAB,10,FAISALABAD DIVISION,034,FAISALABAD DISTRICT,104,FAISALABAD SADAR,174,174,0,163,3,8,0,0,0,0,171,324625,255865,45236,23524,173,57,28,157,111,1,64,76,174,4,124,1,0,2,0,0,3,0,0,51,123,273,158,35,162,8,2,2,163,3,8,0,0,160,0,14,0,174,0,173,1,117,57,133,41,69,105,77,97,4,170,7,167,3,171,3,171,38,136,37,137,40,31,64,18,86,88,104,169,161,108,0,67,37,34,0,2,8,63,10,200,13,89,25,1,134,0,1,0,3,1,37,6,160,3,53,60,39,28,38,51,57,107,168,6,0,0,30,5,2,1,142,61,64,11,141,5,103,35,4,4,30,65,103,71,30,144,122,52,74,100,162,12,113,61,135,39,170,4,1,173,1,0,0,0,120,7,65,2,3,0,4,9,33,29,145,76,98,15,159,6,15,29,7,142,2,167,5,130,44,0,0,111,63,0,76,98,0,138,36,1,151,22,16,156,2,3,114,57,8,46,120,0,6,168,0,12,162,0,34,140,0,13,161,5,110,59
2,PUNJAB,10,FAISALABAD DIVISION,034,FAISALABAD DISTRICT,105,JARANWALA,263,263,0,251,4,8,0,0,0,0,259,440790,349683,63514,27593,263,221,45,235,171,3,58,104,254,1,216,1,0,0,0,0,6,0,0,57,206,405,209,213,255,0,6,2,251,4,8,0,0,229,1,33,0,255,8,251,12,106,157,120,143,59,204,50,213,6,257,6,257,6,257,6,257,67,196,51,212,27,25,57,20,152,111,113,237,209,64,5,32,16,25,4,6,7,69,12,180,9,201,37,2,147,0,4,0,2,9,37,14,229,8,47,52,40,10,22,20,31,74,244,18,1,0,86,0,44,20,155,141,39,18,205,10,145,60,5,9,27,65,169,94,18,245,84,179,78,185,235,28,74,189,126,137,244,19,6,257,0,0,5,0,108,16,85,15,5,1,19,51,104,22,241,92,171,16,247,12,8,13,2,155,1,234,28,229,28,6,0,167,96,0,84,179,0,236,27,0,210,53,21,239,3,7,145,111,7,52,204,0,12,251,0,15,248,2,50,211,0,26,237,13,177,73
2,PUNJAB,10,FAISALABAD DIVISION,034,FAISALABAD DISTRICT,106,SAMMUNDRI,130,130,0,115,14,1,0,0,0,0,116,216356,184995,20470,10891,130,103,73,125,117,4,51,63,130,0,103,0,0,0,0,0,4,0,0,62,68,319,53,22,121,3,2,4,115,14,1,0,0,110,2,17,1,130,0,126,4,70,60,90,40,34,96,35,95,3,127,2,128,6,124,4,126,52,78,50,80,26,14,36,11,34,96,57,129,110,48,0,29,24,30,3,4,9,59,15,160,15,86,16,1,84,1,6,0,0,2,36,1,110,10,37,38,32,22,35,19,33,43,129,1,0,0,23,3,14,0,100,32,22,5,111,5,87,27,6,5,18,31,84,46,16,114,71,59,51,79,114,16,73,57,100,30,118,12,14,116,3,0,0,0,47,11,48,2,1,1,1,17,75,13,117,59,71,10,120,0,1,6,1,100,0,113,17,114,11,5,0,67,63,0,24,106,0,109,21,0,120,10,11,119,0,1,81,48,3,24,103,0,2,128,0,2,128,0,23,107,0,18,112,15,71,44
2,PUNJAB,10,FAISALABAD DIVISION,034,FAISALABAD DISTRICT,107,TANDLIAN WALA,181,181,6,164,4,5,0,0,0,8,169,293127,250506,30527,12094,177,134,158,160,176,17,30,94,138,11,143,2,0,1,1,2,4,0,0,139,36,39,4,0,157,6,5,7,164,4,5,0,8,101,0,73,1,158,17,143,32,74,101,60,115,29,146,16,159,2,173,3,172,1,174,1,174,19,156,16,159,39,15,33,9,71,104,56,157,60,22,3,24,21,25,3,3,8,68,20,200,5,153,34,5,32,0,2,0,1,1,34,2,101,37,39,39,37,15,19,18,29,53,132,40,2,1,18,2,28,6,127,10,20,28,162,8,99,63,5,9,26,47,81,94,25,150,51,124,57,118,152,23,47,128,74,101,150,25,2,173,0,1,0,2,118,2,50,10,0,0,3,35,36,9,166,21,154,20,155,0,2,5,1,127,0,127,48,151,8,16,1,77,97,0,33,142,0,143,32,0,100,75,14,156,5,2,51,122,5,49,121,0,2,173,0,8,167,0,29,146,0,2,173,8,105,62
2,PUNJAB,10,FAISALABAD DIVISION,035,JHANG DISTRICT,108,18-HAZARI,118,118,1,101,8,1,0,0,0,8,102,385360,335983,41403,7974,116,102,85,85,88,24,11,19,16,21,107,1,0,22,2,0,2,0,0,116,1,5,1,3,80,0,9,28,101,8,1,0,8,29,12,76,0,82,35,78,39,32,85,26,91,17,100,9,108,1,116,0,117,0,117,0,117,28,89,22,95,16,9,31,3,58,59,87,92,15,20,10,12,12,14,1,2,4,52,0,200,0,117,6,0,5,0,1,0,0,0,5,0,29,73,14,10,11,8,12,11,15,24,36,44,32,5,55,4,8,0,61,0,12,16,116,1,60,14,1,0,11,40,52,65,9,108,4,113,18,99,108,9,7,110,11,106,105,12,68,49,10,56,0,0,105,1,34,0,0,0,2,8,19,2,115,17,100,3,114,1,1,1,6,61,0,107,10,100,16,1,0,52,65,0,28,89,1,94,22,0,28,89,10,106,1,0,54,63,16,41,60,0,3,114,0,3,114,0,25,92,0,3,114,4,73,40
2,PUNJAB,10,FAISALABAD DIVISION,035,JHANG DISTRICT,109,AHMADPUR SIAL,106,106,5,95,5,1,0,0,0,5,96,206188,174746,22817,8625,104,101,100,99,94,10,36,42,85,9,96,0,0,0,3,2,2,0,0,100,1,6,33,12,85,0,2,14,95,5,1,0,5,50,5,46,0,89,12,79,22,37,64,22,79,21,80,11,90,3,98,4,97,3,98,3,98,30,71,12,89,17,7,28,6,31,70,29,89,14,17,2,24,16,21,1,3,3,37,0,130,1,97,2,1,6,0,3,0,0,0,14,0,50,75,16,16,14,5,12,21,21,16,11,72,15,3,30,0,0,2,72,2,14,3,99,4,42,19,1,6,19,53,61,40,3,98,8,93,18,83,93,8,7,94,11,90,92,9,42,60,0,32,1,2,97,28,50,28,1,0,8,27,26,12,89,11,90,6,95,0,3,0,0,72,1,81,20,83,15,4,0,62,40,0,9,93,0,83,19,0,32,70,4,96,2,1,43,58,2,12,88,0,3,99,0,0,102,1,15,86,0,3,99,4,53,45
2,PUNJAB,10,FAISALABAD DIVISION,035,JHANG DISTRICT,110,JHANG,373,373,9,346,11,6,0,0,0,10,352,638724,536216,79142,23366,363,349,233,331,261,17,54,90,182,41,338,1,0,0,3,3,0,0,0,364,6,58,82,65,273,2,32,62,346,11,6,0,10,113,20,234,3,301,68,283,86,125,244,112,257,70,299,51,318,11,358,12,357,3,366,3,366,73,296,58,311,60,45,100,23,158,210,37,322,44,20,27,92,85,78,6,5,9,50,0,140,2,361,13,0,18,0,6,0,0,2,45,3,113,124,59,60,49,18,27,36,47,101,101,198,52,18,105,1,11,5,256,14,14,20,352,5,219,74,12,12,30,135,185,184,34,335,33,335,41,327,332,36,23,345,39,329,288,80,91,279,1,86,4,3,352,24,57,17,0,3,5,4,98,24,343,52,316,20,347,6,4,4,5,256,3,294,73,336,25,9,0,181,189,0,71,299,0,276,94,0,123,247,17,335,18,1,151,218,21,189,160,0,12,358,0,4,366,1,51,318,0,8,362,54,231,85
2,PUNJAB,10,FAISALABAD DIVISION,035,JHANG DISTRICT,111,SHORKOT,127,127,8,114,1,4,4,0,4,4,118,286254,230876,44707,10671,117,115,112,111,92,17,74,54,103,10,111,0,0,0,1,0,2,0,0,97,22,33,5,81,93,1,6,19,114,1,4,4,4,30,4,84,1,108,11,105,14,53,66,43,76,32,87,21,98,3,116,3,116,2,117,2,117,25,94,20,99,16,8,15,2,30,89,15,114,17,11,2,28,25,22,3,3,3,52,0,250,2,115,4,0,1,0,3,0,2,0,11,2,30,53,18,17,12,8,14,15,17,12,43,61,12,3,60,0,1,1,58,9,16,11,116,1,67,16,4,4,10,48,40,79,15,104,22,97,16,103,99,20,22,97,26,93,92,27,8,111,1,6,0,0,88,19,23,9,1,3,1,4,32,14,105,19,100,7,112,0,0,8,0,58,1,102,16,101,17,1,0,55,64,0,20,99,3,96,20,0,64,55,4,114,1,2,42,75,0,16,103,0,0,119,0,1,118,0,16,103,0,10,109,4,61,54
2,PUNJAB,10,FAISALABAD DIVISION,036,TOBA TEK SINGH DISTRICT,112,GOJRA,132,132,1,125,3,4,0,0,0,0,129,210490,171173,29673,9644,130,58,99,123,118,12,58,65,132,1,104,0,0,2,0,0,1,0,0,34,98,127,64,10,128,0,4,0,125,3,4,0,0,125,0,7,0,132,0,131,1,47,85,67,65,29,103,28,104,5,127,6,126,3,129,4,128,56,76,50,82,15,15,40,8,86,46,85,131,85,72,0,18,12,14,1,1,5,62,15,150,56,86,11,0,44,0,3,0,1,6,19,3,125,8,29,28,18,9,19,12,25,73,121,10,1,0,46,2,35,0,74,53,36,17,107,10,60,11,8,3,17,41,101,31,10,122,61,71,35,97,123,9,55,77,63,69,120,12,0,132,0,0,0,0,106,33,90,29,3,30,18,26,40,9,123,34,98,7,125,3,6,19,4,74,1,127,4,122,10,0,0,89,43,0,53,79,0,125,7,0,130,2,5,125,2,0,109,23,3,30,99,0,0,132,0,5,127,1,29,102,0,15,117,6,99,27
2,PUNJAB,10,FAISALABAD DIVISION,036,TOBA TEK SINGH DISTRICT,113,KAMALIA,111,111,1,104,1,3,1,0,1,2,107,118116,95671,16770,5675,108,104,10,105,78,5,5,19,83,4,105,0,0,0,0,1,3,0,0,108,2,186,58,3,91,3,6,10,104,1,3,1,2,87,0,23,0,88,22,76,34,33,77,41,69,13,97,14,96,1,109,1,109,2,108,1,109,11,99,7,103,16,24,10,16,69,41,81,106,35,19,1,15,14,15,1,2,2,66,0,160,11,108,8,0,2,0,1,0,0,0,10,2,87,30,14,11,7,5,10,4,15,29,88,18,1,3,16,0,11,0,89,4,12,0,106,0,52,7,3,2,17,31,58,52,4,106,15,95,18,92,110,0,11,99,19,91,105,5,3,107,0,3,0,1,105,8,51,17,0,3,2,8,10,4,106,14,96,4,106,3,2,5,4,89,0,86,24,102,5,3,0,56,54,0,19,91,0,87,23,0,80,30,5,102,3,1,51,58,11,38,61,0,12,98,0,8,102,0,61,49,0,13,97,12,86,12
2,PUNJAB,10,FAISALABAD DIVISION,036,TOBA TEK SINGH DISTRICT,115,PIRMAHAL,133,133,0,125,1,5,0,0,0,2,130,194953,154261,32796,7896,133,108,53,96,28,1,23,7,115,4,128,1,0,0,0,0,2,0,0,98,35,185,54,64,116,2,8,7,125,1,5,0,2,108,4,19,2,113,20,103,30,36,97,46,87,14,119,21,112,2,131,3,130,1,132,1,132,38,95,30,103,14,16,28,11,76,57,119,129,69,62,0,15,13,15,1,2,4,53,8,130,39,109,14,0,11,0,1,0,4,0,7,2,108,34,24,16,10,5,12,9,20,44,103,25,3,2,44,1,2,0,88,17,30,2,122,2,70,9,3,1,42,37,90,43,13,120,41,92,25,108,132,1,43,90,48,85,127,6,9,124,0,3,0,0,104,12,51,21,0,15,3,19,34,7,126,26,107,6,127,0,0,5,0,88,1,120,12,126,6,1,0,86,47,0,26,107,0,123,10,0,121,12,5,128,0,0,84,49,9,43,81,0,0,133,0,0,133,0,26,107,0,10,123,24,92,17
2,PUNJAB,10,FAISALABAD DIVISION,036,TOBA TEK SINGH DISTRICT,116,TOBA TEK SINGH,168,168,1,166,1,0,0,0,0,1,166,281018,230089,38338,12591,166,41,144,152,156,10,118,71,166,1,139,0,0,3,0,0,17,0,0,49,118,246,172,14,164,1,2,0,166,1,0,0,1,128,0,39,0,167,0,164,3,86,81,118,49,35,132,49,118,6,161,6,161,2,165,3,164,89,78,83,84,22,13,53,5,112,55,157,163,125,125,0,36,19,19,0,1,7,66,20,150,93,91,18,2,33,1,4,0,2,8,8,1,128,7,30,34,16,8,25,19,29,67,144,22,0,1,113,4,30,2,48,94,52,17,135,8,79,23,3,4,50,71,155,12,21,146,108,59,65,102,166,1,107,60,97,70,162,5,36,131,2,0,0,0,153,6,93,9,1,2,2,3,39,14,153,57,110,6,161,0,8,10,3,48,0,153,14,159,7,1,0,116,51,0,45,122,0,142,25,0,164,3,8,158,1,1,127,39,6,53,108,0,4,163,0,7,160,0,22,145,0,30,137,24,130,13
2,PUNJAB,11,GUJRANWALA DIVISION,037,GUJRANWALA DISTRICT,117,GUJRANWALA CITY,26,26,2,3,20,1,0,0,0,2,4,40872,4289,6576,30007,15,12,0,0,4,0,0,7,1,0,19,1,0,0,0,0,0,0,0,24,2,0,0,0,23,2,0,0,3,20,1,0,2,26,0,0,0,24,0,23,1,20,4,19,5,17,7,17,7,6,18,7,17,4,20,3,21,16,8,15,9,5,3,13,3,21,4,23,26,26,24,0,9,6,6,1,3,4,60,0,110,9,22,13,0,0,0,0,0,0,0,10,15,26,1,14,10,10,13,11,20,12,13,14,12,0,0,10,2,19,2,4,25,20,15,20,10,8,24,5,4,10,22,25,1,22,4,25,1,25,1,26,0,25,1,24,2,26,0,0,26,0,0,0,0,9,6,22,5,2,1,2,3,0,21,5,18,8,14,12,3,7,10,7,4,3,20,3,1,12,13,1,20,5,1,18,7,1,24,1,0,25,1,13,11,1,0,21,5,1,6,19,0,11,15,0,15,11,0,15,11,0,14,12,2,22,2
2,PUNJAB,11,GUJRANWALA DIVISION,037,GUJRANWALA DISTRICT,118,GUJRANWALA SADDAR,195,195,3,159,24,9,0,0,0,3,168,191399,155170,20017,16212,193,187,4,28,43,1,10,63,112,0,183,7,0,0,0,0,1,1,0,175,17,207,196,28,170,16,1,5,159,24,9,0,3,183,1,8,0,182,10,176,16,65,127,69,123,35,157,33,159,6,186,5,187,3,189,6,186,44,148,45,147,31,28,36,20,84,108,125,188,122,79,0,29,24,18,2,9,18,55,1,200,5,179,38,0,14,1,1,0,0,0,109,73,183,0,37,32,21,12,16,28,23,48,176,15,1,0,22,3,45,0,133,168,42,17,71,16,75,39,5,1,16,54,100,93,32,161,79,114,49,144,161,32,90,103,104,89,164,29,12,181,0,8,3,0,151,10,62,1,5,1,4,104,33,16,177,33,160,14,179,4,7,11,8,133,0,174,18,149,39,4,0,111,81,1,66,125,2,159,31,0,182,10,24,166,2,0,88,104,3,52,137,0,8,184,0,8,184,4,21,167,0,12,180,5,99,88
2,PUNJAB,11,GUJRANWALA DIVISION,037,GUJRANWALA DISTRICT,119,KAMOKE,170,170,1,162,2,5,0,0,0,1,167,203394,179921,19277,4196,170,164,2,20,28,1,13,59,135,0,158,10,0,1,6,5,1,3,0,146,23,87,38,25,150,8,4,7,162,2,5,0,1,147,3,19,0,155,14,151,18,38,131,41,128,24,145,19,150,4,165,3,166,3,166,4,165,24,145,21,148,20,24,26,11,56,113,101,162,51,35,1,12,6,8,0,2,8,79,1,600,6,169,9,1,3,0,0,0,0,0,67,58,147,1,26,26,20,10,11,12,23,41,163,5,1,0,6,4,27,10,128,77,29,8,121,24,131,15,3,3,11,30,100,69,12,157,29,140,20,149,159,10,29,140,34,135,160,9,61,108,0,57,0,5,144,36,59,23,3,1,24,141,28,5,164,22,147,9,160,6,5,2,0,128,0,139,30,140,23,6,0,89,80,0,41,128,0,129,40,2,141,26,12,149,8,0,84,85,9,29,131,1,7,161,0,9,160,0,20,149,0,5,164,7,80,82
2,PUNJAB,11,GUJRANWALA DIVISION,037,GUJRANWALA DISTRICT,120,NOWSHERA VIRKAN,183,183,1,177,3,2,0,0,0,1,179,213898,195365,11833,6700,181,180,4,69,79,1,57,127,172,5,166,0,0,0,0,8,0,0,0,181,1,103,93,20,166,12,2,2,177,3,2,0,1,167,0,15,0,166,16,161,21,63,119,79,103,29,153,31,151,6,176,8,174,3,179,4,178,52,130,46,136,19,24,27,18,101,81,118,181,57,39,0,21,15,18,1,5,6,79,0,150,5,180,3,0,2,0,0,0,0,0,90,77,167,4,29,28,22,8,13,7,18,56,174,8,0,0,47,23,32,1,108,79,36,16,157,13,151,26,2,4,11,57,124,58,15,167,44,138,31,151,174,8,45,137,45,137,156,26,22,160,0,1,0,8,125,5,8,0,0,3,1,71,22,7,175,31,151,8,174,0,4,8,9,108,0,174,8,161,21,0,0,126,56,0,53,129,0,152,30,0,174,8,4,177,1,0,127,55,11,35,136,0,4,178,0,2,180,0,24,158,0,7,175,3,123,56
2,PUNJAB,11,GUJRANWALA DIVISION,037,GUJRANWALA DISTRICT,121,WAZIRABAD,262,262,18,224,13,7,0,0,0,18,231,293972,232369,51644,9959,247,248,3,181,155,2,70,206,172,6,246,5,0,0,15,0,1,1,0,243,1,213,98,1235,198,25,16,5,224,13,7,0,18,234,3,7,0,235,9,232,12,58,186,72,172,34,210,36,208,6,238,13,231,9,235,7,237,58,186,51,193,30,32,35,23,102,142,187,231,205,116,0,38,30,29,7,11,10,57,0,200,8,244,8,0,6,0,0,0,0,0,116,97,234,4,37,31,24,23,28,17,38,54,244,0,0,0,83,7,75,2,123,72,128,29,234,9,212,25,8,9,27,71,198,46,32,212,139,105,56,188,241,3,135,109,151,93,235,9,9,235,0,9,0,0,213,46,175,27,3,3,2,188,24,18,226,43,201,17,227,6,7,9,9,123,3,236,5,212,30,2,0,154,90,0,54,190,0,213,31,0,236,8,22,221,1,1,164,79,4,47,193,0,5,239,0,7,237,0,28,216,0,7,237,8,230,6
2,PUNJAB,11,GUJRANWALA DIVISION,038,GUJRAT DISTRICT,122,GUJRAT,540,540,51,452,26,11,0,0,0,51,463,363098,271812,80980,10306,506,363,8,134,118,24,10,94,58,12,454,5,0,171,10,1,4,0,4,470,25,148,56,293,420,33,27,13,452,26,11,0,51,460,4,26,1,429,62,423,68,162,329,160,331,98,393,86,405,16,475,18,473,17,474,11,480,135,356,103,388,64,77,81,50,200,293,165,438,362,119,9,59,48,52,9,6,12,109,0,400,66,468,45,1,6,0,1,0,0,2,260,163,460,7,88,75,58,42,56,75,62,118,474,13,5,0,70,12,158,5,299,238,175,29,337,11,248,47,16,7,43,109,309,182,52,439,317,174,159,333,446,46,325,166,335,157,450,42,29,465,3,26,2,1,371,15,175,6,1,1,23,69,61,38,454,91,401,31,461,2,7,10,4,299,9,425,60,311,163,20,0,275,219,1,118,375,2,400,92,6,449,39,50,423,21,0,248,246,8,126,360,0,18,476,0,6,488,0,56,438,1,74,419,17,229,248
2,PUNJAB,11,GUJRANWALA DIVISION,038,GUJRAT DISTRICT,123,KHARIAN,433,433,21,384,14,11,0,0,0,24,395,293550,221530,64165,7855,426,143,2,48,39,35,9,24,75,17,355,4,0,258,2,14,3,1,1,403,14,88,25,206,379,15,14,7,384,14,11,0,24,410,0,1,6,345,72,350,67,112,305,109,308,65,352,66,351,8,409,11,406,9,408,10,407,143,274,113,304,38,45,46,31,185,232,238,400,200,88,3,24,26,24,4,10,11,119,0,580,39,406,16,3,0,1,0,0,0,3,210,107,410,6,57,52,45,36,36,41,56,165,404,5,1,5,43,4,113,11,261,83,309,18,359,3,256,34,7,5,25,59,308,109,53,364,236,181,85,332,398,19,256,161,215,202,393,24,8,413,0,6,3,14,204,14,102,12,3,12,12,48,156,42,375,103,314,19,398,0,5,7,2,261,10,358,49,293,106,18,0,144,273,0,53,364,2,284,131,25,372,20,51,353,13,1,216,200,11,105,301,0,5,412,0,5,412,3,33,381,9,85,323,14,163,240
2,PUNJAB,11,GUJRANWALA DIVISION,038,GUJRAT DISTRICT,124,SARAI ALAMGIR,111,111,8,89,9,5,0,0,0,8,94,160962,96847,62036,2079,108,23,0,15,55,4,0,26,0,4,86,2,0,90,2,0,0,1,0,104,0,201,14,2,98,3,0,2,89,9,5,0,8,95,0,8,0,80,23,79,24,33,70,36,67,19,84,18,85,0,103,2,101,5,98,3,100,36,67,27,76,5,8,15,8,61,42,55,98,74,25,0,5,6,5,2,5,3,96,0,300,6,102,13,0,2,8,0,1,0,0,80,13,95,3,16,14,8,6,9,20,9,26,100,3,0,0,32,2,56,2,40,28,61,6,87,0,27,12,4,2,6,16,83,21,11,93,71,33,21,83,101,3,77,27,68,36,101,3,0,104,0,0,0,0,38,2,14,0,0,4,0,0,55,17,87,30,74,5,99,0,0,3,0,40,17,75,12,37,64,3,0,54,50,0,9,95,0,83,21,5,87,12,19,83,2,1,54,49,8,46,50,1,8,95,1,2,101,0,12,92,4,31,69,0,19,85
2,PUNJAB,11,GUJRANWALA DIVISION,039,HAFIZABAD DISTRICT,125,HAFIZABAD,218,218,13,186,16,3,0,0,0,13,189,292903,234204,52281,6418,214,212,5,101,65,0,27,84,157,5,208,1,0,4,1,1,3,1,1,193,12,87,77,524,191,5,2,7,186,16,3,0,13,183,0,22,0,195,10,185,20,54,151,53,152,22,183,21,184,2,203,2,203,4,201,3,202,27,178,24,181,29,22,34,12,88,117,83,196,83,42,1,30,18,24,0,5,2,56,0,300,7,200,7,0,41,1,6,0,0,0,92,83,183,5,30,22,19,7,12,13,22,51,193,10,1,1,76,1,90,4,79,177,34,13,137,3,121,11,1,10,20,61,114,91,13,192,46,159,33,172,193,12,42,163,46,159,177,28,31,174,0,23,0,1,111,19,40,26,0,4,1,140,45,5,200,30,175,10,195,1,4,7,11,79,0,167,38,182,20,3,0,106,99,0,29,176,0,146,59,1,159,45,9,192,4,1,101,103,3,39,163,0,2,203,0,12,193,0,16,189,0,7,198,5,96,104
2,PUNJAB,11,GUJRANWALA DIVISION,039,HAFIZABAD DISTRICT,126,PINDI BHATTIAN,204,204,7,189,6,3,0,0,0,6,192,286765,239345,41670,5750,198,199,9,130,93,0,43,69,91,1,193,1,0,0,1,2,2,0,2,170,28,23,7,119,183,5,1,9,189,6,3,0,6,149,0,49,0,175,23,160,38,57,141,49,149,21,177,15,183,3,195,2,196,5,193,4,194,37,161,30,168,25,18,29,10,87,111,54,196,30,28,1,21,11,15,2,4,8,69,0,250,2,193,6,0,25,0,10,0,0,0,66,63,149,16,21,15,17,12,13,9,13,25,174,20,1,3,42,1,35,2,135,100,5,9,156,5,115,20,3,12,18,46,87,111,11,187,22,176,23,175,183,15,19,179,30,168,171,27,26,172,0,24,1,2,99,42,46,17,0,2,6,114,59,4,194,15,183,10,188,3,5,23,27,135,1,179,18,179,16,3,1,90,107,0,24,174,0,138,60,0,137,61,12,182,4,0,58,140,7,44,147,0,1,197,0,1,197,0,9,189,0,6,192,3,109,86
2,PUNJAB,11,GUJRANWALA DIVISION,040,MANDI BAHAUDDIN DISTRICT,127,MALAKWAL,84,84,1,78,2,3,1,1,0,0,82,176756,147554,24278,4924,84,81,26,80,45,2,36,29,70,1,62,1,0,0,0,8,4,1,0,76,8,73,65,205,71,2,8,3,78,2,3,1,0,81,1,2,0,83,1,79,5,33,51,42,42,24,60,26,58,3,81,6,78,5,79,10,74,33,51,32,52,10,3,21,2,46,38,32,74,42,16,2,19,13,15,0,4,10,68,20,110,1,80,1,0,8,0,0,0,0,0,14,16,81,1,23,16,10,10,13,9,13,32,55,28,1,0,14,0,15,3,54,26,13,0,76,0,42,11,2,4,17,33,42,42,10,74,30,54,26,58,70,14,26,58,36,48,75,9,0,84,0,0,0,8,16,0,10,4,0,5,3,5,57,8,76,29,55,8,76,0,9,13,2,54,0,75,9,66,14,4,0,49,35,0,19,65,0,65,19,0,81,3,11,73,0,1,55,28,1,44,39,0,1,83,0,2,82,0,21,63,0,6,78,3,69,12
2,PUNJAB,11,GUJRANWALA DIVISION,040,MANDI BAHAUDDIN DISTRICT,128,MANDI BAHAUDDIN,116,116,10,102,5,2,0,0,0,7,104,208990,170913,29117,8960,113,111,16,109,61,4,13,51,93,0,105,4,0,4,3,8,0,0,1,90,20,117,21,334,97,0,6,6,102,5,2,0,7,107,1,2,0,99,10,102,8,57,52,60,49,36,73,41,68,6,103,5,104,7,102,5,104,28,81,26,83,15,20,13,13,69,40,49,102,83,30,2,29,20,19,4,3,10,44,0,150,4,95,16,1,44,0,2,0,0,1,22,27,107,2,22,21,14,7,15,14,18,36,92,16,1,0,16,2,21,0,79,30,53,10,105,6,88,23,6,2,16,50,73,37,37,73,60,49,32,77,102,7,58,51,58,51,102,7,28,84,0,28,0,8,73,9,32,6,3,2,0,17,25,19,91,58,52,16,94,0,5,7,5,79,0,100,10,93,12,5,0,73,37,0,18,92,0,95,15,2,106,2,6,103,1,0,68,42,6,46,58,0,2,108,0,3,107,0,19,91,0,17,93,5,64,41
2,PUNJAB,11,GUJRANWALA DIVISION,040,MANDI BAHAUDDIN DISTRICT,129,PHALIA,233,233,16,208,6,3,0,0,0,16,211,307847,254488,48701,4658,220,218,30,196,97,6,42,110,156,12,182,2,0,1,2,6,1,0,0,215,2,116,38,1192,197,7,7,6,208,6,3,0,16,217,0,0,0,197,20,187,30,63,154,69,148,38,179,40,177,7,210,7,210,4,213,6,211,59,158,48,169,15,14,26,18,136,81,125,211,72,45,0,47,38,40,1,3,9,49,0,600,33,212,24,1,3,1,0,1,0,0,37,54,217,7,28,28,16,17,19,12,21,34,188,27,2,0,50,9,29,2,151,32,104,16,214,13,181,20,10,6,25,70,107,110,51,166,80,137,46,171,200,17,80,137,50,167,197,20,25,193,0,23,0,6,172,72,107,81,47,25,15,96,20,13,204,56,161,9,208,1,17,35,57,151,1,198,18,198,17,2,0,125,92,0,73,144,0,176,41,1,188,28,13,201,3,0,164,53,38,70,109,0,20,197,0,27,190,0,65,152,0,23,194,8,131,78
2,PUNJAB,11,GUJRANWALA DIVISION,041,NAROWAL DISTRICT,130,NAROWAL,380,380,38,324,6,12,0,0,0,38,336,183200,157535,19718,5947,378,377,2,57,12,10,20,119,83,3,361,1,0,8,0,1,1,0,0,342,0,190,16,49,221,3,100,18,324,6,12,0,38,332,0,10,0,283,59,278,64,76,266,77,265,43,299,37,305,4,338,4,338,3,339,2,340,57,285,38,304,16,39,41,42,215,127,62,320,189,23,1,25,26,26,0,6,3,92,40,300,26,339,150,1,3,0,0,0,0,0,65,27,332,5,28,22,18,21,21,13,27,37,321,20,1,0,30,0,6,0,310,4,174,1,308,0,341,23,3,3,20,34,114,228,21,321,60,282,50,292,317,25,64,278,114,228,330,12,26,317,0,26,0,1,200,20,40,5,6,6,10,291,60,11,331,36,306,9,333,3,3,8,5,310,0,300,42,305,37,0,1,124,217,0,36,306,0,204,138,0,321,21,13,322,7,0,206,136,2,42,298,0,4,338,0,5,337,0,26,316,0,21,321,15,166,161
2,PUNJAB,11,GUJRANWALA DIVISION,041,NAROWAL DISTRICT,131,SHAKARGARH,615,615,97,504,7,7,0,0,0,97,511,259153,214670,37799,6684,573,567,5,163,47,114,18,90,0,14,539,19,0,181,30,4,2,1,0,519,1,84,8,5,305,19,156,38,504,7,7,0,97,432,3,82,1,360,158,391,127,84,434,81,437,46,472,42,476,6,512,7,511,4,514,4,514,54,464,41,477,21,60,50,54,150,368,134,484,269,69,7,51,50,47,1,14,10,116,0,450,13,513,40,1,14,1,0,0,1,0,95,14,432,32,45,37,32,10,19,23,27,101,497,16,3,2,34,2,41,0,447,5,136,15,503,10,482,41,11,4,16,62,212,307,27,492,62,457,91,428,439,80,64,455,175,344,418,101,28,490,0,17,0,4,307,114,153,0,3,2,3,73,219,12,506,49,469,14,504,1,2,1,0,447,13,439,66,400,111,7,0,143,375,0,11,507,1,300,217,1,472,45,61,452,5,11,247,260,17,173,328,0,14,504,0,1,517,1,30,487,0,28,490,66,190,262
2,PUNJAB,11,GUJRANWALA DIVISION,041,NAROWAL DISTRICT,132,ZAFARWAL,321,321,18,289,4,10,0,0,0,18,299,133160,112454,17328,3378,320,318,3,52,1,11,12,28,2,6,308,3,0,82,0,0,1,0,0,301,3,34,6,25,181,6,91,25,289,4,10,0,18,233,1,69,0,230,73,226,77,51,252,55,248,25,278,21,282,1,302,1,302,1,302,1,302,42,261,35,268,8,28,16,31,95,208,18,290,202,40,3,32,23,27,2,5,2,97,0,450,12,299,24,0,24,0,0,0,0,0,43,17,233,14,31,23,17,11,19,12,20,51,289,11,2,1,27,3,29,1,252,3,125,14,295,5,295,18,2,2,11,48,140,163,35,268,63,240,65,238,296,7,68,235,105,198,299,4,6,297,0,6,0,0,253,27,143,0,2,2,8,187,61,7,296,35,268,7,296,0,0,5,3,252,1,296,6,246,54,3,0,169,134,0,88,215,0,263,40,0,297,6,37,266,0,0,239,64,13,83,207,0,5,298,0,3,300,0,31,272,0,37,266,40,94,169
2,PUNJAB,11,GUJRANWALA DIVISION,042,SIALKOT DISTRICT,133,DASKA TEHSIL,250,250,4,239,1,5,0,0,0,5,244,173952,150175,17478,6299,248,245,3,69,62,2,23,87,84,7,241,4,0,0,0,1,0,1,0,247,0,139,57,46,202,14,26,4,239,1,5,0,5,233,2,11,0,235,13,238,10,77,171,92,156,42,206,48,200,5,243,5,243,1,247,2,246,26,222,22,226,12,32,31,25,151,98,147,234,207,78,0,48,32,38,1,10,5,50,0,100,11,243,75,3,5,0,0,0,0,0,104,100,233,3,33,28,25,20,23,30,36,60,244,2,0,0,32,3,65,5,164,52,113,10,182,13,213,33,10,4,21,63,171,77,57,191,100,148,55,193,224,24,100,148,142,106,233,15,18,230,0,16,1,1,201,27,187,10,16,28,21,207,0,23,225,56,192,17,231,6,15,40,34,164,0,206,42,218,22,8,0,146,102,0,79,169,1,172,75,0,236,12,19,225,4,1,121,126,0,41,207,0,7,241,0,9,239,0,24,224,0,7,241,5,111,132
2,PUNJAB,11,GUJRANWALA DIVISION,042,SIALKOT DISTRICT,134,PASROOR TEHSIL,597,597,35,538,19,5,0,0,0,35,543,240038,208437,24188,7413,588,580,8,246,134,85,73,257,82,4,582,6,0,38,14,2,0,0,1,542,22,177,27,29,430,25,72,35,538,19,5,0,35,519,3,42,0,420,143,459,104,98,465,104,459,42,521,51,512,6,557,12,551,12,551,9,554,80,483,69,494,40,63,110,61,353,210,217,556,412,155,0,58,63,61,8,16,19,74,0,350,37,541,112,1,11,1,0,0,0,0,85,248,519,19,46,43,34,25,30,31,35,116,546,17,0,0,29,2,42,19,480,74,264,2,475,3,528,38,12,16,34,101,379,184,59,504,119,444,93,470,547,16,143,420,334,228,548,15,49,514,0,48,1,2,443,93,276,96,52,45,3,434,37,20,543,87,476,19,544,0,6,29,135,480,2,521,40,441,113,9,1,298,264,0,124,439,2,448,113,0,518,45,43,504,16,0,295,268,11,141,411,0,16,547,0,29,534,0,76,487,0,36,527,6,215,342
2,PUNJAB,11,GUJRANWALA DIVISION,042,SIALKOT DISTRICT,135,SAMBRIAL TEHSIL,155,155,8,142,3,1,0,0,0,9,143,102923,87629,11793,3501,151,150,2,46,62,1,11,66,6,0,150,7,0,0,0,0,0,0,3,148,0,62,14,31,121,11,7,8,142,3,1,0,9,138,1,7,1,122,25,133,14,38,109,36,111,23,124,24,123,1,146,3,144,5,142,3,144,34,113,27,120,13,25,20,21,59,88,59,143,130,61,1,21,16,16,0,3,7,49,0,110,3,143,18,0,11,0,0,0,0,0,102,35,138,4,30,22,16,17,12,15,18,34,141,6,0,1,18,1,29,0,113,35,82,10,107,3,114,14,5,1,8,26,84,63,13,134,79,68,36,111,130,17,81,66,79,68,129,18,22,125,0,22,1,0,99,4,50,6,10,2,0,75,22,18,129,22,125,4,143,0,3,2,4,113,0,130,17,116,25,6,0,66,81,0,22,125,0,110,37,0,144,3,9,135,3,0,76,71,7,30,110,0,8,139,0,10,137,0,21,126,0,11,136,6,70,71
2,PUNJAB,11,GUJRANWALA DIVISION,042,SIALKOT DISTRICT,136,SIALKOT TEHSIL,576,576,66,464,37,9,8,1,7,58,474,248868,192182,42284,14402,549,526,6,41,48,9,19,70,9,16,524,10,0,25,20,3,0,0,8,509,17,181,94,48,417,43,37,28,464,37,9,8,58,492,1,21,5,417,98,423,92,129,386,146,368,72,443,85,429,19,496,25,490,21,494,18,497,161,354,131,384,37,79,85,61,237,278,216,472,456,201,26,88,83,84,9,16,14,86,0,450,39,490,140,3,14,1,2,0,0,1,284,161,492,19,74,56,57,49,60,97,67,136,490,23,1,9,32,1,119,12,388,323,162,39,256,25,295,80,11,11,47,110,256,262,104,414,321,197,206,312,460,59,358,160,429,89,473,46,66,462,0,43,7,3,427,13,261,7,3,4,10,84,62,72,452,81,443,22,502,25,45,87,38,388,11,408,99,321,157,40,1,267,250,0,203,315,6,408,104,9,431,78,90,421,7,3,288,227,25,167,326,0,37,481,1,54,463,0,83,435,0,51,467,11,258,249
2,PUNJAB,12,LAHORE DIVISION,043,KASUR DISTRICT,137,CHUNIAN,186,186,0,174,2,3,1,1,0,6,178,304905,242666,50738,11501,186,160,93,126,174,6,42,123,159,7,160,2,0,3,0,1,1,2,0,159,21,68,22,25,142,1,12,25,174,2,3,1,6,115,10,54,1,153,27,146,34,55,125,56,124,29,151,25,155,4,176,7,173,4,176,5,175,57,123,52,128,21,17,41,13,136,44,69,159,69,27,10,44,31,36,7,11,7,97,1,400,15,170,5,2,20,0,0,0,0,3,39,2,115,37,28,30,23,18,26,16,22,34,144,17,16,3,76,2,16,6,93,22,27,47,171,2,76,26,10,8,14,72,105,75,15,165,43,137,59,121,163,17,32,148,69,111,144,36,20,160,0,20,0,1,127,17,30,26,2,2,1,122,20,11,169,19,161,14,166,2,3,17,15,93,2,138,40,150,27,3,0,100,80,0,40,140,4,133,43,0,62,118,6,167,7,0,94,86,24,94,62,0,23,157,0,18,162,0,63,117,1,13,166,7,145,28
2,PUNJAB,12,LAHORE DIVISION,043,KASUR DISTRICT,138,KASUR,242,242,8,219,5,4,0,0,0,14,223,349909,296786,39717,13406,242,231,34,126,215,1,120,195,146,3,228,5,0,3,0,3,4,0,0,213,15,119,40,29,175,6,25,22,219,5,4,0,14,150,5,72,1,188,40,180,48,67,161,68,160,42,186,33,195,6,222,7,221,6,222,6,222,75,153,63,165,28,26,49,19,139,89,187,214,127,79,2,68,52,60,4,6,10,108,10,500,61,221,18,1,20,0,1,0,0,0,39,7,150,46,35,38,31,16,36,20,36,70,208,13,5,2,122,3,45,4,97,14,141,52,219,10,214,29,20,4,41,87,144,84,53,175,35,193,48,180,181,47,39,189,83,145,160,68,23,205,0,23,0,3,211,109,95,30,16,0,2,157,10,11,217,21,207,20,208,3,7,7,9,97,2,182,44,204,22,2,0,120,108,0,33,195,0,205,23,1,117,110,11,208,9,3,106,119,11,97,120,0,3,225,0,8,220,3,53,172,1,3,224,48,163,17
2,PUNJAB,12,LAHORE DIVISION,043,KASUR DISTRICT,139,KOT RADHA KISHON,72,72,0,66,0,3,0,0,0,3,69,97970,81493,10388,6089,71,71,59,70,69,1,40,59,65,0,53,1,0,1,0,0,2,0,0,33,36,65,31,16,54,3,11,1,66,0,3,0,3,59,1,9,0,59,10,49,20,23,46,25,44,11,58,8,61,3,66,3,66,3,66,3,66,34,35,24,45,5,5,10,6,45,24,46,68,44,11,0,15,11,9,1,2,3,91,30,800,2,62,1,0,18,0,0,0,0,1,23,6,59,3,2,8,17,3,6,5,11,33,64,5,0,0,23,2,1,0,45,8,22,13,62,5,54,9,1,1,11,30,22,47,3,66,17,52,10,59,59,10,19,50,31,38,58,11,0,69,0,0,0,0,68,17,6,12,0,0,0,38,1,3,66,11,58,7,62,3,1,0,8,45,3,43,23,51,16,2,0,38,31,0,5,64,0,44,25,0,39,30,10,59,0,1,34,34,2,43,24,0,6,63,0,1,68,0,14,55,2,9,58,2,62,5
2,PUNJAB,12,LAHORE DIVISION,043,KASUR DISTRICT,140,PATTOKI,141,141,3,130,5,1,0,0,0,5,131,221667,188665,22326,10676,139,138,117,135,136,110,116,130,126,8,131,0,0,3,4,0,1,0,0,125,11,119,23,10,127,0,1,8,130,5,1,0,5,108,3,25,0,119,17,116,20,71,65,69,67,33,103,29,107,3,133,3,133,3,133,4,132,112,24,105,31,31,13,45,8,122,14,113,127,116,30,7,23,17,18,2,5,5,204,2,600,12,133,5,0,2,0,0,0,0,0,23,6,108,16,32,32,12,11,26,15,14,109,84,42,8,2,109,5,87,0,23,37,86,66,128,2,125,17,4,4,18,66,104,32,14,122,39,97,32,104,131,5,37,99,88,48,129,7,0,136,0,0,0,0,13,2,11,5,2,1,2,70,51,8,128,17,119,14,122,13,7,7,1,23,0,124,12,127,5,4,0,80,56,0,29,107,0,108,28,0,93,43,4,121,11,0,83,53,3,42,91,0,4,132,0,16,120,2,20,114,1,2,133,11,98,27
2,PUNJAB,12,LAHORE DIVISION,044,LAHORE DISTRICT,141,LAHORE CANTT,97,97,0,0,97,0,0,0,0,0,0,116369,70784,16815,28770,70,62,2,1,39,0,9,16,52,1,59,1,0,0,0,2,1,0,0,90,4,359,71,11,70,8,8,8,0,97,0,0,0,85,0,9,0,85,9,73,21,36,58,36,58,21,73,21,73,6,88,6,88,6,88,5,89,33,61,28,66,8,6,19,9,38,56,51,89,71,49,1,11,7,7,0,4,1,183,35,450,9,84,47,0,10,0,1,0,0,0,39,35,85,6,19,19,20,21,12,22,15,13,86,8,0,0,39,4,18,8,43,58,31,11,66,8,59,21,2,4,10,19,34,60,15,79,38,56,22,72,79,15,37,57,45,49,81,13,2,92,1,0,0,2,49,4,36,3,0,1,6,5,23,15,79,14,80,16,78,3,2,4,3,43,7,72,15,53,20,21,0,47,47,0,20,74,5,66,23,0,52,42,19,69,6,3,36,55,7,17,70,0,5,89,0,7,87,2,22,70,0,12,82,8,52,34
2,PUNJAB,12,LAHORE DIVISION,044,LAHORE DISTRICT,142,LAHORE CITY,58,58,3,0,58,0,0,0,0,0,0,71773,24999,15193,31581,19,11,0,0,21,0,8,14,1,6,24,0,0,1,0,7,1,0,0,51,1,0,63,0,43,4,0,5,0,58,0,0,0,42,0,7,3,46,6,45,7,42,10,41,11,37,15,34,18,19,33,22,30,17,35,20,32,41,11,37,15,10,7,14,5,22,30,33,48,49,43,0,9,9,10,1,2,6,222,40,400,35,36,29,4,2,0,0,0,1,3,37,11,42,4,35,28,27,24,29,36,33,35,47,4,0,1,13,1,22,4,24,44,18,14,21,12,8,34,5,1,8,35,40,12,35,17,40,12,42,10,48,4,42,10,46,6,48,4,2,51,1,1,1,7,11,9,31,8,3,0,4,3,12,31,21,28,24,29,23,4,13,23,16,24,6,37,9,6,24,22,0,37,15,0,32,20,3,44,5,1,42,9,27,25,0,0,36,16,2,14,36,0,13,39,0,20,32,0,30,22,0,16,36,7,36,9
2,PUNJAB,12,LAHORE DIVISION,044,LAHORE DISTRICT,547,MODEL TOWN,63,63,1,0,63,0,0,0,0,0,0,89741,34641,12670,42430,42,37,0,1,16,1,1,5,32,2,36,6,0,0,0,0,0,0,0,51,11,40,20,1,58,3,1,0,0,63,0,0,0,57,0,5,0,57,5,54,8,39,23,37,25,32,30,29,33,15,47,15,47,11,51,12,50,44,18,40,22,8,3,28,6,21,41,35,58,58,44,0,15,13,9,0,2,1,161,10,500,19,52,44,2,8,0,2,0,1,0,39,19,57,0,24,22,22,26,21,27,22,29,59,2,0,1,18,0,14,2,36,49,26,8,28,6,23,25,6,2,10,37,50,12,27,35,40,22,46,16,60,2,44,18,49,13,56,6,1,61,0,1,0,0,13,7,37,3,3,0,2,0,16,28,34,14,48,21,41,9,9,15,8,36,4,50,8,18,23,21,3,45,14,1,34,27,4,49,9,0,47,15,24,37,1,0,30,32,2,13,47,0,12,50,1,14,47,0,27,35,0,17,45,8,35,19
2,PUNJAB,12,LAHORE DIVISION,044,LAHORE DISTRICT,548,RAIWIND,61,61,1,0,61,0,0,0,0,0,0,121292,73775,25821,21696,59,48,1,5,21,0,7,12,45,3,36,3,0,0,0,0,1,0,0,40,20,58,20,2,53,3,3,1,0,61,0,0,0,59,0,1,0,55,5,49,11,37,23,30,30,14,46,14,46,6,54,7,53,6,54,5,55,35,25,31,29,11,10,10,8,28,32,26,58,54,37,0,20,17,11,1,4,5,228,30,650,9,52,20,1,7,0,1,0,0,0,35,19,59,2,17,17,10,9,13,25,19,27,57,2,1,0,11,0,9,0,45,46,21,6,34,2,26,14,4,4,17,28,35,25,23,37,28,32,27,33,52,8,30,30,39,21,50,10,0,60,0,0,0,0,27,2,25,1,1,0,2,0,18,15,45,13,47,12,48,11,12,13,4,45,4,51,5,22,32,6,0,26,34,0,25,35,1,50,9,0,32,28,25,32,3,0,25,35,0,12,48,0,8,52,0,5,55,0,12,48,0,9,51,10,28,22
2,PUNJAB,12,LAHORE DIVISION,044,LAHORE DISTRICT,549,SHALIMAR,84,84,0,0,84,0,0,0,0,0,0,73800,47660,4509,21631,63,59,0,1,46,0,7,27,43,0,53,0,0,0,0,0,0,0,0,76,7,30,278,28,76,4,2,1,0,84,0,0,0,78,0,5,0,74,9,70,13,44,39,44,39,26,57,21,62,9,74,8,75,11,72,10,73,43,40,39,44,9,9,23,8,15,68,53,76,57,48,0,14,15,15,0,3,7,152,50,650,22,68,47,0,9,0,1,0,0,0,44,27,78,1,31,26,22,16,27,35,29,28,79,1,3,0,18,1,12,0,62,60,43,28,59,22,48,26,9,3,10,40,58,25,25,58,44,39,32,51,74,9,42,41,58,25,74,9,0,83,0,0,0,0,53,7,44,20,1,0,2,2,12,24,59,15,68,17,66,3,11,21,3,62,8,72,3,43,24,16,0,51,32,1,30,52,1,73,9,0,56,27,21,61,1,4,34,45,10,10,63,0,7,76,0,12,71,0,20,63,0,11,72,8,50,25
2,PUNJAB,12,LAHORE DIVISION,045,NANKANA SAHIB DISTRICT,143,NANKANA SAHIB,343,343,5,306,4,7,0,0,0,26,313,417921,357774,46248,13899,340,325,36,228,223,3,131,176,258,16,276,4,0,1,4,31,0,0,0,275,42,124,20,34,226,9,41,41,306,4,7,0,26,166,4,147,0,276,41,214,103,81,236,77,240,34,283,25,292,3,314,6,311,7,310,5,312,29,288,24,293,26,33,46,24,125,192,79,310,109,38,2,28,18,22,4,10,8,54,10,200,8,305,31,1,46,0,1,0,0,0,60,42,166,54,37,41,41,14,20,30,34,50,259,54,3,1,40,4,26,3,260,48,51,5,305,4,267,59,9,5,19,67,129,188,17,300,22,295,34,283,266,51,28,289,74,243,247,70,22,295,11,21,0,31,306,98,118,64,9,18,101,284,57,11,306,44,273,15,302,2,3,7,7,260,5,266,46,297,17,3,1,144,172,0,29,288,0,245,72,0,149,168,3,302,12,3,275,39,255,37,25,0,2,315,0,5,312,0,61,256,0,5,312,6,293,18
2,PUNJAB,12,LAHORE DIVISION,045,NANKANA SAHIB DISTRICT,144,SANGLA HILL,40,40,0,37,1,2,0,0,0,0,39,71936,59996,8469,3471,40,39,5,39,35,0,30,34,40,0,36,0,0,1,0,0,0,0,0,31,9,24,5,44,39,0,1,0,37,1,2,0,0,27,0,13,0,39,1,39,1,25,15,28,12,11,29,14,26,3,37,1,39,2,38,2,38,5,35,5,35,15,5,17,0,37,3,36,40,40,21,0,5,5,6,2,2,3,25,10,50,2,38,2,0,11,0,4,0,0,0,3,2,27,0,8,13,9,5,9,8,13,13,28,12,0,0,27,1,8,0,12,30,14,11,39,1,38,3,1,2,7,18,38,2,8,32,11,29,2,38,36,4,12,28,29,11,39,1,0,40,0,0,0,0,39,38,30,15,7,5,9,30,12,3,37,19,21,6,34,1,1,2,7,12,1,39,0,37,2,1,0,37,3,0,13,27,0,39,1,1,37,2,1,39,0,0,36,4,0,22,18,0,0,40,0,4,36,0,18,22,0,5,35,3,25,12
2,PUNJAB,12,LAHORE DIVISION,045,NANKANA SAHIB DISTRICT,145,SHAH KOT,36,36,0,33,3,0,0,0,0,0,33,70228,57230,9497,3501,35,35,9,32,22,0,19,25,34,0,34,0,0,0,0,0,0,0,0,15,21,52,10,9,34,0,1,1,33,3,0,0,0,31,0,5,0,36,0,36,0,33,3,34,2,19,17,14,22,4,32,4,32,5,31,5,31,9,27,8,28,10,5,13,4,16,20,6,35,36,22,0,5,5,4,2,5,1,95,50,300,2,28,12,6,18,0,3,0,0,0,14,12,31,0,10,13,11,5,4,6,7,12,35,1,0,0,18,0,17,0,12,34,3,0,34,0,25,12,2,2,4,15,24,12,6,30,17,19,15,21,34,2,14,22,28,8,32,4,1,35,1,0,0,0,33,13,19,7,0,0,13,22,2,3,33,11,25,3,33,0,0,0,1,12,0,33,3,31,4,1,0,29,7,0,7,29,0,34,2,1,34,1,2,34,0,1,21,14,7,18,11,0,4,32,0,3,33,0,6,30,0,4,32,1,34,1
2,PUNJAB,12,LAHORE DIVISION,046,SHEIKHUPURA DISTRICT,146,FEROZE WALA,112,112,19,79,11,4,0,0,0,18,83,124514,85560,28009,10945,108,100,2,0,60,1,22,54,71,2,98,0,0,0,0,1,0,0,1,96,2,52,18,42,70,6,7,12,79,11,4,0,18,75,6,15,1,73,22,78,20,30,65,29,66,25,70,23,72,9,86,9,86,9,86,10,85,34,61,32,63,20,15,32,7,50,48,56,93,51,28,4,25,24,24,5,8,4,127,40,300,8,95,9,1,12,0,0,0,0,0,48,23,75,20,28,29,31,31,26,30,28,44,87,7,2,1,18,0,4,1,77,42,32,14,83,8,63,20,4,2,22,36,54,44,24,74,43,54,39,58,76,21,36,61,43,54,85,12,13,90,0,3,13,1,78,26,31,2,1,0,2,43,9,12,88,12,88,13,87,7,13,20,9,77,1,75,23,69,25,6,0,59,41,0,37,63,0,68,32,0,60,40,20,67,13,0,37,63,1,32,67,0,4,96,0,7,93,0,18,82,0,7,93,10,35,55
2,PUNJAB,12,LAHORE DIVISION,046,SHEIKHUPURA DISTRICT,147,MURIDKE,218,218,35,173,1,8,0,0,0,36,181,253834,208639,37784,7411,210,206,0,11,37,1,13,27,167,15,180,2,0,0,0,3,1,0,0,193,7,80,278,140,139,9,20,25,173,1,8,0,36,141,2,34,15,156,36,143,54,50,142,50,142,16,176,16,176,4,188,3,189,4,188,3,189,39,153,33,159,21,15,29,12,79,113,60,174,77,24,14,19,18,18,2,7,7,68,4,540,4,187,3,0,4,0,0,0,0,1,61,48,141,21,22,22,20,7,10,14,22,49,166,15,2,7,10,4,15,1,172,31,54,10,151,4,142,21,7,4,14,32,80,115,19,176,22,173,21,174,166,29,31,164,54,141,180,15,2,195,1,2,0,3,154,67,90,21,12,0,2,128,13,8,187,27,168,8,187,1,4,2,1,172,2,127,67,172,16,8,0,77,119,0,23,173,0,120,76,0,122,74,9,164,23,1,63,132,4,18,174,0,3,193,0,4,192,0,19,177,0,7,189,8,103,85
2,PUNJAB,12,LAHORE DIVISION,046,SHEIKHUPURA DISTRICT,148,SAFDARABAD,52,52,0,50,2,0,0,0,0,0,50,114399,102087,9350,2962,52,48,1,33,32,0,34,48,51,0,49,0,0,0,0,0,0,0,0,49,3,34,2,4,48,0,4,0,50,2,0,0,0,48,0,4,0,52,0,51,1,28,24,29,23,15,37,15,37,2,50,2,50,1,51,1,51,7,45,3,49,13,5,2,1,52,0,41,52,41,3,0,5,6,7,1,2,3,73,50,90,0,52,1,0,1,0,0,0,0,0,18,8,48,0,11,16,3,2,10,3,6,14,51,1,0,0,37,1,0,1,14,10,14,0,51,0,41,4,1,3,4,12,51,1,4,48,2,50,4,48,44,8,2,50,35,17,36,16,0,52,0,0,0,0,52,52,8,0,0,0,1,48,0,3,49,29,23,5,47,0,0,0,0,14,0,51,1,39,13,0,0,52,0,0,39,13,0,51,1,0,52,0,0,52,0,0,38,14,0,43,9,0,20,32,0,13,39,0,34,18,0,8,44,0,34,18
2,PUNJAB,12,LAHORE DIVISION,046,SHEIKHUPURA DISTRICT,149,SHARAK PUR,127,127,16,109,1,1,1,0,1,15,110,92094,79146,9839,3109,122,120,0,3,77,0,73,73,93,0,119,0,0,2,0,1,1,0,0,117,0,47,23,10,96,5,10,1,109,1,1,1,15,90,2,19,0,79,35,77,40,23,91,23,91,7,107,8,106,1,113,3,111,0,114,1,113,5,109,3,111,10,10,6,4,66,47,83,110,41,9,1,12,9,8,2,2,2,61,20,150,4,110,8,0,3,0,1,0,0,0,33,59,90,7,10,8,6,4,4,5,7,4,110,0,1,2,25,2,13,10,77,12,49,6,100,2,87,9,1,1,6,14,54,60,7,107,11,103,9,105,100,14,13,101,31,83,97,17,4,114,0,4,0,1,107,80,63,74,56,55,62,107,58,2,112,6,108,6,108,0,2,1,0,77,0,90,24,87,22,5,0,47,67,0,19,95,0,90,24,0,87,27,5,106,3,0,45,69,5,77,32,0,4,110,0,7,107,0,21,93,0,13,101,6,65,43
2,PUNJAB,12,LAHORE DIVISION,046,SHEIKHUPURA DISTRICT,150,SHEIKHUPRA,162,162,2,140,6,16,0,0,0,0,156,333350,280555,33537,19258,161,159,8,53,83,2,61,121,141,2,144,2,0,0,0,2,0,0,2,154,8,95,65,59,134,10,10,8,140,6,16,0,0,148,0,14,0,156,6,156,6,102,60,99,63,53,109,54,108,14,148,16,146,18,144,18,144,70,92,60,102,47,10,62,5,104,58,67,158,112,70,1,48,44,39,19,27,28,86,30,600,6,157,14,0,29,0,1,0,0,0,59,62,148,3,67,68,60,40,49,47,54,69,150,11,0,1,71,6,39,3,82,77,26,11,137,6,122,62,11,24,40,77,129,33,42,120,65,97,68,94,139,23,74,88,109,53,151,11,40,122,16,0,0,2,142,100,41,10,4,3,16,122,26,23,139,47,115,25,137,11,9,14,6,82,2,143,17,129,30,3,2,88,72,0,69,93,1,132,29,0,133,29,15,146,1,2,92,68,16,73,73,0,16,146,0,33,129,0,41,121,0,14,148,9,105,48
2,PUNJAB,13,MULTAN DIVISION,047,KHANEWAL DISTRICT,151,JAHANIAN,89,89,0,84,3,2,0,0,0,0,86,137890,120016,12666,5208,89,80,85,32,71,5,59,28,88,2,79,0,0,0,0,0,2,0,0,49,40,78,44,10,83,1,2,3,84,3,2,0,0,33,1,55,0,84,5,83,6,37,52,32,57,16,73,12,77,2,87,4,85,3,86,3,86,21,68,18,71,6,5,20,4,51,38,47,88,31,26,1,16,17,15,3,7,6,116,60,170,5,59,8,0,29,0,1,0,0,2,29,1,33,14,20,18,15,17,11,15,15,22,72,15,2,0,15,2,8,0,70,19,5,3,81,0,10,12,3,4,14,34,56,33,7,82,8,81,14,75,78,11,7,82,21,68,77,12,15,74,0,15,0,0,79,73,63,21,4,2,21,11,15,6,83,24,65,7,82,1,2,4,0,70,1,81,7,81,7,1,0,66,23,0,40,49,1,74,14,0,73,16,4,83,2,3,58,28,8,11,70,0,7,82,0,6,83,0,16,73,0,4,85,7,57,25
2,PUNJAB,13,MULTAN DIVISION,047,KHANEWAL DISTRICT,152,KABIRWALA,260,260,3,251,4,4,0,0,0,1,255,388632,336069,30893,21670,258,256,256,187,229,17,170,161,239,19,192,1,0,1,8,1,0,0,0,232,27,151,167,457,197,3,21,38,251,4,4,0,1,65,18,176,0,205,54,186,73,125,134,96,163,51,208,35,224,9,250,7,252,13,246,12,247,65,194,34,225,23,12,64,9,110,149,164,240,39,75,7,66,62,63,3,8,13,79,0,300,10,253,4,0,7,0,0,0,0,1,32,2,65,153,43,39,38,30,29,34,36,68,122,97,34,6,67,1,17,0,180,38,9,35,248,4,130,35,10,13,41,87,78,181,28,231,32,227,61,198,227,32,32,227,35,224,218,41,7,252,0,2,0,1,231,114,133,50,10,11,7,42,37,17,242,35,224,19,240,8,6,7,1,180,0,187,72,212,16,31,0,119,140,0,54,205,0,200,59,0,102,157,37,216,6,0,72,187,27,57,175,0,9,250,0,5,254,0,26,233,0,8,251,59,135,65
2,PUNJAB,13,MULTAN DIVISION,047,KHANEWAL DISTRICT,153,KHANEWAL,155,155,0,143,8,3,0,0,0,1,146,295416,242770,38671,13975,155,140,151,87,130,2,44,69,153,0,150,0,0,0,0,1,0,0,0,135,20,133,133,22,145,2,5,3,143,8,3,0,1,64,1,90,0,148,7,138,17,76,79,77,78,35,120,27,128,3,152,5,150,4,151,9,146,30,125,25,130,14,6,28,6,107,48,75,150,68,83,0,20,21,20,3,4,6,108,60,250,1,152,8,3,10,0,1,0,0,0,24,2,64,26,30,29,26,13,17,25,22,27,97,55,2,1,9,1,6,3,140,18,34,9,149,2,64,25,6,6,25,53,59,96,11,144,21,134,22,133,138,17,18,137,46,109,135,20,54,101,0,0,0,1,133,65,73,16,1,6,13,75,12,13,142,26,129,15,140,5,8,14,1,140,0,139,16,143,8,4,0,77,78,0,19,136,0,120,35,0,89,66,9,146,0,0,57,98,11,20,124,0,4,151,0,4,151,1,23,131,0,7,148,15,112,28
2,PUNJAB,13,MULTAN DIVISION,047,KHANEWAL DISTRICT,154,MIAN CHANNU,175,175,2,166,3,2,0,0,0,4,168,245301,208044,26576,10681,172,141,162,94,159,18,72,98,168,5,169,0,0,0,0,0,5,0,0,166,7,58,62,1,152,2,10,9,166,3,2,0,4,114,6,53,0,143,30,144,29,73,100,70,103,32,141,24,149,5,168,1,172,8,165,4,169,45,128,37,136,17,8,24,9,74,99,76,158,89,27,3,22,17,23,2,5,5,81,0,770,1,170,18,2,14,0,0,0,0,0,20,0,114,56,18,24,22,14,11,12,16,29,66,97,5,5,24,0,10,1,140,12,38,24,167,1,108,18,15,7,15,51,59,114,16,157,21,152,31,142,160,13,18,155,53,120,151,22,1,173,1,0,0,0,161,74,72,20,0,8,1,32,40,6,167,54,119,8,165,3,1,3,1,140,3,166,4,160,10,3,0,104,69,0,24,149,0,144,29,0,121,52,6,167,0,1,166,6,8,40,125,0,2,171,0,4,169,0,49,124,0,11,162,16,146,11
2,PUNJAB,13,MULTAN DIVISION,048,LODHRAN DISTRICT,155,DUNYAPUR,191,191,7,182,1,1,4,0,4,3,183,237955,211936,16985,9034,185,87,184,61,133,10,46,47,181,0,167,1,0,0,0,5,1,0,6,41,143,59,56,6,156,2,5,21,182,1,1,4,3,89,2,93,0,151,33,155,29,74,110,68,116,45,139,41,143,9,175,10,174,2,182,1,183,64,120,37,147,9,11,42,8,87,97,96,171,6,25,10,21,16,23,2,0,3,122,0,250,69,123,32,4,38,1,2,0,1,20,39,2,89,90,25,17,19,21,14,8,17,23,87,85,11,1,21,1,7,3,153,4,19,5,179,3,99,7,1,4,21,48,53,131,9,175,9,175,6,178,151,33,9,175,12,172,148,36,12,176,1,2,0,5,118,59,85,31,12,15,14,14,57,8,176,23,161,7,177,1,6,3,3,153,2,137,45,160,12,12,0,88,96,0,17,167,1,149,34,1,62,121,15,167,2,0,91,93,38,71,75,0,5,179,0,5,179,1,42,141,1,4,179,21,118,45
2,PUNJAB,13,MULTAN DIVISION,048,LODHRAN DISTRICT,156,KAHROR PACCA,102,102,1,94,0,7,0,0,0,1,101,186662,165881,8157,12624,102,65,101,70,102,0,37,78,93,11,100,0,0,2,0,0,5,0,0,100,1,24,37,2,86,0,5,10,94,0,7,0,1,18,2,81,0,80,21,74,27,28,73,23,78,14,87,9,92,2,99,2,99,2,99,2,99,66,35,52,49,8,5,19,5,36,65,61,90,6,22,9,40,27,32,1,3,2,128,50,300,2,101,5,0,5,0,1,0,0,0,17,0,18,52,20,19,21,7,17,10,13,23,17,76,8,0,9,2,6,0,89,6,11,12,101,1,67,19,4,5,23,36,50,51,5,96,10,91,14,87,94,7,12,89,15,86,94,7,0,101,0,0,0,0,49,43,42,25,11,12,6,7,40,3,98,6,95,4,97,1,0,7,1,89,0,69,32,97,3,1,0,56,45,0,11,90,0,87,14,0,34,67,3,98,0,0,36,65,27,29,45,0,8,93,0,1,100,0,27,74,0,8,93,42,54,5
2,PUNJAB,13,MULTAN DIVISION,048,LODHRAN DISTRICT,157,LODHRAN,146,146,1,134,4,7,0,0,0,1,141,267127,237639,18017,11471,141,114,141,104,122,13,35,77,138,8,130,1,0,0,0,0,0,0,0,96,49,89,48,10,123,0,7,15,134,4,7,0,1,45,9,90,1,104,41,100,45,61,84,54,91,24,121,20,125,5,140,4,141,6,139,5,140,72,73,47,98,16,7,36,3,68,77,78,136,18,32,1,44,43,46,5,5,14,101,60,150,10,109,37,1,19,0,6,0,0,0,28,0,45,88,26,30,23,13,14,17,22,28,37,93,10,5,10,1,1,0,134,7,15,11,142,3,55,15,3,6,34,55,74,71,13,132,9,136,16,129,138,7,10,135,25,120,131,14,33,112,2,7,0,0,112,53,66,53,13,19,9,20,19,8,137,22,123,11,134,3,5,5,1,134,0,88,57,102,31,12,0,78,67,0,20,125,0,108,37,0,87,58,28,113,4,0,35,110,13,33,99,0,0,145,0,4,141,0,20,125,0,4,141,27,68,50
2,PUNJAB,13,MULTAN DIVISION,049,MULTAN DISTRICT,158,JALALPUR PIRWALA,114,114,2,109,4,0,0,0,0,1,109,238444,207622,19617,11205,114,22,111,30,39,4,36,22,83,18,98,0,0,0,7,0,2,0,0,68,45,7,19,8,93,0,15,5,109,4,0,0,1,63,3,47,0,88,25,81,32,43,70,21,92,18,95,5,108,2,111,2,111,3,110,3,110,52,61,26,87,11,14,25,5,69,44,83,113,12,31,0,28,25,26,1,2,4,66,10,125,20,84,2,1,22,0,0,0,0,1,4,0,63,67,15,20,9,2,7,5,15,43,58,50,4,1,61,0,9,1,49,13,30,1,112,0,53,24,2,4,28,50,59,54,6,107,4,109,18,95,112,1,10,103,14,99,111,2,12,101,1,11,0,0,108,77,69,78,22,21,7,24,14,3,110,16,97,2,111,1,5,4,4,49,0,89,24,107,6,0,0,83,30,0,24,89,0,96,17,0,81,32,3,109,1,1,41,71,22,52,39,0,0,113,0,2,111,0,36,77,0,10,103,24,65,24
2,PUNJAB,13,MULTAN DIVISION,049,MULTAN DISTRICT,159,MULTAN CITY,65,65,0,13,32,20,0,0,0,0,33,72182,29816,11752,30614,46,32,6,4,29,0,25,46,45,4,48,0,0,1,0,0,0,0,0,64,1,41,199,2,62,2,0,1,13,32,20,0,0,52,1,12,0,57,8,56,9,38,27,36,29,29,36,26,39,10,55,11,54,7,58,6,59,46,19,37,28,7,11,21,10,33,32,60,63,60,51,0,25,26,23,1,2,6,122,50,200,14,65,41,0,0,0,0,0,0,0,53,0,52,5,30,23,14,23,23,39,23,35,46,18,1,0,46,4,15,2,17,53,33,30,52,20,21,39,12,4,22,40,52,13,32,33,49,16,49,16,65,0,49,16,59,6,64,1,2,63,0,1,1,0,29,2,49,0,1,0,1,11,9,29,36,21,44,16,49,7,3,19,19,17,10,48,7,11,47,7,1,48,16,0,33,32,1,60,4,0,50,15,33,31,1,4,39,22,1,17,47,0,16,49,0,16,49,0,28,37,0,20,45,8,55,2
2,PUNJAB,13,MULTAN DIVISION,049,MULTAN DISTRICT,160,MULTAN SADDAR,278,278,1,270,0,8,0,0,0,0,278,423451,365833,37232,20386,276,232,218,126,187,6,178,166,243,14,253,3,0,1,8,1,0,0,0,242,36,199,110,711,243,3,12,20,270,0,8,0,0,131,7,138,2,206,72,199,79,106,172,90,188,59,219,36,242,8,270,10,268,5,273,5,273,77,201,65,213,38,17,116,6,141,137,190,260,111,101,5,84,84,79,6,11,5,90,10,250,20,272,49,2,9,0,3,0,0,0,55,2,131,77,52,55,38,31,35,54,30,89,162,98,13,5,60,2,23,8,205,90,54,23,269,13,121,55,13,9,61,104,92,186,43,235,56,222,58,220,242,36,63,215,91,187,251,27,126,152,6,22,1,1,250,126,155,48,8,17,8,69,32,21,257,49,229,15,263,6,8,20,10,205,2,231,45,237,34,7,0,171,107,0,69,209,1,234,43,0,168,110,20,257,1,0,105,173,30,91,157,0,17,261,0,23,255,0,47,231,0,16,262,55,179,44
2,PUNJAB,13,MULTAN DIVISION,049,MULTAN DISTRICT,161,SHUJABAD,85,85,0,77,0,8,0,0,0,0,85,211799,177302,12043,22454,85,67,85,67,70,7,61,38,73,10,80,0,0,0,0,0,1,0,0,69,16,28,19,13,59,2,11,13,77,0,8,0,0,63,2,20,0,79,6,71,14,46,39,31,54,34,51,15,70,3,82,2,83,2,83,1,84,27,58,22,63,12,9,25,6,35,50,29,80,18,46,4,31,27,25,0,2,3,81,30,150,6,78,18,0,3,0,0,0,0,0,11,0,63,40,10,16,13,4,7,12,9,15,39,39,7,0,39,0,4,0,46,9,14,4,84,2,48,22,2,2,22,28,36,49,11,74,4,81,19,66,83,2,4,81,18,67,71,14,2,83,0,2,0,0,63,39,58,39,1,32,1,21,28,9,76,19,66,4,81,0,1,1,3,46,2,67,16,63,22,0,0,44,41,0,17,68,2,66,17,0,50,35,7,78,0,1,33,51,6,20,59,0,8,77,0,6,79,0,26,59,0,7,78,4,75,6
2,PUNJAB,13,MULTAN DIVISION,050,VEHARI DISTRICT,162,BUREWALA,233,233,1,220,6,4,2,2,0,1,226,324498,284473,24372,15653,232,227,221,207,229,3,86,78,225,9,209,5,0,1,4,0,2,0,0,197,35,170,144,20,223,3,2,4,220,6,4,2,1,156,4,71,1,215,17,212,20,83,149,111,121,36,196,37,195,4,228,4,228,4,228,3,229,34,198,26,206,26,18,42,11,170,62,124,224,94,25,3,27,26,27,4,5,10,118,40,350,31,208,45,2,16,4,0,0,0,0,38,2,156,35,30,30,17,16,16,14,26,88,200,28,2,2,69,3,26,9,154,27,68,17,219,2,164,32,7,11,26,80,154,78,41,191,48,184,36,196,217,15,37,195,56,176,212,20,19,213,0,19,0,0,222,57,173,49,19,19,53,57,13,8,224,38,194,13,219,0,16,85,0,154,0,211,21,212,19,1,0,169,63,0,85,147,0,209,23,0,213,19,13,218,1,2,125,105,35,66,131,0,10,222,0,8,224,2,33,197,0,13,219,33,169,30
2,PUNJAB,13,MULTAN DIVISION,050,VEHARI DISTRICT,163,MAILSI,309,309,4,296,1,5,0,0,0,7,301,405317,359337,30878,15102,309,277,304,243,305,7,122,173,288,17,295,0,0,1,0,1,5,1,1,260,48,199,135,8,251,0,21,35,296,1,5,0,7,142,3,159,1,236,72,207,101,66,242,62,245,32,276,21,286,3,305,3,305,2,306,2,306,75,233,50,258,17,18,91,12,221,87,201,295,48,66,3,37,34,40,3,3,7,106,50,350,33,270,12,1,27,0,14,0,0,1,58,1,142,122,27,28,23,12,24,16,33,62,127,164,13,4,109,3,28,0,185,11,138,29,303,7,210,20,3,12,35,94,85,222,24,283,24,283,29,278,288,19,17,290,36,271,267,40,12,297,2,0,0,1,279,101,183,62,0,48,37,18,65,14,294,20,288,10,298,0,2,19,4,185,1,220,88,268,30,11,0,184,125,0,63,246,1,251,57,0,194,115,25,281,3,0,107,202,31,102,176,0,11,298,0,11,298,0,55,254,0,29,280,70,207,32
2,PUNJAB,13,MULTAN DIVISION,050,VEHARI DISTRICT,164,VEHARI,237,237,2,228,3,4,0,0,0,2,232,350474,306671,27418,16385,237,196,229,193,214,3,81,84,219,11,219,3,0,0,0,1,3,0,0,188,47,94,65,17,199,9,2,25,228,3,4,0,2,124,4,106,1,211,24,210,25,78,157,82,153,33,202,29,206,4,231,6,229,5,230,3,232,30,205,23,212,18,18,54,12,156,79,158,223,132,45,5,38,31,36,5,6,5,101,25,250,14,213,27,2,22,0,1,0,0,0,60,2,124,70,46,32,31,12,20,14,35,69,116,101,18,0,69,4,7,2,161,9,93,12,228,6,204,15,6,8,25,105,129,106,17,218,29,206,34,201,220,15,30,205,81,154,198,37,26,209,1,18,0,1,199,56,134,56,4,10,13,16,33,9,226,31,204,13,222,1,8,131,1,161,2,194,39,222,12,1,0,153,82,0,49,186,0,194,41,0,180,55,8,226,1,2,112,121,16,91,128,0,6,229,0,9,226,0,32,203,0,14,221,12,171,52
2,PUNJAB,14,RAWALPINDI DIVISION,051,ATTOCK DISTRICT,165,ATTOCK,52,52,2,38,9,3,2,0,2,0,41,195185,72906,116169,6110,45,1,0,3,37,1,10,18,5,1,32,6,1,34,0,0,2,0,0,49,1,81,17,15,37,11,1,1,38,9,3,2,0,27,1,22,0,46,4,45,5,27,23,26,24,25,25,20,30,5,45,5,45,4,46,2,48,18,32,13,37,11,5,15,1,22,28,37,47,23,17,0,5,5,4,4,4,4,130,40,250,12,42,5,0,0,15,0,1,0,0,26,16,27,8,13,14,9,8,9,11,10,32,25,25,0,0,27,0,22,1,14,31,10,7,31,0,13,8,2,3,6,17,48,2,10,40,23,27,14,36,47,3,24,26,19,31,47,3,1,49,0,0,0,0,46,10,7,4,3,11,18,2,16,4,46,13,37,10,40,0,1,0,5,14,1,45,4,37,11,2,0,40,10,1,6,43,0,45,5,0,37,13,11,37,2,2,27,21,4,16,30,0,3,47,0,1,49,0,4,46,0,1,49,0,25,25
2,PUNJAB,14,RAWALPINDI DIVISION,051,ATTOCK DISTRICT,166,FATEH JANG,114,114,5,106,1,2,0,0,0,5,108,358934,197549,159666,1719,109,0,0,0,85,17,20,39,4,3,16,7,4,81,0,20,5,0,0,105,4,158,13,62,100,3,1,5,106,1,2,0,5,39,1,68,1,99,10,98,11,53,56,50,59,25,84,16,93,3,106,1,108,1,108,1,108,16,93,11,98,15,4,14,6,41,68,80,109,14,31,0,3,3,2,1,3,2,130,0,300,9,95,2,1,8,46,0,4,4,3,58,31,39,20,15,18,11,3,10,11,12,31,43,62,4,0,29,0,10,0,74,35,18,8,91,0,24,13,4,1,7,31,76,33,14,95,16,93,8,101,92,17,16,93,4,105,89,20,38,71,2,34,1,20,108,83,44,1,0,9,4,5,11,7,102,23,86,11,98,0,0,1,2,74,2,98,9,102,6,1,0,64,45,0,12,97,0,74,35,0,66,43,3,104,2,0,63,46,26,66,17,0,11,98,0,10,99,0,14,95,1,7,101,7,69,33
2,PUNJAB,14,RAWALPINDI DIVISION,051,ATTOCK DISTRICT,167,HASAN ABDAL,50,50,3,44,3,0,0,0,0,3,44,86095,51886,33089,1120,47,0,0,0,46,1,1,29,4,2,43,0,2,21,0,1,0,0,0,47,0,47,5,1,42,1,0,4,44,3,0,0,3,43,0,4,0,47,0,45,2,21,26,19,28,12,35,11,36,1,46,1,46,1,46,1,46,15,32,10,37,4,1,2,2,18,29,6,45,6,20,2,3,2,2,1,2,2,160,0,300,7,27,2,0,3,36,0,1,0,0,36,6,43,5,6,10,7,5,4,4,8,26,32,15,0,0,3,0,31,0,16,21,21,0,41,0,9,1,0,1,1,9,40,7,8,39,14,33,7,40,45,2,12,35,11,36,45,2,0,47,0,0,0,1,39,1,30,1,1,0,2,0,3,2,45,13,34,4,43,0,2,3,0,16,1,34,12,28,18,1,0,35,12,0,13,34,0,41,6,0,42,5,14,33,0,1,11,35,0,23,24,0,0,47,0,2,45,0,1,46,0,0,47,1,33,13
2,PUNJAB,14,RAWALPINDI DIVISION,051,ATTOCK DISTRICT,168,HAZRO,82,82,2,72,6,2,0,0,0,2,74,145114,94488,45801,4825,80,0,0,11,76,0,10,47,2,3,73,1,0,34,0,2,0,0,2,80,0,48,23,1,71,7,2,0,72,6,2,0,2,58,4,18,0,72,8,71,9,44,36,41,39,28,52,26,54,1,79,3,77,1,79,1,79,46,34,35,45,13,6,8,6,11,69,53,74,5,28,2,12,11,11,3,7,9,62,0,200,1,76,1,0,3,20,0,0,0,0,49,27,58,4,18,22,15,10,16,21,17,28,61,19,0,0,24,2,40,5,18,71,12,1,45,0,11,9,2,0,4,30,55,25,12,68,42,38,13,67,68,12,44,36,6,74,69,11,3,77,0,3,0,2,68,1,60,0,0,0,0,0,8,20,60,30,50,13,67,0,0,0,0,18,2,73,5,48,28,4,0,70,10,0,16,64,1,72,7,0,77,3,21,58,1,0,37,43,3,14,63,0,1,79,0,1,79,0,1,79,3,12,65,2,25,53
2,PUNJAB,14,RAWALPINDI DIVISION,051,ATTOCK DISTRICT,169,JAND,80,80,14,64,1,1,0,0,0,14,65,575115,245820,326501,2794,65,0,1,0,9,0,2,2,4,1,16,0,1,58,0,0,3,0,0,57,9,189,4,131,49,3,4,10,64,1,1,0,14,7,3,55,1,57,9,53,13,39,27,37,29,27,39,24,42,5,61,3,63,1,65,1,65,19,47,12,54,22,0,14,0,22,44,37,64,5,23,1,10,7,6,3,1,4,116,0,400,6,60,0,0,1,18,1,1,5,0,10,32,7,24,12,15,15,5,8,10,14,21,17,43,6,0,26,0,1,1,38,2,7,9,66,0,30,10,0,3,9,30,47,19,3,63,15,51,12,54,64,2,12,54,2,64,58,8,5,61,5,0,0,0,43,29,23,0,4,1,2,1,5,12,54,34,32,12,54,1,0,0,0,38,2,62,2,57,9,0,0,46,20,0,5,61,0,49,17,0,45,21,5,60,1,0,39,27,12,35,19,0,0,66,0,0,66,0,1,65,0,1,65,2,40,24
2,PUNJAB,14,RAWALPINDI DIVISION,051,ATTOCK DISTRICT,170,PINDI GHEB,80,80,5,70,2,3,2,0,2,3,73,478759,225242,251639,1878,76,0,0,0,26,2,4,4,0,3,18,0,1,67,2,6,4,0,0,65,10,292,7,22,58,3,0,14,70,2,3,2,3,11,6,57,1,70,5,68,7,35,40,27,48,22,53,13,62,2,73,2,73,2,73,2,73,19,56,8,67,12,2,8,0,19,56,48,74,14,11,0,6,5,6,3,3,2,189,0,400,17,68,1,0,0,20,0,0,3,0,6,33,11,31,23,13,10,8,8,7,12,18,30,44,0,1,19,0,10,16,40,9,9,1,69,2,31,8,0,2,8,20,62,13,8,67,13,62,10,65,71,4,10,65,12,63,71,4,7,68,3,0,0,6,23,13,45,5,18,13,5,2,31,4,71,18,57,4,71,1,1,2,0,40,1,64,10,69,5,1,0,51,24,0,9,66,0,60,15,1,58,16,3,72,0,0,34,41,16,37,22,0,1,74,0,0,75,0,7,68,0,2,73,2,36,37
2,PUNJAB,14,RAWALPINDI DIVISION,052,CHAKWAL DISTRICT,171,CHAKWAL,235,235,6,218,4,7,1,0,1,5,225,541385,302659,232731,5995,222,2,26,6,116,78,4,81,17,9,63,2,5,206,1,11,2,1,0,219,10,410,35,57,201,16,6,6,218,4,7,1,5,159,2,68,0,209,21,209,21,102,128,110,120,65,165,55,175,7,223,8,222,8,222,7,223,57,173,48,182,39,19,32,12,104,125,141,221,127,55,1,19,17,15,3,7,5,199,0,550,13,215,2,0,8,58,0,1,0,2,108,48,159,5,43,44,29,11,25,21,35,100,171,53,4,1,46,3,32,19,148,47,91,15,200,1,86,18,6,6,18,38,203,27,20,210,100,130,48,182,223,7,89,141,116,114,213,17,4,225,4,0,0,11,108,20,55,9,52,17,7,9,70,31,198,85,144,16,213,2,2,7,0,148,22,197,10,145,80,4,2,106,121,0,34,195,0,165,64,4,213,12,19,206,4,1,162,66,22,134,73,0,4,225,0,5,224,0,17,212,0,7,222,6,112,111
2,PUNJAB,14,RAWALPINDI DIVISION,052,CHAKWAL DISTRICT,172,CHOA SAIDAN SHAH,51,51,8,42,1,0,1,0,1,7,42,151893,37583,108998,5312,43,0,0,0,2,7,4,12,0,0,11,0,3,39,0,2,0,0,0,31,13,0,0,0,36,1,1,5,42,1,0,1,7,10,1,33,0,36,8,37,7,22,22,19,25,10,34,12,32,1,43,2,42,1,43,1,43,14,30,13,31,11,3,6,3,32,12,23,41,35,21,1,3,4,2,0,0,3,223,0,600,10,23,1,0,1,19,0,4,1,14,16,24,10,2,12,11,8,7,6,5,8,33,39,4,0,1,9,0,22,15,18,12,15,0,39,1,21,12,1,0,2,9,37,7,4,40,23,21,6,38,37,7,15,29,27,17,28,16,3,41,3,0,0,2,3,0,3,0,14,6,2,4,20,4,40,15,29,4,40,0,0,2,0,18,4,35,5,7,35,2,0,32,12,0,21,23,0,35,9,0,34,10,6,38,0,0,16,28,0,20,24,0,1,43,0,1,43,0,1,43,0,1,43,1,21,22
2,PUNJAB,14,RAWALPINDI DIVISION,052,CHAKWAL DISTRICT,173,KALLAR KAHAR,74,74,16,49,9,0,0,0,0,16,49,356788,202077,150889,3822,68,0,0,0,17,7,2,6,2,0,13,0,0,65,0,2,4,1,0,56,2,126,7,4,53,4,0,2,49,9,0,0,16,46,0,12,0,54,5,55,4,35,24,37,22,15,44,16,43,0,59,2,57,0,59,2,57,23,36,18,41,11,2,15,2,33,26,24,54,29,23,4,7,7,8,0,0,2,276,0,500,9,29,1,0,1,16,0,4,0,3,21,29,46,7,9,11,8,8,6,7,11,30,30,23,4,2,13,0,4,4,45,1,24,10,57,3,32,8,0,1,4,7,51,8,5,54,32,27,17,42,57,2,27,32,25,34,53,6,5,54,1,1,1,2,15,0,10,0,1,5,4,1,31,8,51,19,40,4,55,0,3,1,2,45,15,37,7,17,38,4,0,42,17,0,12,47,0,48,11,0,55,4,14,44,1,0,33,26,5,17,37,0,1,58,0,2,57,0,2,57,0,0,59,0,23,36
2,PUNJAB,14,RAWALPINDI DIVISION,052,CHAKWAL DISTRICT,174,LAWA,19,19,2,16,0,1,0,0,0,2,17,278164,145593,130992,1579,17,0,0,0,0,10,2,4,0,0,8,2,2,15,0,4,0,1,1,17,0,251,13,11,17,0,0,0,16,0,1,0,2,0,0,17,0,17,0,17,0,14,3,14,3,10,7,9,8,2,15,2,15,0,17,0,17,10,7,7,10,7,0,10,0,14,3,13,17,3,6,0,5,4,3,2,2,0,232,0,500,3,17,0,0,0,2,0,2,0,0,9,6,0,1,7,6,5,2,2,3,6,7,3,13,1,0,10,0,5,6,4,0,4,5,17,2,9,9,0,0,3,11,16,1,4,13,9,8,5,12,16,1,9,8,5,12,15,2,3,14,3,0,0,4,0,0,3,0,2,0,0,1,15,3,14,13,4,2,15,0,1,0,1,4,0,15,2,15,2,0,0,16,1,0,4,13,0,17,0,0,16,1,0,17,0,0,10,7,9,5,3,0,0,17,0,1,16,0,1,16,0,0,17,0,12,5
2,PUNJAB,14,RAWALPINDI DIVISION,052,CHAKWAL DISTRICT,175,TALA GANG,76,76,9,63,2,2,1,0,1,8,65,492683,276715,211002,4966,67,0,2,0,21,3,0,20,5,1,46,3,4,50,4,3,4,0,0,67,1,320,20,62,53,6,1,8,63,2,2,1,8,37,1,29,0,66,2,66,2,55,13,52,16,40,28,36,32,3,65,4,64,3,65,3,65,30,38,27,41,20,4,16,4,55,13,46,63,19,28,2,11,7,7,1,1,1,172,0,320,18,64,1,0,0,14,0,1,0,0,21,27,37,5,22,18,12,13,8,12,13,24,26,38,2,2,25,2,8,9,37,14,16,10,58,2,43,11,3,2,11,32,64,4,7,61,32,36,19,49,63,5,31,37,20,48,59,9,3,65,2,0,1,3,13,1,14,2,6,5,9,3,35,9,59,34,34,5,63,0,0,1,2,37,3,58,7,54,12,2,0,41,27,0,8,60,0,50,18,0,61,7,5,62,1,1,36,31,21,26,21,0,0,68,0,1,67,0,10,58,0,2,66,2,45,21
2,PUNJAB,14,RAWALPINDI DIVISION,053,JHELUM DISTRICT,176,DINA,134,134,6,115,6,7,0,0,0,6,122,139138,43078,93949,2111,131,0,1,0,7,11,1,5,18,4,78,1,1,90,0,2,0,0,0,124,4,18,0,3,102,14,0,12,115,6,7,0,6,117,1,10,0,91,37,101,27,35,93,45,83,14,114,23,105,3,125,5,123,4,124,4,124,25,103,13,115,15,16,36,7,72,56,35,105,100,44,1,3,4,2,2,5,5,97,0,450,6,115,2,0,3,42,0,0,0,0,88,26,117,5,18,16,17,9,13,11,14,45,122,5,0,1,23,1,27,13,75,2,107,13,109,2,20,14,2,3,2,18,77,51,35,93,83,45,32,96,122,6,84,44,79,49,123,5,6,122,0,0,6,2,15,2,18,0,0,7,2,2,93,12,116,30,98,5,123,0,2,1,1,75,7,107,14,66,52,10,0,69,59,0,23,105,3,98,27,5,117,6,16,108,4,3,88,37,8,50,70,0,12,116,0,12,116,0,27,101,2,51,75,1,49,78
2,PUNJAB,14,RAWALPINDI DIVISION,053,JHELUM DISTRICT,177,JHELUM,169,169,10,135,15,5,2,0,2,12,140,165578,63082,96956,5540,162,32,3,12,45,23,7,29,0,17,137,0,1,92,0,5,0,0,0,158,1,18,9,20,109,29,9,12,135,15,5,2,12,149,2,8,0,110,49,109,50,52,107,48,111,33,126,22,137,9,150,5,154,8,151,5,154,34,125,20,139,16,36,39,22,93,66,47,125,114,38,1,16,19,17,1,4,10,64,0,300,3,150,12,3,7,32,1,0,0,0,77,40,149,16,23,15,12,16,11,15,22,81,149,9,0,1,41,3,48,16,84,16,112,5,127,3,55,23,7,3,12,21,118,41,59,100,118,41,42,117,146,13,114,45,120,39,147,12,10,149,0,1,9,5,68,1,25,5,7,17,0,0,115,20,139,34,125,9,150,1,5,3,1,84,28,130,1,49,101,9,0,73,86,0,27,132,3,123,33,12,136,11,31,125,3,0,154,5,1,35,123,0,3,156,0,4,155,0,19,140,2,48,109,2,87,70
2,PUNJAB,14,RAWALPINDI DIVISION,053,JHELUM DISTRICT,178,PIND DADAN KHAN,134,134,11,116,6,2,0,0,0,10,118,294059,137730,152096,4233,132,18,36,7,40,9,1,29,0,13,84,0,3,55,1,4,1,0,0,42,83,18,3,7,103,7,3,12,116,6,2,0,10,112,1,12,0,102,23,103,22,43,82,46,79,22,103,20,105,6,119,3,122,6,119,3,122,29,96,20,105,18,9,24,6,48,77,18,110,67,21,8,19,17,18,1,9,10,57,15,250,45,67,13,0,1,0,16,11,3,5,62,22,112,25,27,22,21,18,13,9,20,52,93,27,1,4,36,3,11,2,83,9,32,4,119,2,82,18,5,3,12,26,84,41,17,108,49,76,34,91,113,12,44,81,58,67,109,16,29,96,13,14,2,4,47,4,6,1,3,1,2,3,77,13,112,41,84,9,116,2,1,4,2,83,10,104,11,78,40,7,0,45,80,0,24,101,3,69,53,2,98,25,18,93,14,1,41,83,3,53,69,0,5,120,0,2,123,4,15,106,0,7,118,5,51,69
2,PUNJAB,14,RAWALPINDI DIVISION,053,JHELUM DISTRICT,179,SOHAWA,160,160,12,144,3,2,1,0,1,10,146,461775,132127,326729,2919,149,0,4,0,55,90,0,5,2,2,11,0,0,141,0,4,8,0,0,146,3,125,3,30,117,10,7,15,144,3,2,1,10,58,3,87,1,127,22,122,27,39,110,40,109,26,123,25,124,2,147,3,146,2,147,2,147,28,121,19,130,16,5,37,0,69,80,56,134,85,12,0,9,11,10,0,2,13,165,0,500,1,125,2,0,9,63,0,0,0,1,49,28,58,10,44,19,11,6,7,10,8,54,120,29,0,0,29,0,20,7,102,1,55,10,142,1,17,12,6,4,7,13,111,38,11,138,50,99,29,120,144,5,38,111,63,86,140,9,26,123,18,1,0,4,44,2,6,17,1,8,0,0,102,7,142,55,94,4,145,0,1,0,2,102,9,119,21,86,60,3,0,77,72,1,27,121,0,108,41,2,135,12,26,119,4,2,57,90,16,41,92,0,2,147,0,4,145,0,12,137,0,8,141,1,144,4
2,PUNJAB,14,RAWALPINDI DIVISION,054,RAWALPINDI DISTRICT,180,GUJAR KHAN,384,384,6,364,9,4,0,0,0,7,368,376873,233496,136063,7314,374,1,1,0,341,69,1,18,9,4,20,2,3,369,0,3,2,0,0,376,4,390,33,42,315,47,6,13,364,9,4,0,7,305,3,71,0,281,100,272,109,120,261,108,273,61,320,52,329,9,372,9,372,5,376,5,376,50,331,35,346,31,41,67,26,210,171,136,364,179,123,9,16,17,16,3,13,13,125,0,300,9,288,2,2,9,268,0,0,14,2,160,183,305,17,53,47,40,36,21,32,40,73,359,20,0,1,18,3,63,5,303,163,136,21,269,0,81,33,2,2,20,46,322,59,23,358,161,220,61,320,365,16,146,235,163,218,371,10,3,378,3,0,0,3,322,4,23,3,2,12,14,7,47,29,352,115,266,7,374,0,2,7,1,303,47,315,19,251,122,8,0,212,169,0,48,333,10,326,45,11,355,15,33,341,7,3,238,140,41,184,156,0,15,366,0,11,370,0,35,346,2,105,274,5,179,197
2,PUNJAB,14,RAWALPINDI DIVISION,054,RAWALPINDI DISTRICT,181,KAHUTA,158,158,33,122,2,0,12,0,12,22,122,350365,45049,302711,2605,124,0,1,0,124,0,1,0,0,1,3,2,0,123,0,2,0,0,0,149,1,150,23,17,87,26,3,30,122,2,0,12,22,56,9,63,2,100,52,92,59,41,111,29,122,21,131,15,136,3,149,3,149,2,150,2,150,18,134,17,135,10,8,8,5,29,122,87,117,24,11,25,4,3,4,2,1,2,94,0,400,10,101,2,0,0,105,0,32,0,0,22,69,56,34,20,19,10,6,10,10,8,8,96,30,0,26,1,2,27,8,120,23,37,26,132,8,0,12,1,1,2,8,88,64,8,144,35,113,15,134,125,25,27,122,37,112,123,27,4,150,0,4,0,2,122,10,9,1,0,8,22,0,3,7,142,46,103,5,144,0,0,0,0,120,25,92,35,40,77,33,0,83,68,0,39,112,4,105,42,1,123,27,45,81,26,0,43,109,4,42,105,0,1,150,0,0,152,0,3,147,0,4,148,0,101,51
2,PUNJAB,14,RAWALPINDI DIVISION,054,RAWALPINDI DISTRICT,182,KALLAR SAYADDAN,106,106,7,86,12,0,4,1,3,4,87,109548,55212,52454,1882,99,0,0,0,97,13,1,4,0,0,0,3,1,97,0,0,0,0,0,97,2,171,43,15,73,14,16,1,86,12,0,4,4,83,0,16,0,79,27,77,29,45,61,48,58,29,77,39,67,14,92,21,85,18,88,21,85,37,69,41,65,27,5,29,9,27,79,37,97,33,41,5,20,19,13,8,11,6,102,0,400,7,64,0,0,3,87,0,1,1,0,48,42,83,5,32,27,24,36,25,24,32,38,89,10,0,7,3,1,23,1,80,12,56,7,93,3,2,18,7,5,10,17,87,19,37,69,57,49,32,74,95,11,63,43,60,46,98,8,5,101,0,0,0,0,34,0,8,0,1,1,0,0,62,13,93,33,73,9,97,0,0,3,5,80,6,89,11,67,33,6,0,55,51,0,14,92,0,78,28,0,98,8,22,77,7,0,58,48,19,43,44,0,2,104,0,3,103,0,11,95,0,11,95,5,39,62
2,PUNJAB,14,RAWALPINDI DIVISION,054,RAWALPINDI DISTRICT,183,KOTLI SATTIAN,62,62,23,32,7,0,0,0,0,23,32,82339,18476,60598,3265,39,0,0,0,39,0,0,0,0,0,0,1,24,18,0,1,0,0,0,41,7,87,0,0,38,9,1,6,32,7,0,0,23,11,0,28,2,38,21,37,23,32,28,30,30,19,41,23,37,3,57,3,57,4,56,3,57,29,31,27,33,24,1,22,1,16,43,18,39,0,7,18,6,7,7,6,5,7,124,0,300,0,0,0,0,0,24,0,37,0,1,2,0,11,38,23,19,20,16,16,9,14,19,8,38,2,8,4,3,0,0,54,0,1,3,58,1,0,15,2,2,1,17,36,24,0,60,10,49,12,47,48,12,15,43,13,46,52,5,1,60,1,0,0,1,19,0,0,0,0,0,0,0,43,3,55,11,47,3,55,0,0,1,19,54,5,24,32,6,19,36,0,32,29,0,9,52,3,29,29,4,35,22,11,32,18,0,21,40,0,16,45,0,3,58,0,1,60,0,13,48,0,2,59,0,14,47
2,PUNJAB,14,RAWALPINDI DIVISION,054,RAWALPINDI DISTRICT,184,MURREE,119,119,44,33,59,0,20,0,20,7,33,111530,30423,75364,5743,61,1,0,0,71,0,1,0,0,0,0,2,12,69,0,1,0,0,0,89,0,32,11,21,59,9,10,9,33,59,0,20,7,20,0,52,7,61,29,60,30,42,48,31,59,20,70,14,76,4,86,5,84,6,84,5,85,25,64,19,71,5,0,5,1,23,67,47,74,15,43,14,1,0,1,0,0,0,94,0,300,20,5,0,0,3,10,0,80,0,1,12,5,20,61,15,15,14,13,8,9,14,19,73,1,0,11,0,1,16,1,72,9,31,3,85,0,1,35,1,0,0,16,61,29,9,81,20,69,21,68,77,12,19,70,21,68,77,12,7,83,0,0,0,1,55,1,14,0,1,0,10,1,14,9,81,14,76,8,81,0,0,1,3,72,10,48,32,7,30,53,0,26,64,0,12,78,2,60,28,0,61,28,43,30,15,4,15,71,0,4,86,0,3,87,0,1,89,0,3,87,0,4,85,1,6,82
2,PUNJAB,14,RAWALPINDI DIVISION,054,RAWALPINDI DISTRICT,185,RAWALPINDI,352,352,8,288,46,10,6,0,6,2,298,414608,199603,181861,33144,311,2,2,1,280,46,5,41,2,4,48,12,4,292,6,2,2,0,0,330,20,174,394,88,292,35,7,15,288,46,10,6,2,238,8,98,2,281,71,279,73,158,194,155,197,112,240,102,250,48,304,49,303,27,325,29,323,137,215,102,250,53,30,77,16,120,232,208,315,152,124,7,54,52,59,11,25,32,139,0,400,49,253,35,5,14,170,0,4,1,1,190,137,238,15,96,87,81,66,80,121,83,117,269,73,1,9,28,5,87,11,239,126,144,53,263,31,68,89,22,24,42,122,245,107,100,251,134,218,113,239,338,14,131,221,126,226,324,28,7,345,0,7,0,2,168,23,63,15,16,17,30,12,111,70,282,99,253,55,297,5,8,23,17,239,60,269,23,153,148,50,0,182,169,0,71,280,6,272,73,1,309,41,78,262,11,18,197,137,27,111,213,0,30,321,0,25,326,0,80,270,1,37,313,18,165,168
2,PUNJAB,14,RAWALPINDI DIVISION,054,RAWALPINDI DISTRICT,186,TAXILA,55,55,2,31,17,6,0,0,0,1,37,105795,57451,35728,12616,51,2,0,0,51,2,4,33,15,2,45,20,0,46,3,0,0,0,0,53,2,74,75,4,52,2,0,0,31,17,6,0,1,50,0,4,0,48,7,46,9,33,22,29,26,12,43,8,47,1,54,1,54,4,51,1,54,23,32,12,43,7,4,6,4,8,47,41,54,32,38,1,6,5,4,2,2,5,117,0,350,8,47,3,0,0,48,0,9,0,0,48,5,50,0,9,7,9,6,6,24,14,30,48,6,0,0,1,0,42,0,12,50,29,24,37,27,27,12,0,2,10,14,51,4,20,35,37,18,28,27,50,5,37,18,37,18,49,6,2,53,0,0,2,0,48,24,41,0,0,0,2,0,6,11,44,16,39,12,43,0,2,2,1,12,28,24,3,9,44,2,0,39,16,0,18,37,1,50,4,0,50,5,6,46,3,0,7,48,0,6,49,0,1,54,0,3,52,0,6,49,0,1,54,0,25,30
2,PUNJAB,15,SAHIWAL DIVISION,055,OKARA DISTRICT,187,DEPALPUR,549,549,19,484,14,19,5,2,3,27,505,623642,543647,64990,15005,533,529,190,136,513,16,63,362,464,40,463,4,0,6,1,2,4,1,0,516,14,215,135,32,405,13,43,69,484,14,19,5,27,193,20,308,8,398,132,348,183,122,408,116,415,49,481,29,502,7,523,8,522,8,522,8,522,60,470,43,487,60,46,103,29,204,327,166,469,135,69,37,50,38,41,8,12,14,84,4,500,21,515,23,7,28,2,8,0,0,0,52,8,193,107,56,59,41,31,44,31,39,69,337,147,26,20,134,8,68,4,379,86,37,27,475,21,371,35,64,20,47,121,127,404,28,503,47,481,64,463,455,76,42,487,139,390,414,116,16,515,1,10,0,2,299,155,161,142,2,6,8,273,94,13,518,29,501,32,497,7,12,63,3,379,7,336,187,446,42,43,1,234,295,0,95,435,1,349,180,0,122,408,34,466,31,4,142,385,53,168,310,0,39,492,1,40,490,0,109,422,1,20,510,119,287,125
2,PUNJAB,15,SAHIWAL DIVISION,055,OKARA DISTRICT,188,OKARA,256,256,15,216,17,7,0,0,0,16,223,312035,259547,35870,16618,245,232,116,207,232,10,50,182,234,11,218,3,0,0,0,2,1,0,0,209,31,94,27,3,202,4,29,5,216,17,7,0,16,165,4,71,0,229,11,216,24,99,141,94,146,52,188,35,205,4,236,5,235,3,237,3,237,31,209,23,217,32,50,37,32,153,87,141,234,113,34,1,34,24,34,1,5,6,97,0,500,8,223,21,6,30,0,0,0,0,2,35,13,165,20,64,45,34,24,40,28,37,69,164,54,22,0,52,1,8,4,183,53,38,21,202,10,178,49,21,13,24,70,133,107,17,223,52,188,49,191,209,31,53,187,105,135,209,31,0,240,0,0,0,2,161,34,50,19,4,1,17,51,54,9,231,30,210,13,227,3,0,4,21,183,3,205,32,206,24,10,0,140,100,0,41,199,1,193,46,1,128,111,17,215,8,1,86,153,7,68,165,0,4,236,0,3,237,0,25,215,0,8,232,32,145,63
2,PUNJAB,15,SAHIWAL DIVISION,055,OKARA DISTRICT,189,RENALA KHURD,128,128,2,124,1,2,0,0,0,1,126,152703,130020,15929,6754,123,63,75,112,119,6,47,80,128,3,76,1,0,0,1,2,4,0,0,74,53,63,37,30,115,2,4,6,124,1,2,0,1,104,1,22,0,115,12,112,15,47,80,46,81,25,102,16,111,4,123,3,124,5,122,6,121,20,107,14,113,15,22,16,17,65,62,21,112,107,7,2,13,12,11,1,2,2,102,20,250,23,91,6,3,24,0,1,0,0,1,34,2,104,14,27,23,16,13,15,5,17,27,120,6,1,0,33,0,5,1,92,30,6,2,109,2,89,7,3,6,7,28,53,74,8,119,15,112,18,109,108,19,12,115,69,58,110,17,0,127,0,0,0,2,64,23,44,5,3,4,3,32,53,2,125,24,103,4,123,1,4,19,4,92,1,111,15,117,7,3,0,59,68,0,18,109,1,100,26,0,100,27,2,119,6,1,77,49,17,67,43,0,5,122,0,2,125,0,21,106,0,14,113,7,94,26
2,PUNJAB,15,SAHIWAL DIVISION,056,PAKPATTAN DISTRICT,190,ARIF WALA,255,255,0,240,3,5,0,0,0,7,245,387144,345460,26802,14882,254,250,206,83,247,3,69,197,237,8,222,1,0,0,0,2,0,0,0,238,17,136,99,9,232,1,5,17,240,3,5,0,7,192,8,55,0,215,40,200,55,72,183,70,185,36,219,22,233,2,253,1,254,2,253,2,253,51,204,35,220,20,30,74,18,171,84,138,248,91,29,0,28,24,27,3,8,8,102,1,200,13,248,59,1,32,0,1,0,0,0,48,3,192,62,37,36,31,15,29,11,22,67,220,32,2,1,72,3,14,1,167,1,55,20,245,9,189,23,14,7,28,75,158,97,20,235,21,234,47,208,235,20,14,241,53,202,235,20,48,207,3,4,4,2,224,72,138,77,9,19,20,82,47,9,246,42,213,10,245,2,3,14,1,167,2,216,37,236,18,1,0,160,95,0,43,212,0,204,51,0,175,80,13,238,4,2,138,115,10,81,164,0,12,243,0,5,250,1,35,219,0,11,244,72,167,16
2,PUNJAB,15,SAHIWAL DIVISION,056,PAKPATTAN DISTRICT,191,PAKPATTAN,326,326,5,304,6,4,0,0,0,12,308,379638,334897,32093,12648,325,318,262,114,314,29,54,224,295,31,317,3,0,1,1,3,1,0,0,304,21,72,58,24,277,6,16,26,304,6,4,0,12,147,12,161,5,259,66,213,112,93,232,68,257,39,286,22,303,5,320,4,321,7,318,6,319,59,266,34,291,19,25,32,21,236,89,230,302,79,31,5,36,35,45,6,7,7,81,2,700,21,318,11,2,4,0,1,0,0,0,45,6,147,90,63,41,33,13,21,18,24,55,211,98,13,3,64,8,31,8,235,11,58,27,310,7,292,41,32,17,49,83,151,174,11,314,24,300,29,295,306,19,24,300,35,289,300,25,21,305,1,14,0,3,264,70,206,49,4,28,5,93,54,15,310,16,309,15,310,3,0,5,2,235,1,223,101,291,30,4,1,120,204,0,42,283,1,256,68,1,90,234,18,300,7,0,91,234,8,127,190,0,3,322,0,4,321,1,57,267,1,16,308,69,224,32
2,PUNJAB,15,SAHIWAL DIVISION,057,SAHIWAL DISTRICT,192,CHICHAWATNI,241,241,1,230,1,5,1,1,0,4,236,393690,329790,51355,12545,238,209,231,147,230,17,114,83,235,9,226,1,0,0,0,0,1,0,0,186,54,173,136,26,207,1,16,16,230,1,5,1,4,142,3,92,3,232,8,224,16,127,113,143,97,81,159,77,163,19,221,30,210,30,210,43,197,107,133,96,144,47,18,74,17,89,151,48,208,187,46,10,51,44,42,15,22,20,118,0,300,11,199,66,11,38,1,3,0,1,1,41,4,142,33,64,60,64,62,58,45,54,99,190,42,5,3,21,6,25,7,193,24,53,19,209,17,97,55,18,14,34,87,98,142,32,208,109,131,93,147,207,33,107,133,154,86,214,26,5,235,3,1,0,0,147,38,96,36,28,22,20,39,87,19,221,72,168,13,227,1,2,8,6,193,2,218,20,210,27,3,0,142,98,0,37,203,0,187,53,0,191,49,12,221,7,2,131,107,14,42,184,0,8,232,0,4,236,0,34,206,0,19,221,47,138,55
2,PUNJAB,15,SAHIWAL DIVISION,057,SAHIWAL DISTRICT,193,SAHIWAL,290,290,6,265,10,7,1,1,0,7,273,393227,326986,48044,18197,285,244,180,113,282,5,63,138,253,19,271,9,0,0,0,2,2,0,0,228,62,86,122,7,247,12,15,16,265,10,7,1,7,174,6,107,3,252,38,239,51,141,149,143,147,94,196,63,227,10,280,6,284,17,273,16,274,95,195,74,216,35,27,44,21,94,194,107,260,153,47,8,48,50,59,12,15,14,96,2,800,17,276,40,6,34,0,1,0,0,0,86,14,174,59,71,59,59,46,45,42,56,84,234,45,8,3,35,6,16,4,244,24,50,11,275,11,206,60,37,10,30,82,126,164,39,251,107,183,100,190,249,41,114,176,152,138,223,67,5,285,1,2,1,2,249,87,151,107,3,12,13,93,23,17,273,65,225,15,275,0,7,8,2,244,2,240,48,254,28,8,0,135,155,0,58,232,1,220,69,0,166,124,23,254,13,1,122,167,13,69,208,0,3,287,1,5,284,2,59,229,1,19,270,80,160,50
2,PUNJAB,16,SARGODHA DIVISION,058,BHAKKAR DISTRICT,194,BHAKKAR TEHSIL,231,231,8,217,6,0,1,0,1,7,217,429542,363157,41051,25334,223,41,189,167,143,145,82,90,131,3,208,1,0,36,3,0,1,0,3,223,0,113,29,51,185,1,1,36,217,6,0,1,7,51,7,161,4,192,31,165,58,91,132,64,159,31,192,19,204,6,217,4,219,3,220,4,219,39,184,23,200,35,12,55,8,72,151,118,215,23,74,5,46,39,34,5,7,4,36,0,110,3,220,2,0,3,0,0,0,0,0,21,5,51,168,34,31,28,8,19,19,25,38,43,158,19,3,61,0,5,4,159,3,32,5,220,6,157,30,2,9,28,113,90,133,12,211,9,214,17,206,208,15,10,213,21,202,197,26,10,213,4,8,2,0,216,155,147,76,24,54,11,49,56,8,215,21,202,8,215,0,4,5,0,159,0,175,48,175,42,6,0,120,103,0,18,205,0,154,69,0,64,159,42,171,10,0,73,150,6,70,147,0,6,217,0,3,220,0,17,206,0,6,217,30,83,110
2,PUNJAB,16,SARGODHA DIVISION,058,BHAKKAR DISTRICT,195,DARYA KHAN TEHSIL,104,104,0,101,1,2,0,0,0,0,103,342123,313161,14052,14910,99,0,86,79,77,97,47,53,71,0,97,0,0,38,0,4,0,0,4,104,0,9,0,9,89,0,4,11,101,1,2,0,0,44,1,59,0,90,14,78,26,27,77,22,82,13,91,12,92,3,101,4,100,2,102,2,102,10,94,8,96,10,4,41,5,59,45,63,101,9,4,2,23,18,19,2,5,4,21,10,35,2,104,0,0,0,0,0,0,0,0,8,6,44,62,32,7,9,2,4,6,10,6,61,33,7,3,85,1,1,1,19,1,33,12,103,0,58,9,1,4,10,74,73,31,4,100,4,100,5,99,98,6,3,101,4,100,94,10,11,93,11,0,0,4,104,36,67,21,10,18,25,7,0,2,102,8,96,7,97,1,0,1,0,19,0,85,19,95,8,1,0,57,47,0,6,98,1,76,27,0,18,86,3,98,3,1,41,62,1,4,99,0,1,103,0,0,104,0,3,101,0,0,104,4,28,72
2,PUNJAB,16,SARGODHA DIVISION,058,BHAKKAR DISTRICT,196,KALUR KOT TEHSIL,99,99,7,89,0,3,0,0,0,7,92,404708,346781,48104,9823,99,2,67,54,41,94,27,10,64,4,91,1,0,36,1,0,1,0,0,93,0,37,6,1,77,1,0,15,89,0,3,0,7,59,3,28,2,63,30,60,33,27,66,28,65,19,74,14,79,6,87,7,86,4,89,4,89,18,75,13,80,14,3,23,3,40,53,39,82,4,12,8,12,13,14,4,10,8,33,2,130,0,93,1,0,1,0,0,0,0,0,4,3,59,72,17,10,13,21,9,3,11,22,41,31,7,14,66,0,0,1,26,2,5,1,90,0,61,8,4,6,12,27,32,61,10,83,13,80,11,82,89,4,11,82,8,85,89,4,9,84,0,0,0,0,76,7,7,11,5,35,7,41,44,2,91,21,72,5,88,0,8,7,11,26,0,70,23,86,6,1,0,54,39,0,9,84,0,59,34,0,37,56,3,83,7,0,35,58,7,19,67,0,4,89,0,0,93,1,8,84,0,0,93,2,43,48
2,PUNJAB,16,SARGODHA DIVISION,058,BHAKKAR DISTRICT,197,MANKERA TEHSIL,107,107,2,101,0,3,0,0,0,3,104,832094,751734,66862,13498,106,1,18,1,0,89,29,11,27,0,104,0,0,89,0,0,3,0,0,107,0,57,16,0,72,1,1,33,101,0,3,0,3,21,0,86,0,65,42,54,53,26,81,25,82,15,92,6,101,1,106,2,105,1,106,1,106,10,97,5,102,8,2,7,2,47,60,75,90,3,9,7,10,8,8,1,4,4,23,10,36,2,107,0,0,0,0,5,0,0,0,5,0,21,95,6,9,6,3,2,3,7,7,6,41,34,26,94,3,1,2,10,2,11,13,106,3,49,10,0,4,11,40,53,54,3,104,4,103,7,99,98,8,3,104,7,99,99,7,78,29,78,0,0,0,97,17,22,21,16,67,12,32,5,3,104,10,97,6,101,1,1,2,0,10,0,77,30,91,13,3,0,46,61,0,8,99,0,95,12,1,14,92,12,92,3,0,27,80,10,56,41,0,1,106,0,1,106,0,19,88,0,0,107,15,74,18
2,PUNJAB,16,SARGODHA DIVISION,059,KHUSHAB DISTRICT,198,KHUSHAB,123,123,13,98,4,2,0,0,0,19,100,569439,379909,182293,7237,117,65,20,48,41,15,25,19,71,17,65,3,0,55,5,4,1,0,0,74,46,96,22,11,94,0,5,18,98,4,2,0,19,62,1,49,7,96,22,93,26,45,73,40,78,30,88,29,89,9,109,9,109,6,112,7,111,28,90,21,97,20,7,33,3,41,77,55,102,25,15,16,19,20,16,10,14,8,109,0,800,18,87,14,0,8,0,21,8,3,6,37,21,62,34,25,25,24,24,23,20,33,29,57,37,8,15,25,2,1,0,91,5,19,4,108,3,70,18,5,5,12,43,90,29,10,109,23,96,23,96,98,21,24,95,30,89,91,28,20,100,3,14,0,4,19,3,15,2,4,2,3,19,69,17,102,30,89,11,108,3,0,0,1,91,2,90,28,95,17,8,0,40,79,0,13,106,0,72,47,1,56,62,11,97,12,0,41,79,22,34,64,0,9,111,0,2,118,0,26,94,0,5,115,6,56,58
2,PUNJAB,16,SARGODHA DIVISION,059,KHUSHAB DISTRICT,199,NOORPUR,87,87,7,70,2,1,0,0,0,14,71,625133,558413,54243,12477,84,11,6,12,7,14,11,5,18,2,76,1,0,62,0,0,1,1,0,79,5,40,20,33,61,1,6,16,70,2,1,0,14,25,2,53,0,58,26,43,41,28,56,21,63,21,63,12,72,1,83,2,82,2,82,1,83,8,76,3,81,16,0,16,0,26,58,43,62,3,3,13,3,3,4,2,0,1,29,0,80,4,82,1,0,6,0,0,0,0,0,7,3,25,60,20,16,13,11,5,3,11,11,21,23,16,24,34,0,0,0,50,0,0,2,83,0,60,10,0,1,4,23,49,35,2,82,4,80,7,77,63,21,5,79,5,79,54,30,54,30,54,9,0,0,45,17,7,0,1,7,1,23,17,3,81,20,64,5,79,0,0,0,0,50,0,59,25,53,19,12,1,27,56,0,1,83,0,46,38,0,22,62,14,62,8,0,27,57,7,33,44,0,1,83,0,0,84,0,2,82,0,0,84,3,31,50
2,PUNJAB,16,SARGODHA DIVISION,059,KHUSHAB DISTRICT,200,QUAIDABAD,59,59,5,53,1,0,4,0,4,1,53,253141,169138,79659,4344,54,14,8,38,12,8,1,0,46,2,21,0,0,36,0,12,0,0,0,34,20,12,4,0,41,1,0,12,53,1,0,4,1,52,1,1,0,45,9,38,16,26,28,17,37,8,46,6,48,2,52,2,52,2,52,2,52,10,44,8,46,6,2,1,2,22,32,26,48,4,8,1,4,2,1,2,4,1,84,0,450,8,48,0,0,1,0,0,1,0,0,7,19,52,18,10,13,13,8,6,3,9,6,45,6,1,2,8,0,3,1,43,4,4,4,44,1,23,1,1,1,1,14,24,30,4,50,4,50,3,51,31,23,4,50,6,48,26,28,0,54,0,0,0,12,53,1,9,1,1,1,1,1,0,3,51,12,42,3,51,0,1,1,0,43,0,45,9,45,7,2,0,14,40,0,5,49,0,41,13,0,12,42,8,43,3,0,9,45,1,4,49,0,1,53,0,0,54,0,3,51,0,0,54,8,9,37
2,PUNJAB,16,SARGODHA DIVISION,059,KHUSHAB DISTRICT,597,NOWSHERA,49,49,21,26,0,2,2,0,2,19,28,176608,50635,124792,1181,31,0,0,0,12,0,1,23,0,0,26,4,0,28,2,0,1,0,0,29,1,108,4,1,30,0,0,0,26,0,2,2,19,11,0,17,0,28,2,28,2,21,9,16,14,12,18,11,19,1,29,2,28,1,29,2,28,17,13,16,14,7,1,3,1,10,20,15,26,23,20,3,9,9,11,0,0,2,173,0,400,10,26,0,0,0,2,0,3,6,0,2,17,11,1,6,8,7,4,4,2,10,13,11,17,0,2,12,2,0,0,18,0,8,7,30,0,22,6,0,0,5,17,28,2,8,22,9,21,8,22,28,2,8,22,19,11,25,5,0,30,0,0,0,0,8,0,4,0,12,4,1,5,10,4,26,13,17,6,24,0,0,0,0,18,2,26,2,19,9,2,0,14,16,0,1,29,0,20,10,0,11,19,0,28,2,0,23,7,4,8,18,0,0,30,0,0,30,0,5,25,0,0,30,1,24,5
2,PUNJAB,16,SARGODHA DIVISION,060,MIANWALI DISTRICT,201,ISA KHEL,68,68,7,55,5,1,0,0,0,7,56,455730,215066,235505,5159,62,8,32,4,14,31,2,22,11,2,53,1,0,32,20,1,0,0,0,51,10,3,3,3,50,0,0,11,55,5,1,0,7,20,2,39,0,49,12,48,13,33,28,27,34,26,35,14,47,3,58,4,57,1,60,4,57,20,41,6,55,8,3,13,2,23,38,23,55,20,16,4,11,10,11,8,11,4,133,0,500,25,31,0,0,1,4,1,0,1,0,11,10,20,36,10,15,8,2,10,14,12,10,15,34,4,8,37,0,3,2,23,2,2,1,59,0,53,10,1,1,10,23,44,17,0,61,7,54,6,55,56,5,7,54,16,45,46,15,7,54,0,6,0,1,49,0,14,0,11,4,0,10,12,8,53,20,41,13,48,0,2,1,0,23,3,55,3,50,8,3,0,33,28,0,6,55,0,48,13,0,42,19,3,58,0,0,24,37,3,27,31,0,0,61,0,0,61,0,5,56,0,0,61,3,18,40
2,PUNJAB,16,SARGODHA DIVISION,060,MIANWALI DISTRICT,202,MAINWALI,108,108,14,79,11,4,0,0,0,14,83,882169,370035,497269,14865,102,30,54,32,39,53,12,18,44,5,90,0,0,54,12,1,2,0,1,92,5,65,10,11,82,0,1,11,79,11,4,0,14,63,4,26,1,81,13,81,13,52,42,37,57,36,58,22,72,8,86,7,87,3,91,6,88,29,65,18,76,23,2,25,3,56,38,54,86,24,30,6,27,18,19,10,6,7,118,0,800,3,89,1,0,1,1,0,1,1,0,19,15,63,53,26,27,9,8,26,11,22,36,22,59,6,8,61,0,6,0,32,2,31,6,94,3,85,18,2,4,18,51,68,26,17,77,17,77,13,81,87,7,19,75,23,71,81,13,7,88,2,1,0,1,26,18,65,8,9,19,13,46,10,13,81,30,64,18,76,0,3,5,0,32,1,88,5,73,20,1,0,54,40,0,10,84,0,77,17,0,49,45,13,81,0,0,52,42,14,51,29,0,1,93,1,0,93,0,2,92,0,1,93,0,55,39
2,PUNJAB,16,SARGODHA DIVISION,060,MIANWALI DISTRICT,203,PIPLAN,80,80,10,66,0,4,4,1,3,6,71,313029,187391,115996,9642,72,13,71,57,55,50,29,29,57,3,66,0,0,20,4,1,2,1,1,71,0,27,12,8,62,0,4,5,66,0,4,4,6,52,0,19,0,67,4,61,10,29,42,24,47,14,57,11,60,3,68,3,68,1,70,1,70,11,60,8,63,12,5,14,4,39,32,52,71,21,17,0,18,15,12,1,3,3,69,0,160,1,70,0,0,0,0,0,0,0,0,8,4,52,58,12,9,5,6,9,6,11,17,34,31,6,0,40,1,0,0,31,3,8,2,71,1,53,8,3,0,6,49,45,26,5,66,5,66,2,69,65,6,6,65,17,54,59,12,2,70,1,0,0,1,39,3,11,1,10,1,2,43,11,3,68,26,45,7,64,1,3,1,0,31,0,59,12,64,5,2,0,39,32,0,9,62,0,52,19,0,35,36,3,66,2,0,45,26,9,38,24,0,3,68,0,0,71,0,9,62,0,0,71,9,34,28
2,PUNJAB,16,SARGODHA DIVISION,061,SARGODHA DISTRICT,204,BHALWAL,57,57,0,46,4,7,0,0,0,0,53,124621,104975,14902,4744,57,56,41,52,42,6,52,44,56,3,52,2,0,0,0,1,1,0,0,25,32,43,9,96,57,0,0,0,46,4,7,0,0,54,0,3,0,56,1,54,3,29,28,36,21,17,40,15,42,3,54,4,53,4,53,5,52,15,42,13,44,8,8,10,5,43,14,29,55,47,19,0,18,11,9,2,6,4,36,20,60,7,55,7,2,26,0,0,0,0,0,15,3,54,0,12,18,16,8,9,6,9,10,56,1,0,0,12,6,25,1,25,43,4,1,45,0,4,6,4,3,6,31,40,17,6,51,16,41,18,39,54,3,15,42,40,17,54,3,0,57,0,0,0,1,50,15,26,51,1,5,5,0,3,7,50,12,45,5,52,5,10,8,0,25,0,56,1,52,4,1,0,40,17,0,26,31,0,56,1,0,53,4,5,52,0,1,33,23,0,8,49,0,3,54,0,2,55,0,17,40,0,1,56,5,26,26
2,PUNJAB,16,SARGODHA DIVISION,061,SARGODHA DISTRICT,205,BHERA,110,110,6,94,2,6,1,0,1,7,100,151666,124527,23796,3343,105,85,22,86,51,1,29,35,81,5,105,1,0,1,0,1,2,0,0,90,14,37,22,79,86,4,8,6,94,2,6,1,7,99,2,3,0,97,7,96,8,26,78,23,81,15,89,9,95,5,99,5,99,5,99,5,99,22,82,19,85,11,15,13,14,41,63,26,90,19,6,8,20,13,13,4,6,6,38,0,130,1,101,1,0,10,0,0,0,0,0,21,13,99,4,17,16,16,13,13,14,16,12,66,37,1,0,1,0,9,3,92,46,2,0,81,3,37,14,1,2,7,38,52,52,4,100,18,86,16,88,100,4,17,87,18,86,100,4,1,103,0,1,0,1,82,13,41,4,0,0,2,6,26,5,99,13,91,6,98,1,0,0,1,92,0,95,9,97,6,1,0,36,68,0,4,100,1,78,25,0,94,10,3,101,0,1,43,60,3,28,73,0,1,103,0,0,104,0,3,101,0,4,100,10,56,38
2,PUNJAB,16,SARGODHA DIVISION,061,SARGODHA DISTRICT,206,KOT MOMIN,118,118,0,104,1,2,0,0,0,11,106,249387,209459,33698,6230,114,114,53,104,113,0,81,58,80,9,96,0,0,1,0,1,0,0,0,115,3,55,8,65,90,4,5,19,104,1,2,0,11,68,5,44,1,98,20,85,33,41,77,39,79,23,95,20,98,4,114,5,113,3,115,4,114,29,89,25,93,21,11,32,8,34,84,26,104,31,16,7,18,19,17,5,6,12,33,20,120,5,117,1,0,31,0,0,0,0,0,12,2,68,27,21,22,24,15,13,13,20,40,48,57,7,6,30,2,14,1,80,11,2,1,114,3,32,13,9,4,12,46,47,71,6,112,24,94,27,91,110,8,26,92,24,94,86,32,1,117,0,0,0,1,107,45,68,9,0,2,0,3,3,10,108,25,93,10,108,2,9,2,1,80,1,100,17,103,8,7,0,56,62,1,23,94,0,74,44,0,39,79,11,106,1,0,53,65,5,37,76,0,6,112,0,5,113,0,27,91,0,5,113,11,53,54
2,PUNJAB,16,SARGODHA DIVISION,061,SARGODHA DISTRICT,207,SAHIWAL,143,143,1,140,1,0,0,0,0,2,140,198420,167842,25455,5123,141,138,42,132,97,9,61,24,122,3,137,0,0,0,0,0,1,0,0,140,3,68,27,843,129,1,8,5,140,1,0,0,2,116,1,25,0,125,18,114,29,33,110,34,108,21,122,13,129,2,141,5,137,2,141,3,139,25,118,17,125,23,11,36,5,47,96,94,142,72,18,1,13,8,9,1,1,2,29,20,45,1,143,1,0,3,0,0,0,0,0,6,2,116,12,14,16,20,9,9,10,16,18,101,37,4,1,60,6,5,6,76,1,48,0,142,1,134,10,0,1,9,51,71,72,4,139,18,125,27,116,137,6,21,122,53,90,126,17,18,125,0,18,0,0,137,110,134,33,2,29,8,1,0,9,134,23,120,4,139,2,0,2,0,76,1,135,7,132,9,2,0,29,114,0,3,140,0,88,55,0,83,60,5,136,2,0,72,71,14,84,45,0,0,143,0,0,143,0,11,132,1,2,140,10,78,55
2,PUNJAB,16,SARGODHA DIVISION,061,SARGODHA DISTRICT,208,SARGODHA,206,206,4,185,13,8,0,0,0,0,193,378119,298019,58269,21831,204,183,83,173,174,14,174,125,203,1,136,1,0,4,0,1,3,0,0,99,107,256,36,151,195,3,2,6,185,13,8,0,0,173,0,32,1,197,9,189,17,137,69,138,68,70,136,83,123,22,184,19,187,22,184,19,187,89,117,67,139,57,15,71,9,75,131,96,196,124,72,2,55,47,33,14,14,9,68,20,175,15,196,12,1,51,0,2,0,0,0,119,5,173,11,62,68,56,47,30,46,49,65,184,21,1,0,58,12,51,3,125,139,37,17,179,10,70,63,9,6,37,81,132,74,33,173,81,125,84,122,189,17,84,122,120,86,179,27,13,193,12,1,0,1,148,15,62,0,1,3,3,4,52,29,177,77,129,23,183,1,5,6,5,125,1,191,14,148,52,6,1,129,76,0,50,156,3,167,36,0,164,42,15,186,5,0,139,67,11,23,172,0,13,193,0,9,197,0,30,176,0,33,173,20,106,80
2,PUNJAB,16,SARGODHA DIVISION,061,SARGODHA DISTRICT,209,SHAHPUR,124,124,20,99,3,1,0,0,0,21,100,200060,165786,31165,3109,119,104,40,106,76,0,58,21,113,2,108,0,0,4,0,0,0,0,0,95,13,39,23,45,98,4,2,1,99,3,1,0,21,90,1,14,0,97,9,96,12,36,70,38,68,19,87,17,89,5,101,5,101,9,97,8,98,42,64,31,75,14,12,21,7,94,11,27,101,17,19,1,12,10,12,1,1,2,66,15,150,9,99,2,1,7,0,0,0,0,1,18,6,90,4,26,23,15,11,16,14,20,50,77,26,1,1,12,0,1,4,91,13,9,4,95,2,75,11,0,2,13,41,67,38,10,95,42,63,46,59,101,4,42,63,40,65,100,5,2,106,0,2,1,0,103,26,83,6,6,17,4,7,4,9,97,22,83,10,95,1,4,1,1,91,0,93,13,100,5,1,0,50,56,0,16,90,0,81,25,0,48,58,6,99,1,0,40,66,18,34,54,0,3,103,0,3,103,0,12,94,1,2,103,5,69,32
2,PUNJAB,16,SARGODHA DIVISION,061,SARGODHA DISTRICT,210,SILLANWALI,91,91,0,86,2,3,0,0,0,0,89,148407,121653,20118,6636,91,75,57,76,74,17,65,44,91,3,76,0,0,1,0,0,0,0,0,42,49,14,43,14,77,4,10,0,86,2,3,0,0,74,0,17,0,89,2,88,3,50,41,62,29,28,63,35,56,1,90,5,86,4,87,5,86,33,58,30,61,21,15,17,10,77,14,34,84,37,18,1,12,11,9,6,5,3,86,1,150,9,78,2,0,7,0,0,0,0,0,20,6,74,1,28,19,14,9,7,10,11,16,61,30,0,0,38,6,2,1,49,7,23,5,85,0,28,8,1,2,10,32,39,52,12,79,25,66,28,63,82,9,28,63,41,50,82,9,3,88,3,0,0,0,78,13,53,10,1,14,2,5,4,3,88,14,77,6,85,0,1,3,0,49,0,88,3,90,1,0,0,76,15,0,22,69,1,88,2,0,85,6,0,88,3,0,74,17,0,8,83,0,1,90,0,0,91,0,22,69,0,11,80,12,59,20
3,SINDH,17,HYDERABAD DIVISION,062,BADIN DISTRICT,211,BADIN TALUKA,140,140,1,130,9,0,0,0,0,1,130,427348,44794,364960,17594,98,121,90,60,2,0,0,7,134,0,0,2,0,1,0,1,0,0,0,63,76,11,10,73,89,0,0,50,130,9,0,0,1,3,110,26,0,134,5,43,96,20,119,11,128,13,126,6,133,4,135,2,137,1,138,1,138,52,87,43,96,8,6,13,5,30,109,78,58,3,94,3,7,7,8,6,8,4,21,0,60,1,95,4,5,57,0,47,0,2,1,3,0,3,135,6,11,14,9,6,10,12,17,8,28,93,10,46,0,1,0,93,5,0,0,134,0,3,7,0,2,4,13,58,81,3,136,4,135,5,134,126,13,4,135,3,136,69,70,131,8,131,4,0,1,15,1,11,18,90,2,1,2,111,3,136,5,134,10,129,2,1,16,40,93,0,101,38,82,50,7,0,47,92,0,45,94,2,96,41,0,8,131,45,94,0,1,9,129,0,111,28,0,5,134,0,44,95,0,27,112,0,4,135,67,63,9
3,SINDH,17,HYDERABAD DIVISION,062,BADIN DISTRICT,212,GOLARCHI (S.F.RAHU) TALUKA,95,95,0,87,2,4,2,2,0,0,93,425529,64761,334440,26328,7,92,2,2,0,0,0,0,92,0,0,0,0,0,0,0,0,0,0,62,33,3,16,1,26,0,0,69,87,2,4,2,0,1,41,53,0,94,1,53,42,17,78,8,87,7,88,3,92,1,94,1,94,0,95,0,95,11,84,8,87,3,1,1,1,1,94,29,35,1,42,25,1,2,2,1,1,1,27,10,60,2,87,2,6,7,6,22,0,7,0,5,1,1,89,6,19,7,8,2,1,8,1,3,10,70,12,12,0,0,1,83,1,0,0,95,0,4,5,0,0,1,10,22,73,1,94,2,93,4,91,76,19,3,92,2,93,79,16,74,21,73,1,0,0,23,0,1,6,41,1,0,48,2,1,94,5,90,7,88,0,0,2,15,83,0,29,66,88,4,3,0,13,82,0,5,90,0,26,69,0,2,93,4,90,1,0,9,86,3,21,71,0,1,94,0,0,95,0,5,90,0,0,95,3,34,58
3,SINDH,17,HYDERABAD DIVISION,062,BADIN DISTRICT,213,MATLI TALUKA,98,98,0,90,3,5,0,0,0,0,95,265510,97597,148580,19333,94,60,87,83,51,0,29,42,98,0,7,0,0,0,0,0,0,0,0,44,54,24,0,2,80,1,1,16,90,3,5,0,0,1,2,95,0,95,3,80,18,42,56,21,77,16,82,7,91,3,95,2,96,1,97,1,97,15,83,2,96,2,4,16,2,73,25,43,81,7,72,0,9,9,8,1,2,3,34,20,250,2,51,4,9,23,0,45,0,0,0,5,3,1,89,38,22,23,6,9,7,17,63,0,39,58,1,91,0,0,0,7,10,0,0,92,2,34,8,2,3,8,27,37,61,3,95,5,93,4,94,97,1,3,95,3,95,94,4,78,20,78,0,0,0,6,1,4,72,20,0,1,32,6,4,94,9,89,19,79,0,0,17,5,7,0,79,19,90,7,1,1,31,66,0,20,78,0,85,13,0,5,93,7,90,1,0,39,59,41,41,16,1,4,93,0,1,97,0,23,75,0,3,95,28,68,2
3,SINDH,17,HYDERABAD DIVISION,062,BADIN DISTRICT,214,TALHAR TALUKA,55,55,0,48,7,0,0,0,0,0,48,125519,25440,79183,20896,39,55,55,55,0,0,0,10,55,0,0,0,0,0,0,0,0,0,0,17,38,0,0,2,22,0,0,33,48,7,0,0,0,0,4,51,0,53,2,8,47,7,48,3,52,6,49,3,52,1,54,0,55,1,54,0,55,14,41,3,52,1,4,19,1,26,29,45,19,1,40,0,1,1,1,1,1,1,28,20,40,1,17,1,5,29,0,46,1,0,0,3,2,0,50,5,6,5,2,2,4,6,14,0,10,45,0,18,0,0,0,37,1,2,0,54,3,32,1,0,1,2,5,24,31,1,54,1,54,2,53,53,2,1,54,2,53,53,2,49,6,49,0,0,0,6,1,16,20,7,0,1,36,22,2,53,1,54,1,54,1,1,1,0,37,0,15,40,44,11,0,0,17,38,0,8,47,0,28,27,0,0,55,2,52,1,0,1,54,9,30,16,0,0,55,0,1,54,0,2,53,0,1,54,0,20,35
3,SINDH,17,HYDERABAD DIVISION,062,BADIN DISTRICT,215,TANDO BAGO TALUKA,110,110,0,99,5,6,0,0,0,0,105,353453,107043,218370,28040,82,78,73,47,10,5,0,33,104,9,5,0,0,0,0,0,0,0,0,35,75,87,20,25,59,2,3,46,99,5,6,0,0,7,45,57,1,73,37,55,55,21,89,10,100,11,99,7,103,5,105,5,105,5,105,6,104,15,95,17,93,10,3,13,3,40,70,72,92,2,23,1,5,4,5,5,6,5,32,4,100,3,46,4,1,51,4,48,1,5,0,3,3,7,100,17,13,18,13,5,12,11,31,8,21,73,8,23,0,3,4,80,6,0,0,104,1,16,9,5,5,1,14,22,88,11,99,7,103,6,104,61,49,10,100,8,102,60,50,75,35,75,0,0,0,29,5,18,58,41,1,0,25,63,4,106,5,105,10,100,1,1,3,1,80,2,55,53,69,20,21,2,18,90,0,21,89,0,34,76,0,5,105,5,88,17,0,10,100,2,37,71,0,3,107,0,3,107,0,13,97,0,0,110,7,73,30
3,SINDH,17,HYDERABAD DIVISION,063,DADU DISTRICT,216,DADU TALUKA,67,67,4,61,0,2,0,0,0,4,63,201949,105555,87695,8699,65,47,55,28,1,0,3,17,51,10,60,0,0,1,13,0,0,0,0,47,16,76,8,6,23,26,1,13,61,0,2,0,4,1,2,59,1,58,5,42,21,27,36,14,49,18,45,9,54,3,60,3,60,3,60,2,61,8,55,5,58,4,1,4,2,2,61,51,57,5,6,2,1,1,2,4,1,1,84,0,130,3,58,0,1,18,0,2,2,0,0,0,23,1,40,12,11,8,3,4,8,10,8,34,25,3,1,41,0,14,1,21,9,1,1,55,0,59,4,1,1,1,7,8,55,2,61,2,61,1,62,38,25,1,62,3,60,40,23,7,58,0,7,0,0,27,0,0,3,0,0,2,7,45,1,63,4,60,11,53,0,0,11,7,21,0,54,9,36,25,2,0,52,11,0,29,34,1,43,19,0,34,29,0,61,2,0,8,55,21,7,35,0,1,62,0,2,61,0,2,61,0,1,62,0,10,53
3,SINDH,17,HYDERABAD DIVISION,063,DADU DISTRICT,217,JOHI TALUKA,110,110,18,91,0,1,0,0,0,18,92,471569,336781,129177,5611,92,19,8,0,13,2,0,4,28,2,37,1,0,61,3,2,0,0,0,64,30,32,16,1,43,3,7,42,91,0,1,0,18,2,32,60,2,84,12,63,33,19,77,14,82,11,85,11,85,2,94,3,93,0,96,2,94,12,84,12,83,2,2,4,1,1,95,35,88,2,14,2,4,3,8,3,2,6,246,0,500,11,75,2,5,5,13,13,6,0,0,8,3,2,79,10,16,10,6,3,13,13,12,27,39,27,1,92,0,2,0,4,1,0,0,96,0,64,8,1,3,3,8,31,65,0,96,1,95,2,94,86,10,4,90,3,91,78,18,64,32,59,4,1,2,41,0,0,1,3,0,0,4,55,1,95,6,90,17,79,0,0,2,36,4,2,70,23,59,28,9,0,32,64,0,14,82,1,78,17,0,51,45,18,75,3,0,72,24,5,39,52,0,3,93,0,3,93,0,20,76,0,1,95,1,86,9
3,SINDH,17,HYDERABAD DIVISION,063,DADU DISTRICT,218,KHAIRPUR NATHAN SHAH TALUKA,94,94,1,84,0,6,0,0,0,4,90,282963,33614,244797,4552,73,61,4,6,6,8,1,10,68,2,21,3,0,9,7,3,0,0,0,60,34,30,2,137,46,2,0,45,84,0,6,0,4,10,10,67,7,75,18,56,37,29,64,21,72,15,78,10,83,4,89,3,90,4,89,4,89,25,68,23,70,7,1,33,1,7,87,81,81,8,31,1,5,7,6,4,4,12,266,50,900,20,67,1,1,5,12,3,6,13,5,11,5,10,78,17,17,17,8,13,13,19,50,60,11,4,18,92,0,7,2,1,33,1,0,77,1,79,12,7,6,5,17,36,57,1,92,10,83,8,85,92,1,8,85,11,82,92,1,29,65,28,14,18,3,74,0,48,7,1,0,4,6,23,5,88,18,75,20,73,0,2,12,43,1,1,20,72,9,15,70,0,18,76,0,12,82,5,70,19,0,16,78,57,36,1,0,43,51,1,18,75,0,6,88,0,4,90,0,37,57,0,7,87,12,74,8
3,SINDH,17,HYDERABAD DIVISION,063,DADU DISTRICT,219,MEHAR TALUKA,82,82,7,67,4,4,1,0,1,6,71,253336,112047,116480,24809,70,70,5,3,2,0,1,1,23,53,0,0,0,3,1,2,0,0,0,70,7,94,6,20,23,1,1,52,67,4,4,1,6,3,15,58,1,73,4,23,54,21,56,11,66,14,63,7,70,8,69,4,73,1,76,2,75,7,70,1,76,6,1,6,1,1,76,17,23,16,16,50,6,5,6,3,3,3,80,0,125,1,65,0,1,29,7,2,0,1,1,7,3,3,62,12,16,12,6,6,6,11,9,15,18,44,0,55,0,6,0,22,15,1,1,71,0,70,5,1,1,4,12,13,64,3,74,5,72,5,72,49,28,3,74,8,69,49,28,54,23,1,53,0,2,28,8,8,9,1,0,9,44,14,3,73,6,70,8,68,0,1,3,22,22,0,65,12,65,9,3,1,12,64,0,8,69,1,51,25,0,47,30,3,71,3,0,25,52,7,39,31,0,3,74,0,1,76,0,15,62,0,4,73,6,40,31
3,SINDH,17,HYDERABAD DIVISION,064,HYDERABAD DISTRICT,220,HYDERABAD CITY TALUKA,4,4,0,0,4,0,0,0,0,0,0,7355,1446,133,5776,2,0,2,0,2,0,2,2,2,0,0,0,0,0,0,0,0,0,0,4,0,15,32,3,4,0,0,0,0,4,0,0,0,2,0,2,0,4,0,4,0,4,0,4,0,4,0,4,0,4,0,2,2,4,0,2,2,4,0,4,0,2,0,3,0,4,0,4,4,3,3,0,3,3,3,2,2,2,77,70,90,2,2,2,0,2,0,1,0,0,1,4,0,2,0,3,4,2,2,3,4,4,4,4,0,0,0,3,0,3,0,0,4,3,0,2,0,2,4,2,2,4,4,4,0,4,0,4,0,4,0,4,0,4,0,4,0,4,0,0,4,0,0,0,0,4,2,4,3,1,1,1,2,0,4,0,3,1,4,0,1,1,2,2,0,1,3,0,0,3,1,0,4,0,0,4,0,0,4,0,0,2,2,3,1,0,0,3,1,0,2,2,0,2,2,0,3,1,1,1,2,0,1,3,0,3,1
3,SINDH,17,HYDERABAD DIVISION,064,HYDERABAD DISTRICT,221,HYDERABAD TALUKA,63,63,0,51,5,6,1,1,0,0,58,188048,65864,112877,9307,62,7,57,53,58,1,49,47,60,2,38,0,0,0,0,0,0,0,0,53,10,220,87,15,56,2,0,5,51,5,6,1,0,2,3,58,0,58,5,55,8,25,38,19,44,15,48,10,53,3,60,2,61,0,63,1,62,51,12,49,14,7,3,7,5,56,7,38,61,7,32,0,14,11,14,0,1,0,60,30,100,1,60,3,7,1,0,11,0,0,2,11,10,2,42,18,22,15,4,13,32,23,33,10,44,8,1,58,0,35,0,1,28,1,7,57,14,38,15,0,0,13,33,55,8,3,60,4,59,4,59,61,2,7,56,4,59,61,2,1,62,1,0,0,0,60,1,52,13,7,0,1,47,0,4,59,10,53,19,44,2,2,3,3,1,0,33,30,34,23,6,0,26,37,0,19,44,0,60,3,0,10,53,14,49,0,1,10,52,12,28,23,0,3,60,0,1,62,0,22,41,0,1,62,7,46,10
3,SINDH,17,HYDERABAD DIVISION,064,HYDERABAD DISTRICT,222,LATIFABAD TALUKA,12,12,2,0,12,0,0,0,0,0,0,56438,2777,45456,8205,7,0,7,3,6,0,2,2,5,2,0,0,0,0,0,0,0,0,0,6,4,18,116,0,10,0,0,0,0,12,0,0,0,2,0,8,0,10,0,10,0,5,5,5,5,4,6,4,6,2,8,1,9,2,8,1,9,10,0,10,0,2,2,3,1,10,0,10,10,6,4,0,3,2,2,1,1,1,80,0,350,4,7,2,2,0,0,4,0,0,1,3,0,2,7,2,2,2,2,3,6,3,10,3,6,1,0,10,0,7,0,0,5,2,2,8,1,7,8,2,2,4,6,9,1,2,8,3,7,3,7,10,0,7,3,6,4,10,0,0,10,0,0,0,0,9,4,8,3,0,1,0,5,0,3,7,4,6,7,3,3,3,3,2,0,0,9,1,6,3,1,0,10,0,0,7,3,0,9,1,0,3,7,2,8,0,0,4,6,6,2,2,0,2,8,0,3,7,0,2,8,0,1,9,1,9,0
3,SINDH,17,HYDERABAD DIVISION,064,HYDERABAD DISTRICT,223,QASIM ABAD TALUKA,4,4,0,0,4,0,0,0,0,0,0,12798,738,3206,8854,2,0,2,0,2,0,0,2,2,1,0,0,0,0,0,0,0,0,0,2,2,4,7,3,4,0,0,0,0,4,0,0,0,2,0,2,0,4,0,4,0,4,0,4,0,4,0,4,0,2,2,2,2,2,2,2,2,4,0,4,0,2,0,3,0,4,0,4,4,4,4,0,2,0,0,0,0,2,95,90,100,3,4,3,1,1,0,1,0,0,0,4,0,2,0,4,4,1,2,3,3,4,4,4,0,0,0,4,0,4,0,0,4,3,1,4,1,1,3,2,2,3,3,3,1,3,1,4,0,3,1,4,0,3,1,3,1,4,0,0,4,0,0,0,0,2,0,4,0,0,0,2,2,0,3,1,3,1,3,1,1,0,0,0,0,0,4,0,0,3,1,0,3,1,0,2,2,0,4,0,0,3,1,4,0,0,0,3,1,1,0,3,0,0,4,0,1,3,0,1,3,0,0,4,1,1,2
3,SINDH,17,HYDERABAD DIVISION,065,JAMSHORO DISTRICT,224,KOTRI TALUKA,26,26,1,23,2,0,0,0,0,1,23,312661,33181,170058,109422,19,0,9,0,15,13,1,11,1,10,9,0,0,13,10,0,0,0,0,12,14,2,23,0,11,0,0,14,23,2,0,0,1,0,9,16,1,12,13,9,16,9,16,6,19,3,22,3,22,3,22,3,22,0,25,0,25,8,17,4,21,3,0,2,0,16,9,5,12,7,16,9,3,2,2,0,0,0,111,25,250,2,9,2,0,8,8,8,0,3,2,3,1,0,18,6,5,5,4,5,5,8,14,2,6,8,9,16,0,6,0,9,10,7,1,23,1,10,2,0,0,4,5,10,15,4,21,4,21,4,21,17,8,4,21,4,21,17,8,25,1,25,5,0,0,23,1,0,0,0,0,0,0,2,6,19,5,20,9,16,2,1,1,1,9,0,16,9,3,22,0,0,16,9,0,9,16,0,22,3,0,6,19,22,3,0,0,2,23,0,3,22,0,1,24,0,1,24,0,3,22,0,2,23,5,18,2
3,SINDH,17,HYDERABAD DIVISION,065,JAMSHORO DISTRICT,225,MANJHAND TALUKA,50,50,0,47,2,1,0,0,0,0,48,262456,21798,239171,1487,41,1,6,0,12,28,1,21,6,20,9,0,0,31,5,1,0,0,0,21,29,0,0,0,13,2,0,35,47,2,1,0,0,2,18,30,0,32,18,20,30,7,43,5,45,6,44,3,47,2,48,1,49,0,50,0,50,8,42,7,43,3,0,1,0,17,33,6,25,3,27,19,7,6,7,0,0,1,186,30,350,4,19,3,0,9,26,24,1,4,1,7,2,2,41,11,9,9,5,5,4,8,17,7,4,21,18,38,0,5,0,11,0,4,1,49,0,45,5,0,0,4,6,8,42,1,49,1,49,1,49,49,1,1,49,1,49,48,2,46,4,42,14,0,1,48,0,0,0,0,0,0,0,2,1,49,3,47,11,39,0,0,5,0,11,0,40,10,21,29,0,0,38,12,0,13,37,0,40,10,0,15,35,20,29,1,0,1,49,0,6,44,0,0,50,0,0,50,0,0,50,0,0,50,1,47,2
3,SINDH,17,HYDERABAD DIVISION,065,JAMSHORO DISTRICT,226,SEHWAN TALUKA,71,71,0,67,1,2,0,0,0,1,69,537795,138588,388473,10734,70,0,32,1,0,0,0,0,10,2,40,0,0,24,5,6,0,0,0,23,48,36,0,1,22,1,0,48,67,1,2,0,1,2,32,35,2,61,10,35,36,14,57,8,63,8,63,8,63,2,69,2,69,1,70,1,70,20,51,14,57,2,1,7,1,15,56,28,54,7,11,12,7,8,7,3,4,3,136,30,800,4,15,6,13,9,20,3,7,2,10,12,1,2,58,12,13,14,4,3,7,13,10,3,16,37,15,57,0,0,0,14,11,1,1,67,0,7,9,2,8,3,15,29,42,3,68,7,64,7,64,61,10,2,69,6,65,49,22,58,13,54,5,0,6,57,0,1,0,2,0,3,0,16,3,68,10,61,16,55,1,0,0,0,14,1,26,44,22,31,18,0,22,49,0,11,60,0,52,19,0,24,47,18,53,0,0,7,64,2,13,56,0,0,71,0,0,71,5,13,53,0,2,69,8,50,13
3,SINDH,17,HYDERABAD DIVISION,065,JAMSHORO DISTRICT,227,THANO BULA KHAN TALUKA,28,28,0,28,0,0,0,0,0,0,28,1114484,101887,1002259,10338,26,0,8,0,9,0,0,24,2,0,23,1,0,25,0,0,0,0,0,15,13,101,0,0,9,0,0,19,28,0,0,0,0,5,7,16,0,26,2,15,13,5,23,4,24,3,25,2,26,0,28,0,28,1,27,0,28,17,11,12,16,4,0,6,0,5,23,22,14,4,5,5,3,3,4,1,1,1,222,100,400,5,19,0,2,7,15,0,1,2,1,0,1,5,27,6,6,3,5,2,4,1,6,0,5,20,3,22,0,2,0,5,2,0,2,27,4,19,7,2,1,1,6,15,13,1,27,4,24,8,20,16,12,4,24,4,24,15,13,27,1,26,0,7,0,11,1,3,0,0,0,0,9,7,2,26,3,25,6,22,1,1,4,3,5,0,21,7,2,26,0,0,19,9,0,10,18,0,24,4,0,4,24,15,13,0,0,12,16,0,15,13,0,9,19,0,6,22,0,10,18,0,0,28,7,12,9
3,SINDH,17,HYDERABAD DIVISION,066,MATIARI DISTRICT,228,HALA TALUKA,38,38,7,25,3,3,7,0,7,0,28,126043,61037,60072,4934,31,0,29,3,9,2,18,20,18,2,30,0,0,0,0,0,0,0,0,19,12,2,0,0,18,0,1,12,25,3,3,7,0,1,7,22,1,28,3,23,8,14,17,9,22,7,24,7,24,2,29,2,29,1,30,1,30,4,27,3,28,2,2,5,3,2,29,19,26,10,9,2,7,8,7,2,2,3,69,0,130,9,29,0,1,6,1,0,1,0,0,2,2,1,25,10,9,7,3,7,7,8,6,10,11,7,3,22,0,3,0,9,9,0,1,30,10,13,7,3,1,2,11,23,8,4,27,4,27,4,27,19,12,4,27,5,26,19,12,23,8,16,17,0,0,21,2,19,17,0,0,0,3,6,2,29,3,28,6,25,0,0,2,0,9,1,19,11,24,5,2,0,3,28,0,3,28,0,15,16,0,5,26,4,26,1,0,7,24,8,3,20,0,0,31,0,0,31,0,7,24,0,0,31,3,8,20
3,SINDH,17,HYDERABAD DIVISION,066,MATIARI DISTRICT,229,MATIARI TALUKA,46,46,1,41,1,3,1,0,1,0,44,139160,80191,50895,8074,45,0,45,43,41,3,43,43,43,2,20,0,0,0,1,0,0,0,0,44,2,14,2,0,10,16,16,4,41,1,3,1,0,1,0,43,2,44,2,34,12,22,24,14,32,10,36,10,36,2,44,4,42,1,45,1,45,8,38,2,44,3,2,5,3,3,43,8,45,2,5,1,5,5,5,1,1,0,74,3,100,1,44,1,4,4,0,3,0,1,0,4,11,1,10,2,9,5,3,3,12,7,2,1,19,25,1,39,0,4,0,6,38,0,3,12,3,7,18,0,2,2,16,43,3,3,43,1,45,1,45,44,2,1,45,1,45,45,1,0,46,0,0,0,0,14,0,6,1,4,0,2,8,24,4,42,2,44,19,27,1,0,3,0,6,0,44,2,23,22,1,0,6,40,1,2,43,0,41,5,0,3,43,21,23,2,0,19,27,0,34,12,0,0,46,0,0,46,0,22,24,0,0,46,0,39,7
3,SINDH,17,HYDERABAD DIVISION,066,MATIARI DISTRICT,230,SAEEDABAD TALUKA,29,29,1,27,1,0,0,0,0,1,27,81233,67320,11208,2705,28,4,28,7,8,2,16,12,28,0,25,0,0,0,0,0,0,0,0,27,1,5,3,0,21,2,0,5,27,1,0,0,1,1,0,27,0,28,0,27,1,18,10,16,12,8,20,8,20,3,25,2,26,1,27,1,27,18,10,20,8,8,2,19,2,12,16,13,25,4,7,2,12,11,7,1,4,1,100,0,120,9,27,0,0,0,0,2,0,0,0,6,15,1,7,18,18,11,5,7,10,3,6,0,8,20,0,16,0,4,0,8,13,0,0,22,0,4,6,1,2,2,15,16,12,4,24,11,17,13,15,26,2,12,16,15,13,18,10,5,23,0,0,0,0,8,0,2,0,27,1,0,3,0,2,26,9,19,9,19,0,1,2,6,8,0,28,0,6,22,0,0,25,3,0,13,15,0,26,2,0,24,4,6,22,0,0,21,7,1,22,5,0,10,18,0,9,19,0,17,11,0,10,18,0,22,6
3,SINDH,17,HYDERABAD DIVISION,067,TANDO ALLAHYAR DISTRICT,231,CHAMBER TALUKA,29,29,0,26,3,0,0,0,0,0,26,124253,60771,56876,6606,29,0,29,24,27,14,29,29,29,0,22,0,0,0,0,0,0,0,0,18,11,52,29,0,26,3,0,0,26,3,0,0,0,0,0,29,0,29,0,26,3,20,9,17,12,11,18,9,20,1,28,1,28,0,29,0,29,15,14,11,18,11,1,15,0,26,3,28,29,3,10,0,10,9,13,1,1,1,92,50,200,0,25,2,12,2,0,5,1,0,0,1,4,0,24,13,15,14,11,8,3,9,6,9,10,10,0,24,0,5,0,5,8,0,1,26,0,7,1,0,1,1,11,23,6,1,28,2,27,2,27,27,2,1,28,1,28,27,2,0,29,0,0,0,0,28,0,15,0,0,0,27,5,1,1,28,11,18,20,9,2,0,0,1,5,0,27,2,26,3,0,0,5,24,0,2,27,0,29,0,0,0,29,3,26,0,0,7,22,0,26,3,0,0,29,0,0,29,0,2,27,0,1,28,5,23,1
3,SINDH,17,HYDERABAD DIVISION,067,TANDO ALLAHYAR DISTRICT,232,JHANDO MARI TALUKA,38,38,0,35,2,1,0,0,0,0,36,157018,81155,68673,7190,38,3,38,38,22,1,27,22,38,2,17,0,0,0,1,0,0,0,0,25,13,30,0,0,33,0,2,3,35,2,1,0,0,0,4,34,0,37,1,37,1,18,20,17,21,8,30,7,31,1,37,1,37,0,38,1,37,17,21,16,22,5,3,7,4,13,25,37,37,5,20,0,11,10,10,2,1,1,65,20,160,5,32,2,13,4,0,6,0,0,0,1,1,0,36,19,12,10,9,6,10,8,6,13,14,11,0,18,0,0,0,20,8,0,1,30,1,3,9,0,0,3,20,34,4,1,37,1,37,6,32,37,1,1,37,4,34,37,1,5,33,0,2,0,0,1,0,4,0,0,0,3,8,28,4,34,6,32,13,25,0,2,1,0,20,0,34,4,37,1,0,0,6,32,0,1,37,0,38,0,0,1,37,1,37,0,0,5,33,2,29,7,0,0,38,0,0,38,0,5,33,0,0,38,13,22,3
3,SINDH,17,HYDERABAD DIVISION,067,TANDO ALLAHYAR DISTRICT,233,TANDO ALLAHYAR TALUKA,24,24,0,16,5,3,0,0,0,0,19,101450,85254,7826,8370,24,0,24,24,24,1,24,24,24,0,20,0,0,0,0,0,1,0,0,23,1,68,23,0,21,0,0,3,16,5,3,0,0,1,0,23,0,24,0,22,2,16,8,8,16,8,16,6,18,2,22,4,20,2,22,2,22,6,18,4,20,3,4,7,2,4,20,22,24,3,20,0,15,15,15,1,1,2,181,150,250,0,23,1,10,1,0,0,0,0,0,1,7,1,16,21,12,9,4,11,6,10,13,1,17,6,0,24,0,11,0,0,15,1,13,24,3,1,7,3,2,4,15,22,2,2,22,5,19,3,21,24,0,3,21,6,18,24,0,0,24,0,0,0,0,24,0,24,23,0,0,0,23,0,7,17,4,20,14,10,1,1,2,0,0,0,24,0,20,4,0,0,10,14,0,10,14,0,23,1,0,3,21,4,20,0,0,8,16,0,12,12,0,0,24,0,0,24,0,1,23,0,0,24,1,22,1
3,SINDH,17,HYDERABAD DIVISION,068,TANDO MUHAMMAD KHAN DISTRICT,234,BULRI SHAH KARIM TALUKA,77,77,2,75,0,1,1,0,1,0,76,208816,78688,126108,4020,74,74,73,72,71,21,5,3,76,0,0,0,0,0,0,0,0,0,0,72,4,58,1,13,67,0,0,9,75,0,1,1,0,0,6,69,1,72,4,39,37,14,62,7,69,7,69,4,72,1,75,2,74,0,76,2,74,20,56,14,62,2,1,17,0,20,56,75,75,2,5,0,2,2,2,0,0,1,40,0,50,14,72,4,5,16,0,23,2,1,0,11,2,0,63,5,4,6,7,4,5,13,10,11,6,57,2,8,0,1,0,67,19,0,11,75,67,69,5,0,0,1,11,3,73,1,75,1,75,1,75,68,8,1,75,2,74,69,7,0,76,0,0,0,0,0,0,2,0,1,0,0,71,44,1,75,3,73,9,67,1,2,1,0,67,0,69,7,73,2,1,0,16,60,0,2,74,0,70,6,0,1,75,3,73,0,0,17,59,6,63,7,0,0,76,0,0,76,0,11,65,0,0,76,27,42,7
3,SINDH,17,HYDERABAD DIVISION,068,TANDO MUHAMMAD KHAN DISTRICT,235,TANDO GHULAM HYDER TALUKA,54,54,0,49,5,0,0,0,0,0,49,132217,44235,80372,7610,19,54,24,28,3,0,1,7,54,0,2,0,0,0,0,0,0,0,0,37,17,14,3,2,35,0,1,18,49,5,0,0,0,0,7,47,0,51,3,48,6,6,48,4,50,6,48,4,50,0,54,1,53,0,54,0,54,7,47,2,52,0,3,1,2,35,19,16,41,0,23,0,3,5,5,1,0,0,42,20,80,0,54,0,6,3,0,6,0,0,0,6,0,0,48,5,6,5,2,5,3,7,5,2,25,25,2,33,0,3,0,21,6,0,2,54,0,10,2,0,0,1,9,41,13,0,54,0,54,0,54,45,9,0,54,0,54,43,11,0,54,0,0,0,0,46,0,0,33,0,0,0,9,0,0,54,3,51,3,51,1,2,0,0,21,2,41,11,9,39,6,0,19,35,0,6,48,0,50,4,0,2,52,10,43,1,0,18,36,4,5,45,0,0,54,0,0,54,0,5,49,0,1,53,1,51,2
3,SINDH,17,HYDERABAD DIVISION,068,TANDO MUHAMMAD KHAN DISTRICT,236,TANDO MUHAMMAD KHAN TALUKA,29,29,0,27,2,0,0,0,0,0,27,86771,74244,9016,3511,29,17,22,25,15,0,17,16,29,1,17,0,0,0,0,0,0,0,1,24,5,30,0,0,22,3,0,4,27,2,0,0,0,2,0,27,0,29,0,18,11,15,14,7,22,7,22,5,24,2,27,2,27,1,28,1,28,11,18,6,23,4,2,5,2,18,11,26,29,3,27,0,6,6,6,1,1,1,99,50,200,1,27,0,5,8,0,0,0,0,0,5,3,2,21,8,11,8,3,7,4,8,8,1,24,3,1,22,0,0,0,7,13,14,11,26,15,22,7,1,2,5,13,17,12,1,28,2,27,1,28,21,8,1,28,2,27,22,7,0,29,0,0,0,0,5,0,2,2,1,0,3,0,24,2,27,4,25,12,17,2,1,6,0,7,2,27,0,22,6,1,0,26,3,0,16,13,0,27,2,0,7,22,4,25,0,0,14,15,4,19,6,0,1,28,0,2,27,1,11,17,0,1,28,2,23,4
3,SINDH,17,HYDERABAD DIVISION,069,THATTA DISTRICT,237,GHORABARI TALUKA,61,61,3,54,4,0,1,0,1,2,54,231014,34427,193636,2951,59,53,19,34,46,26,17,56,53,6,3,3,0,0,0,0,0,0,0,53,8,174,47,80,16,4,14,25,54,4,0,1,2,5,39,15,1,40,20,14,46,8,53,4,56,5,56,3,57,3,58,1,59,1,59,0,59,13,48,5,55,6,1,12,2,17,43,43,23,15,25,0,7,7,5,3,6,4,51,0,80,3,55,1,0,16,1,18,0,0,0,4,3,5,50,4,5,5,4,4,5,3,5,1,3,42,14,16,0,1,0,43,1,0,5,56,0,2,6,3,4,2,7,4,56,8,52,13,47,16,45,50,11,14,46,19,42,54,7,45,16,21,30,0,0,39,0,1,0,0,0,0,1,21,3,58,3,58,9,52,0,0,1,0,43,1,25,35,6,32,23,0,16,45,0,3,58,1,36,24,0,1,60,4,46,11,0,2,59,0,12,49,0,2,59,0,1,60,0,15,46,0,2,59,1,39,20
3,SINDH,17,HYDERABAD DIVISION,069,THATTA DISTRICT,239,KETI BUNDER TALUKA,52,52,30,22,0,0,0,0,0,30,22,170701,6948,162560,1193,19,18,18,19,20,0,3,18,19,0,0,0,0,0,0,3,0,0,0,19,22,8,0,0,2,0,1,20,22,0,0,0,30,1,42,2,1,6,18,1,21,2,20,1,21,2,20,1,21,0,22,0,22,1,21,1,21,6,17,2,20,1,1,5,1,11,15,5,6,5,0,43,1,1,0,0,0,1,51,30,75,0,20,0,0,1,1,16,0,1,1,0,1,1,44,1,2,1,0,1,1,1,7,0,0,11,14,17,0,0,0,33,0,0,0,23,0,0,1,1,0,1,2,18,33,1,51,9,37,3,22,45,7,8,38,2,22,39,13,32,20,0,32,0,3,20,0,1,0,0,0,0,22,10,0,52,0,52,1,51,0,0,0,0,33,0,18,34,0,22,30,0,1,51,0,0,52,0,18,34,0,0,52,3,20,29,0,17,35,0,0,52,0,0,52,0,0,52,0,18,34,0,0,52,0,23,29
3,SINDH,17,HYDERABAD DIVISION,069,THATTA DISTRICT,242,MIRPUR SAKRO TALUKA,90,90,3,84,0,1,0,0,0,5,85,369532,286636,44627,38269,78,85,4,0,74,1,31,79,83,4,1,0,0,1,0,0,0,0,0,64,23,310,14,145,23,4,0,60,84,0,1,0,5,0,13,74,0,85,2,82,5,20,67,19,68,9,78,9,78,1,86,1,86,2,85,2,85,37,50,27,60,2,0,0,0,2,85,18,72,4,12,14,5,6,6,1,2,3,37,0,250,4,78,5,6,12,0,80,0,2,6,7,0,0,80,8,9,9,5,4,7,4,2,0,2,69,16,29,0,3,21,38,2,2,0,87,4,84,5,0,1,5,7,8,79,3,84,1,86,7,80,82,5,1,86,4,83,32,55,87,0,3,15,0,0,87,0,10,12,0,0,0,1,0,4,83,5,82,6,81,0,0,1,1,38,4,70,13,10,75,2,0,61,26,0,10,77,1,84,2,0,2,85,1,86,0,0,6,81,1,4,82,0,1,86,0,0,87,0,3,84,0,0,87,1,53,33
3,SINDH,17,HYDERABAD DIVISION,069,THATTA DISTRICT,245,THATTA TALUKA,61,61,4,51,2,3,2,1,1,3,55,878192,371860,497221,9111,56,41,17,35,37,3,12,46,46,11,7,3,0,9,2,2,0,0,0,37,21,355,19,199,40,0,0,18,51,2,3,2,3,3,4,51,0,53,6,31,28,19,40,16,43,12,47,8,51,2,57,1,58,2,57,1,58,8,51,6,53,7,0,11,0,13,47,56,53,2,45,2,8,5,7,7,3,2,68,0,220,2,31,2,6,6,4,30,5,0,3,11,1,3,46,6,12,7,9,7,12,12,6,4,9,32,13,12,2,2,11,33,6,1,6,56,10,28,12,2,2,3,13,31,27,3,55,5,53,4,54,41,17,5,53,3,55,40,18,32,29,7,25,0,2,28,1,6,3,16,0,1,0,26,2,56,3,55,8,50,0,0,2,18,33,4,26,31,25,25,11,0,26,35,0,24,37,6,39,16,4,23,34,19,31,11,10,20,31,13,13,35,0,22,39,2,30,29,6,29,26,4,39,18,26,27,8
3,SINDH,19,LARKANA DIVISION,071,JACOBABAD DISTRICT,246,GARHI KHAIRO TALUKA,60,60,0,57,1,2,0,0,0,0,59,179254,17957,118244,43053,58,58,1,0,0,31,0,0,59,1,0,2,0,0,0,0,0,0,0,32,28,9,0,0,26,1,0,33,57,1,2,0,0,4,3,50,3,57,3,28,32,14,46,8,52,7,53,2,58,1,59,1,59,1,59,2,58,2,58,0,60,2,0,2,0,0,60,50,55,3,22,0,4,4,4,0,3,3,36,30,60,0,54,1,4,0,3,5,12,0,0,8,3,4,49,9,9,7,0,4,4,7,5,1,17,42,0,0,0,1,1,59,4,0,0,47,0,19,6,1,2,4,8,44,16,2,58,2,58,4,56,57,3,3,57,4,56,55,5,0,60,0,0,0,0,43,0,44,36,0,0,42,0,17,1,59,5,55,12,48,0,0,0,0,59,0,59,1,54,5,1,0,34,26,0,8,52,0,21,39,0,7,53,3,50,7,0,22,38,44,15,1,0,7,53,0,0,60,0,6,54,0,4,56,2,36,22
3,SINDH,19,LARKANA DIVISION,071,JACOBABAD DISTRICT,247,JACOBABAD TALUKA,58,58,0,51,3,4,0,0,0,0,55,162477,115438,29254,17785,32,58,0,0,0,17,0,17,58,0,1,0,0,0,0,0,0,0,0,27,31,0,0,0,21,2,0,35,51,3,4,0,0,1,15,40,2,51,7,27,31,25,33,13,45,8,50,4,54,4,54,3,55,4,54,3,55,10,48,2,56,10,0,12,0,16,42,26,21,4,24,16,6,5,3,5,5,3,34,20,50,1,57,0,2,7,4,1,2,2,0,5,2,1,47,12,19,9,8,6,8,9,6,8,16,34,0,56,3,5,0,2,5,3,1,56,0,45,4,4,3,5,10,36,22,8,50,5,53,6,52,53,5,8,50,10,48,49,9,5,53,1,4,0,0,58,17,39,34,5,2,2,2,0,3,55,2,56,26,32,1,8,2,3,2,1,50,7,48,8,2,0,43,15,0,26,32,0,54,4,0,8,50,8,49,1,0,18,40,22,27,9,0,5,53,0,8,50,0,32,26,0,2,56,5,32,21
3,SINDH,19,LARKANA DIVISION,071,JACOBABAD DISTRICT,248,THUL TALUKA,93,93,0,85,4,4,0,0,0,0,89,293149,92107,183658,17384,92,86,0,0,0,4,0,4,89,27,17,0,0,0,0,1,1,0,0,65,28,131,257,342,51,0,0,42,85,4,4,0,0,17,34,41,1,82,11,60,33,33,60,17,76,11,82,11,82,2,91,2,91,0,93,1,92,33,60,20,73,15,5,19,8,10,83,71,86,7,27,6,14,14,23,6,8,21,55,30,100,2,83,6,9,19,1,5,0,2,2,10,2,17,77,24,26,26,11,15,13,18,11,6,39,46,2,74,0,23,0,9,13,5,8,92,6,83,16,4,8,15,25,48,45,4,89,6,87,9,84,74,19,10,83,15,78,75,18,1,92,0,1,0,1,92,1,27,3,7,1,1,8,0,3,90,5,88,24,69,0,4,11,2,9,0,80,13,51,42,0,0,53,40,0,36,57,0,76,17,0,15,78,3,70,20,0,52,41,33,50,10,0,33,60,0,23,70,0,43,50,0,4,89,4,31,58
3,SINDH,19,LARKANA DIVISION,072,KASHMORE DISTRICT,249,KANDHKOT TALUKA,49,49,0,44,4,1,0,0,0,0,45,185921,88748,68449,28724,47,30,0,4,0,0,0,1,28,22,13,0,0,0,0,0,0,1,0,40,9,5,0,15,1,4,4,40,44,4,1,0,0,4,22,23,0,43,6,38,11,16,33,12,37,4,45,4,45,1,48,2,47,2,47,2,47,14,35,10,39,8,12,11,12,4,45,18,25,3,5,10,3,4,4,4,3,4,48,20,60,0,48,1,0,0,0,4,0,0,0,3,1,4,44,12,7,6,4,5,5,9,7,1,10,27,11,41,1,4,0,6,2,2,2,47,0,17,2,0,1,3,6,8,41,4,45,4,45,5,44,17,32,4,45,5,44,16,33,8,41,1,8,0,0,8,1,3,3,18,0,0,6,19,4,45,3,46,13,36,1,1,0,1,6,0,28,21,29,14,6,0,21,28,0,11,38,0,31,18,1,11,37,3,34,12,0,4,45,2,24,23,0,1,48,0,1,48,0,2,47,0,2,47,7,25,17
3,SINDH,19,LARKANA DIVISION,072,KASHMORE DISTRICT,250,KASHMOR TALUKA,57,57,0,48,2,7,0,0,0,0,55,285409,61704,169606,54099,56,48,4,3,0,7,0,1,48,10,17,0,0,1,1,1,0,0,0,49,8,1,0,98,32,1,0,24,48,2,7,0,0,1,9,47,0,53,4,38,19,23,34,14,43,17,40,13,44,4,53,3,54,2,55,4,53,32,25,26,31,8,1,7,1,0,57,34,35,5,12,3,7,6,6,5,2,3,60,3,80,0,57,0,1,1,0,1,0,0,0,3,0,1,54,12,12,11,5,5,8,7,7,0,25,23,9,33,2,6,0,22,10,3,11,56,0,44,6,1,1,3,20,34,23,6,51,7,50,9,48,52,5,8,49,8,49,46,11,6,51,0,6,0,1,47,3,5,2,0,0,14,21,4,2,55,5,52,21,36,0,1,0,0,22,0,52,5,54,3,0,0,26,31,0,6,51,0,41,16,0,21,36,2,51,4,0,21,36,42,11,4,0,4,53,0,2,55,0,8,49,0,4,53,5,23,29
3,SINDH,19,LARKANA DIVISION,072,KASHMORE DISTRICT,251,TANGWANI TALUKA,42,42,0,40,2,0,0,0,0,0,40,167319,68974,97247,1098,41,42,0,1,0,0,0,0,42,0,0,0,0,0,0,0,0,0,0,31,11,0,0,0,11,0,1,30,40,2,0,0,0,0,0,40,2,42,0,23,19,15,27,5,37,9,33,1,41,1,41,1,41,1,41,1,41,7,35,1,41,1,0,1,1,3,39,5,1,0,1,35,2,3,2,0,0,0,48,20,70,0,38,0,0,0,0,2,0,2,0,0,1,0,41,9,11,9,4,2,3,3,3,1,9,32,0,0,0,0,0,42,0,0,2,40,0,0,2,2,1,1,4,3,39,0,42,1,41,1,41,15,27,1,41,0,42,11,31,1,41,0,1,0,0,38,0,0,0,0,0,0,0,4,2,40,2,40,16,26,0,0,0,0,42,0,34,8,26,15,1,0,27,15,0,12,30,0,29,13,0,15,27,8,34,0,0,16,26,0,17,25,0,8,34,0,5,37,0,6,36,0,0,42,4,30,8
3,SINDH,19,LARKANA DIVISION,073,LARKANA DISTRICT,252,BAKRANI TALUKA,43,43,1,29,2,0,0,0,0,12,29,119399,33284,82461,3654,31,31,1,0,0,0,1,2,31,3,0,0,0,0,0,0,0,0,0,39,3,63,46,35,26,0,2,14,29,2,0,0,12,0,4,38,0,34,8,27,15,18,24,15,27,11,31,8,34,2,40,2,40,2,40,2,40,8,34,5,37,1,6,5,6,0,42,35,41,9,4,0,5,5,4,1,0,0,57,20,80,3,41,0,0,0,0,0,0,0,0,9,0,0,32,12,14,11,6,9,7,10,19,27,5,7,3,42,0,0,0,0,17,0,2,33,11,33,0,0,0,2,13,19,23,1,41,5,37,3,39,9,33,4,38,7,35,12,30,0,42,0,0,0,0,18,3,27,0,0,0,6,36,6,1,41,2,40,8,34,0,2,7,11,0,1,30,11,25,12,5,1,31,10,0,34,8,5,30,7,0,29,13,4,29,9,0,21,21,5,13,24,1,9,32,1,12,29,0,18,24,1,11,30,0,16,26
3,SINDH,19,LARKANA DIVISION,073,LARKANA DISTRICT,253,DOKRI TALUKA,30,30,0,23,0,6,0,0,0,1,29,96982,24739,68877,3366,27,23,4,0,0,0,0,0,20,1,8,0,0,0,0,0,0,0,0,23,7,83,2,13,14,1,0,15,23,0,6,0,1,1,7,22,0,25,5,22,8,16,14,9,21,7,23,3,27,2,28,0,30,1,29,0,30,14,16,8,22,5,0,8,0,7,23,13,27,5,8,1,2,2,3,1,2,2,66,40,120,13,30,0,0,0,0,0,0,0,0,3,1,1,24,9,9,9,4,6,7,4,8,2,15,11,2,23,0,0,2,5,7,1,5,21,6,16,7,2,3,2,8,14,16,1,29,7,23,2,28,22,8,7,23,9,21,22,8,1,29,0,1,0,0,9,0,1,0,0,0,6,0,21,3,27,4,26,16,14,0,0,12,1,5,2,25,3,24,6,0,0,19,11,0,14,16,0,19,11,0,8,22,1,27,2,0,22,8,1,25,4,0,11,19,0,4,26,0,20,10,0,2,28,0,21,9
3,SINDH,19,LARKANA DIVISION,073,LARKANA DISTRICT,254,LARKANA TALUKA,54,54,0,49,2,1,0,0,0,2,50,115913,53799,56582,5532,49,50,0,1,0,0,6,8,49,27,8,0,0,0,0,0,0,0,0,50,4,83,54,141,37,2,1,14,49,2,1,0,2,18,5,29,2,44,10,43,11,28,26,24,30,11,43,10,44,4,50,3,51,5,49,3,51,9,45,5,49,12,2,11,2,4,50,43,44,15,17,5,7,7,8,2,5,6,76,40,120,2,51,2,5,0,1,5,0,0,0,14,6,18,34,18,18,18,11,9,14,11,18,30,8,9,7,49,1,3,2,3,24,2,0,35,5,20,6,3,2,6,12,24,30,6,48,11,43,7,47,21,33,13,41,16,38,23,31,2,52,1,1,0,0,48,2,4,4,1,1,1,1,5,3,51,10,44,16,38,0,0,1,0,3,1,22,31,25,19,10,1,21,32,0,16,38,0,48,6,1,21,32,22,30,2,0,10,44,3,25,26,0,7,47,0,7,47,0,34,20,0,8,46,0,32,22
3,SINDH,19,LARKANA DIVISION,073,LARKANA DISTRICT,255,RATODERO TALUKA,58,58,0,57,1,0,0,0,0,0,57,124467,47241,72648,4578,58,55,0,5,0,42,5,38,56,3,5,0,0,0,1,0,0,0,0,57,1,133,0,147,52,0,0,6,57,1,0,0,0,1,0,57,0,52,6,30,28,16,42,13,45,9,49,6,52,2,56,2,56,3,55,3,55,11,47,3,55,3,3,2,3,4,54,56,52,5,51,0,3,2,2,4,1,2,81,65,90,20,55,4,3,1,0,9,0,0,0,52,1,1,5,11,13,7,1,4,3,3,4,3,49,1,5,58,1,44,1,0,29,1,1,57,0,57,2,2,3,3,11,49,9,0,58,5,53,4,54,18,40,2,56,5,53,10,48,2,56,0,2,0,0,58,51,38,0,1,0,0,0,0,3,55,5,53,29,29,0,2,0,0,0,3,54,1,48,9,1,0,3,55,0,2,56,0,19,39,0,3,55,4,52,2,0,42,16,46,7,5,0,1,57,0,1,57,0,3,55,0,0,58,8,48,2
3,SINDH,19,LARKANA DIVISION,074,KAMBAR SHAHDAD KOT DISTRICT,256,KAMBAR ALI KHAN TALUKA,69,69,1,67,0,1,0,0,0,1,68,280578,181045,90431,9102,69,67,0,0,0,4,1,2,68,0,0,4,0,3,0,0,0,0,0,51,17,38,7,46,51,0,7,11,67,0,1,0,1,0,3,65,0,51,17,42,26,26,42,21,47,14,54,13,55,2,66,1,67,2,66,1,67,12,56,8,60,1,1,1,1,11,57,65,56,3,10,0,4,2,3,2,1,2,90,45,300,1,57,1,9,7,9,1,0,0,0,26,0,0,40,16,15,15,4,3,9,13,4,7,26,34,1,66,0,3,0,3,6,1,24,62,0,66,3,1,2,2,12,30,38,1,67,7,61,3,65,52,16,2,66,4,64,55,13,0,69,0,0,0,0,68,1,16,14,1,0,1,0,0,4,64,7,61,17,51,0,0,1,1,3,0,49,20,47,5,17,0,22,47,0,3,66,0,48,21,0,63,6,12,51,6,0,22,47,16,20,33,0,4,65,0,0,69,0,17,52,0,2,67,2,35,32
3,SINDH,19,LARKANA DIVISION,074,KAMBAR SHAHDAD KOT DISTRICT,257,MIRO KHAN TALUKA,38,38,0,33,5,0,0,0,0,0,33,94066,30828,61763,1475,38,37,0,0,0,0,0,0,38,0,0,0,0,0,0,0,0,0,0,23,15,78,8,38,7,0,0,31,33,5,0,0,0,1,0,37,0,34,4,12,26,13,25,8,30,7,31,4,34,3,35,1,37,1,37,1,37,5,33,4,34,1,1,2,1,19,19,5,38,2,2,0,3,5,5,1,3,3,54,40,70,0,38,0,0,0,0,0,0,0,0,1,0,1,37,7,5,4,2,2,4,6,3,2,0,10,26,36,0,0,1,1,8,0,0,36,0,35,1,1,1,1,8,11,27,1,37,1,37,3,35,36,2,1,37,1,37,36,2,0,38,0,0,0,0,9,0,0,0,0,0,0,2,27,2,36,2,36,15,23,5,1,1,1,1,3,26,9,24,12,2,0,3,35,0,6,32,1,31,6,1,19,18,6,31,1,0,1,37,0,28,10,0,1,37,0,1,37,0,1,37,0,3,35,0,34,4
3,SINDH,19,LARKANA DIVISION,074,KAMBAR SHAHDAD KOT DISTRICT,258,NASIRABAD TALUKA,23,23,0,21,0,2,0,0,0,0,23,69501,35190,28800,5511,19,23,0,0,0,0,0,0,23,0,0,0,0,0,0,0,0,0,0,13,10,22,2,18,10,0,2,11,21,0,2,0,0,1,0,22,0,23,0,20,3,7,16,7,16,3,20,3,20,2,21,2,21,2,21,2,21,2,21,2,21,2,0,3,0,2,21,20,21,2,9,0,2,2,3,2,1,5,71,35,120,0,23,0,0,4,0,0,0,0,0,2,1,1,20,6,5,4,3,3,3,5,4,6,4,13,0,23,0,2,0,0,8,0,1,18,0,18,1,2,2,2,6,16,7,2,21,3,20,2,21,20,3,3,20,2,21,21,2,0,23,0,0,0,0,13,0,3,5,0,0,0,0,7,2,21,2,21,7,16,0,0,0,0,0,0,18,5,10,7,6,0,12,11,0,6,17,0,21,2,0,20,3,8,15,0,0,11,12,3,11,9,0,3,20,0,2,21,1,8,14,0,6,17,0,19,4
3,SINDH,19,LARKANA DIVISION,074,KAMBAR SHAHDAD KOT DISTRICT,259,QUBO SAEED KHAN TALUKA,38,38,2,32,4,0,0,0,0,2,32,267807,10856,255965,986,35,33,0,0,0,0,0,0,35,0,0,0,0,1,0,0,0,0,0,18,18,30,0,0,21,0,0,15,32,4,0,0,2,0,4,32,0,31,6,10,27,5,32,3,34,2,35,1,36,1,36,0,37,1,36,0,37,5,32,2,35,0,4,0,4,5,31,26,24,1,3,7,1,1,2,0,0,1,61,25,400,0,28,1,0,3,0,5,0,4,0,0,1,0,35,2,1,3,0,0,2,0,1,8,2,19,7,35,0,0,0,1,2,3,0,36,1,36,2,0,0,1,5,26,11,0,36,1,35,1,35,30,6,2,34,1,35,31,5,1,37,1,0,0,0,36,0,0,0,0,0,0,0,0,1,36,1,36,6,31,0,1,0,0,1,0,26,11,7,23,7,0,27,9,0,6,31,0,29,8,0,33,4,6,29,2,0,2,35,0,15,22,0,0,36,0,0,37,0,1,36,0,0,37,0,6,31
3,SINDH,19,LARKANA DIVISION,074,KAMBAR SHAHDAD KOT DISTRICT,260,SHAHDAD KOT TALUKA,39,39,0,36,2,1,0,0,0,0,37,103385,12371,87703,3311,39,39,0,0,0,0,0,1,39,0,0,0,0,0,0,0,0,0,0,15,24,36,14,10,15,0,1,23,36,2,1,0,0,1,4,34,0,37,2,16,23,11,28,6,33,3,36,3,36,2,37,2,37,2,37,2,37,8,31,4,35,4,1,3,1,8,31,26,29,4,5,6,2,2,2,2,2,2,51,20,80,2,37,6,1,10,0,3,0,0,0,3,1,1,34,3,4,6,2,2,5,3,5,19,1,14,5,32,0,1,0,7,3,0,0,38,0,34,2,3,2,2,3,19,20,2,37,2,37,3,36,25,14,2,37,3,36,24,15,0,39,0,0,0,0,30,0,5,0,3,0,0,2,7,3,36,5,34,14,25,0,2,0,0,7,0,8,31,9,2,28,0,11,28,0,9,30,0,16,23,0,25,14,18,8,13,0,5,34,4,3,32,0,1,38,0,2,37,0,13,26,0,3,36,1,25,13
3,SINDH,19,LARKANA DIVISION,074,KAMBAR SHAHDAD KOT DISTRICT,261,SUJAWAL JUNEJO TALUKA,32,32,0,31,0,1,0,0,0,0,32,94214,22874,70335,1005,32,29,0,0,0,0,0,0,30,0,2,0,0,0,0,0,0,0,1,22,10,12,6,8,19,0,4,9,31,0,1,0,0,6,3,23,0,31,1,21,11,11,21,9,23,6,26,5,27,0,32,0,32,0,32,0,32,2,30,1,31,1,1,2,0,23,9,31,32,1,9,0,1,1,1,1,0,0,54,4,80,0,32,0,0,0,0,0,0,0,0,5,0,6,18,10,8,6,1,2,5,4,4,30,0,2,0,32,0,0,0,0,6,0,1,31,0,30,3,0,1,3,3,31,1,0,32,1,31,3,29,31,1,1,31,3,29,31,1,0,32,0,0,0,0,32,0,0,0,0,0,0,0,0,1,31,2,30,4,28,0,0,0,0,0,0,0,32,0,3,29,0,3,29,0,4,28,0,9,23,0,26,6,32,0,0,0,0,32,0,0,32,0,0,32,0,0,32,0,4,28,0,4,28,0,29,3
3,SINDH,19,LARKANA DIVISION,074,KAMBAR SHAHDAD KOT DISTRICT,262,WARAH TALUKA,42,42,0,34,5,3,0,0,0,0,37,143037,38170,101669,3198,42,36,0,0,0,0,0,0,36,0,0,0,0,5,0,0,0,0,0,29,13,28,3,12,7,0,1,34,34,5,3,0,0,0,0,41,1,37,5,31,11,8,34,7,35,7,35,4,38,1,41,1,41,1,41,1,41,6,36,2,40,4,0,3,0,6,36,32,36,4,4,3,2,2,2,1,1,1,68,50,110,14,41,2,1,3,0,0,0,0,0,1,1,0,39,6,5,4,1,1,4,6,2,9,10,21,2,42,0,4,0,0,4,0,0,42,0,37,4,1,1,2,6,20,22,1,41,1,41,1,41,27,15,1,41,1,41,29,13,2,40,2,0,0,0,33,0,2,0,0,0,0,0,9,3,39,4,38,17,25,0,6,0,0,0,0,21,21,8,33,1,0,11,31,0,8,34,0,27,15,0,18,24,17,24,1,0,8,34,0,20,22,0,4,38,0,5,37,0,5,37,0,2,40,0,37,5
3,SINDH,19,LARKANA DIVISION,075,SHIKARPUR DISTRICT,263,GARHI YASIN TALUKA,88,88,5,80,1,2,1,0,1,4,82,228949,62455,152837,13657,86,82,0,0,0,0,5,7,81,5,3,0,0,0,0,1,0,0,0,81,2,4,0,0,53,1,4,25,80,1,2,1,4,1,9,73,0,80,3,60,23,26,57,16,67,13,70,10,73,3,80,2,81,1,82,2,81,44,39,23,60,4,5,13,6,57,26,72,69,4,27,8,4,4,4,0,2,1,63,0,90,2,80,5,0,0,0,0,0,0,0,6,2,1,74,15,15,11,11,10,8,16,12,36,17,30,0,79,0,0,0,4,9,2,6,79,1,77,5,0,1,3,10,33,50,1,82,3,80,4,79,79,4,1,82,2,81,83,0,0,83,0,0,0,1,69,0,1,1,3,0,1,0,14,3,80,11,72,20,63,0,0,0,0,4,0,74,9,69,11,3,0,18,65,0,0,83,0,46,37,0,2,81,12,71,0,0,30,53,20,57,6,0,0,83,0,0,83,0,4,79,0,0,83,1,71,11
3,SINDH,19,LARKANA DIVISION,075,SHIKARPUR DISTRICT,264,KHANPUR TALUKA,52,52,1,49,0,2,1,0,1,0,51,165801,47053,114173,4575,51,40,1,1,1,1,1,2,39,14,43,1,0,1,1,1,0,0,0,50,2,70,32,29,11,0,1,40,49,0,2,1,0,0,8,43,1,35,17,21,31,13,39,4,48,6,46,2,50,0,52,1,51,0,52,1,51,31,21,25,27,2,3,0,3,8,44,18,30,2,23,21,4,4,3,0,1,3,41,35,50,1,52,0,3,1,0,0,0,0,0,2,1,0,49,7,8,8,13,7,2,1,3,4,23,10,15,6,0,1,0,45,6,0,0,52,1,50,3,1,1,3,7,10,42,0,52,1,51,3,49,32,20,1,51,1,51,32,20,13,39,0,13,0,1,51,0,25,0,0,0,0,9,1,0,52,4,48,13,39,0,1,0,11,45,2,34,16,21,25,6,0,32,20,0,8,44,0,40,12,0,5,47,3,44,5,0,7,45,10,28,14,0,2,50,0,1,51,0,19,33,0,2,50,0,38,14
3,SINDH,19,LARKANA DIVISION,075,SHIKARPUR DISTRICT,265,LAKHI TALUKA,52,52,2,48,2,0,1,0,1,1,48,121624,51826,54796,15002,49,41,0,1,0,0,0,1,42,11,26,1,0,0,0,1,0,0,0,49,1,1,0,6,33,0,0,17,48,2,0,1,1,4,10,36,0,48,2,41,9,20,30,13,37,9,41,7,43,0,50,0,50,1,49,2,48,36,14,32,18,7,0,9,1,6,44,33,50,7,30,0,5,5,3,0,0,0,50,0,70,0,50,1,1,0,0,0,0,0,0,14,1,4,34,10,17,11,3,8,10,14,11,22,18,10,0,45,0,1,0,5,19,1,7,50,0,43,7,0,1,0,5,33,17,1,49,9,41,4,46,44,6,8,42,4,46,46,4,0,50,0,0,0,1,42,0,15,2,5,0,0,43,8,2,48,8,42,20,30,0,0,0,0,5,0,36,14,46,2,2,0,26,24,0,3,47,0,40,10,0,9,41,2,47,1,1,14,35,15,25,10,0,4,46,0,0,50,0,14,36,0,3,47,1,33,16
3,SINDH,19,LARKANA DIVISION,075,SHIKARPUR DISTRICT,266,SHIKARPUR TALUKA,47,47,0,40,0,7,0,0,0,0,47,139019,40103,89921,8995,47,47,0,0,0,0,0,0,46,2,37,0,0,0,0,0,0,0,0,46,1,18,4,16,35,1,0,11,40,0,7,0,0,2,4,41,0,44,3,36,11,11,36,10,37,5,42,4,43,2,45,2,45,3,44,2,45,19,28,17,30,5,1,8,1,5,42,16,46,6,13,0,4,4,3,1,4,1,57,36,90,2,47,0,3,0,0,0,0,0,0,19,1,2,27,8,7,10,3,5,6,6,7,5,35,7,0,14,0,2,0,33,11,1,3,42,1,32,6,1,1,6,12,30,17,2,45,5,42,6,41,40,7,4,43,4,43,41,6,0,47,0,0,0,0,47,0,8,6,1,0,0,32,0,2,45,9,38,10,37,0,0,3,2,33,0,35,12,32,12,3,0,29,18,0,13,34,1,23,23,0,3,44,7,30,10,0,9,38,23,19,5,0,7,40,0,5,42,0,6,41,0,0,47,0,26,21
3,SINDH,20,MIRPUR KHAS DIVISION,076,MIRPUR KHAS DISTRICT,267,DIGRI TALUKA,71,71,0,62,7,2,0,0,0,0,64,145062,135522,4448,5092,71,1,70,66,67,7,69,69,71,3,0,0,0,0,0,0,0,0,0,3,68,50,3,1,56,1,1,13,62,7,2,0,0,6,0,65,0,68,3,51,20,20,51,12,59,3,68,2,69,1,70,1,70,0,71,0,71,7,64,4,67,0,4,1,4,29,42,58,69,2,47,1,1,1,2,1,1,0,34,12,55,1,11,0,0,1,0,69,0,25,0,8,1,6,52,3,4,6,3,1,2,3,2,61,5,5,0,28,0,0,0,43,0,0,0,70,1,62,3,0,1,1,8,13,58,0,71,1,70,1,70,53,18,1,70,1,70,52,19,0,71,0,0,0,0,27,0,1,0,0,0,2,0,43,1,70,2,69,1,70,2,0,0,0,43,1,67,3,58,11,2,0,11,60,0,3,68,1,61,9,0,1,70,5,65,1,0,32,39,10,46,15,0,0,71,0,0,71,0,7,64,0,0,71,9,49,13
3,SINDH,20,MIRPUR KHAS DIVISION,076,MIRPUR KHAS DISTRICT,268,HUSSAIN BUX MARI TALUKA,47,47,0,42,1,4,0,0,0,0,46,99105,85279,11059,2767,47,1,46,46,2,0,10,7,47,0,1,0,0,0,0,0,0,0,0,1,46,76,0,0,29,2,3,13,42,1,4,0,0,3,0,44,0,47,0,27,20,14,33,7,40,8,39,5,42,1,46,1,46,0,47,0,47,37,10,16,31,2,5,16,3,0,47,39,47,4,12,0,5,3,4,1,1,2,21,5,40,3,47,4,2,26,0,10,0,8,0,3,1,3,40,8,11,4,3,2,2,12,2,24,6,17,0,32,3,4,1,15,5,2,0,45,4,13,6,1,2,5,16,26,21,3,44,5,42,5,42,38,9,3,44,4,43,32,15,10,37,8,2,0,0,47,0,2,10,0,0,0,16,0,3,44,7,40,7,40,0,0,2,2,15,0,31,16,4,37,6,0,12,35,0,24,23,0,45,2,0,6,41,41,4,2,0,2,45,0,20,27,0,1,46,0,0,47,0,12,35,0,0,47,26,15,6
3,SINDH,20,MIRPUR KHAS DIVISION,076,MIRPUR KHAS DISTRICT,269,JHUDO TALUKA,63,63,0,60,1,2,0,0,0,0,62,123148,38216,78629,6303,63,0,63,54,52,8,57,60,62,1,0,0,0,0,0,0,0,0,1,13,50,42,0,0,34,4,4,21,60,1,2,0,0,4,0,59,0,53,10,31,32,9,54,7,56,5,58,5,58,0,63,0,63,2,61,2,61,5,58,3,60,9,0,2,0,7,56,8,46,2,2,14,2,2,2,3,2,2,36,20,60,4,28,0,0,2,0,44,0,13,0,2,2,4,55,5,4,6,2,3,2,5,4,10,45,7,1,13,0,0,0,50,0,1,0,62,0,12,2,2,2,2,9,40,23,1,62,4,59,2,61,55,8,3,60,2,61,51,12,3,60,0,0,0,0,23,3,23,0,0,0,4,19,12,2,61,3,60,4,59,0,0,12,0,50,0,57,6,57,5,1,0,46,17,0,6,57,1,53,9,1,2,60,3,55,5,0,43,20,44,13,6,0,5,58,0,6,57,1,26,36,1,0,62,6,47,10
3,SINDH,20,MIRPUR KHAS DIVISION,076,MIRPUR KHAS DISTRICT,270,KOT GHULAM MUHAMMAD TALUKA,113,113,0,111,2,0,0,0,0,0,111,189480,44956,137194,7330,113,0,113,111,58,2,43,50,113,0,0,0,0,0,0,0,0,0,0,26,87,24,0,0,75,0,0,38,111,2,0,0,0,16,37,60,0,110,3,73,40,19,94,15,98,12,101,10,103,1,112,1,112,1,112,1,112,12,101,10,103,3,2,2,2,1,112,2,111,1,1,1,8,8,8,1,1,1,24,16,45,0,25,1,1,0,0,60,2,62,1,3,2,16,93,6,8,6,2,4,2,8,4,84,12,16,1,10,0,0,0,103,1,1,0,112,0,5,15,0,1,4,10,27,86,0,113,3,110,2,111,111,2,3,110,2,111,110,3,0,113,0,0,0,0,63,0,2,0,6,0,1,0,47,3,110,7,106,6,107,1,1,24,0,103,0,95,18,99,13,1,0,45,68,0,6,107,0,85,28,0,2,111,2,109,2,0,6,107,84,23,6,0,1,112,0,1,112,0,5,108,0,0,113,2,79,32
3,SINDH,20,MIRPUR KHAS DIVISION,076,MIRPUR KHAS DISTRICT,271,MIRPUR KHAS TALUKA,2,2,0,1,1,0,0,0,0,0,1,3747,2700,428,619,2,0,2,1,0,0,1,2,2,0,0,0,0,0,0,0,0,0,0,2,0,4,26,0,2,0,0,0,1,1,0,0,0,0,0,2,0,2,0,2,0,2,0,2,0,2,0,2,0,0,2,0,2,0,2,0,2,2,0,2,0,2,0,2,0,2,0,2,2,2,2,0,2,2,2,0,0,0,55,50,60,0,2,0,2,0,0,0,0,0,0,2,0,0,0,2,2,2,2,2,2,2,2,2,0,0,0,1,0,1,1,0,2,2,0,0,0,0,2,0,0,2,2,2,0,2,0,2,0,1,1,2,0,2,0,2,0,2,0,0,2,0,0,0,0,2,1,2,2,2,0,0,0,0,2,0,2,0,2,0,2,0,0,0,0,0,2,0,0,2,0,1,1,0,0,1,1,1,1,0,0,2,0,0,2,0,0,1,1,0,1,1,0,0,2,0,0,2,0,0,2,0,0,2,0,1,1
3,SINDH,20,MIRPUR KHAS DIVISION,076,MIRPUR KHAS DISTRICT,272,SINDHRI TALUKA,76,76,0,73,3,0,0,0,0,0,73,205880,190403,9134,6343,75,4,76,47,60,0,22,21,76,0,0,0,0,0,0,0,0,0,0,3,73,42,1,0,70,0,0,6,73,3,0,0,0,0,39,36,1,71,5,38,38,16,60,6,70,10,66,1,75,0,76,0,76,0,76,0,76,10,66,4,72,3,4,5,5,0,76,62,63,3,29,0,5,3,3,2,0,1,79,23,100,0,6,1,0,6,0,70,0,8,0,1,1,0,74,3,9,5,1,3,3,9,4,5,41,30,0,12,0,0,0,64,0,4,0,76,0,2,9,0,2,2,14,29,47,2,74,0,76,1,75,76,0,0,76,1,75,71,5,0,76,0,0,0,0,71,0,64,0,1,0,0,0,3,4,72,6,70,5,71,0,0,0,0,64,0,53,23,73,3,0,0,9,67,0,4,72,0,38,38,0,0,76,1,75,0,0,5,71,48,18,10,0,0,76,0,1,75,0,6,70,0,0,76,5,55,16
3,SINDH,20,MIRPUR KHAS DIVISION,076,MIRPUR KHAS DISTRICT,550,SHUJAABAD TALUKA,44,44,0,43,0,1,0,0,0,0,44,99388,92271,4301,2816,42,1,44,38,14,0,24,29,42,4,0,0,0,0,0,0,1,0,0,26,18,82,14,1,23,0,7,14,43,0,1,0,0,4,11,29,0,44,0,39,5,17,27,14,30,7,37,4,40,0,44,1,43,1,43,1,43,7,37,4,40,4,0,11,0,16,28,14,44,0,19,0,5,5,4,2,3,3,26,16,60,0,29,1,3,10,0,13,0,3,0,8,4,4,24,12,10,8,5,2,5,7,5,35,9,0,0,15,1,1,0,29,4,1,0,44,0,12,3,1,1,3,9,19,25,2,42,3,41,3,41,40,4,2,42,4,40,38,6,0,44,0,0,0,0,3,0,0,0,0,0,0,0,41,1,43,3,41,5,39,0,0,1,0,29,0,39,5,34,10,0,0,17,27,0,5,39,0,28,16,0,1,43,1,43,0,0,9,35,16,10,18,0,1,43,0,1,43,0,6,38,0,0,44,7,29,8
3,SINDH,37,SHAHEED BENAZIRABAD DIVISION,077,SANGHAR DISTRICT,273,JAM NAWAZ ALI,51,51,0,48,2,1,0,0,0,0,49,114998,32822,79761,2415,50,28,50,50,11,0,14,39,50,0,0,0,0,0,0,2,0,1,0,36,15,24,5,4,44,0,3,4,48,2,1,0,0,1,7,41,2,50,1,23,28,5,46,3,48,3,48,1,50,2,49,2,49,1,50,1,50,4,47,0,51,3,1,10,1,43,8,48,51,3,8,0,4,4,4,0,3,2,34,2,60,1,40,13,1,0,0,0,0,0,0,6,2,1,42,2,4,4,2,2,3,3,8,19,26,6,0,48,0,3,1,3,6,5,8,46,0,27,4,2,1,5,14,20,31,0,51,5,46,5,46,46,5,3,48,4,47,45,6,0,51,0,0,0,2,51,24,41,28,9,1,10,32,0,2,49,3,48,6,45,0,0,1,1,3,0,36,15,50,0,1,0,37,14,0,20,31,0,43,8,0,22,29,1,49,1,1,7,43,31,12,8,0,1,50,0,1,50,0,6,45,0,1,50,1,46,4
3,SINDH,37,SHAHEED BENAZIRABAD DIVISION,077,SANGHAR DISTRICT,274,KHIPRO,78,78,2,70,5,1,0,0,0,2,71,1305299,49148,1251944,4207,76,15,76,33,11,1,17,39,73,3,1,0,0,2,0,0,0,0,0,52,24,19,0,2,39,2,6,29,70,5,1,0,2,1,22,53,0,72,4,39,37,13,63,7,69,7,69,2,74,0,76,0,76,2,74,0,76,17,59,2,74,8,1,11,1,52,24,43,65,2,42,1,3,2,2,0,0,1,31,0,250,6,69,1,0,1,1,23,6,3,0,8,1,1,62,7,12,1,3,9,7,10,13,6,33,37,0,65,0,1,1,11,1,1,1,74,0,44,4,0,2,1,7,31,45,0,76,2,74,3,73,64,12,2,74,3,73,46,30,52,25,11,5,0,0,70,4,53,25,10,2,23,46,7,1,75,3,73,2,74,0,0,0,1,11,0,68,8,62,9,5,0,28,48,0,40,36,0,63,13,0,13,63,8,67,1,1,21,54,36,22,18,0,7,69,0,10,66,0,15,61,0,1,75,8,56,12
3,SINDH,37,SHAHEED BENAZIRABAD DIVISION,077,SANGHAR DISTRICT,275,SANGHAR,69,69,1,63,3,2,0,0,0,1,65,540396,79858,450468,10070,68,20,68,66,4,0,35,34,67,0,3,0,0,0,2,1,0,0,0,38,30,14,0,14,30,1,4,33,63,3,2,0,1,4,9,51,4,67,1,37,31,19,49,8,60,16,52,7,61,2,66,2,66,2,66,2,66,25,43,7,61,7,6,12,6,9,59,21,64,3,33,1,21,25,22,2,7,8,28,0,60,1,62,0,1,0,0,12,2,2,0,11,1,4,54,11,9,8,7,7,9,11,14,32,21,14,1,44,0,9,0,23,6,6,2,65,1,16,14,4,6,12,23,29,39,5,63,19,49,21,47,60,8,18,50,20,48,59,9,1,67,0,1,0,1,45,8,34,14,4,0,8,24,20,5,63,15,53,19,49,0,0,1,2,23,0,53,15,38,25,5,0,50,18,0,14,54,0,55,13,0,21,47,20,42,6,0,18,50,23,11,34,0,17,51,0,3,65,0,2,66,0,1,67,7,41,20
3,SINDH,37,SHAHEED BENAZIRABAD DIVISION,077,SANGHAR DISTRICT,276,SHAHDADPUR,47,47,0,41,5,1,0,0,0,0,42,182819,166922,10059,5838,47,6,44,12,19,14,22,31,46,0,17,3,0,0,0,0,0,0,0,27,20,5,3,1,38,0,0,9,41,5,1,0,0,3,0,43,1,47,0,44,3,31,16,21,26,9,38,5,42,2,45,2,45,1,46,1,46,21,26,18,29,3,6,12,4,10,37,31,43,17,18,2,12,9,10,4,6,6,70,10,115,3,41,1,6,2,0,5,1,1,0,1,2,3,35,20,13,11,8,9,10,12,20,12,18,14,3,41,2,21,0,6,18,2,8,41,11,17,5,2,9,9,24,26,21,3,44,10,37,9,38,39,8,9,38,17,30,42,5,6,41,5,1,0,0,38,6,15,14,15,0,5,7,6,5,42,13,34,19,28,0,1,2,0,6,1,33,13,30,10,7,0,34,13,0,20,27,0,40,7,0,7,40,9,35,3,0,20,27,6,17,24,0,4,43,0,3,44,0,21,26,0,4,43,10,30,7
3,SINDH,37,SHAHEED BENAZIRABAD DIVISION,077,SANGHAR DISTRICT,277,SINJHORO,88,88,0,80,6,2,0,0,0,0,82,206993,54587,139276,13130,88,6,85,81,3,0,29,26,88,7,7,0,0,0,0,0,0,0,0,75,13,1,3,4,66,1,1,20,80,6,2,0,0,6,3,78,1,82,6,61,27,26,62,20,68,12,76,10,78,1,87,2,86,0,88,0,88,8,80,4,84,5,0,20,1,26,62,42,83,7,9,2,7,6,8,0,3,3,35,15,300,6,86,4,1,4,0,68,0,4,0,23,1,6,54,15,16,12,4,7,6,10,11,35,38,15,0,79,0,5,2,8,21,0,12,79,2,40,8,0,4,4,14,21,67,0,88,9,79,6,82,77,11,11,77,12,76,75,13,4,84,0,4,0,0,87,4,81,5,3,0,0,9,9,3,85,13,75,13,75,0,5,4,0,8,1,64,23,51,33,4,0,38,50,0,11,77,0,60,28,0,23,65,11,70,7,2,32,54,8,20,60,0,5,83,0,1,87,0,16,72,0,1,87,4,54,30
3,SINDH,37,SHAHEED BENAZIRABAD DIVISION,077,SANGHAR DISTRICT,278,TANDO ADAM,28,28,0,27,1,0,0,0,0,0,27,86347,43950,37754,4643,28,5,28,25,22,0,21,19,27,1,12,0,0,0,0,0,0,0,0,21,7,9,13,4,25,1,0,2,27,1,0,0,0,5,3,20,0,28,0,26,2,17,11,11,17,11,17,6,22,3,25,2,26,2,26,1,27,17,11,10,18,2,0,3,0,7,21,20,24,4,6,4,7,7,7,1,2,5,66,3,220,1,24,2,2,7,0,0,0,0,0,8,4,5,14,11,9,4,4,7,5,4,7,18,10,0,0,20,0,5,0,8,12,4,0,23,0,6,4,1,1,4,10,15,13,2,26,1,27,1,27,19,9,2,26,2,26,18,10,0,28,0,0,0,0,20,0,15,6,2,0,0,13,6,3,25,2,26,13,15,0,0,2,0,8,0,27,1,25,3,0,0,14,14,0,8,20,0,25,3,0,6,22,0,28,0,0,17,11,9,14,5,0,6,22,0,2,26,0,16,12,0,2,26,8,16,4
3,SINDH,20,MIRPUR KHAS DIVISION,078,THARPARKAR DISTRICT,279,CHACHRO TALUKA,19,19,0,18,0,1,0,0,0,0,19,828041,203483,587784,36774,0,0,0,0,0,19,0,0,0,0,0,0,0,19,0,0,0,0,0,5,14,0,0,0,8,1,0,10,18,0,1,0,0,0,0,17,2,19,0,18,1,16,3,16,3,10,9,7,12,2,17,1,18,1,18,0,19,15,4,11,8,17,0,14,0,16,3,11,3,1,7,4,0,1,0,0,1,1,306,100,600,0,0,0,16,1,18,0,0,4,0,0,2,0,16,10,13,17,9,8,7,14,11,1,4,10,4,16,0,0,1,3,2,0,0,19,0,3,5,0,0,0,3,17,2,0,19,7,12,3,16,16,3,3,16,3,16,14,5,19,0,19,2,0,0,13,0,1,5,13,0,0,0,5,1,18,4,15,5,14,0,0,2,1,3,2,14,3,8,4,7,0,11,8,0,2,17,1,14,4,0,2,17,7,11,1,0,7,12,5,2,12,0,3,16,0,2,17,0,7,12,0,2,17,0,13,6
3,SINDH,20,MIRPUR KHAS DIVISION,078,THARPARKAR DISTRICT,280,DIPLO TALUKA,26,26,0,26,0,0,0,0,0,0,26,691695,26020,662783,2892,7,0,0,0,3,19,0,0,0,1,0,0,0,25,0,0,0,0,0,25,1,0,0,0,9,0,0,17,26,0,0,0,0,0,6,17,3,25,1,22,4,21,5,14,12,7,19,3,23,1,25,1,25,1,25,0,26,14,12,2,24,20,0,11,0,26,0,26,0,0,1,0,2,4,1,2,4,1,65,40,150,0,23,0,14,0,23,0,1,0,0,1,4,0,17,9,9,7,0,15,3,23,24,0,1,20,5,0,0,0,1,25,0,0,0,26,0,18,1,1,1,1,1,1,25,0,26,2,24,4,22,10,16,2,24,4,22,2,24,25,1,25,0,0,0,25,0,0,0,25,0,0,1,0,1,25,1,25,1,25,0,0,0,0,25,1,23,2,23,2,1,0,0,26,0,0,26,0,5,21,0,1,25,0,25,1,0,8,18,21,2,3,0,0,26,0,0,26,0,2,24,0,0,26,2,22,2
3,SINDH,20,MIRPUR KHAS DIVISION,078,THARPARKAR DISTRICT,281,MITHI TALUKA,27,27,0,25,1,1,0,0,0,0,26,670293,69868,588755,11670,0,0,0,0,0,27,0,0,0,0,1,0,0,26,0,0,0,0,0,1,26,0,0,3,25,0,0,2,25,1,1,0,0,1,0,26,0,27,0,21,6,18,9,16,11,6,21,4,23,1,26,1,26,1,26,1,26,9,18,8,19,17,0,3,0,5,22,27,4,2,3,0,2,2,2,3,1,5,146,50,210,4,3,2,22,2,24,0,0,15,0,9,1,1,17,8,10,6,4,3,6,20,13,2,6,9,10,16,0,1,4,8,3,0,0,24,0,0,3,3,1,1,4,23,4,0,27,1,26,2,25,27,0,1,26,2,25,21,6,27,0,27,0,0,0,25,1,1,1,24,2,1,0,1,1,26,2,25,7,20,0,0,1,1,8,0,19,8,2,20,5,0,5,22,0,5,22,0,22,5,0,2,25,9,13,5,0,6,21,1,15,11,0,3,24,0,3,24,0,16,11,0,1,26,5,14,8
3,SINDH,20,MIRPUR KHAS DIVISION,078,THARPARKAR DISTRICT,282,NAGAR PARKAR TALUKA,38,38,0,37,1,0,0,0,0,0,37,1035343,267527,761468,6348,0,0,0,0,11,37,0,0,0,1,0,0,0,37,0,0,0,0,0,18,20,0,0,0,17,1,0,20,37,1,0,0,0,0,0,37,1,36,2,19,19,16,22,7,31,5,33,3,35,1,37,1,37,3,35,3,35,5,33,3,35,3,0,0,0,2,36,36,22,2,1,0,1,2,1,0,1,0,98,24,200,0,0,1,22,0,36,0,0,0,0,6,2,0,28,13,12,7,7,4,1,12,11,0,1,3,34,35,0,0,1,2,0,0,0,38,0,0,3,2,0,0,4,27,11,1,37,12,26,7,31,19,19,8,30,3,35,21,17,36,2,36,0,0,0,0,0,1,24,38,0,0,0,0,1,37,1,37,4,34,0,0,0,0,2,1,32,5,32,2,4,0,15,23,0,3,35,0,26,12,1,1,36,1,31,6,0,4,34,0,2,36,0,2,36,0,0,38,0,7,31,0,0,38,0,10,28
3,SINDH,20,MIRPUR KHAS DIVISION,078,THARPARKAR DISTRICT,552,DAHLI TALUKA,23,23,0,23,0,0,0,0,0,0,23,726033,79707,637108,9218,0,0,0,0,0,23,0,0,0,1,0,0,0,22,0,0,0,0,0,9,14,0,0,0,12,0,0,11,23,0,0,0,0,1,0,19,3,23,0,22,1,17,6,14,9,8,15,5,18,1,22,1,22,0,23,0,23,22,1,20,3,9,0,14,0,6,17,22,4,0,13,1,0,0,1,0,0,1,508,300,800,0,0,0,23,0,23,0,0,1,0,3,4,1,14,1,3,5,0,3,10,21,17,0,6,16,1,10,0,0,0,13,0,0,0,23,0,0,2,0,0,2,9,19,4,1,22,4,19,1,22,17,6,4,19,0,23,17,6,23,0,23,0,0,0,1,0,0,0,15,0,0,0,8,0,23,0,23,6,17,0,0,2,0,13,1,18,4,2,18,3,0,18,5,0,11,12,0,18,5,0,2,21,0,22,1,0,15,8,2,8,13,1,5,17,0,7,16,0,3,20,0,2,21,1,7,15
3,SINDH,20,MIRPUR KHAS DIVISION,078,THARPARKAR DISTRICT,553,ISLAMKOT TALUKA,21,21,0,20,0,1,0,0,0,0,21,328931,90085,233346,5500,0,0,0,0,0,21,0,0,0,0,0,0,0,21,0,0,0,0,0,0,21,0,0,0,8,0,0,13,20,0,1,0,0,1,1,14,5,21,0,18,3,16,5,12,9,2,19,1,20,0,21,0,21,0,21,0,21,7,14,5,16,13,0,5,0,13,8,19,6,1,3,1,1,4,0,2,0,0,140,60,220,0,0,0,21,1,3,0,0,0,0,1,3,1,16,5,6,6,5,2,1,16,18,2,5,6,8,19,0,2,0,2,1,0,0,18,2,3,1,0,0,0,2,4,17,1,20,4,17,5,16,10,11,3,18,5,16,8,13,20,1,20,0,0,0,21,0,0,1,21,0,0,0,0,1,20,1,20,7,14,0,0,0,4,2,1,13,7,2,15,4,0,6,15,0,0,21,0,14,7,0,0,21,5,9,7,0,5,16,0,6,15,0,0,21,0,0,21,0,4,17,0,0,21,3,9,9
3,SINDH,20,MIRPUR KHAS DIVISION,078,THARPARKAR DISTRICT,601,KALOI TALUKA,18,18,0,15,0,3,0,0,0,0,18,301053,33293,263613,4147,9,0,9,9,14,7,8,9,9,0,0,0,0,10,0,0,0,0,0,0,18,1,0,0,18,0,0,0,15,0,3,0,0,0,0,17,1,17,1,13,5,13,5,5,13,6,12,2,16,1,17,0,18,0,18,0,18,6,12,1,17,11,0,7,0,1,17,15,11,2,3,2,2,2,3,1,0,1,44,35,70,1,3,1,5,0,12,0,0,10,0,0,1,0,14,8,6,4,4,5,5,13,14,0,6,12,0,2,0,0,0,16,2,1,0,16,0,0,7,0,1,3,4,16,2,1,17,2,16,2,16,16,2,2,16,2,16,16,2,10,8,10,0,0,0,17,0,0,0,17,0,0,1,0,0,18,2,16,6,12,1,0,1,0,16,0,18,0,0,18,0,0,9,9,0,1,17,0,12,6,0,0,18,9,9,0,0,16,2,1,17,0,0,0,18,0,1,17,0,0,18,0,0,18,6,10,2
3,SINDH,20,MIRPUR KHAS DIVISION,079,UMER KOT DISTRICT,283,KUNRI TALUKA,38,38,0,36,2,0,0,0,0,0,36,143837,36617,100941,6279,38,2,37,6,31,0,30,0,38,2,1,0,0,0,0,0,0,0,0,2,36,75,0,0,2,33,0,3,36,2,0,0,0,0,2,36,0,36,2,27,11,16,22,11,27,6,32,4,34,2,36,2,36,0,38,0,38,9,29,9,29,4,0,5,0,33,5,4,31,1,35,0,4,3,4,2,0,3,23,12,70,0,0,0,0,0,0,38,0,0,0,0,5,0,33,1,6,4,1,0,4,6,1,1,22,14,1,0,0,0,0,38,0,0,0,38,0,0,5,4,4,3,6,7,31,0,38,1,37,0,38,36,2,2,36,3,35,38,0,0,38,0,0,0,0,2,0,0,18,2,0,0,0,20,0,38,3,35,4,34,2,0,0,0,38,0,38,0,12,26,0,0,33,5,0,15,23,0,36,2,0,3,35,9,28,1,0,22,16,2,21,15,0,5,33,0,5,33,0,8,30,0,2,36,1,35,2
3,SINDH,20,MIRPUR KHAS DIVISION,079,UMER KOT DISTRICT,284,PITHORO TALUKA,48,48,0,47,0,1,0,0,0,0,48,121784,25092,93687,3005,48,0,48,28,17,1,23,22,48,1,0,0,0,0,0,0,0,0,0,19,29,20,0,5,32,0,0,16,47,0,1,0,0,1,2,44,1,48,0,25,23,13,35,3,45,4,44,3,45,1,47,1,47,0,48,0,48,4,44,2,46,3,2,4,3,24,24,41,48,3,15,0,7,5,5,1,4,3,31,4,50,1,4,0,0,0,0,44,1,1,1,1,1,1,46,8,9,8,5,4,4,8,5,10,17,19,2,42,0,1,0,6,0,0,0,48,0,2,7,0,6,7,9,28,20,2,46,2,46,8,40,41,7,3,45,2,46,40,8,9,39,9,0,0,0,48,1,17,17,16,0,0,0,0,1,47,3,45,6,42,0,0,0,0,6,0,44,4,37,11,0,0,20,28,0,15,33,0,43,5,0,3,45,4,42,2,0,13,35,14,25,9,0,4,44,0,3,45,0,8,40,0,0,48,1,33,14
3,SINDH,20,MIRPUR KHAS DIVISION,079,UMER KOT DISTRICT,285,SAMARO TALUKA,59,59,0,59,0,0,0,0,0,0,59,146792,38574,82600,25618,58,0,59,19,46,0,30,51,58,2,0,0,0,0,0,0,0,0,0,52,7,26,0,5,15,1,2,41,59,0,0,0,0,0,2,56,1,59,0,57,2,6,53,5,54,3,56,2,57,1,58,2,57,1,58,1,58,6,53,3,56,2,1,3,2,3,56,58,56,4,4,0,1,2,2,1,2,1,91,11,120,2,46,1,0,1,2,12,3,5,0,0,1,0,58,8,8,7,4,5,8,7,7,8,25,26,0,51,0,4,1,7,0,0,1,58,0,21,2,1,1,2,4,6,53,1,58,12,47,3,56,55,4,11,48,4,55,55,4,4,55,4,4,0,0,58,0,0,5,0,1,0,3,1,1,58,1,58,1,58,0,0,0,0,7,1,53,5,49,9,1,3,35,21,0,13,46,0,50,9,0,12,47,1,57,1,0,41,18,5,6,48,0,0,59,0,1,58,0,6,53,0,1,58,2,55,2
3,SINDH,20,MIRPUR KHAS DIVISION,079,UMER KOT DISTRICT,286,UMER KOT TALUKA,90,90,0,80,10,0,0,0,0,0,80,825744,43434,753554,28756,63,2,62,6,27,1,33,22,63,5,2,0,0,0,0,0,0,0,0,27,63,95,16,1,65,3,1,21,80,10,0,0,0,1,70,15,4,85,5,50,40,37,53,21,69,21,69,7,83,5,85,3,87,2,88,2,88,9,81,3,87,18,4,13,2,79,11,38,79,4,62,0,8,9,6,4,3,2,69,15,250,4,12,3,5,5,22,60,5,18,0,5,5,1,80,18,26,22,13,16,21,31,25,8,72,6,4,69,0,1,5,18,3,4,1,87,0,6,14,3,4,6,20,75,15,1,89,13,77,17,73,75,15,15,75,9,81,68,22,19,71,19,0,1,0,61,4,30,19,21,0,1,2,5,3,87,8,82,22,68,0,0,1,0,18,0,51,39,48,29,13,0,39,51,0,15,75,2,64,24,0,15,75,30,50,10,1,40,49,32,27,31,0,3,87,0,5,85,1,26,63,1,13,76,25,49,16
3,SINDH,21,SUKKUR DIVISION,080,GHOTKI DISTRICT,287,DAHARKI,48,48,0,42,2,4,0,0,0,0,46,493659,89126,397910,6623,48,1,48,34,6,2,2,12,46,0,19,0,0,0,0,0,0,0,0,40,8,5,2,10,36,0,0,12,42,2,4,0,0,1,0,47,0,47,1,25,23,13,35,5,43,5,43,2,46,1,47,1,47,0,48,0,48,11,37,6,42,3,0,7,1,6,42,44,38,6,32,0,5,5,7,1,1,2,55,30,100,0,45,2,2,4,2,1,0,0,0,8,0,1,40,2,8,2,2,2,7,5,4,2,3,39,4,47,0,3,0,1,8,1,3,46,1,45,6,1,3,7,31,31,17,3,45,2,46,1,47,45,3,3,45,4,44,43,5,7,41,5,0,0,0,48,1,30,13,5,0,24,45,4,1,47,3,45,10,38,1,1,4,4,1,2,45,1,42,5,1,0,26,22,0,25,23,1,46,1,0,14,34,2,46,0,0,25,23,0,30,18,0,4,44,0,3,45,0,12,36,0,2,46,0,44,4
3,SINDH,21,SUKKUR DIVISION,080,GHOTKI DISTRICT,288,GHOTKI,77,77,0,72,2,3,0,0,0,0,75,229338,101891,107164,20283,77,0,69,70,17,5,19,26,69,8,27,0,0,0,0,2,0,0,0,77,0,13,0,10,48,0,5,24,72,2,3,0,0,10,7,60,0,75,2,59,18,36,41,29,48,15,62,10,67,2,75,1,76,1,76,1,76,29,48,23,54,6,1,22,4,20,57,69,70,6,9,3,5,8,6,1,4,4,58,22,200,0,77,1,0,0,0,0,0,0,0,35,0,10,40,9,12,8,2,5,7,10,5,29,31,16,1,64,1,8,1,12,16,0,0,76,1,32,8,2,7,9,23,20,57,3,74,3,74,1,76,53,24,6,71,5,72,52,25,6,71,0,6,0,2,77,0,21,9,0,0,1,31,13,1,76,6,71,17,60,0,1,0,2,12,3,69,5,48,25,4,0,32,45,0,13,64,0,57,20,2,26,49,8,66,3,0,5,72,10,14,53,0,1,76,0,1,76,0,1,76,0,1,76,0,28,49
3,SINDH,21,SUKKUR DIVISION,080,GHOTKI DISTRICT,289,KHANGARH,37,37,0,35,2,0,0,0,0,0,35,526126,215420,307248,3458,36,1,37,29,11,0,8,7,37,0,11,0,0,0,0,0,0,0,0,30,7,29,8,13,15,3,6,13,35,2,0,0,0,0,2,35,0,34,3,18,19,10,27,7,30,4,33,2,35,1,36,1,36,0,37,0,37,8,29,6,31,3,3,2,0,0,37,36,26,8,6,0,4,1,2,2,1,3,83,30,130,5,37,1,3,1,0,1,0,0,0,3,1,0,30,3,5,3,0,3,4,3,5,1,17,19,0,20,0,4,0,16,2,1,12,37,0,11,2,0,1,2,13,8,29,0,37,5,32,2,35,33,4,7,30,4,33,23,14,0,37,0,0,0,0,20,0,2,0,0,0,1,0,16,1,36,1,36,4,33,0,1,0,0,16,0,31,6,28,8,1,1,14,22,0,3,34,1,18,18,0,10,27,1,34,2,0,19,18,1,8,28,0,0,37,0,0,37,0,1,36,0,1,36,0,13,24
3,SINDH,21,SUKKUR DIVISION,080,GHOTKI DISTRICT,290,MIRPUR MATHELO,60,60,0,51,5,3,1,1,0,0,55,177470,95689,74676,7105,59,0,59,54,0,0,0,3,58,1,7,0,0,0,0,0,0,0,0,46,14,23,26,25,37,2,15,6,51,5,3,1,0,3,1,54,2,58,2,40,20,25,35,19,41,9,51,9,51,1,59,2,58,1,59,1,59,42,18,27,33,4,0,8,0,22,38,39,58,2,46,0,8,8,8,1,12,1,57,25,125,0,60,0,1,1,0,0,0,0,0,14,1,3,29,17,11,10,6,4,10,10,17,8,36,15,1,57,0,15,2,0,10,1,0,58,1,19,8,3,2,4,19,14,46,1,59,6,54,2,58,55,5,8,52,2,58,57,3,0,60,0,0,0,0,59,2,5,1,1,0,1,23,0,2,58,3,57,7,53,2,2,2,5,0,2,56,2,48,12,0,0,23,37,0,13,47,0,59,1,0,31,29,6,54,0,0,2,58,3,28,29,0,1,59,0,1,59,0,21,39,0,0,60,0,49,11
3,SINDH,21,SUKKUR DIVISION,080,GHOTKI DISTRICT,291,UBAURO,65,65,0,59,3,3,0,0,0,0,62,176020,89538,81608,4874,65,9,62,59,6,4,14,19,57,1,53,0,0,0,0,0,0,0,0,64,1,16,16,56,42,6,10,7,59,3,3,0,0,4,4,57,0,63,2,42,23,21,44,15,50,8,57,3,62,3,62,2,63,2,63,2,63,37,28,30,35,5,1,35,1,19,46,56,57,5,29,0,17,16,14,1,1,2,42,20,100,2,64,0,3,0,0,1,0,0,0,16,5,4,26,12,16,9,5,9,9,13,32,8,30,26,1,64,0,7,0,0,6,0,1,63,0,57,12,3,4,10,22,29,36,3,62,4,61,6,59,56,9,7,58,7,58,54,11,1,64,0,1,0,0,53,0,1,5,0,0,2,52,3,4,61,5,60,8,57,1,4,2,16,0,1,52,12,33,25,7,0,29,36,0,12,53,1,60,4,0,10,55,9,56,0,0,27,38,0,11,54,0,1,64,0,0,65,0,14,51,0,0,65,0,63,2
3,SINDH,21,SUKKUR DIVISION,081,KHAIRPUR DISTRICT,292,FAIZ GANJ,59,59,0,51,6,1,1,1,0,0,53,215598,58219,152410,4969,59,0,40,28,2,0,26,13,59,3,6,0,0,1,0,0,0,0,0,33,26,29,3,7,22,0,2,35,51,6,1,1,0,1,12,46,0,57,2,46,13,21,38,18,41,10,49,8,51,2,57,0,59,2,57,1,58,13,46,7,52,7,0,18,0,16,43,40,46,2,23,4,8,10,9,3,5,1,47,20,125,0,57,1,1,10,2,1,0,1,0,4,0,1,48,7,9,5,4,1,5,6,4,6,27,22,4,52,2,0,0,5,5,0,4,58,3,11,7,3,2,8,13,17,42,1,58,9,50,12,47,52,7,9,50,10,49,53,6,36,23,4,0,0,0,37,0,2,1,1,0,2,5,17,3,56,10,49,11,48,0,1,1,1,5,0,46,13,37,19,3,0,30,29,1,6,52,0,50,9,0,8,51,9,48,2,0,24,35,3,28,28,0,3,56,0,3,56,0,22,37,0,1,58,9,18,32
3,SINDH,21,SUKKUR DIVISION,081,KHAIRPUR DISTRICT,293,GAMBAT,50,50,0,44,6,0,0,0,0,0,44,138982,107475,27200,4307,49,0,45,38,11,1,15,6,34,6,18,1,0,0,3,0,0,0,0,50,0,14,19,68,36,0,1,13,44,6,0,0,0,5,3,41,1,47,3,33,17,22,28,15,35,13,37,6,44,4,46,3,47,6,44,4,46,17,33,13,37,10,0,12,0,9,41,14,20,5,13,24,9,9,7,3,2,1,65,30,100,0,49,0,0,0,0,0,0,0,1,18,4,5,25,23,23,18,5,11,14,7,13,27,4,11,8,7,0,2,0,43,10,2,1,46,0,14,3,4,6,7,12,13,37,7,43,9,41,14,36,14,36,13,37,9,41,13,37,17,33,0,17,0,0,24,1,2,12,2,0,2,0,25,4,46,7,43,12,38,0,2,1,1,43,1,18,31,3,17,30,0,10,40,0,5,45,2,40,8,0,18,32,2,32,16,0,9,41,1,4,45,0,2,48,0,2,48,0,7,43,0,7,43,0,12,38
3,SINDH,21,SUKKUR DIVISION,081,KHAIRPUR DISTRICT,294,KHAIRPUR,43,43,2,27,11,3,0,0,0,2,30,103725,70328,27793,5604,38,0,19,11,3,0,39,28,39,9,7,1,0,0,0,0,0,0,0,35,7,219,40,82,21,14,0,6,27,11,3,0,2,10,4,28,0,41,1,36,5,28,14,22,19,23,19,17,24,11,30,7,34,6,35,8,33,29,12,21,20,16,1,31,0,22,20,17,37,14,20,1,12,11,9,6,2,2,47,15,80,10,41,7,7,9,3,2,1,0,0,10,9,10,23,28,28,22,12,19,25,15,21,18,12,12,0,39,3,12,0,1,27,6,7,27,1,2,4,5,4,9,22,21,20,10,31,21,20,19,22,35,6,22,19,19,22,34,7,1,40,0,0,0,0,13,0,8,1,5,1,5,0,22,5,36,14,27,23,18,0,1,2,2,1,1,33,7,15,20,6,0,22,19,0,13,28,1,31,9,0,3,38,6,32,3,1,16,24,0,14,27,0,5,36,0,6,35,0,6,35,0,2,39,2,11,28
3,SINDH,21,SUKKUR DIVISION,081,KHAIRPUR DISTRICT,295,KINGRI,50,50,0,38,5,6,1,1,0,0,45,142043,118946,15477,7620,43,3,29,28,11,1,44,24,45,0,16,0,0,0,1,0,0,0,0,45,5,381,10,28,26,0,0,24,38,5,6,1,0,3,1,46,0,46,4,42,8,33,17,25,25,16,34,13,37,1,49,3,47,1,49,3,47,27,23,25,25,10,2,23,2,15,35,32,36,13,41,0,14,14,24,6,9,17,42,20,125,0,47,0,1,0,0,4,2,0,0,4,9,3,36,17,18,24,11,12,21,18,22,3,6,38,3,16,5,6,0,32,16,0,0,48,0,13,7,0,3,3,12,17,33,4,46,8,42,11,39,37,13,7,43,10,40,37,13,23,27,11,12,1,0,21,0,3,0,0,0,1,10,24,3,47,9,41,19,31,0,0,0,1,32,0,39,11,31,17,2,0,24,26,0,15,35,0,43,7,0,6,44,9,37,4,0,20,30,20,15,15,0,13,37,0,12,38,2,27,21,0,3,47,11,31,8
3,SINDH,21,SUKKUR DIVISION,081,KHAIRPUR DISTRICT,296,KOTDIJI,53,53,1,42,10,0,0,0,0,1,42,131792,104115,18147,9530,53,0,46,36,14,0,47,32,52,0,14,1,0,0,0,0,0,0,0,42,11,83,56,77,41,2,1,9,42,10,0,0,1,10,0,43,0,49,4,46,7,34,19,29,24,21,32,14,39,2,51,0,53,5,48,7,46,16,37,15,38,9,5,18,3,21,32,26,47,5,30,1,10,9,9,1,0,5,37,20,60,7,47,7,3,2,0,2,0,0,0,32,2,10,19,21,23,13,7,9,27,26,8,15,29,6,3,42,0,7,3,9,29,0,0,47,1,5,9,3,5,5,12,23,30,7,46,9,44,5,48,47,6,7,46,8,45,40,13,0,53,0,0,0,0,20,0,2,5,3,0,1,6,26,2,51,8,45,9,44,0,0,1,2,9,2,40,11,33,12,8,0,25,28,0,11,42,1,46,6,0,13,40,13,38,2,3,30,20,2,26,25,0,8,45,0,3,50,4,17,32,0,1,52,8,24,21
3,SINDH,21,SUKKUR DIVISION,081,KHAIRPUR DISTRICT,297,MIRWAH TALUKA,55,55,1,40,13,1,0,0,0,1,41,169200,112893,41731,14576,54,0,54,43,0,0,52,52,54,0,0,0,0,0,0,0,0,0,0,52,2,85,0,4,50,0,0,4,40,13,1,0,1,2,0,52,0,54,0,46,8,35,19,14,40,17,37,4,50,4,50,2,52,1,53,0,54,29,25,3,51,11,3,8,0,6,48,47,52,4,13,2,11,12,9,2,2,8,68,0,100,0,54,0,0,0,1,2,0,0,0,48,0,2,6,5,18,10,2,4,8,12,8,35,17,2,0,41,0,5,0,12,20,1,27,50,19,34,11,2,8,9,27,12,42,3,51,3,51,3,51,51,3,4,50,2,52,50,4,0,54,0,0,0,0,13,0,0,0,0,0,1,0,41,6,48,13,41,13,41,1,0,2,0,12,0,53,1,51,3,0,0,15,39,0,3,51,0,26,28,0,0,54,1,52,1,0,45,9,0,18,36,0,0,54,0,0,54,0,5,49,0,0,54,0,46,8
3,SINDH,21,SUKKUR DIVISION,081,KHAIRPUR DISTRICT,298,NARA,58,58,0,54,4,0,0,0,0,0,54,302416,85680,186227,30509,47,1,43,1,0,0,0,6,46,0,12,0,0,1,0,0,0,0,0,55,3,68,2,4,27,1,0,30,54,4,0,0,0,1,15,42,0,44,14,33,25,17,41,15,43,5,53,2,56,0,58,0,58,0,58,0,58,7,51,6,52,14,0,20,0,17,41,12,42,1,2,15,21,25,25,17,14,14,55,2,150,0,52,0,0,1,12,0,0,0,0,3,1,1,52,7,6,8,5,2,5,13,8,16,18,12,12,33,0,1,3,21,3,0,1,55,0,0,6,4,6,8,19,23,35,2,56,7,51,12,46,35,23,6,52,12,46,35,23,19,39,0,0,0,0,17,0,0,0,0,0,0,6,42,3,55,5,53,8,50,1,0,2,0,21,2,45,11,26,20,12,0,19,39,2,9,47,0,45,13,0,1,57,13,37,8,0,9,49,1,5,52,0,0,58,0,3,55,0,4,54,0,0,58,1,9,48
3,SINDH,21,SUKKUR DIVISION,081,KHAIRPUR DISTRICT,299,SOBHODERO,46,46,0,37,8,1,0,0,0,0,38,129970,76347,43418,10205,45,2,42,39,7,2,19,21,37,1,19,1,0,0,2,1,1,0,0,46,0,4,1,4,27,0,0,19,37,8,1,0,0,2,5,39,0,45,1,38,8,22,24,23,23,13,33,11,35,4,42,2,44,1,45,1,45,18,28,12,34,7,1,9,1,14,32,4,36,5,18,8,8,7,10,2,3,6,69,30,150,4,37,0,0,10,1,1,0,0,0,8,0,2,38,8,14,21,7,6,5,15,11,18,5,21,2,30,1,10,0,14,15,2,3,33,1,16,7,2,3,5,15,14,32,2,44,4,42,12,34,44,2,7,39,12,34,39,7,25,21,0,5,0,1,33,0,3,3,1,0,2,5,6,3,43,7,39,13,33,0,0,0,1,14,0,38,8,30,16,0,0,25,21,1,5,40,0,31,15,0,8,38,10,35,1,0,11,35,4,23,19,0,0,46,0,2,44,0,2,44,0,0,46,0,31,15
3,SINDH,37,SHAHEED BENAZIRABAD DIVISION,082,NAUSHAHRO FEROZE DISTRICT,300,BHIRIA,32,32,0,27,0,5,0,0,0,0,32,108098,45322,58685,4091,32,31,32,32,6,2,32,31,31,2,14,0,0,0,0,0,0,0,0,30,2,21,0,4,31,0,1,0,27,0,5,0,0,4,0,27,1,31,1,31,1,20,12,18,14,9,23,7,25,1,31,2,30,0,32,1,31,8,24,3,29,1,3,12,1,13,19,32,31,20,9,0,8,8,9,4,4,4,69,40,80,1,32,1,7,0,0,0,0,0,0,7,0,4,20,7,8,8,6,7,10,10,8,24,7,1,0,32,1,15,0,0,11,1,5,31,1,30,7,3,6,5,16,32,0,0,32,5,27,5,27,32,0,5,27,6,26,31,1,0,32,0,0,0,0,32,0,32,7,0,0,1,20,0,4,28,8,24,8,24,3,0,1,0,0,0,32,0,32,0,0,0,27,5,0,14,18,0,31,1,0,23,9,0,32,0,0,27,5,17,14,1,0,6,26,0,0,32,0,7,25,0,2,30,0,9,23
3,SINDH,37,SHAHEED BENAZIRABAD DIVISION,082,NAUSHAHRO FEROZE DISTRICT,301,KANDIARO,52,52,0,42,0,6,4,4,0,0,52,154059,115337,33235,5487,51,6,42,6,0,2,41,21,36,17,38,0,0,0,0,0,0,0,0,51,1,9,10,23,28,0,3,21,42,0,6,4,0,2,10,40,0,41,11,21,31,19,33,10,42,11,41,3,49,4,48,2,50,2,50,1,51,11,41,3,49,9,3,6,3,31,21,15,43,19,27,6,7,6,6,2,1,4,77,40,150,0,52,9,3,5,0,1,0,0,0,1,2,2,37,11,15,6,2,7,9,10,17,19,16,12,5,50,0,16,0,2,12,1,7,49,6,49,4,3,7,4,21,37,15,3,49,3,49,4,48,51,1,2,50,3,49,51,1,0,52,0,0,0,0,52,1,51,29,4,3,27,11,0,2,50,8,44,21,31,0,2,2,0,2,1,32,19,17,35,0,0,30,22,0,9,43,0,39,13,0,5,47,27,25,0,0,5,47,4,48,0,0,0,52,0,0,52,0,17,35,0,1,51,1,26,25
3,SINDH,37,SHAHEED BENAZIRABAD DIVISION,082,NAUSHAHRO FEROZE DISTRICT,302,MEHRABPUR,34,34,0,31,3,0,0,0,0,0,31,105304,94950,6245,4109,34,9,34,24,4,0,24,9,34,0,34,0,0,0,0,0,0,0,0,30,4,52,18,56,33,0,0,1,31,3,0,0,0,6,1,27,0,32,2,29,5,14,20,11,23,8,26,6,28,2,32,1,33,3,31,2,32,20,14,8,26,7,4,25,2,34,0,33,34,5,25,0,8,8,8,1,3,4,54,35,80,0,34,4,4,1,0,0,0,0,0,9,0,6,25,8,8,7,3,9,9,14,16,22,12,0,0,34,0,2,0,0,10,0,0,34,2,33,7,0,6,10,12,34,0,2,32,4,30,3,31,34,0,4,30,4,30,34,0,0,34,0,0,0,0,34,0,34,31,2,0,0,31,0,5,29,11,23,11,23,2,4,1,0,0,2,32,0,25,9,0,0,15,19,0,10,24,0,34,0,0,12,22,6,28,0,0,28,6,5,27,2,0,1,33,0,0,34,0,12,22,0,0,34,0,12,22
3,SINDH,37,SHAHEED BENAZIRABAD DIVISION,082,NAUSHAHRO FEROZE DISTRICT,303,MORO,53,53,2,50,0,1,2,1,1,0,52,197944,146623,44896,6425,53,19,45,42,8,13,23,6,33,18,33,0,0,0,7,0,0,0,0,50,3,47,20,14,39,0,0,14,50,0,1,2,0,1,9,43,0,42,11,38,15,20,33,16,37,9,44,6,47,0,53,0,53,0,53,0,53,7,46,1,52,4,1,1,1,19,34,52,50,9,40,1,5,1,3,1,0,1,91,30,130,1,53,1,3,4,3,8,0,2,0,2,1,1,41,5,9,6,2,3,5,13,8,27,10,14,2,50,0,25,1,2,19,2,5,53,4,48,4,0,1,2,21,41,12,4,49,3,50,2,51,45,8,2,51,3,50,45,8,6,47,4,6,3,0,49,9,49,39,12,14,28,20,3,1,52,7,46,11,42,2,1,0,2,2,0,43,10,31,18,4,1,42,10,0,17,36,1,44,8,0,17,36,5,48,0,0,25,28,11,40,2,0,3,50,0,4,49,0,12,41,0,1,52,0,24,29
3,SINDH,37,SHAHEED BENAZIRABAD DIVISION,082,NAUSHAHRO FEROZE DISTRICT,304,NAUSHAHRO FEROZE,60,60,0,48,5,5,2,2,0,0,55,165831,133861,25705,6265,60,25,57,45,1,2,30,26,51,4,40,0,0,0,0,0,0,0,0,54,6,68,2,6,48,0,1,11,48,5,5,2,0,1,8,51,0,53,7,22,38,22,38,13,47,12,48,7,53,2,58,2,58,1,59,1,59,25,35,4,56,5,1,7,1,38,22,52,54,20,29,0,9,9,9,4,7,6,52,3,80,1,59,1,1,1,2,0,0,0,0,3,0,1,38,4,11,6,1,3,11,15,20,24,21,12,3,60,0,10,1,0,12,3,0,59,1,56,8,4,8,6,25,52,8,2,58,6,54,5,55,59,1,6,54,6,54,59,1,1,59,0,1,0,0,60,2,60,54,0,0,13,4,0,4,56,12,48,13,47,0,2,1,0,0,0,48,12,49,10,1,0,20,40,0,25,35,0,47,13,0,6,54,6,51,3,0,19,41,9,50,1,0,0,60,0,0,60,0,2,58,0,0,60,0,9,51
3,SINDH,37,SHAHEED BENAZIRABAD DIVISION,083,SHAHEED BENAZIRABAD DISTRICT,305,DAUR,149,149,2,128,16,3,0,0,0,2,131,544601,154924,382072,7605,146,76,144,126,28,1,60,67,147,3,18,0,0,0,0,0,0,0,0,124,23,47,15,20,127,3,3,14,128,16,3,0,2,3,2,142,0,142,5,94,53,45,102,24,123,12,135,8,139,1,146,1,146,1,146,0,147,25,122,11,136,4,2,13,1,29,118,114,136,6,23,0,17,15,17,4,6,8,37,0,85,3,142,3,7,19,1,0,0,0,0,47,2,3,91,7,12,17,4,7,9,20,13,52,71,24,0,118,0,17,1,29,15,17,15,146,5,42,13,1,4,12,37,68,79,3,144,6,141,9,138,133,14,7,140,9,138,125,22,6,141,6,0,0,0,80,48,56,47,6,0,6,81,14,7,140,7,140,14,133,1,3,29,16,29,3,121,23,100,45,2,0,108,39,0,82,65,0,136,11,0,105,42,30,111,6,1,89,57,30,78,39,1,26,120,0,20,127,0,51,96,1,14,132,23,109,15
3,SINDH,37,SHAHEED BENAZIRABAD DIVISION,083,SHAHEED BENAZIRABAD DISTRICT,306,KAZI AHMED,65,65,0,60,0,4,0,0,0,1,64,229775,157362,66278,6135,65,8,63,56,5,8,24,26,54,7,46,0,0,0,0,3,0,0,0,56,9,6,0,0,55,0,0,10,60,0,4,0,1,1,12,51,1,57,8,37,28,26,39,17,48,13,52,9,56,4,61,3,62,3,62,4,61,16,49,8,57,10,2,8,1,15,50,52,54,4,37,1,10,10,9,3,7,6,50,22,70,0,63,2,0,4,0,1,0,0,0,10,2,1,53,7,9,14,4,4,8,19,14,24,23,16,2,50,2,22,0,15,15,3,4,65,2,45,4,0,6,6,25,33,32,4,61,7,58,9,56,58,7,11,54,12,53,57,8,0,65,0,0,0,3,64,0,62,2,2,1,2,26,0,5,60,8,57,17,48,4,3,14,2,15,3,55,7,45,20,0,1,49,15,0,35,30,1,58,6,0,49,16,1,63,1,0,52,13,1,42,22,0,21,44,0,18,47,0,40,25,0,5,60,2,42,21
3,SINDH,37,SHAHEED BENAZIRABAD DIVISION,083,SHAHEED BENAZIRABAD DISTRICT,307,NAWABSHAH,51,51,0,43,3,5,0,0,0,0,48,108629,89828,10536,8265,49,18,47,36,6,4,27,11,49,1,13,0,0,0,0,0,0,0,0,33,18,21,15,15,35,2,0,14,43,3,5,0,0,1,1,49,0,45,6,32,19,24,27,17,34,10,41,8,43,6,45,5,46,5,46,4,47,9,42,7,44,7,2,5,1,5,46,3,50,2,7,1,5,6,7,4,5,6,48,15,120,2,47,4,2,7,0,1,0,0,0,18,0,1,33,15,17,15,5,5,9,15,7,0,35,15,1,50,1,17,0,1,26,3,0,45,0,15,11,4,6,8,13,23,28,6,45,7,44,7,44,37,14,6,45,6,45,37,14,1,50,1,0,0,0,51,7,30,6,1,0,4,7,0,6,45,10,41,9,42,4,4,5,1,1,1,45,5,18,30,3,0,17,34,0,17,34,0,39,12,0,16,35,2,49,0,0,12,39,0,29,22,0,5,46,0,4,47,0,7,44,0,4,47,0,41,10
3,SINDH,37,SHAHEED BENAZIRABAD DIVISION,083,SHAHEED BENAZIRABAD DISTRICT,308,SAKRAND,65,65,7,54,1,3,7,0,7,0,57,183719,60683,118943,4093,59,10,58,36,17,1,27,28,56,8,50,0,0,0,0,0,0,0,0,65,0,42,49,42,59,0,0,4,54,1,3,7,0,1,8,55,1,55,10,49,16,29,36,17,48,24,41,9,56,3,62,2,63,1,64,1,64,21,44,9,56,6,3,8,2,50,15,38,57,5,53,6,5,2,5,3,3,3,90,20,120,2,61,2,2,2,0,4,0,0,0,14,2,1,49,9,21,15,4,7,7,16,24,48,12,1,2,56,2,38,1,9,40,2,7,61,2,30,4,0,3,4,23,51,14,3,62,2,63,2,63,59,6,2,63,2,63,58,7,6,59,0,6,0,0,61,0,42,0,1,0,1,30,0,4,61,5,60,14,51,4,3,15,9,9,0,54,11,55,8,2,1,41,23,0,17,48,0,62,3,0,10,55,6,57,2,0,53,12,10,52,3,0,10,55,0,5,60,0,39,26,0,4,61,1,33,31
3,SINDH,21,SUKKUR DIVISION,084,SUKKUR DISTRICT,309,NEW SUKKUR,21,21,0,14,6,1,0,0,0,0,15,65062,7671,55801,1590,21,14,0,0,0,0,3,8,9,7,9,0,0,0,6,0,0,0,0,19,2,36,8,9,12,0,0,9,14,6,1,0,0,1,8,12,0,17,4,15,6,10,11,9,12,7,14,7,14,3,18,2,19,3,18,2,19,14,7,10,11,5,1,4,0,4,17,16,10,7,7,2,5,4,4,4,4,3,49,30,60,0,16,1,1,8,0,0,0,0,0,10,0,1,11,8,7,6,7,7,8,8,11,7,5,3,6,20,0,11,0,0,12,0,0,12,0,3,6,3,3,4,6,11,10,5,16,7,14,9,12,13,8,7,14,8,13,14,7,0,21,0,0,0,0,20,0,11,2,0,0,0,2,2,3,18,5,16,9,12,0,3,2,0,0,1,17,3,9,9,3,0,11,10,0,7,14,0,18,3,0,4,17,6,14,1,0,13,8,1,10,10,0,0,21,0,0,21,0,8,13,0,0,21,3,15,3
3,SINDH,21,SUKKUR DIVISION,084,SUKKUR DISTRICT,310,PANO AKIL,97,97,4,86,2,5,4,1,3,0,92,265980,142652,112106,11222,94,41,75,60,15,5,50,21,73,3,27,0,0,1,7,1,0,0,0,93,3,57,18,14,32,2,0,60,86,2,5,4,0,15,10,71,0,69,26,36,59,24,72,17,78,17,79,13,82,8,88,9,86,7,89,8,87,20,76,13,82,16,1,14,1,26,70,76,82,2,21,9,8,6,9,3,3,3,94,0,500,6,93,3,7,13,2,7,0,0,0,24,1,15,71,26,23,9,7,7,9,8,14,24,34,36,2,48,0,2,0,47,17,0,0,84,1,56,4,2,3,3,8,8,88,3,93,9,87,5,90,66,30,10,86,10,85,72,24,19,77,2,16,0,1,84,3,3,70,3,0,2,2,9,3,93,9,87,15,81,0,1,2,1,47,1,81,14,24,62,10,0,22,74,0,13,83,1,62,33,0,10,86,16,75,5,0,51,45,1,19,76,0,1,95,0,2,94,0,11,85,0,2,94,2,58,36
3,SINDH,21,SUKKUR DIVISION,084,SUKKUR DISTRICT,311,ROHRI,67,67,4,62,1,0,1,0,1,3,62,184192,98102,56803,29287,49,1,53,22,25,0,34,1,53,4,4,0,0,4,3,1,0,0,0,62,2,27,15,24,24,7,3,29,62,1,0,1,3,0,16,48,0,59,5,58,6,28,36,26,38,15,49,14,50,1,63,1,63,0,64,0,64,27,37,19,45,4,2,4,2,5,59,5,56,4,8,5,9,9,8,4,4,2,47,0,115,6,58,3,1,3,0,2,0,1,0,13,4,0,47,16,16,15,8,7,14,8,10,28,16,16,4,55,0,1,0,9,15,0,0,59,1,29,9,1,3,6,18,33,31,7,57,11,53,5,59,54,10,7,57,6,58,54,10,2,62,0,1,0,1,50,0,7,19,1,0,1,8,6,3,61,10,54,24,40,2,0,1,0,9,4,41,19,52,9,3,0,10,54,0,9,55,0,35,29,0,7,57,8,55,1,0,3,61,6,8,50,0,2,62,0,0,64,0,5,59,0,1,63,1,8,55
3,SINDH,21,SUKKUR DIVISION,084,SUKKUR DISTRICT,312,SALEHPAT,87,87,38,46,3,0,3,0,3,35,46,747347,83740,657603,6004,52,1,40,2,0,0,2,0,42,1,17,0,0,0,0,4,0,0,0,49,16,7,0,0,19,0,0,32,46,3,0,3,35,0,21,24,24,38,25,18,40,11,51,3,54,3,55,1,54,1,62,0,57,0,59,0,55,3,58,1,54,7,0,24,0,9,63,16,27,1,4,38,8,4,4,2,2,4,54,0,200,0,45,1,2,2,15,10,0,0,9,2,0,0,63,4,3,1,0,0,3,4,5,2,4,32,14,24,0,1,1,44,2,0,0,68,0,0,2,0,3,3,7,10,53,4,59,4,52,4,50,36,25,4,51,4,51,31,30,54,18,52,0,0,4,18,0,1,0,0,0,0,34,23,1,61,2,60,5,57,1,0,0,0,44,0,31,41,41,17,14,0,6,66,0,7,65,0,32,40,0,3,69,8,49,14,0,3,67,0,21,49,0,0,70,0,0,70,0,2,68,0,2,68,0,17,51
3,SINDH,21,SUKKUR DIVISION,084,SUKKUR DISTRICT,645,SUKKUR CITY,1,1,0,0,1,0,0,0,0,0,0,1313,0,0,1313,0,0,0,0,0,0,0,0,0,0,0,0,0,0,0,0,0,0,0,1,0,0,0,0,1,0,0,0,0,1,0,0,0,1,0,0,0,1,0,1,0,1,0,1,0,0,1,0,1,0,1,0,1,0,1,0,1,1,0,1,0,0,1,1,0,0,1,1,1,1,1,0,0,0,0,0,0,1,150,150,150,1,0,0,0,0,0,0,0,0,0,1,0,1,0,1,1,0,0,1,1,1,1,1,0,0,0,1,1,1,0,0,1,1,1,1,0,0,1,0,0,0,0,1,0,1,0,1,0,0,1,1,0,1,0,1,0,1,0,0,1,0,0,0,0,1,1,1,1,1,1,1,1,0,1,0,1,0,1,0,0,0,0,0,0,0,0,1,0,0,1,0,0,1,0,0,1,0,1,0,0,0,1,0,1,0,0,0,1,0,0,1,0,0,1,0,0,1,0,0,1,0,0,1,0,0,1
3,SINDH,18,KARACHI DIVISION,147,KARACHI WEST DISTRICT,580,MANGHOPIR,6,6,1,5,0,1,0,0,0,0,6,32136,653,29777,1706,6,0,0,0,0,0,0,2,0,0,2,0,0,5,0,1,0,0,0,5,1,0,0,0,5,0,0,1,5,0,1,0,0,5,0,1,0,5,1,5,1,5,1,5,1,2,4,2,4,1,5,1,5,1,5,1,5,4,2,2,4,1,0,2,0,6,0,6,5,4,5,0,2,2,1,2,3,2,31,10,50,0,1,5,0,0,1,0,0,0,4,2,0,5,4,2,2,4,3,3,5,3,2,2,1,2,1,4,1,4,0,1,3,4,1,3,0,2,3,2,1,3,4,5,1,2,4,2,4,2,4,5,1,2,4,3,3,5,1,0,6,0,0,0,1,0,0,2,0,0,0,0,4,0,2,4,2,4,2,4,0,1,1,1,1,0,5,1,0,0,6,0,4,2,0,1,5,1,5,0,0,2,4,5,1,0,0,1,5,0,0,6,0,0,6,0,0,6,0,1,5,0,0,6,0,1,5
3,SINDH,18,KARACHI DIVISION,147,KARACHI WEST DISTRICT,582,MAURIPUR,7,7,0,7,0,0,0,0,0,0,7,55210,5507,47083,2620,0,0,0,0,0,0,7,0,0,0,7,0,0,0,0,0,0,0,0,0,7,0,0,0,7,0,0,0,7,0,0,0,0,0,0,7,0,6,1,6,1,0,7,0,7,0,7,0,7,0,7,0,7,1,6,0,7,3,4,0,7,0,0,0,0,0,7,1,5,0,7,0,0,0,1,0,0,1,160,100,400,0,0,0,0,0,3,0,0,0,4,1,0,0,6,0,0,0,0,0,0,0,0,1,1,4,1,0,0,0,0,7,1,0,0,6,0,0,0,0,0,0,1,2,5,0,7,0,7,0,7,2,5,0,7,0,7,2,5,0,7,0,0,0,0,0,0,0,0,0,0,0,7,0,0,7,0,7,1,6,0,0,1,0,7,0,7,0,0,1,6,0,0,7,0,0,7,0,5,2,0,0,7,0,7,0,0,0,7,0,0,7,0,0,7,0,0,7,0,0,7,0,0,7,0,0,7
3,SINDH,18,KARACHI DIVISION,148,MALIR DISTRICT,557,BIN QASIM SUB-DIVISION,8,8,0,7,0,1,0,0,0,0,8,106791,4349,99328,3114,2,0,0,0,7,0,3,6,0,0,3,0,0,6,0,0,0,0,0,0,8,52,68,0,7,0,0,1,7,0,1,0,0,1,0,7,0,8,0,8,0,7,1,6,2,5,3,5,3,1,7,1,7,1,7,1,7,8,0,7,1,1,0,3,0,1,7,3,7,1,1,1,1,1,1,0,0,1,496,120,550,2,5,3,3,0,0,0,0,0,0,3,0,1,5,3,2,2,1,1,3,3,3,0,4,4,0,8,0,3,0,0,2,0,1,8,1,1,2,0,0,1,2,3,5,1,7,2,6,3,5,7,1,2,6,3,5,7,1,6,2,6,0,0,0,0,0,2,0,0,0,2,0,6,2,6,2,6,3,5,2,2,1,1,0,0,6,2,2,3,3,0,4,4,0,4,4,0,7,1,0,3,5,1,7,0,0,2,6,0,4,4,0,1,7,0,3,5,0,2,6,0,1,7,0,8,0
3,SINDH,18,KARACHI DIVISION,148,MALIR DISTRICT,563,GADAP SUB-DIVISION,25,25,0,23,0,2,0,0,0,0,25,321220,27551,267505,26164,25,0,2,0,14,1,16,17,0,1,10,0,0,24,0,0,0,0,0,25,0,95,38,0,10,0,0,15,23,0,2,0,0,0,1,23,1,24,1,18,7,13,12,12,13,3,22,3,22,1,24,2,23,0,25,0,25,8,17,6,19,0,0,2,0,2,23,9,9,2,11,14,1,0,1,1,0,9,358,100,500,6,6,0,7,0,24,0,0,0,0,9,1,0,15,7,8,7,5,0,7,3,2,0,9,2,14,0,0,11,0,14,3,0,11,17,0,12,5,5,0,8,9,10,15,1,24,1,24,5,20,11,14,1,24,1,24,11,14,3,22,1,2,0,0,0,0,1,0,0,0,0,21,3,1,24,2,23,3,22,0,0,0,0,14,0,3,22,5,6,14,0,10,15,0,8,17,0,17,8,0,6,19,16,9,0,0,4,21,5,5,15,0,7,18,0,5,20,1,15,9,0,1,24,14,10,1
3,SINDH,18,KARACHI DIVISION,148,MALIR DISTRICT,570,IBRAHIM HYDRI,5,5,0,1,0,4,0,0,0,0,5,22758,817,20514,1427,1,0,0,0,5,0,2,2,0,0,4,2,0,1,0,0,0,0,0,3,2,38,962,4,5,0,0,0,1,0,4,0,0,0,0,5,0,5,0,5,0,5,0,5,0,5,0,5,0,3,2,3,2,5,0,4,1,5,0,5,0,3,1,5,0,4,1,5,5,4,5,0,5,5,5,3,4,5,460,300,550,3,4,2,5,1,4,0,0,0,0,5,0,0,0,5,5,5,5,5,5,5,5,5,0,0,0,5,0,5,0,0,5,5,5,5,5,2,5,1,4,5,5,5,0,5,0,5,0,5,0,5,0,5,0,5,0,5,0,0,5,0,0,0,0,4,0,5,0,0,0,4,1,0,5,0,5,0,5,0,1,1,1,0,0,2,3,0,0,4,1,0,4,1,0,5,0,0,4,1,0,5,0,2,2,1,2,3,0,0,4,1,0,4,1,0,5,0,0,4,1,0,5,0,2,2,1
3,SINDH,18,KARACHI DIVISION,148,MALIR DISTRICT,586,MURAD MEMON,8,8,0,7,0,1,0,0,0,0,8,38929,2860,27119,8950,6,0,0,0,4,0,7,8,0,0,8,3,0,5,0,0,0,0,0,8,0,149,520,0,8,0,0,0,7,0,1,0,0,0,0,8,0,8,0,8,0,8,0,8,0,6,2,4,4,5,3,4,4,2,6,1,7,7,1,4,4,3,1,4,1,1,7,8,8,4,8,0,2,2,2,3,3,3,368,150,500,5,1,3,1,0,4,0,0,0,0,8,0,0,0,7,6,8,3,5,5,7,4,5,3,0,0,7,0,8,0,0,7,5,4,8,3,1,2,0,3,4,6,7,1,2,6,3,5,4,4,7,1,3,5,4,4,7,1,0,8,0,0,0,0,3,0,5,1,0,0,2,3,0,4,4,3,5,5,3,2,2,3,1,0,0,6,2,2,6,0,0,7,1,0,6,2,0,8,0,0,2,6,6,2,0,0,4,4,1,5,2,0,3,5,0,2,6,0,5,3,0,2,6,4,4,0
3,SINDH,18,KARACHI DIVISION,148,MALIR DISTRICT,593,SHAH MUREED,7,7,0,7,0,0,0,0,0,0,7,66643,2870,62123,1650,5,0,1,0,4,0,2,7,0,0,0,0,0,7,0,0,0,0,0,7,0,133,117,0,5,0,0,2,7,0,0,0,0,0,0,7,0,7,0,7,0,5,2,3,4,1,6,1,6,0,7,0,7,0,7,0,7,7,0,2,5,0,0,2,0,1,6,7,3,1,7,0,3,3,3,1,2,6,364,200,450,5,6,0,4,0,6,0,0,0,0,1,0,0,6,1,1,1,1,0,5,1,0,0,2,5,0,0,0,7,0,0,0,5,7,6,5,0,2,0,1,2,3,6,1,1,6,3,4,3,4,7,0,3,4,1,6,7,0,1,6,0,1,0,0,0,0,0,0,0,0,0,5,2,0,7,0,7,0,7,0,0,0,0,0,0,3,4,0,7,0,0,6,1,0,3,4,0,7,0,0,1,6,3,4,0,0,3,4,0,7,0,0,4,3,0,3,4,0,6,1,0,0,7,3,4,0
3,SINDH,17,HYDERABAD DIVISION,152,SUJAWAL DISTRICT,238,JATI TALUKA,131,131,9,120,1,0,1,1,0,9,121,873340,287496,578920,6924,33,116,3,53,36,1,0,50,122,1,0,0,0,0,0,0,0,0,0,71,51,160,13,43,57,3,2,60,120,1,0,1,9,2,88,32,1,97,25,12,110,7,115,5,117,3,119,2,120,0,122,0,122,1,121,1,121,5,117,3,119,2,4,2,4,4,118,116,14,1,8,0,1,1,1,1,2,2,26,0,120,2,63,3,8,14,2,71,0,6,0,4,4,2,112,13,11,2,4,1,3,2,4,3,17,50,52,90,0,1,2,29,4,0,0,119,0,6,6,1,1,2,3,11,111,0,122,1,121,1,121,76,46,1,121,1,121,43,79,0,122,0,0,0,0,104,0,0,0,1,0,0,0,18,1,121,2,120,10,112,1,1,0,1,29,0,87,35,40,79,3,2,14,106,0,6,116,0,72,50,0,1,121,66,54,2,0,5,117,1,15,106,0,1,121,0,1,121,0,11,111,0,1,121,64,30,28
3,SINDH,17,HYDERABAD DIVISION,152,SUJAWAL DISTRICT,240,KHARO CHAN TALUKA,31,31,28,3,0,0,0,0,0,28,3,160148,0,160075,73,0,0,0,0,0,0,0,0,0,0,0,0,0,0,0,0,0,0,0,2,1,0,0,0,0,0,0,3,3,0,0,0,28,0,0,3,0,2,1,0,3,0,3,0,3,0,3,0,3,0,3,0,3,0,3,0,3,1,2,1,2,0,0,0,0,0,3,0,0,0,0,3,0,0,0,0,0,0,2,0,25,0,2,0,0,0,0,1,0,1,0,0,0,0,3,0,0,0,0,0,0,0,0,0,0,0,3,3,0,0,0,0,0,0,0,3,0,0,0,0,0,0,0,0,3,0,3,0,3,0,3,2,1,0,3,0,3,0,3,0,3,0,0,0,0,0,0,0,0,0,0,0,0,3,0,3,0,3,0,3,0,0,0,0,0,0,0,3,0,0,3,0,0,3,0,0,3,0,0,3,0,0,3,0,0,3,0,0,3,0,0,3,0,0,3,0,0,3,0,0,3,0,0,3,0,0,3
3,SINDH,17,HYDERABAD DIVISION,152,SUJAWAL DISTRICT,241,MIRPUR BATHORO TALUKA,63,63,3,52,0,6,5,2,3,0,60,183037,73293,103561,6183,58,57,32,53,34,5,1,12,56,1,8,2,0,0,0,0,0,0,0,53,8,30,4,84,41,1,0,19,52,0,6,5,0,1,23,37,0,57,4,53,8,12,49,16,45,10,51,12,49,1,60,4,57,4,57,4,57,10,51,11,50,11,1,11,0,26,35,57,28,7,13,1,3,5,5,5,3,4,44,0,90,3,51,1,5,1,0,8,0,6,0,1,1,1,59,10,14,8,5,5,11,9,17,7,0,43,11,20,1,0,0,40,2,0,1,57,1,3,9,3,2,2,10,40,21,3,58,4,57,3,58,41,20,3,58,4,57,40,21,6,55,3,2,4,0,61,0,0,0,0,0,4,0,5,5,56,3,58,10,51,0,0,0,0,40,1,26,34,8,48,5,0,10,51,0,11,50,1,46,14,0,12,49,3,57,1,1,12,48,0,24,37,0,6,55,0,8,53,0,13,48,0,3,58,2,45,14
3,SINDH,17,HYDERABAD DIVISION,152,SUJAWAL DISTRICT,243,SHAH BUNDER TALUKA,92,92,20,70,0,2,0,0,0,20,72,737555,29630,686352,21573,43,71,18,42,14,44,4,52,71,2,1,0,0,0,0,14,0,0,0,56,16,50,0,28,5,2,0,65,70,0,2,0,20,0,27,45,0,64,8,18,54,6,66,4,68,5,67,0,72,0,72,0,72,0,72,0,72,5,67,6,66,2,1,2,1,0,72,35,2,0,20,36,5,3,3,1,1,3,17,0,45,0,69,0,0,3,25,0,0,1,0,1,0,0,71,2,2,4,1,3,6,7,3,1,1,30,40,68,0,0,1,4,1,0,0,70,0,3,7,0,0,1,5,15,57,1,71,5,67,1,71,69,3,2,70,2,70,24,48,1,71,1,0,0,14,48,0,0,0,0,0,0,0,25,0,72,0,72,5,67,0,0,0,0,4,0,31,41,21,40,11,0,4,68,0,3,69,0,27,45,0,1,71,37,35,0,0,1,71,0,4,68,0,0,72,0,0,72,0,5,67,0,1,71,3,43,26
3,SINDH,17,HYDERABAD DIVISION,152,SUJAWAL DISTRICT,244,SUJAWAL TALUKA,73,73,13,60,0,0,9,0,9,4,60,178695,29962,141235,7498,39,60,0,60,1,0,0,0,60,2,0,0,0,0,2,0,0,0,0,27,35,31,4,105,37,1,0,22,60,0,0,9,4,0,17,43,2,57,3,34,26,13,47,8,52,4,56,4,56,1,59,1,59,1,59,1,59,26,34,14,46,5,6,2,6,1,61,36,6,0,25,2,1,1,2,1,1,1,28,0,45,3,17,0,0,1,0,51,0,0,0,0,3,0,59,3,5,4,2,2,4,3,24,2,0,53,6,8,0,0,0,54,1,0,0,61,0,0,4,1,1,1,5,28,32,3,57,1,59,1,59,8,52,1,59,1,59,5,55,5,62,0,5,0,0,53,1,2,1,1,0,1,0,9,1,59,1,59,1,59,0,1,1,1,54,0,23,39,10,47,5,0,3,59,0,4,58,0,29,33,0,3,59,16,33,13,0,5,57,0,32,30,0,0,62,0,0,62,0,10,52,0,1,61,9,38,15
4,BALOCHISTAN,22,KALAT DIVISION,085,AWARAN DISTRICT,314,AWARAN,28,28,0,14,13,1,0,0,0,0,15,60396,37237,12593,10566,27,0,0,0,0,0,15,28,0,0,24,15,10,4,16,0,0,0,0,28,0,0,0,0,11,0,0,17,14,13,1,0,0,0,25,3,0,21,7,7,21,10,18,3,25,6,22,3,25,1,27,0,28,0,28,0,28,2,26,0,28,1,3,0,3,0,28,28,3,0,4,0,1,0,1,1,0,0,106,40,300,7,2,0,0,0,28,0,11,0,0,0,0,0,28,3,3,2,0,2,2,2,2,5,0,1,22,1,0,6,0,21,0,0,0,28,0,0,2,0,0,2,3,5,23,0,28,1,27,1,27,25,3,1,27,1,27,19,9,28,0,28,0,28,0,0,0,0,0,0,0,1,0,27,0,28,1,27,8,20,0,0,0,0,21,0,24,4,1,26,1,0,18,10,0,0,28,0,27,1,0,27,1,23,5,0,0,2,26,0,0,28,0,0,28,0,0,28,0,3,25,0,1,27,9,16,3
4,BALOCHISTAN,22,KALAT DIVISION,085,AWARAN DISTRICT,315,GISHKORE SUB-,50,50,4,44,1,0,0,0,0,5,44,97843,20613,69634,7596,46,0,0,0,0,0,3,0,0,0,21,0,6,24,2,0,0,0,0,38,8,0,0,0,0,0,0,46,44,1,0,0,5,1,40,5,0,27,19,11,35,4,42,0,46,4,42,0,46,0,46,0,46,0,46,0,46,9,37,2,44,2,0,0,0,3,43,20,0,0,1,26,1,1,1,1,1,1,100,0,200,2,10,0,0,7,39,0,3,0,0,0,0,1,46,1,1,0,6,0,0,5,2,0,0,2,44,14,0,2,0,30,0,0,0,46,0,0,0,0,0,1,2,1,45,0,46,1,45,2,44,23,23,1,45,3,43,16,30,45,1,8,0,44,0,0,0,0,0,12,0,20,8,8,0,46,7,39,11,35,0,0,0,0,30,1,15,30,8,19,19,0,3,43,0,0,46,0,17,29,8,11,27,14,9,23,0,0,46,0,0,46,0,0,46,0,0,46,0,1,45,0,0,46,0,3,43
4,BALOCHISTAN,22,KALAT DIVISION,085,AWARAN DISTRICT,316,JHAL JAO SUB-,78,78,5,72,0,1,0,0,0,5,73,117373,32938,83153,1282,70,0,1,0,0,0,0,41,0,1,57,0,3,10,0,2,0,0,0,72,1,62,62,0,1,0,0,72,72,0,1,0,5,1,70,1,1,47,26,12,61,7,66,1,72,6,67,0,73,1,72,0,73,0,73,0,73,36,37,22,51,1,0,0,0,0,73,57,0,0,0,16,0,0,0,0,0,0,85,0,160,0,5,0,0,0,57,0,9,7,3,0,0,1,73,0,3,2,1,0,0,7,2,0,0,1,72,0,0,0,0,73,0,0,0,73,0,0,0,0,0,0,1,2,71,0,73,8,65,2,71,65,8,0,73,2,71,4,69,73,0,73,1,2,2,2,0,0,0,0,0,3,7,61,0,73,0,73,2,71,0,0,0,0,73,0,51,22,2,58,13,0,16,57,0,4,69,0,68,5,0,56,17,4,63,6,0,2,71,0,2,71,0,0,73,0,0,73,0,3,70,0,1,72,0,3,70
4,BALOCHISTAN,22,KALAT DIVISION,085,AWARAN DISTRICT,317,MASHKAI,60,60,11,48,0,1,0,0,0,11,49,37887,8191,24883,4813,56,7,31,0,0,0,41,52,0,0,49,17,17,52,45,0,0,0,0,50,0,0,0,0,0,0,0,49,48,0,1,0,11,0,35,14,0,42,7,31,18,12,37,7,42,11,38,2,47,1,48,0,49,0,49,0,49,5,44,1,48,1,5,1,5,1,48,49,1,0,1,0,1,1,2,1,0,0,91,0,200,1,49,0,0,0,48,0,14,0,0,0,0,0,49,7,7,7,0,0,1,6,5,5,2,0,42,0,0,8,0,41,0,0,0,49,0,0,2,0,0,1,1,1,48,0,49,0,49,0,49,49,0,0,49,0,49,0,49,49,0,49,0,49,0,0,0,0,0,0,0,17,24,8,0,49,1,48,1,48,0,0,0,0,41,0,35,14,46,3,0,0,24,25,0,2,47,0,47,2,0,46,3,3,46,0,0,26,23,0,0,49,0,1,48,20,25,4,1,0,48,0,0,49,0,0,49
4,BALOCHISTAN,22,KALAT DIVISION,085,AWARAN DISTRICT,634,KORAK JHAO,27,27,6,21,0,0,0,0,0,6,21,28942,5700,22848,394,2,0,0,0,0,0,0,2,0,0,2,0,0,1,0,0,0,0,0,21,0,0,0,0,0,0,0,21,21,0,0,0,6,0,21,0,0,14,7,2,19,1,20,0,21,1,20,0,21,0,21,0,21,0,21,0,21,5,16,3,18,0,0,0,0,0,21,0,0,0,0,21,0,0,0,0,1,0,75,0,180,2,3,0,0,0,11,0,10,0,0,0,0,0,21,0,1,2,0,0,0,3,2,0,0,2,19,1,0,0,0,20,0,0,0,21,0,0,0,0,0,0,0,4,17,0,21,5,16,0,21,15,6,0,21,0,21,1,20,20,1,19,2,0,0,0,0,0,0,0,0,3,10,8,0,21,0,21,0,21,0,0,0,0,20,0,5,16,13,8,0,0,5,16,0,1,20,0,18,3,0,17,4,1,20,0,0,0,21,0,0,21,0,0,21,0,0,21,0,13,8,0,0,21,0,4,17
4,BALOCHISTAN,22,KALAT DIVISION,086,KALAT DISTRICT,318,GAZG SUB-,39,39,8,31,0,0,0,0,0,8,31,5876,5054,211,611,31,2,1,0,0,0,0,1,0,0,0,0,31,0,1,0,0,0,0,14,17,0,0,0,0,0,0,31,31,0,0,0,8,0,31,0,0,1,30,1,30,0,31,0,31,0,31,0,31,0,31,0,31,0,31,0,31,0,31,0,31,0,0,0,0,0,31,1,0,0,0,30,1,1,0,1,1,0,428,0,1000,0,0,0,0,0,0,0,31,0,0,0,0,0,31,0,0,0,0,0,0,1,0,0,0,1,30,0,0,0,0,31,1,0,0,28,0,3,0,0,0,0,0,0,31,0,31,1,30,1,30,0,31,1,30,1,30,0,31,29,2,28,1,0,0,0,0,0,0,0,0,0,4,27,0,31,0,31,1,30,0,0,0,0,31,0,11,20,2,9,20,1,10,20,0,18,13,0,10,21,0,13,18,27,2,2,0,3,28,0,6,25,0,8,23,0,6,25,0,4,27,0,6,25,2,0,29
4,BALOCHISTAN,22,KALAT DIVISION,086,KALAT DISTRICT,319,JOHAN SUB-,63,63,3,60,0,0,0,0,0,3,60,33381,17761,13920,1700,59,4,0,1,41,45,5,12,0,0,19,3,8,54,38,2,0,0,0,57,3,0,0,0,1,0,1,58,60,0,0,0,3,0,56,1,3,5,55,2,58,2,58,1,59,1,59,1,59,0,60,0,60,0,60,0,60,0,60,0,60,0,0,0,0,1,59,29,0,1,1,31,0,0,0,0,0,0,283,0,600,0,1,0,0,1,40,0,25,44,0,0,0,0,60,1,2,2,1,0,0,1,0,2,1,2,55,47,0,0,0,13,0,1,1,60,1,50,0,0,0,0,0,4,56,0,60,0,60,0,60,0,60,0,60,0,60,0,60,59,1,57,35,0,2,0,0,0,0,0,0,0,1,59,0,60,0,60,2,58,0,0,0,3,13,0,6,54,19,7,34,0,0,60,0,0,60,0,20,40,0,0,60,0,21,39,0,2,58,3,16,41,0,2,58,0,4,56,0,0,60,0,0,60,0,0,60
4,BALOCHISTAN,22,KALAT DIVISION,086,KALAT DISTRICT,320,KALAT,203,203,5,194,4,0,0,0,0,5,194,206012,101950,96450,7612,199,0,0,1,84,4,68,71,0,2,93,46,22,170,101,12,0,0,1,196,3,30,31,30,49,1,0,149,194,4,0,0,5,0,186,11,2,66,133,35,164,21,178,19,180,11,188,7,192,0,199,1,198,1,198,1,198,41,158,15,184,4,1,4,1,4,195,110,30,2,5,85,5,5,2,3,2,1,626,0,1200,14,17,0,0,4,107,0,37,126,6,0,2,0,197,14,10,7,5,5,1,10,4,25,26,26,122,88,0,2,36,89,6,0,0,198,1,36,1,0,0,1,3,68,131,1,198,8,191,3,196,142,57,4,195,3,196,14,185,143,56,143,3,0,12,96,0,0,0,1,0,1,0,105,1,198,3,196,14,185,0,0,0,1,89,2,75,122,56,113,30,0,45,154,0,4,195,2,124,73,1,8,190,66,125,8,1,14,184,11,6,182,0,0,199,0,1,198,0,37,162,0,2,197,3,27,169
4,BALOCHISTAN,22,KALAT DIVISION,086,KALAT DISTRICT,321,MANGOCHAR,60,60,0,60,0,0,0,0,0,0,60,84015,62259,16585,5171,60,0,0,0,1,3,19,49,0,1,45,0,0,26,34,1,0,0,1,60,0,3,0,0,37,0,0,23,60,0,0,0,0,0,56,4,0,33,27,26,34,10,50,9,51,8,52,4,56,1,59,1,59,1,59,0,60,14,46,4,56,2,1,2,0,4,56,35,25,0,12,18,4,4,4,0,1,0,798,500,1000,8,18,0,0,31,13,0,0,38,16,0,0,0,60,3,6,5,2,3,2,8,5,39,8,9,4,15,0,0,0,45,8,0,1,57,2,50,6,0,0,2,6,35,25,6,54,4,56,7,53,56,4,2,58,2,58,9,51,60,0,60,2,0,1,0,0,1,0,0,0,0,0,59,2,58,1,59,4,56,0,0,0,0,45,1,43,16,31,26,3,0,28,32,0,2,58,1,44,15,0,1,59,7,44,9,0,15,45,13,37,10,0,1,59,0,0,60,1,16,43,0,1,59,6,11,43
4,BALOCHISTAN,43,RAKHSHAN DIVISION,087,KHARAN DISTRICT,323,KHARAN,38,38,1,37,0,0,0,0,0,1,37,84719,47079,37538,102,37,0,33,0,6,1,7,28,0,2,34,13,4,4,4,1,0,0,0,37,0,7,2,0,9,0,0,28,37,0,0,0,1,0,34,1,2,28,9,11,26,7,30,3,34,3,34,0,37,0,37,0,37,0,37,0,37,12,25,12,25,2,1,0,1,0,37,33,10,0,1,3,0,0,0,0,0,0,149,0,220,2,30,0,0,0,35,0,1,0,1,1,0,0,36,1,5,2,2,0,1,1,1,24,4,0,9,37,0,0,0,0,1,0,0,37,0,32,1,0,0,0,26,25,12,1,36,0,37,0,37,36,1,0,37,0,37,36,1,37,0,37,0,0,1,2,0,0,0,0,1,0,35,14,0,37,0,37,0,37,0,0,0,0,0,1,30,6,6,29,2,0,4,33,0,3,34,0,24,13,0,2,35,2,33,2,0,9,28,0,3,34,0,1,36,0,1,36,0,3,34,0,1,36,0,13,24
4,BALOCHISTAN,43,RAKHSHAN DIVISION,087,KHARAN DISTRICT,324,SAR KHARAN,63,63,2,61,0,0,0,0,0,2,61,114266,91312,21692,1262,60,4,58,1,60,25,58,61,0,1,61,57,1,58,10,0,0,0,0,59,2,254,0,0,35,3,0,23,61,0,0,0,2,1,58,2,0,44,17,25,36,13,48,4,57,3,58,1,60,1,60,1,60,1,60,1,60,33,28,19,42,8,2,9,2,0,61,43,30,0,0,10,3,1,1,1,58,0,149,0,210,24,2,0,0,1,44,0,0,0,0,0,1,1,60,12,15,10,8,0,11,11,3,48,1,2,10,58,0,1,0,3,1,1,12,61,3,50,1,1,0,0,44,52,9,1,60,1,60,0,61,60,1,0,61,0,61,60,1,61,0,61,0,0,0,58,0,0,0,0,1,0,55,2,0,61,1,60,1,60,0,0,0,0,3,0,39,22,51,10,0,0,58,3,0,16,45,0,53,8,0,54,7,10,44,7,0,1,60,0,1,60,0,2,59,0,0,61,0,4,57,0,0,61,1,2,58
4,BALOCHISTAN,43,RAKHSHAN DIVISION,087,KHARAN DISTRICT,325,TOHMULK,53,53,2,51,0,0,0,0,0,2,51,62507,30828,31163,516,30,0,22,1,3,4,29,21,0,0,23,6,28,28,0,1,0,0,0,51,0,0,0,0,25,0,2,24,51,0,0,0,2,4,46,1,0,31,20,10,41,7,44,0,51,3,48,0,51,0,51,0,51,0,51,0,51,10,41,6,45,0,0,0,0,1,50,8,4,0,0,43,0,0,0,0,0,0,134,0,300,12,25,0,0,0,19,1,25,0,0,0,0,4,47,1,7,4,1,1,3,1,4,14,4,2,31,48,0,0,0,3,0,0,0,51,0,36,0,0,0,0,16,40,11,0,51,0,51,0,51,39,12,0,51,0,51,39,12,46,5,45,3,0,1,12,0,0,0,0,0,1,50,4,0,51,0,51,0,51,0,0,0,3,3,0,35,16,14,37,0,0,22,29,0,5,46,0,25,26,0,4,47,1,50,0,0,7,44,0,5,46,0,4,47,0,4,47,0,4,47,0,4,47,0,6,45
4,BALOCHISTAN,43,RAKHSHAN DIVISION,087,KHARAN DISTRICT,643,PATKIN,28,28,0,28,0,0,0,0,0,0,28,29867,9277,20329,261,26,2,4,1,1,0,11,21,0,0,27,1,10,11,9,0,0,0,0,28,0,9,0,0,4,0,1,23,28,0,0,0,0,0,23,5,0,25,3,5,23,4,24,0,28,3,25,1,27,0,28,0,28,0,28,0,28,7,21,6,22,1,0,1,0,0,28,25,2,0,1,1,0,0,0,0,0,0,162,70,300,0,28,0,0,1,24,0,2,0,0,1,0,0,27,0,3,0,1,3,0,0,3,3,1,2,22,28,0,0,0,0,0,0,5,27,1,25,2,0,0,0,26,26,2,2,26,1,27,0,28,27,1,0,28,0,28,27,1,28,0,28,0,0,0,9,0,0,0,0,0,0,28,0,0,28,0,28,0,28,0,0,0,0,0,1,23,4,1,26,1,0,5,23,0,3,25,1,19,8,0,2,26,6,19,3,0,1,27,0,4,24,0,0,28,0,0,28,0,0,28,0,0,28,0,7,21
4,BALOCHISTAN,22,KALAT DIVISION,088,KHUZDAR DISTRICT,326,ARANJI SUB-TEHSIL,95,95,9,86,0,0,0,0,0,9,86,37417,11214,23571,2632,77,0,6,0,1,1,0,16,2,0,13,7,3,56,39,0,0,0,0,85,1,0,0,0,8,0,0,78,86,0,0,0,9,0,70,2,14,17,69,4,82,5,81,1,85,0,86,0,86,0,86,0,86,0,86,0,86,22,64,15,71,0,0,0,0,0,86,25,0,0,1,61,0,0,1,0,1,0,149,0,1500,1,1,0,0,0,45,15,8,15,51,0,1,0,85,0,7,2,0,0,0,0,1,2,5,2,77,1,0,0,0,85,0,0,4,86,0,0,1,0,0,0,2,56,30,0,86,0,86,0,86,78,8,0,86,0,86,66,20,82,4,80,8,0,0,4,0,0,0,1,0,33,10,46,0,86,0,86,2,84,0,0,0,0,85,0,18,68,11,67,8,0,17,69,0,0,86,0,85,1,0,0,86,26,60,0,0,0,86,0,6,80,0,0,86,0,0,86,2,19,65,0,0,86,1,9,76
4,BALOCHISTAN,22,KALAT DIVISION,088,KHUZDAR DISTRICT,327,KARAKH SUB-TEHSIL,125,125,1,122,2,0,0,0,0,1,122,26789,9409,11177,6203,123,15,31,0,8,0,1,30,11,1,24,25,28,80,10,0,0,0,0,122,3,0,0,0,15,1,15,94,122,2,0,0,1,1,55,11,58,29,96,21,104,7,118,6,119,6,119,3,122,2,123,0,125,0,125,0,125,10,115,8,117,4,6,0,1,1,124,53,5,0,4,71,0,0,3,0,0,1,1137,70,9999,6,15,0,0,1,61,14,35,56,5,2,5,1,115,2,3,3,1,1,1,6,1,5,8,3,109,40,0,0,15,70,0,0,0,125,3,23,3,3,0,0,0,16,109,3,122,15,110,0,125,38,87,7,118,1,124,29,96,69,56,57,2,0,0,2,0,0,0,1,0,0,0,124,2,123,2,123,10,115,0,1,0,0,70,0,25,100,9,55,61,0,18,107,0,10,115,0,38,87,0,22,103,31,88,6,0,13,112,0,10,115,0,0,125,0,0,125,0,2,123,0,1,124,0,20,105
4,BALOCHISTAN,22,KALAT DIVISION,088,KHUZDAR DISTRICT,328,KHUZDAR TEHSIL,396,396,11,330,60,5,0,0,0,1,335,220862,92328,115892,12642,391,14,186,0,45,31,5,209,2,8,293,52,26,165,41,9,0,0,1,387,8,59,60,21,64,0,0,331,330,60,5,0,1,0,365,21,9,164,231,81,314,25,370,13,382,9,386,2,393,1,394,1,394,4,391,1,394,175,220,104,291,3,0,3,0,5,390,294,71,18,65,78,3,1,1,2,1,2,198,17,700,13,166,1,0,7,258,5,45,20,19,8,2,0,381,6,16,7,3,3,5,12,4,28,73,63,231,256,6,28,6,120,2,20,11,391,17,174,3,0,1,3,14,290,105,8,387,15,380,2,393,306,89,15,380,17,378,292,103,256,139,224,26,1,9,198,0,0,0,1,0,27,119,52,1,394,3,392,15,380,0,1,0,0,120,6,209,180,141,228,26,1,198,196,0,41,354,2,320,73,0,126,269,147,203,45,1,76,318,2,75,318,0,2,393,0,5,390,0,124,271,0,17,378,16,117,262
4,BALOCHISTAN,22,KALAT DIVISION,088,KHUZDAR DISTRICT,329,MOOLA SUB-TEHSIL,78,78,0,78,0,0,0,0,0,0,78,18410,16608,1583,219,78,39,7,0,0,0,0,0,0,0,7,36,31,17,0,4,0,0,0,67,11,0,0,0,2,0,0,76,78,0,0,0,0,0,66,0,12,26,52,9,69,6,72,0,78,1,77,0,78,0,78,0,78,0,78,0,78,20,58,8,70,1,1,2,1,3,75,25,2,0,0,52,1,0,0,2,0,0,213,20,608,0,13,0,0,1,19,4,55,12,5,0,0,0,78,1,1,2,1,0,0,6,0,0,0,2,76,30,0,0,0,48,0,0,22,78,0,2,2,0,0,0,1,8,70,0,78,7,71,6,72,40,38,7,71,4,74,26,52,56,22,52,2,0,4,5,0,0,0,1,0,0,0,72,0,78,3,75,4,74,0,1,0,13,48,0,39,39,1,18,59,0,25,53,0,1,77,0,65,13,0,0,78,1,45,32,0,2,76,0,0,78,0,1,77,0,0,78,0,13,65,0,1,77,0,6,72
4,BALOCHISTAN,22,KALAT DIVISION,088,KHUZDAR DISTRICT,330,NAL SUB-TEHSIL,141,141,0,120,20,1,0,0,0,0,121,301874,159333,131228,11313,141,3,131,1,0,0,1,8,4,5,120,3,8,43,0,0,0,0,0,132,9,0,0,0,55,0,1,85,120,20,1,0,0,0,138,2,1,81,60,46,95,18,123,10,131,11,130,12,129,1,140,3,138,1,140,3,138,74,67,67,74,8,4,7,4,7,134,76,14,2,0,51,4,5,3,2,4,3,290,60,600,11,1,0,0,0,125,1,12,2,1,0,0,0,141,9,20,12,10,5,6,16,8,29,15,41,56,113,0,1,2,26,6,0,0,132,1,13,4,0,0,1,7,51,90,2,139,9,132,3,138,116,25,2,139,5,136,103,38,7,134,6,1,0,0,30,0,0,0,1,0,36,65,9,1,140,2,139,6,135,0,0,0,0,26,0,42,99,114,10,17,0,6,135,0,0,141,2,99,40,0,60,81,22,119,0,0,4,137,0,0,141,0,0,141,0,0,141,0,3,138,0,0,141,1,2,138
4,BALOCHISTAN,22,KALAT DIVISION,088,KHUZDAR DISTRICT,331,ORNACH SUB-TEHSIL,67,67,0,67,0,0,0,0,0,0,67,28320,11711,15406,1203,66,2,25,0,0,1,5,7,8,2,33,5,9,28,0,10,0,0,0,61,6,0,0,0,8,0,1,58,67,0,0,0,0,0,67,0,0,36,31,23,44,10,57,14,53,5,62,14,53,3,64,12,55,2,65,13,54,33,34,29,38,13,1,16,1,21,46,28,1,0,2,38,5,10,5,4,9,4,158,38,400,0,40,0,0,1,19,3,13,0,4,3,2,0,62,15,13,14,15,12,20,18,16,3,1,1,62,15,0,4,1,48,0,0,1,67,0,0,2,2,0,0,9,12,55,4,63,13,54,14,53,39,28,11,56,11,56,43,24,63,4,62,0,0,10,24,0,0,0,0,0,2,17,25,3,64,3,64,10,57,0,0,0,0,48,0,19,48,13,22,32,0,15,52,0,8,59,0,24,43,0,3,64,41,25,1,0,5,62,0,1,66,0,0,67,0,0,67,1,1,65,0,0,67,0,11,56
4,BALOCHISTAN,22,KALAT DIVISION,088,KHUZDAR DISTRICT,332,SAROONA SUB-TEHSIL,264,264,103,263,0,0,0,0,0,1,263,91357,22516,66907,1934,260,2,21,1,3,70,0,16,0,0,33,1,4,178,92,9,0,0,0,254,10,0,0,0,3,0,0,258,263,0,0,0,1,0,258,6,0,19,245,11,253,2,262,2,262,3,261,0,264,0,264,0,264,0,264,0,264,6,258,0,264,1,0,0,0,0,263,183,1,0,0,81,0,0,0,0,0,0,275,30,500,0,12,0,0,0,255,0,16,2,23,0,0,0,264,2,4,1,1,1,1,2,1,0,1,1,260,2,0,2,2,257,0,0,0,263,3,47,4,0,0,0,1,32,232,2,262,0,264,1,263,187,77,0,264,1,263,191,73,68,196,67,0,0,9,1,0,0,0,0,0,0,0,263,0,264,0,264,3,261,0,0,0,0,257,0,18,246,6,236,22,0,127,137,0,3,261,0,94,170,0,2,262,187,70,7,0,0,264,0,30,234,0,4,260,0,0,264,0,18,246,0,0,264,40,2,222
4,BALOCHISTAN,22,KALAT DIVISION,088,KHUZDAR DISTRICT,333,WADH TEHSIL,76,76,0,72,4,0,0,0,0,0,72,89229,51551,34607,3071,73,1,63,0,34,11,8,61,0,2,68,6,3,53,1,0,0,0,0,75,1,42,0,0,18,1,0,57,72,4,0,0,0,0,70,6,0,55,21,19,57,6,70,4,72,3,73,2,74,1,75,0,76,0,76,0,76,51,25,38,38,2,1,2,1,1,75,55,29,3,21,11,2,2,2,2,2,1,222,100,600,12,39,1,0,6,35,0,1,12,5,1,3,0,72,3,7,4,0,1,3,9,3,13,14,30,19,40,0,2,0,35,0,3,0,76,1,17,1,0,1,1,8,11,65,5,71,5,71,5,71,70,6,6,70,5,71,70,6,69,7,62,8,0,0,4,0,0,0,0,0,6,11,64,1,75,1,75,2,74,0,0,0,1,35,0,54,22,45,22,9,0,34,42,0,3,73,0,57,19,0,5,71,31,44,1,0,2,74,4,7,65,0,0,76,0,2,74,0,0,76,0,0,76,1,15,60
4,BALOCHISTAN,22,KALAT DIVISION,088,KHUZDAR DISTRICT,334,ZEHRI TEHSIL,51,51,0,47,2,1,1,1,0,0,49,4290,1793,1557,940,51,2,25,0,1,0,13,18,1,0,25,0,12,46,1,0,0,0,0,51,0,0,0,0,17,0,0,34,47,2,1,1,0,0,40,8,3,26,25,19,32,4,47,5,46,4,47,4,47,2,49,3,48,0,51,1,50,33,18,24,27,3,1,2,0,7,44,18,13,0,6,28,2,0,2,2,0,3,329,40,1800,7,22,0,0,0,23,0,5,38,2,11,0,0,40,0,6,5,0,1,0,9,1,11,12,8,20,33,3,2,7,10,0,3,3,49,0,32,3,0,0,0,2,17,34,4,47,7,44,2,49,36,15,4,47,1,50,27,24,50,1,46,18,7,0,15,0,0,0,0,0,9,22,6,2,49,2,49,3,48,0,0,0,0,10,0,24,27,20,29,2,0,20,31,0,0,51,0,33,18,0,12,39,15,35,1,4,13,34,4,8,39,0,2,49,0,3,48,0,11,40,0,2,49,1,46,4
4,BALOCHISTAN,22,KALAT DIVISION,089,LASBELA DISTRICT,335,BELA TEHSIL,68,68,0,64,3,1,0,0,0,0,65,147030,44963,99362,2705,64,1,60,0,2,1,1,52,18,0,43,11,2,20,20,0,0,0,0,66,2,2,0,0,28,5,0,35,64,3,1,0,0,1,55,12,0,55,13,32,36,13,55,8,60,10,58,6,62,1,67,1,67,0,68,1,67,8,60,5,63,2,4,3,3,2,66,55,18,1,7,12,3,1,1,1,1,2,160,40,420,5,39,0,0,8,19,4,4,0,4,2,0,1,66,14,10,2,1,2,3,4,7,8,7,20,33,56,0,0,0,12,0,1,0,68,2,2,1,0,0,1,7,38,30,1,67,3,65,1,67,61,7,3,65,1,67,53,15,66,2,12,56,59,0,0,0,0,0,0,0,0,9,60,1,67,1,67,3,65,0,0,0,0,12,0,51,17,27,29,12,1,21,46,0,2,66,0,39,29,0,6,62,35,32,1,1,14,53,8,11,49,0,0,68,0,0,68,0,4,64,0,0,68,14,32,22
4,BALOCHISTAN,22,KALAT DIVISION,089,LASBELA DISTRICT,336,DUREJI TEHSIL,35,35,0,20,15,0,0,0,0,0,20,545020,30986,511194,2840,35,0,21,0,18,2,0,13,0,0,21,3,2,34,0,0,0,0,0,30,5,0,0,0,20,0,0,15,20,15,0,0,0,0,0,35,0,22,13,3,32,6,29,2,33,3,32,0,35,1,34,0,35,0,35,0,35,1,34,1,34,2,1,0,0,0,35,33,33,0,0,2,0,0,0,0,0,0,208,40,998,13,12,0,0,2,4,0,1,22,5,1,0,0,34,2,4,2,1,1,2,3,10,1,14,1,19,35,0,0,0,0,0,0,0,34,1,33,1,0,0,0,0,20,15,0,35,1,34,2,33,35,0,1,34,1,34,35,0,35,0,35,0,0,0,0,0,0,0,0,0,0,0,35,1,34,1,34,9,26,0,0,0,0,0,0,29,6,7,28,0,0,34,1,0,2,33,0,35,0,0,1,34,18,16,1,0,17,18,0,26,9,0,0,35,0,0,35,0,0,35,0,0,35,0,0,35
4,BALOCHISTAN,22,KALAT DIVISION,089,LASBELA DISTRICT,337,GADDANI TEHSIL,4,4,0,3,1,0,0,0,0,0,3,80984,51019,29712,253,0,0,0,0,0,4,3,0,0,0,0,0,0,4,0,0,0,0,0,0,4,42,0,0,2,0,0,2,3,1,0,0,0,0,0,4,0,4,0,3,1,3,1,2,2,1,3,1,3,0,4,0,4,0,4,0,4,1,3,0,4,0,0,0,0,0,4,0,0,0,4,0,0,0,0,0,0,0,56,45,60,1,0,0,0,0,0,0,0,0,4,0,0,0,4,2,1,1,0,1,0,0,0,1,0,2,1,0,0,0,0,4,0,0,0,4,0,0,1,0,0,0,2,4,0,0,4,0,4,0,4,4,0,0,4,1,3,4,0,0,4,0,0,0,0,0,0,0,0,0,0,0,0,4,2,2,1,3,4,0,4,0,0,0,4,0,4,0,0,3,1,0,3,1,0,0,4,0,4,0,0,0,4,4,0,0,0,0,4,0,0,4,0,0,4,0,0,4,0,0,4,0,0,4,0,0,4
4,BALOCHISTAN,22,KALAT DIVISION,089,LASBELA DISTRICT,338,HUB TEHSIL,10,10,0,6,3,1,0,0,0,0,7,160114,16379,133594,10141,4,0,5,0,6,4,3,3,5,0,5,0,0,5,0,0,0,0,0,6,4,0,0,0,8,0,0,2,6,3,1,0,0,2,3,5,0,10,0,10,0,7,3,7,3,5,5,5,5,1,9,1,9,0,10,0,10,6,4,6,4,3,0,3,0,0,10,4,3,6,4,0,2,2,2,1,2,2,103,90,120,4,4,0,0,3,1,3,0,0,0,3,0,2,6,9,7,5,4,3,3,5,3,2,4,3,1,9,0,0,0,1,3,1,4,8,1,0,4,3,4,4,6,10,0,5,5,2,8,2,8,9,1,2,8,2,8,9,1,9,1,9,0,0,0,9,0,1,0,0,0,0,0,1,3,7,4,6,9,1,0,0,0,0,1,1,8,1,2,5,3,0,5,5,0,5,5,0,7,3,0,7,3,6,3,1,0,6,4,0,4,6,0,4,6,0,4,6,0,4,6,0,4,6,1,3,6
4,BALOCHISTAN,22,KALAT DIVISION,089,LASBELA DISTRICT,339,KANRAJ TEHSIL,9,9,0,9,0,0,0,0,0,0,9,104773,4354,98777,1642,9,0,0,0,0,0,0,0,0,0,0,0,0,9,0,0,0,0,0,9,0,0,0,0,5,0,0,4,9,0,0,0,0,0,9,0,0,5,4,2,7,4,5,1,8,1,8,1,8,0,9,0,9,0,9,0,9,4,5,4,5,2,0,1,0,0,9,0,0,0,0,9,0,0,0,0,0,0,103,45,120,0,0,0,0,0,9,0,0,0,0,0,0,0,9,0,0,4,0,7,0,4,0,0,0,0,9,0,0,0,0,9,0,0,0,9,0,0,0,0,0,0,0,6,3,0,9,0,9,0,9,6,3,0,9,0,9,8,1,9,0,9,0,0,0,0,0,0,0,0,0,0,8,1,0,9,0,9,4,5,0,0,0,0,9,0,9,0,0,9,0,0,0,9,0,0,9,0,0,9,0,0,9,9,0,0,0,0,9,0,0,9,0,0,9,0,0,9,0,0,9,0,0,9,0,0,9
4,BALOCHISTAN,22,KALAT DIVISION,089,LASBELA DISTRICT,340,LAKHRA TEHSIL,54,54,6,48,0,0,0,0,0,6,48,245208,81900,147771,15537,12,3,41,0,2,0,0,0,0,0,9,2,2,41,1,6,0,0,0,31,17,2,0,0,26,0,1,21,48,0,0,0,6,3,32,12,1,31,17,11,37,4,44,1,47,3,45,1,47,0,48,0,48,0,48,0,48,29,19,24,24,1,0,1,0,37,11,42,1,0,0,6,1,1,0,0,1,0,349,0,600,14,16,0,0,3,11,0,1,3,8,2,3,3,42,9,9,10,0,0,3,8,1,0,1,9,38,31,0,0,3,16,3,0,1,45,0,1,1,0,1,0,1,5,43,0,48,7,41,8,40,42,6,4,44,5,43,38,10,32,16,16,12,2,6,1,1,1,0,0,0,0,1,45,1,47,0,48,6,42,0,0,0,0,16,0,24,24,31,13,4,0,3,45,0,1,47,0,15,33,0,24,24,11,36,1,1,2,45,0,1,47,0,0,48,0,1,47,0,0,48,0,1,47,0,4,44
4,BALOCHISTAN,22,KALAT DIVISION,089,LASBELA DISTRICT,341,LIARI TEHSIL,50,50,4,44,1,1,0,0,0,4,45,331602,135197,137405,59000,43,3,0,0,0,0,0,1,0,0,2,0,0,46,0,0,0,0,0,18,28,1,0,0,20,0,0,26,44,1,1,0,4,0,32,11,3,16,30,5,41,2,44,0,46,0,46,0,46,1,45,1,45,4,42,5,41,1,45,3,43,2,0,3,0,0,46,22,0,0,0,24,4,4,1,4,4,3,480,0,800,14,2,1,0,2,19,6,2,1,4,0,1,0,45,8,5,7,7,5,4,9,5,7,1,0,38,4,0,0,1,41,1,0,0,44,1,0,0,2,2,2,2,3,43,7,39,5,41,4,42,30,16,8,38,7,39,18,28,2,44,2,0,0,0,8,0,0,0,0,0,0,0,39,5,41,1,45,5,41,0,0,0,0,41,0,12,34,0,36,10,0,1,45,0,0,46,0,4,42,0,10,36,2,40,4,0,0,46,0,1,45,0,0,46,0,0,46,0,0,46,0,0,46,0,0,46
4,BALOCHISTAN,22,KALAT DIVISION,089,LASBELA DISTRICT,342,SONMIANI/WINDER TEHSIL,26,26,0,20,5,1,0,0,0,0,21,434397,25824,405261,3312,25,1,17,0,0,1,7,10,0,1,13,9,0,12,0,1,0,0,0,13,13,0,0,0,16,0,0,10,20,5,1,0,0,4,4,17,1,20,6,14,12,6,20,2,24,3,23,1,25,1,25,1,25,0,26,0,26,7,19,0,26,1,0,1,0,0,26,22,9,4,16,4,2,2,2,1,2,3,224,50,550,11,2,2,1,0,8,0,0,1,9,3,0,4,23,0,0,1,1,0,2,4,0,8,2,6,10,7,0,1,0,18,0,1,0,25,1,0,3,0,1,3,3,24,2,0,26,3,23,0,26,25,1,2,24,2,24,14,12,25,1,25,0,0,1,16,0,0,0,0,0,0,0,10,0,26,1,25,4,22,0,2,0,0,18,1,17,8,0,7,19,0,5,21,0,2,24,0,25,1,0,3,23,25,0,1,0,8,18,0,0,26,0,0,26,0,0,26,0,0,26,0,0,26,0,16,10
4,BALOCHISTAN,22,KALAT DIVISION,089,LASBELA DISTRICT,343,UTHAL TEHSIL,51,51,0,41,10,0,0,0,0,0,41,233450,84320,134557,14573,51,0,27,0,7,0,0,27,0,0,36,4,0,30,8,0,0,0,0,50,1,0,0,0,11,1,0,39,41,10,0,0,0,2,36,13,0,40,11,12,39,3,48,0,51,2,49,0,51,0,51,0,51,0,51,0,51,5,46,0,51,2,3,0,0,0,51,38,11,3,4,12,2,2,1,1,0,0,154,60,998,9,27,0,0,1,31,0,0,0,0,3,0,2,48,2,2,0,0,1,0,2,0,1,8,18,24,50,0,1,0,1,0,0,8,51,1,1,1,0,0,2,2,1,50,0,51,2,49,2,49,27,24,2,49,3,48,26,25,36,15,5,31,0,0,11,0,0,0,0,0,0,1,43,3,48,1,50,1,50,0,0,0,0,1,2,39,10,17,21,13,0,11,40,0,0,51,3,35,13,0,0,51,13,32,6,0,1,50,0,4,47,0,0,51,0,0,51,0,1,50,0,0,51,3,0,48
4,BALOCHISTAN,22,KALAT DIVISION,090,MASTUNG DISTRICT,344,DASHT,80,80,0,79,1,0,0,0,0,0,79,147105,66806,28928,51371,79,0,0,0,3,0,60,65,0,0,66,2,1,18,2,0,0,0,1,80,0,0,0,0,55,0,0,25,79,1,0,0,0,0,34,46,0,61,19,44,36,9,71,2,78,5,75,1,79,0,80,0,80,0,80,1,79,50,30,35,45,4,0,3,0,6,74,45,28,5,3,31,12,3,3,1,0,0,581,30,1100,1,33,2,1,1,29,0,1,35,3,1,0,0,78,3,6,6,2,0,3,6,18,7,66,2,5,31,0,33,0,17,0,1,1,78,7,1,8,3,2,30,39,69,11,2,78,4,76,5,75,44,36,2,78,20,60,45,35,38,42,38,0,0,0,6,1,0,0,0,0,0,0,73,0,80,0,80,11,69,0,0,0,0,17,0,74,6,21,46,13,1,27,52,0,2,78,0,44,36,0,6,74,52,27,1,0,1,79,0,2,78,0,0,80,0,0,80,0,0,80,0,0,80,1,25,54
4,BALOCHISTAN,22,KALAT DIVISION,090,MASTUNG DISTRICT,345,KHAD KOCHA SUB-,35,35,1,34,0,0,0,0,0,1,34,54874,27467,21779,5628,35,0,0,0,14,1,15,31,0,1,32,0,0,20,8,0,0,0,0,30,4,0,0,0,24,1,0,9,34,0,0,0,1,0,29,4,1,17,17,11,23,5,29,3,31,1,33,0,34,0,34,0,34,1,33,1,33,8,26,6,28,4,2,1,0,0,34,33,15,0,1,1,1,2,1,0,1,0,420,120,800,2,14,0,0,0,17,0,3,18,1,3,3,0,28,1,3,6,5,2,1,1,1,10,19,1,4,17,0,0,0,17,7,1,0,33,4,3,0,0,0,5,7,26,8,1,33,0,34,0,34,34,0,0,34,1,33,21,13,34,0,34,3,0,0,17,0,0,0,0,0,0,13,4,1,33,1,33,10,24,0,0,0,0,17,0,15,19,24,8,2,0,14,20,0,1,33,0,18,16,0,2,32,9,25,0,0,3,31,1,2,31,0,0,34,0,0,34,0,2,32,0,0,34,1,3,30
4,BALOCHISTAN,22,KALAT DIVISION,090,MASTUNG DISTRICT,346,KIRDGAP SUB-,47,47,8,39,0,0,0,0,0,8,39,51148,33527,17203,418,47,0,0,0,0,0,3,0,0,1,41,0,0,42,0,0,0,0,0,38,1,33,0,0,31,0,0,8,39,0,0,0,8,0,38,1,0,30,9,13,26,6,33,3,36,2,37,1,38,1,38,1,38,5,34,2,37,5,34,1,38,2,2,3,0,0,39,33,16,0,8,5,0,0,0,0,0,0,420,250,700,10,14,0,0,0,1,0,0,14,0,4,0,0,35,1,3,1,0,0,0,2,12,37,0,0,2,19,0,0,0,20,0,4,0,39,0,8,1,0,0,2,3,32,7,3,36,1,38,3,36,15,24,0,39,0,39,11,28,36,3,0,36,0,0,38,0,0,1,0,0,0,0,0,0,39,1,38,6,33,0,0,0,0,20,0,29,10,37,1,1,0,2,37,0,2,37,0,29,10,0,2,37,0,37,2,0,11,28,0,1,38,0,0,39,0,0,39,0,19,20,0,0,39,0,34,5
4,BALOCHISTAN,22,KALAT DIVISION,090,MASTUNG DISTRICT,347,MASTUNG,124,124,27,92,1,2,1,1,0,28,95,93298,42725,40238,10335,119,1,0,0,5,0,33,65,0,1,102,0,1,70,2,20,0,0,0,111,7,2,1,0,86,0,0,33,92,1,2,1,28,0,74,27,1,73,35,51,56,25,83,19,88,12,95,10,97,3,104,3,104,3,104,2,105,28,79,18,89,7,11,3,8,3,105,70,62,3,6,34,3,3,4,1,2,2,476,300,800,23,7,1,0,0,75,0,0,11,29,53,2,0,51,10,11,6,4,3,3,4,2,90,3,10,14,18,0,1,2,98,45,0,6,71,20,3,7,6,5,4,13,50,63,6,108,21,92,10,103,82,31,16,96,6,107,77,36,120,1,100,15,0,20,8,0,0,0,1,0,0,1,88,1,112,6,107,22,91,0,0,0,0,98,1,69,41,18,49,44,0,15,96,0,1,110,0,53,58,0,2,109,61,36,14,0,18,93,0,1,110,0,1,110,0,1,110,1,1,109,0,2,109,4,40,67
4,BALOCHISTAN,43,RAKHSHAN DIVISION,091,WASHUK DISTRICT,348,BESMYA,34,34,5,28,0,1,0,0,0,5,29,44566,20330,23524,712,33,0,27,0,0,0,1,0,0,0,22,27,1,2,0,0,0,0,0,29,0,0,0,0,16,0,1,12,28,0,1,0,5,0,29,0,0,28,1,14,15,5,24,2,27,4,25,2,27,1,28,2,27,1,28,1,28,17,12,14,15,3,0,1,0,1,28,1,6,0,1,22,1,1,0,1,1,0,251,200,350,29,1,1,0,0,28,0,5,0,0,0,0,0,29,3,2,1,1,1,1,3,1,14,0,0,15,21,0,0,0,8,0,0,0,29,0,0,1,1,0,1,1,1,28,0,29,1,28,1,28,27,2,1,28,1,28,27,2,29,0,26,3,0,0,0,0,0,0,0,0,0,28,1,1,28,1,28,2,27,0,0,0,0,8,0,21,8,2,25,2,0,3,26,0,0,29,3,14,12,0,2,27,5,23,1,0,7,22,0,1,28,0,0,29,0,0,29,0,1,28,0,0,29,0,1,28
4,BALOCHISTAN,43,RAKHSHAN DIVISION,091,WASHUK DISTRICT,349,MASHKEEL,69,69,14,53,0,2,0,0,0,14,55,108621,62499,45281,841,65,0,0,0,0,0,36,0,0,0,52,13,1,4,1,3,0,0,0,55,0,0,0,0,2,0,0,53,53,0,2,0,14,0,49,6,0,33,22,22,33,9,46,4,51,3,52,3,52,0,55,0,55,3,52,3,52,39,16,31,24,3,0,3,0,3,52,16,8,0,0,31,3,2,4,5,4,4,56,0,450,55,3,0,0,0,54,0,0,0,0,1,0,0,54,3,22,5,2,3,3,4,3,9,3,1,42,48,0,0,2,5,0,2,5,54,0,0,2,0,0,6,15,4,51,1,54,3,52,3,52,55,0,3,52,1,54,55,0,53,2,52,1,0,3,0,0,0,0,8,0,0,5,43,0,55,2,53,7,48,0,0,0,0,5,0,11,44,13,36,6,2,45,8,0,2,53,2,48,5,0,43,12,37,16,2,0,1,54,0,4,51,0,1,54,0,0,55,0,25,30,0,9,46,30,4,21
4,BALOCHISTAN,43,RAKHSHAN DIVISION,091,WASHUK DISTRICT,350,NAG,42,42,11,29,0,2,0,0,0,11,31,54855,25972,28537,346,41,0,10,0,0,0,2,0,0,0,25,24,3,5,0,0,0,0,0,31,0,0,0,0,5,0,0,26,29,0,2,0,11,0,31,0,0,16,15,3,28,5,26,1,30,3,28,0,31,1,30,0,31,0,31,0,31,16,15,11,20,2,0,0,0,1,30,8,0,0,1,22,0,6,2,1,6,1,301,200,600,15,0,0,0,5,30,0,1,11,0,0,0,0,31,2,4,2,0,0,0,3,0,0,0,0,31,25,0,0,1,5,0,0,0,31,0,0,1,0,0,1,2,1,30,0,31,1,30,0,31,20,11,1,30,0,31,18,13,30,1,30,1,2,0,0,0,0,0,0,0,0,7,24,0,31,0,31,1,30,0,0,0,0,5,0,14,17,1,29,1,0,1,30,0,0,31,1,11,19,0,0,31,29,2,0,0,1,30,0,0,31,0,0,31,0,0,31,1,0,30,0,0,31,10,4,17
4,BALOCHISTAN,43,RAKHSHAN DIVISION,091,WASHUK DISTRICT,351,SHAHO GARDI,53,53,9,44,0,0,0,0,0,9,44,212916,151338,60700,878,53,0,11,0,0,0,0,0,0,0,23,34,0,2,2,1,0,0,0,38,6,0,0,0,3,0,0,41,44,0,0,0,9,0,44,0,0,40,4,8,36,5,39,0,44,2,42,0,44,0,44,0,44,0,44,0,44,21,23,16,28,0,0,1,0,0,44,17,4,0,0,25,0,0,0,0,2,0,261,140,800,43,16,0,0,0,43,0,0,0,0,0,0,0,44,1,12,4,1,0,1,0,1,0,0,1,43,36,0,0,3,5,1,0,0,43,0,2,0,0,0,5,11,6,38,2,42,1,43,1,43,44,0,0,44,1,43,44,0,43,1,43,0,0,1,0,0,0,0,2,0,0,6,36,0,44,2,42,2,42,0,0,0,0,5,0,20,24,15,27,2,0,6,38,0,0,44,0,31,13,0,5,39,27,17,0,0,1,43,0,11,33,0,0,44,0,0,44,1,22,21,0,1,43,24,12,8
4,BALOCHISTAN,43,RAKHSHAN DIVISION,091,WASHUK DISTRICT,352,WASHUK,35,35,6,16,0,13,0,0,0,6,29,28435,15320,12780,335,31,0,3,0,0,0,11,0,0,0,20,9,6,6,0,0,0,0,0,29,0,0,0,0,5,0,1,23,16,0,13,0,6,0,29,0,0,18,11,2,27,2,27,2,27,2,27,1,28,0,29,0,29,0,29,0,29,10,19,8,21,2,2,2,1,0,29,4,1,0,0,24,0,0,1,0,1,1,259,150,500,19,1,0,0,7,28,0,1,3,0,0,0,0,29,2,2,2,1,1,2,2,1,1,1,6,21,23,0,1,2,4,0,0,0,29,0,0,1,1,1,1,2,2,27,1,28,0,29,0,29,29,0,0,29,0,29,29,0,28,1,28,0,0,0,0,0,0,0,0,0,1,21,7,2,27,2,27,3,26,0,0,0,0,4,0,4,25,0,29,0,0,2,27,0,0,29,0,11,18,0,1,28,9,19,1,0,0,29,0,0,29,0,0,29,0,1,28,0,2,27,0,0,29,7,8,14
4,BALOCHISTAN,23,MEKRAN DIVISION,092,GWADAR DISTRICT,353,GAWADAR,36,36,0,33,1,1,0,0,0,1,34,317822,194868,115797,7157,35,0,1,0,0,1,0,1,0,0,0,2,1,24,16,0,0,0,2,1,35,9,0,0,19,0,0,17,33,1,1,0,1,7,3,26,0,26,10,21,15,8,28,4,32,6,30,3,33,1,35,1,35,1,35,1,35,6,30,3,33,5,0,4,0,3,33,8,6,2,9,13,4,5,0,4,1,3,134,50,500,24,0,0,0,0,3,1,3,14,4,7,0,7,29,5,3,2,3,1,1,7,3,3,10,9,14,24,1,0,2,9,0,9,0,34,0,0,5,1,0,1,9,7,29,7,29,7,29,8,28,25,11,5,31,10,26,23,13,30,6,29,2,0,0,11,0,2,0,0,0,0,0,23,3,33,4,32,7,29,0,0,0,0,9,0,16,20,0,21,15,0,12,24,0,4,32,0,26,10,0,16,20,15,18,3,0,7,29,0,3,33,0,0,36,0,1,35,0,5,31,0,1,35,1,8,27
4,BALOCHISTAN,23,MEKRAN DIVISION,092,GWADAR DISTRICT,354,CHIWANI,7,7,1,6,0,0,0,0,0,1,6,103859,49532,54129,198,2,0,0,0,3,0,4,0,0,0,0,0,1,6,0,0,0,0,0,0,7,0,0,0,4,0,0,2,6,0,0,0,1,0,1,6,0,5,2,3,4,2,5,2,5,2,5,0,7,0,7,0,7,0,7,0,7,0,7,0,7,0,0,0,0,0,7,1,0,0,0,5,0,0,0,0,0,0,86,0,125,6,3,0,0,0,0,0,0,0,0,0,0,0,7,1,1,1,1,1,0,1,2,3,3,0,0,4,0,0,2,0,0,1,0,6,0,0,0,0,0,0,0,0,6,0,6,0,6,0,6,2,4,0,6,1,5,2,4,6,1,5,1,0,0,0,0,0,0,0,0,0,0,6,0,6,0,6,0,6,0,0,0,0,0,0,5,1,0,3,3,0,1,5,0,0,6,0,4,2,0,1,5,0,4,2,0,1,5,0,0,6,0,0,6,0,0,6,0,1,5,0,1,5,0,1,5
4,BALOCHISTAN,23,MEKRAN DIVISION,092,GWADAR DISTRICT,355,ORMARA,18,18,0,16,1,1,0,0,0,0,17,511701,5380,505566,755,5,0,0,0,14,0,2,0,3,0,1,2,0,11,0,7,0,0,0,7,11,0,0,0,2,1,0,15,16,1,1,0,0,5,5,8,0,12,6,4,14,1,17,1,17,1,17,1,17,1,17,1,17,0,18,0,18,1,17,1,17,2,0,2,0,1,17,17,4,3,2,1,0,0,2,0,0,1,741,100,1500,3,2,0,0,0,3,0,3,4,9,0,2,5,13,2,4,2,1,2,1,2,2,1,0,5,12,15,0,0,0,3,0,2,1,17,1,0,1,1,0,1,2,2,16,1,17,1,17,1,17,15,3,1,17,1,17,14,4,9,9,9,0,0,7,9,0,0,0,0,0,0,0,10,1,17,1,17,1,17,0,0,0,1,3,0,11,7,4,9,5,0,12,6,0,1,17,0,16,2,0,7,11,10,6,2,0,0,18,0,2,16,0,1,17,0,0,18,0,0,18,0,0,18,0,3,15
4,BALOCHISTAN,23,MEKRAN DIVISION,092,GWADAR DISTRICT,356,PASNI,62,62,0,62,0,0,0,0,0,0,62,415582,230686,178860,6036,40,0,0,0,0,2,6,30,0,0,1,6,0,56,0,2,0,0,0,0,62,0,0,0,9,1,0,52,62,0,0,0,0,0,47,7,8,50,12,34,28,10,52,3,59,1,61,0,62,0,62,0,62,2,60,0,62,1,61,0,62,0,0,3,0,2,60,27,3,0,0,34,2,0,2,1,0,1,1369,20,3000,2,3,0,0,1,44,9,2,36,4,1,0,0,61,5,7,6,2,2,2,4,2,4,1,10,47,25,7,3,1,28,3,0,0,59,0,0,0,0,0,0,0,0,62,0,62,3,59,1,61,7,55,3,59,3,59,4,58,41,21,37,3,2,2,53,0,0,1,0,1,1,0,8,0,62,0,62,1,61,0,6,0,1,28,0,18,44,0,21,41,0,0,62,0,3,59,0,14,48,0,6,56,30,7,25,0,3,59,0,7,55,0,0,62,0,0,62,0,2,60,0,0,62,5,1,56
4,BALOCHISTAN,23,MEKRAN DIVISION,092,GWADAR DISTRICT,357,SUNTSER,22,22,0,22,0,0,0,0,0,0,22,362114,2318,359611,185,18,0,0,0,0,0,5,5,0,0,0,1,2,19,0,0,0,0,0,5,17,0,0,0,6,2,8,6,22,0,0,0,0,0,1,21,0,21,1,9,13,6,16,0,22,3,19,0,22,0,22,0,22,0,22,0,22,0,22,0,22,1,0,0,0,2,20,1,0,0,0,21,2,0,0,2,0,0,112,95,130,18,12,0,0,0,0,0,0,5,0,0,0,0,21,1,1,1,0,1,0,5,3,1,2,0,19,9,2,0,2,10,0,0,0,21,1,0,0,0,0,0,0,0,22,1,21,2,20,0,22,18,4,2,20,0,22,18,4,12,10,8,4,0,0,0,0,0,0,0,0,0,0,22,0,22,1,21,1,21,0,0,0,0,10,0,21,1,0,18,4,0,4,18,0,1,21,0,16,6,0,0,22,0,20,2,0,0,22,0,0,22,0,0,22,0,0,22,0,0,22,0,0,22,1,2,19
4,BALOCHISTAN,23,MEKRAN DIVISION,093,KECH DISTRICT,358,BALNIGORE SUB-TEHSIL,39,39,3,35,1,0,0,0,0,3,35,29224,22545,5936,743,39,0,0,0,0,0,0,1,1,1,3,0,2,34,3,0,0,0,0,34,2,0,0,0,0,0,0,36,35,1,0,0,3,0,36,0,0,31,5,17,19,7,29,5,31,1,35,1,35,0,36,1,35,0,36,0,36,1,35,0,36,0,0,0,0,0,36,34,0,0,0,2,4,6,3,17,8,8,113,0,200,0,1,0,0,0,35,0,0,0,0,0,0,0,36,3,9,4,3,3,3,5,2,0,0,28,8,0,0,0,0,36,0,1,0,36,0,0,5,3,13,2,15,20,16,16,20,0,36,0,36,17,19,0,36,0,36,0,36,34,2,34,0,0,0,5,0,0,0,0,0,18,7,7,0,36,1,35,0,36,0,0,0,0,36,0,34,2,9,27,0,0,24,12,0,2,34,1,33,2,0,25,11,7,29,0,0,18,18,1,0,35,0,2,34,0,2,34,1,13,22,0,1,35,1,27,8
4,BALOCHISTAN,23,MEKRAN DIVISION,093,KECH DISTRICT,359,BULAIDA SUB-TEHSIL,32,32,5,11,16,0,0,0,0,5,11,13456,7202,2805,3449,22,22,0,0,0,0,1,5,1,0,22,4,0,0,0,1,0,0,0,27,0,0,0,0,1,0,0,26,11,16,0,0,5,0,13,11,3,23,4,22,5,14,13,14,13,5,22,6,21,0,27,0,27,0,27,0,27,14,13,5,22,0,0,0,0,0,27,26,0,1,0,0,0,0,0,0,0,0,142,0,250,11,0,0,0,0,22,4,0,0,0,0,0,0,27,8,9,7,0,0,0,0,0,0,1,22,4,13,0,1,0,13,0,0,0,27,0,0,7,0,0,1,2,7,20,2,25,8,19,4,23,20,7,7,20,2,25,13,14,25,2,25,0,0,1,0,0,0,0,0,0,0,0,27,1,26,1,26,2,25,0,0,0,0,13,0,22,5,13,8,6,0,8,19,0,0,27,1,18,8,0,23,4,4,21,2,0,0,27,0,0,27,0,0,27,0,0,27,0,1,26,0,0,27,1,0,26
4,BALOCHISTAN,23,MEKRAN DIVISION,093,KECH DISTRICT,360,DASHT SUB-TEHSIL,43,43,0,43,0,0,0,0,0,0,43,175897,130440,34534,10923,41,0,10,0,0,0,9,12,14,0,14,33,0,42,36,0,0,0,11,18,25,0,0,0,1,0,0,42,43,0,0,0,0,1,41,1,0,40,3,36,7,7,36,5,38,3,40,2,41,0,43,0,43,1,42,0,43,2,41,1,42,0,0,0,0,0,43,1,0,0,0,42,1,2,1,0,0,0,172,80,210,8,2,0,0,0,22,20,0,2,1,2,0,1,41,5,5,4,1,1,0,1,5,3,2,2,36,0,0,1,3,39,0,0,0,43,0,0,1,6,1,2,0,1,42,1,42,2,41,1,42,30,13,4,39,7,36,15,28,42,1,42,0,0,0,23,0,0,0,0,0,0,12,17,0,43,1,42,1,42,0,0,0,0,39,3,27,13,4,24,15,0,10,33,0,2,41,7,28,8,0,6,37,13,27,3,0,4,39,0,1,42,0,2,41,0,0,43,2,27,14,0,0,43,0,28,15
4,BALOCHISTAN,23,MEKRAN DIVISION,093,KECH DISTRICT,361,HOSHAB SUB-TEHSIL,28,28,0,27,0,1,0,0,0,0,28,106911,68324,32973,5614,27,4,0,0,0,0,2,2,0,0,9,24,7,23,19,1,0,0,0,27,1,0,0,0,2,0,0,26,27,0,1,0,0,0,25,3,0,28,0,26,2,11,17,11,17,4,24,4,24,1,27,1,27,0,28,0,28,8,20,2,26,0,0,0,0,1,27,26,0,2,0,2,0,0,0,0,0,0,161,100,400,13,0,0,0,0,27,0,1,0,1,0,0,0,28,12,10,5,1,0,1,2,1,3,10,3,12,0,0,0,0,28,0,0,0,28,0,0,3,1,0,1,1,4,24,0,28,3,25,4,24,26,2,0,28,2,26,8,20,28,0,28,0,0,1,0,0,0,0,0,0,0,0,28,0,28,2,26,1,27,0,0,0,0,28,0,22,6,5,16,7,0,4,24,0,0,28,3,20,5,0,8,20,11,15,2,0,2,26,0,0,28,0,0,28,0,0,28,1,12,15,0,0,28,7,17,4
4,BALOCHISTAN,23,MEKRAN DIVISION,093,KECH DISTRICT,362,KECH (TURBAT) TEHSIL,92,92,5,75,12,0,0,0,0,5,75,339838,224578,104537,10723,43,23,8,0,4,0,60,26,1,0,55,6,32,10,0,1,0,4,0,81,6,0,0,1,27,1,7,52,75,12,0,0,5,12,15,59,1,85,2,79,8,63,24,59,28,28,59,24,63,6,81,6,81,3,84,2,85,48,39,43,44,7,1,6,1,12,75,41,30,39,2,14,8,3,5,6,6,3,94,0,200,36,39,0,1,1,41,3,15,3,1,8,1,12,78,33,34,24,13,2,15,19,23,45,12,12,18,55,2,15,0,30,5,10,13,84,2,0,13,4,3,6,9,24,63,8,79,12,75,21,66,67,20,9,78,7,80,10,77,64,23,39,27,2,1,9,0,4,0,3,0,0,0,76,4,83,11,76,14,73,0,1,0,0,30,1,77,9,19,61,7,0,46,41,0,14,73,0,75,12,1,80,6,47,40,0,1,26,60,0,17,70,0,4,83,1,2,84,2,10,75,0,8,79,4,14,69
4,BALOCHISTAN,23,MEKRAN DIVISION,093,KECH DISTRICT,363,MAND SUB-TEHSIL,0,0,0,0,0,0,0,0,0,0,0,0,0,0,0,0,0,0,0,0,0,0,0,0,0,0,0,0,0,0,0,0,0,0,0,0,0,0,0,0,0,0,0,,,,,,,,,,,,,,,,,,,,,,,,,,,,,,,,,,,,,,,,,,,,,,,,,,,0,0,0,,,,,,,,,,,,,,,,,,,,,,,,,,,,,,,,,,,,,,0,0,0,,,,,,,,,,,,,,,,,,,,,,,,,,,,,,,,,,,,,,,,,,,,,,,,,,,,,,,,,,,,,,,,,,,,,,,,,,,,,,,,,,,,,,
4,BALOCHISTAN,23,MEKRAN DIVISION,093,KECH DISTRICT,364,TUMP SUB-TEHSIL,0,0,0,0,0,0,0,0,0,0,0,0,0,0,0,0,0,0,0,0,0,0,0,0,0,0,0,0,0,0,0,0,0,0,0,0,0,0,0,0,0,0,0,,,,,,,,,,,,,,,,,,,,,,,,,,,,,,,,,,,,,,,,,,,,,,,,,,,0,0,0,,,,,,,,,,,,,,,,,,,,,,,,,,,,,,,,,,,,,,0,0,0,,,,,,,,,,,,,,,,,,,,,,,,,,,,,,,,,,,,,,,,,,,,,,,,,,,,,,,,,,,,,,,,,,,,,,,,,,,,,,,,,,,,,,
4,BALOCHISTAN,23,MEKRAN DIVISION,093,KECH DISTRICT,365,ZAMORAN SUB-TEHSIL,56,56,0,56,0,0,0,0,0,0,56,4762,2225,1608,929,0,0,0,0,0,0,17,39,0,0,0,2,55,9,1,1,0,0,0,56,0,0,0,0,0,0,0,56,56,0,0,0,0,0,56,0,0,42,14,17,39,7,49,3,53,2,54,1,55,0,56,0,56,0,56,0,56,1,55,1,55,0,0,0,0,0,56,51,0,0,0,5,0,0,0,0,0,0,275,170,350,0,0,0,0,0,4,0,56,0,0,0,0,0,56,4,2,0,0,0,0,4,0,0,0,0,56,2,0,0,0,54,0,0,0,55,1,0,0,0,0,0,0,0,56,0,56,0,56,0,56,2,54,1,55,2,54,33,23,55,1,55,0,0,1,1,0,0,0,1,0,0,0,54,0,56,0,56,0,56,0,0,0,0,54,0,35,21,0,41,15,0,0,56,0,0,56,1,47,8,0,2,54,52,4,0,0,1,55,0,0,56,0,0,56,0,0,56,1,36,19,0,0,56,13,37,6
4,BALOCHISTAN,23,MEKRAN DIVISION,094,PANJGUR DISTRICT,366,GICHK SUB-TEHSIL,22,22,0,22,0,0,0,0,0,0,22,150036,49873,91312,8851,22,0,0,0,0,0,1,1,0,1,16,2,2,6,1,0,0,0,0,22,0,0,0,0,1,0,0,21,22,0,0,0,0,0,22,0,0,5,17,4,18,4,18,3,19,0,22,1,21,0,22,0,22,0,22,1,21,1,21,1,21,0,0,0,0,0,22,20,0,0,0,2,0,0,0,0,0,0,141,80,170,0,0,0,0,1,22,0,1,0,0,0,0,0,22,0,1,0,0,0,0,0,0,0,0,0,22,9,0,0,0,13,0,0,0,22,0,0,0,0,0,0,0,0,22,0,22,0,22,0,22,0,22,0,22,0,22,0,22,21,1,21,20,0,0,0,0,0,0,0,0,0,0,22,1,21,1,21,1,21,0,0,0,0,13,0,22,0,0,16,6,0,12,10,0,5,17,0,22,0,0,8,14,2,16,4,0,1,21,0,2,20,0,1,21,0,1,21,0,1,21,0,1,21,0,1,21
4,BALOCHISTAN,23,MEKRAN DIVISION,094,PANJGUR DISTRICT,367,GOWARGO TEHSIL,32,32,0,32,0,0,0,0,0,0,32,1727650,136221,1230993,360436,32,0,0,0,0,0,4,5,0,0,17,2,0,0,13,0,0,0,0,32,0,0,0,0,1,0,0,31,32,0,0,0,0,0,30,1,1,32,0,20,12,6,26,4,28,3,29,0,32,0,32,0,32,0,32,0,32,7,25,1,31,0,0,0,0,0,32,5,2,0,0,25,0,0,0,0,0,0,136,100,150,0,1,0,0,2,31,10,0,0,0,1,0,0,31,2,6,0,2,0,0,13,0,0,0,9,23,26,0,0,0,6,0,0,0,32,0,0,0,0,0,0,0,0,32,0,32,0,32,0,32,11,21,0,32,0,32,1,31,32,0,31,31,0,0,1,0,0,0,0,0,0,0,31,0,32,0,32,12,20,0,0,0,1,6,0,30,2,0,20,12,0,20,12,0,9,23,0,26,6,0,32,0,13,19,0,0,10,22,0,3,29,0,0,32,0,0,32,0,0,32,0,0,32,0,0,32
4,BALOCHISTAN,23,MEKRAN DIVISION,094,PANJGUR DISTRICT,368,PANJGUR TEHSIL,126,126,0,17,109,0,0,0,0,0,17,745517,217764,392721,135032,91,2,2,0,2,42,90,98,4,3,79,0,82,28,4,9,0,0,0,120,6,10,2,0,29,10,1,86,17,109,0,0,0,7,89,30,0,108,18,100,26,84,42,80,46,68,58,64,62,10,116,12,114,19,107,18,108,73,53,49,77,0,4,1,4,0,126,86,94,31,28,14,11,2,4,1,11,13,134,50,320,6,77,0,0,10,105,0,30,0,1,11,8,7,107,6,28,6,2,25,34,45,34,34,37,46,9,78,1,87,2,18,0,19,16,126,1,0,22,1,9,1,1,11,115,5,121,36,90,5,121,90,36,37,89,30,96,51,75,118,8,109,22,4,9,65,0,5,0,0,0,0,0,59,10,116,13,113,23,103,0,0,5,0,18,4,118,4,0,106,20,1,97,28,0,13,113,1,118,7,1,98,27,33,92,1,3,79,44,0,0,126,0,1,125,0,0,126,0,1,125,0,0,126,4,11,111
4,BALOCHISTAN,23,MEKRAN DIVISION,094,PANJGUR DISTRICT,369,PAROME TEHSIL,24,24,0,24,0,0,0,0,0,0,24,624414,21411,591728,11275,24,0,0,0,0,1,12,21,0,0,23,16,15,15,0,0,0,0,5,24,0,0,0,0,0,0,0,24,24,0,0,0,0,0,24,0,0,23,1,20,4,7,17,4,20,3,21,1,23,0,24,0,24,0,24,0,24,11,13,5,19,0,0,0,0,0,24,18,0,0,0,6,0,0,0,2,0,1,153,120,240,0,8,0,0,0,24,0,10,0,0,0,0,0,24,1,6,0,0,0,0,1,0,0,0,0,24,23,1,8,0,0,0,0,15,24,0,0,0,0,0,0,0,0,24,0,24,0,24,0,24,19,5,0,24,0,24,0,24,24,0,23,18,0,0,0,0,0,0,0,0,0,0,24,0,24,0,24,9,15,0,0,0,0,0,0,19,5,10,9,5,0,19,5,0,4,20,0,24,0,0,24,0,6,18,0,0,19,5,0,3,21,0,0,24,0,0,24,0,5,19,0,0,24,1,4,19
4,BALOCHISTAN,23,MEKRAN DIVISION,094,PANJGUR DISTRICT,663,KALLAG SUB-TEHSIL,0,0,0,0,0,0,0,0,0,0,0,0,0,0,0,0,0,0,0,0,0,0,0,0,0,0,0,0,0,0,0,0,0,0,0,0,0,0,0,0,0,0,0,,,,,,,,,,,,,,,,,,,,,,,,,,,,,,,,,,,,,,,,,,,,,,,,,,,0,0,0,,,,,,,,,,,,,,,,,,,,,,,,,,,,,,,,,,,,,,0,0,0,,,,,,,,,,,,,,,,,,,,,,,,,,,,,,,,,,,,,,,,,,,,,,,,,,,,,,,,,,,,,,,,,,,,,,,,,,,,,,,,,,,,,,
4,BALOCHISTAN,24,NASIRABAD DIVISION,095,JAFFARABAD DISTRICT,370,GANDHAKA,90,90,0,90,0,0,0,0,0,0,90,132206,128028,3494,684,90,71,1,0,0,0,0,0,89,0,0,0,0,0,0,1,0,0,0,7,83,0,1,2,22,0,0,68,90,0,0,0,0,0,44,44,2,51,39,15,75,18,72,4,86,14,76,1,89,0,90,0,90,0,90,0,90,13,77,2,88,0,0,0,0,0,90,31,49,0,1,36,14,1,1,0,0,1,121,30,300,7,5,0,0,1,0,55,1,79,7,0,2,0,88,6,7,6,3,0,1,4,8,0,22,62,6,55,6,0,0,29,0,0,5,75,3,87,3,0,0,1,11,16,74,0,90,4,86,7,83,81,9,3,87,0,90,51,39,20,70,19,0,0,1,21,0,0,0,0,0,0,66,4,0,90,4,86,23,67,0,0,0,0,29,0,46,44,77,11,2,0,27,63,0,3,87,0,42,48,1,0,89,3,67,20,0,3,87,15,72,3,0,4,86,0,1,89,0,19,71,0,1,89,1,22,67
4,BALOCHISTAN,24,NASIRABAD DIVISION,095,JAFFARABAD DISTRICT,371,JHAT PAT,48,48,0,45,0,3,0,0,0,0,48,157103,138572,7420,11111,47,45,1,2,0,16,1,16,37,0,0,11,0,0,0,3,0,0,0,4,44,5,63,4,29,0,1,18,45,0,3,0,0,4,4,40,0,41,7,23,25,17,31,6,42,7,41,6,42,2,46,2,46,2,46,1,47,3,45,3,45,3,1,3,2,2,46,22,41,4,8,2,4,4,3,2,3,2,199,80,600,1,9,3,0,1,0,20,0,43,0,3,0,4,45,6,6,5,3,3,1,6,5,13,33,2,0,46,1,0,0,1,7,1,1,43,2,29,6,1,3,4,22,30,18,2,46,3,45,4,44,34,14,4,44,2,46,33,15,29,19,0,0,0,3,31,0,16,30,0,1,0,17,9,2,46,2,46,19,29,0,0,1,1,1,0,40,8,23,25,0,0,31,17,0,3,45,0,33,15,0,2,46,16,29,3,0,29,19,20,28,0,0,1,47,0,0,48,0,10,38,0,0,48,1,15,32
4,BALOCHISTAN,24,NASIRABAD DIVISION,095,JAFFARABAD DISTRICT,373,USTA MUHAMMAD,46,46,0,44,0,2,0,0,0,0,46,109527,94288,4063,11176,46,46,0,0,0,0,0,0,46,16,0,0,0,0,0,0,0,0,0,18,28,0,5,0,25,0,0,21,44,0,2,0,0,2,5,39,0,40,6,26,20,13,33,4,42,4,42,2,44,1,45,1,45,2,44,2,44,5,41,2,44,1,0,1,0,1,45,21,46,2,2,0,2,3,4,1,6,1,259,100,400,0,7,1,0,0,0,40,1,39,0,2,0,2,44,4,6,4,2,2,2,7,17,1,43,2,0,46,0,0,0,0,3,3,0,46,0,43,4,2,3,4,15,21,25,3,43,1,45,3,43,46,0,1,45,1,45,46,0,0,46,0,0,0,0,25,0,0,0,0,0,0,42,0,2,44,1,45,16,30,0,0,0,0,0,0,44,2,45,1,0,0,22,24,0,2,44,0,19,27,0,0,46,0,46,0,0,19,27,39,5,2,0,2,44,0,0,46,0,1,45,0,0,46,0,1,45
4,BALOCHISTAN,24,NASIRABAD DIVISION,096,JHAL MAGSI DISTRICT,374,GANDAWA,48,48,1,42,4,1,0,0,0,1,43,206221,163457,41622,1142,45,0,1,0,0,9,9,14,6,0,10,10,14,33,0,0,0,0,0,31,16,0,0,0,9,0,0,38,42,4,1,0,1,0,41,6,0,28,19,12,35,11,36,6,41,6,41,1,46,0,47,0,47,0,47,0,47,15,32,10,37,1,1,1,1,0,47,17,11,1,6,27,1,1,1,1,0,0,480,100,900,5,2,1,0,1,2,4,16,23,0,0,0,0,47,1,4,1,0,1,1,3,1,3,8,7,29,43,0,1,0,4,0,3,0,47,0,47,3,1,0,2,4,26,21,1,46,2,45,1,46,44,3,2,45,2,45,16,31,45,2,35,8,1,0,0,0,0,0,0,0,2,47,7,0,47,1,46,12,35,0,0,0,0,4,1,29,17,6,36,5,0,15,32,0,0,47,0,32,15,0,1,46,19,21,7,0,8,39,0,16,31,0,0,47,0,0,47,0,3,44,0,0,47,2,31,14
4,BALOCHISTAN,24,NASIRABAD DIVISION,096,JHAL MAGSI DISTRICT,375,JHAL MAGSI,116,116,0,105,11,0,0,0,0,0,105,384862,310708,71159,2995,89,17,0,2,1,95,0,1,23,1,38,4,17,84,10,0,0,1,0,94,22,0,0,3,95,2,0,19,105,11,0,0,0,1,98,17,0,86,30,51,65,23,93,15,101,14,102,7,109,1,115,1,115,0,116,0,116,14,102,13,103,1,1,2,1,0,116,15,90,0,0,23,1,2,1,1,6,1,271,128,550,2,4,3,0,1,37,30,23,30,4,1,0,1,115,4,3,3,2,3,2,20,0,1,27,83,5,85,0,0,0,31,1,7,0,115,0,70,1,1,2,1,11,61,55,3,113,1,115,1,115,114,2,1,115,8,108,48,68,116,0,110,1,1,0,0,0,0,0,0,0,0,116,1,0,116,1,115,13,103,0,0,0,0,31,0,95,21,4,64,48,0,58,58,0,0,116,1,110,5,0,0,116,110,6,0,0,24,92,0,2,114,0,0,116,0,0,116,0,20,96,0,0,116,1,89,26
4,BALOCHISTAN,24,NASIRABAD DIVISION,096,JHAL MAGSI DISTRICT,376,MIRPUR SUB-,36,36,0,36,0,0,0,0,0,0,36,156725,145649,10382,694,35,0,0,0,0,34,0,0,4,0,0,0,0,21,15,0,0,0,0,4,32,0,0,0,2,0,0,34,36,0,0,0,0,0,36,0,0,21,15,3,33,2,34,0,36,0,36,0,36,0,36,0,36,0,36,0,36,1,35,1,35,0,0,0,0,0,36,14,0,0,6,22,0,0,0,0,0,0,816,500,900,0,0,0,0,0,0,0,0,36,0,0,0,0,36,0,0,1,0,0,0,2,0,0,4,5,27,15,0,0,0,21,0,3,0,36,0,35,0,0,0,0,1,2,34,0,36,0,36,0,36,15,21,0,36,0,36,0,36,35,1,35,0,0,0,0,0,0,0,0,0,0,36,0,0,36,0,36,4,32,0,0,0,0,21,0,24,12,11,14,11,0,9,27,0,0,36,0,36,0,0,0,36,14,22,0,0,1,35,0,9,27,0,0,36,0,0,36,0,16,20,0,2,34,3,27,6
4,BALOCHISTAN,24,NASIRABAD DIVISION,097,KACHHI DISTRICT,377,BALANARI SUB-,70,70,5,65,0,0,0,0,0,5,65,199054,158062,39708,1284,69,0,0,0,0,0,1,0,4,0,1,1,0,0,9,58,0,0,0,11,54,0,0,0,42,0,0,23,65,0,0,0,5,0,57,8,0,58,7,18,47,13,52,3,62,8,57,2,63,1,64,0,65,0,65,0,65,0,65,0,65,3,4,1,0,0,65,0,0,0,0,65,1,2,2,2,2,1,1316,0,3500,0,12,0,0,1,0,13,0,45,13,5,0,0,60,4,5,4,3,5,0,8,2,61,1,1,2,39,0,0,0,26,0,0,0,65,0,1,2,1,0,0,1,20,45,0,65,0,65,0,65,18,47,0,65,1,64,11,54,47,18,17,28,0,58,65,0,0,0,0,0,0,0,0,4,61,3,62,1,64,0,0,0,0,26,2,38,25,35,9,21,0,58,7,0,5,60,0,58,7,0,1,64,26,21,18,0,3,62,3,29,33,0,1,64,0,0,65,0,1,64,0,0,65,1,31,33
4,BALOCHISTAN,24,NASIRABAD DIVISION,097,KACHHI DISTRICT,378,BHAG,131,131,16,111,2,2,0,0,0,16,113,321125,268163,49077,3885,72,0,0,81,0,126,0,0,0,0,0,128,0,9,11,0,0,0,0,2,115,0,0,0,20,0,0,99,111,2,2,0,16,2,103,13,2,74,45,12,108,8,110,2,117,4,115,1,119,1,118,1,119,1,118,1,118,1,118,2,118,1,4,1,3,4,116,103,36,5,13,3,1,1,1,1,1,1,527,0,650,1,0,1,0,0,30,1,2,119,1,1,2,2,116,3,1,3,3,1,1,5,2,38,22,11,49,65,0,0,7,48,2,0,1,115,2,106,1,1,0,1,1,2,119,4,117,2,119,1,120,93,28,1,120,2,119,85,36,119,2,115,21,0,0,33,0,1,0,0,0,0,2,105,1,120,1,120,3,118,0,0,1,1,48,4,66,51,61,48,12,0,29,92,0,4,117,0,38,83,0,2,119,17,92,12,0,19,101,0,47,73,0,3,116,0,3,116,0,11,108,0,2,117,0,92,27
4,BALOCHISTAN,24,NASIRABAD DIVISION,097,KACHHI DISTRICT,379,DHADAR,32,32,2,29,1,0,0,0,0,2,29,70489,38613,30925,951,29,0,27,0,5,0,0,14,1,0,8,32,0,1,0,1,0,0,0,23,7,0,4,0,23,0,0,7,29,1,0,0,2,1,19,10,0,26,4,21,9,8,22,4,26,4,26,3,27,2,28,1,29,0,30,0,30,6,24,1,29,1,2,2,2,0,30,5,13,1,3,17,1,1,1,1,1,2,91,80,120,2,10,0,0,0,1,3,17,0,4,4,0,1,26,2,2,2,4,1,1,3,6,8,19,3,0,24,0,0,0,6,4,0,0,30,0,30,1,0,0,0,2,27,3,0,30,5,25,1,29,22,8,2,28,2,28,16,14,18,12,18,0,0,1,30,0,3,0,0,0,0,0,0,3,27,1,29,8,22,0,0,0,0,6,1,25,4,5,21,4,0,8,22,0,3,27,2,25,3,0,0,30,7,21,2,0,15,15,0,4,26,0,1,29,0,1,29,3,20,7,0,0,30,0,23,7
4,BALOCHISTAN,24,NASIRABAD DIVISION,097,KACHHI DISTRICT,380,KHATTAN SUB-,19,19,0,19,0,0,0,0,0,0,19,51815,48018,3460,337,6,0,0,15,0,19,0,0,0,0,0,19,0,4,0,0,0,0,0,1,18,0,0,0,5,0,0,14,19,0,0,0,0,0,18,0,1,14,5,1,18,1,18,1,18,1,18,0,19,0,19,0,19,0,19,0,19,0,19,0,19,0,0,0,0,0,19,0,2,0,0,17,0,0,0,0,0,0,700,600,820,1,0,0,0,0,0,0,0,18,0,1,1,0,17,0,1,0,0,0,0,0,1,6,3,2,8,3,0,0,0,16,0,0,0,19,0,17,0,0,0,0,0,2,17,0,19,0,19,0,19,9,10,0,19,0,19,3,16,19,0,19,12,0,0,0,0,0,0,0,0,0,0,19,0,19,0,19,2,17,0,0,0,0,16,0,14,5,9,8,2,0,6,13,0,0,19,0,17,2,0,0,19,8,11,0,0,3,16,3,7,9,0,1,18,0,2,17,0,4,15,0,1,18,1,7,11
4,BALOCHISTAN,24,NASIRABAD DIVISION,097,KACHHI DISTRICT,381,MACH SUB-,9,9,1,6,1,1,0,0,0,1,7,13532,7997,4797,738,8,0,1,0,0,0,0,3,0,0,0,0,6,2,0,0,0,0,0,8,0,0,0,1,5,0,0,3,6,1,1,0,1,0,6,2,0,7,1,3,5,3,5,3,5,2,6,2,6,1,7,0,8,0,8,0,8,1,7,1,7,1,1,1,0,1,7,1,1,1,0,5,0,0,0,1,0,0,111,60,250,1,0,0,0,0,1,0,8,0,0,1,0,0,7,2,2,2,0,1,1,4,1,2,1,1,4,5,0,1,0,2,1,0,0,7,1,0,3,0,0,1,2,6,2,0,8,2,6,1,7,2,6,2,6,2,6,2,6,3,5,2,1,0,0,0,0,0,0,0,0,0,0,8,1,7,2,6,2,6,0,0,0,0,2,0,4,4,6,1,1,1,3,4,0,1,7,0,6,2,0,0,8,1,4,3,0,0,8,0,6,2,0,0,8,0,0,8,0,2,6,0,0,8,0,1,7
4,BALOCHISTAN,24,NASIRABAD DIVISION,097,KACHHI DISTRICT,383,SANNI SUB-,51,51,1,46,2,2,0,0,0,1,48,155079,94669,59111,1299,39,0,5,1,2,50,0,4,0,0,28,47,2,0,1,2,0,0,0,45,5,0,0,0,20,0,0,30,46,2,2,0,1,1,48,1,0,47,3,46,4,3,47,2,48,2,48,0,50,1,49,0,50,0,50,0,50,28,22,26,24,2,3,1,3,0,50,26,8,0,27,13,1,5,0,0,3,2,113,50,130,2,8,0,0,0,24,0,1,47,2,2,0,1,48,4,5,5,5,0,0,4,50,3,33,2,12,50,0,0,0,0,1,0,0,50,0,50,2,2,0,0,3,16,34,0,50,4,46,0,50,49,1,5,45,0,50,14,36,50,0,49,48,1,2,41,0,0,0,0,0,0,0,15,0,50,1,49,3,47,0,0,0,0,0,0,46,4,49,1,0,0,49,1,0,2,48,0,49,1,0,7,43,0,48,2,0,4,46,0,2,48,0,0,50,0,0,50,0,50,0,0,0,50,0,0,50
4,BALOCHISTAN,24,NASIRABAD DIVISION,098,NASIRABAD DISTRICT,384,BABA KOT,32,32,0,32,0,0,0,0,0,0,32,160027,135076,23717,1234,32,3,0,0,0,1,0,0,28,0,0,0,0,4,0,0,0,0,0,19,13,0,0,0,6,0,0,26,32,0,0,0,0,0,29,3,0,13,19,0,32,2,30,0,32,0,32,0,32,0,32,0,32,1,31,0,32,9,23,0,32,1,0,2,0,0,32,1,27,0,0,4,4,3,2,1,2,1,546,115,900,0,0,0,0,0,0,1,27,30,0,0,0,0,32,1,1,0,2,0,0,0,6,0,27,4,1,31,0,0,0,1,0,0,0,31,1,24,1,0,0,1,10,7,25,1,31,3,29,3,29,31,1,4,28,3,29,27,5,30,2,1,30,1,0,27,0,23,27,0,0,1,31,0,0,32,1,31,4,28,0,0,0,0,1,0,29,3,27,4,1,0,29,3,0,7,25,0,29,3,0,7,25,2,29,1,0,6,26,4,23,5,0,4,28,0,5,27,0,9,23,0,6,26,1,7,24
4,BALOCHISTAN,24,NASIRABAD DIVISION,098,NASIRABAD DISTRICT,385,CHATTAR SUB-,52,52,0,52,0,0,0,0,0,0,52,254884,191364,62142,1378,31,3,0,2,0,1,4,25,6,4,20,1,0,39,1,0,0,0,0,46,6,0,0,0,3,0,0,49,52,0,0,0,0,1,41,9,1,12,40,8,44,1,51,1,51,1,51,0,52,1,51,0,52,1,51,0,52,1,51,1,51,0,1,0,1,0,52,3,3,0,3,46,2,2,1,1,2,2,460,300,500,1,0,0,0,0,9,2,10,45,0,1,0,1,51,3,2,2,2,2,2,1,4,2,3,8,39,12,0,0,1,39,0,0,0,52,0,0,3,4,0,0,2,4,48,0,52,1,51,3,49,4,48,2,50,2,50,5,47,49,3,38,10,0,0,12,0,0,0,0,0,0,51,0,0,52,1,51,4,48,0,0,0,0,39,0,6,46,2,1,49,0,2,50,0,2,50,0,4,48,0,2,50,0,15,37,0,1,51,0,0,52,0,0,52,0,0,52,0,0,52,0,0,52,0,0,52
4,BALOCHISTAN,24,NASIRABAD DIVISION,098,NASIRABAD DISTRICT,386,DERA MURAD JAMALI,19,19,0,18,0,1,0,0,0,0,19,300860,225911,73603,1346,19,4,0,0,0,2,0,4,15,0,2,2,0,4,1,0,0,0,0,8,11,0,0,0,9,0,0,10,18,0,1,0,0,0,10,9,0,11,8,7,12,7,12,4,15,4,15,1,18,1,18,0,19,0,19,0,19,3,16,1,18,2,1,3,0,2,17,11,8,1,3,5,1,1,1,1,1,2,633,80,999,2,5,1,0,1,2,2,3,15,7,0,1,0,18,2,1,1,2,2,2,2,1,3,4,9,3,5,1,3,2,11,1,2,2,15,0,7,4,0,2,1,8,8,11,1,18,2,17,2,17,11,8,2,17,1,18,11,8,12,7,4,8,0,0,15,0,9,6,1,0,0,8,0,2,17,2,17,11,8,0,0,0,0,11,0,11,8,8,6,5,0,11,8,0,1,18,0,12,7,0,0,19,6,12,1,0,3,16,4,5,10,0,0,19,0,0,19,0,1,18,0,0,19,2,4,13
4,BALOCHISTAN,24,NASIRABAD DIVISION,098,NASIRABAD DISTRICT,387,TAMBOO,37,37,0,36,1,0,0,0,0,0,36,178695,113425,61723,3547,37,11,0,0,0,3,0,1,37,0,1,1,0,0,0,0,0,0,0,17,20,0,0,0,10,0,1,26,36,1,0,0,0,0,3,34,0,30,7,24,13,5,32,7,30,2,35,0,37,0,37,0,37,1,36,0,37,4,33,1,36,1,0,3,0,8,29,10,29,1,1,7,2,2,2,1,1,0,688,100,1200,0,6,0,0,0,1,9,35,21,0,0,0,0,37,4,1,1,2,1,2,2,3,8,27,1,1,14,0,0,2,21,0,0,0,37,0,0,3,0,1,1,4,6,31,1,36,0,37,0,37,16,21,0,37,0,37,11,26,0,37,0,0,0,0,37,0,7,7,0,0,0,21,0,0,37,1,36,5,32,1,1,0,0,21,0,24,13,22,15,0,0,21,16,0,10,27,0,22,15,0,10,27,0,29,8,0,22,15,6,26,5,1,7,29,0,9,28,0,8,29,0,9,28,0,8,29
4,BALOCHISTAN,24,NASIRABAD DIVISION,098,NASIRABAD DISTRICT,614,LANDHI,27,27,0,27,0,0,0,0,0,0,27,107296,98589,8485,222,27,2,0,0,0,0,0,0,4,0,0,2,0,18,3,0,0,0,0,19,8,0,0,0,4,0,1,22,27,0,0,0,0,0,26,1,0,2,25,1,26,0,27,0,27,0,27,0,27,0,27,0,27,0,27,0,27,1,26,0,27,1,0,1,0,1,26,0,15,0,0,12,0,0,1,0,0,0,377,240,500,0,0,0,0,0,0,0,16,27,1,0,0,0,27,1,0,1,1,0,1,1,0,0,2,3,22,26,0,0,0,1,0,0,0,27,0,2,0,0,0,0,1,3,24,0,27,0,27,0,27,18,9,1,26,0,27,0,27,21,6,1,20,0,0,23,3,20,14,0,0,0,27,0,0,27,0,27,3,24,0,0,0,1,1,0,18,9,13,10,4,0,7,20,0,4,23,0,19,8,0,0,27,12,15,0,0,0,27,0,13,14,0,0,27,0,0,27,0,10,17,0,1,26,6,6,15
4,BALOCHISTAN,43,RAKHSHAN DIVISION,099,CHAGAI DISTRICT,388,CHAGAI SUB-,10,10,0,10,0,0,0,0,0,0,10,41065,35977,4148,940,10,0,0,0,0,0,5,7,0,0,8,0,6,0,0,0,0,0,0,9,1,7,15,0,4,0,0,6,10,0,0,0,0,0,6,4,0,9,1,6,4,4,6,3,7,3,7,1,9,0,10,0,10,0,10,0,10,7,3,3,7,1,2,1,2,1,9,10,2,1,1,0,1,1,0,1,1,0,107,30,170,0,0,0,0,0,9,0,5,9,0,0,0,0,10,0,2,3,1,1,1,2,0,0,0,3,7,5,0,0,0,5,0,0,0,10,0,0,2,0,0,1,1,3,7,1,9,2,8,2,8,10,0,2,8,1,9,10,0,10,0,10,0,0,0,10,0,0,0,0,0,0,0,0,0,10,1,9,0,10,0,0,0,0,5,0,10,0,2,6,2,0,7,3,0,0,10,0,9,1,0,8,2,0,10,0,0,1,9,0,0,10,0,0,10,0,0,10,0,0,10,0,0,10,0,3,7
4,BALOCHISTAN,43,RAKHSHAN DIVISION,099,CHAGAI DISTRICT,389,DALBANDIN,30,30,0,30,0,0,0,0,0,0,30,71398,24441,40779,6178,29,0,0,0,0,0,7,27,0,0,0,28,8,28,29,0,0,0,0,29,1,2,0,0,11,0,1,18,30,0,0,0,0,0,27,3,0,30,0,28,2,24,6,21,9,7,23,4,26,1,29,1,29,1,29,1,29,20,10,3,27,1,0,1,0,0,30,30,1,1,2,0,1,1,1,1,1,1,170,60,300,1,1,0,0,0,29,0,4,0,0,0,0,0,30,1,10,3,1,1,1,2,1,0,2,1,27,30,0,2,0,0,1,30,0,30,0,0,4,0,1,1,3,28,2,2,28,1,29,1,29,27,3,1,29,1,29,27,3,30,0,30,0,0,0,30,0,0,0,0,0,0,0,0,1,29,3,27,2,28,0,0,0,0,0,0,30,0,0,28,2,0,30,0,0,1,29,0,30,0,0,6,24,10,20,0,0,3,27,0,0,30,0,0,30,0,0,30,0,0,30,0,0,30,0,1,29
4,BALOCHISTAN,43,RAKHSHAN DIVISION,099,CHAGAI DISTRICT,390,NOKUNDI SUB-,6,6,0,6,0,0,0,0,0,0,6,16800,6200,8200,2400,6,0,0,0,0,0,1,0,0,0,4,0,1,1,6,0,0,0,0,6,0,0,0,0,1,0,0,5,6,0,0,0,0,0,5,1,0,6,0,6,0,1,5,1,5,1,5,1,5,1,5,1,5,0,6,0,6,6,0,6,0,0,0,0,0,0,6,3,1,1,1,3,1,1,1,2,0,0,105,50,170,0,2,0,0,2,4,0,3,0,0,0,0,0,6,1,2,2,0,1,1,6,0,0,0,1,5,6,0,0,0,0,0,0,0,6,0,0,1,0,0,0,1,5,1,1,5,1,5,2,4,4,2,1,5,1,5,5,1,6,0,6,1,0,0,0,0,1,0,0,0,0,0,5,1,5,1,5,0,6,0,0,0,0,0,0,1,5,0,1,5,0,5,1,0,0,6,0,4,2,0,2,4,0,6,0,0,0,6,0,0,6,0,0,6,0,0,6,0,0,6,0,0,6,0,0,6
4,BALOCHISTAN,43,RAKHSHAN DIVISION,099,CHAGAI DISTRICT,391,TAFTAN SUB-,2,2,0,2,0,0,0,0,0,0,2,10100,5500,1000,3600,2,0,0,0,0,0,0,0,0,0,2,0,0,1,1,0,0,0,0,2,0,0,0,0,1,0,0,1,2,0,0,0,0,0,0,2,0,2,0,2,0,2,0,1,1,1,1,1,1,0,2,0,2,0,2,0,2,2,0,2,0,0,0,0,0,0,2,1,0,1,2,0,0,0,0,1,0,1,115,100,130,1,0,0,0,0,2,0,1,0,0,0,0,0,2,0,1,2,0,1,1,2,0,0,1,1,0,2,0,0,0,0,0,1,0,2,0,0,2,0,0,0,2,1,1,0,2,1,1,1,1,2,0,1,1,1,1,2,0,2,0,2,2,0,0,1,0,1,0,0,0,0,0,1,1,1,1,1,0,2,0,0,0,0,0,0,2,0,0,2,0,0,2,0,0,0,2,0,1,1,0,2,0,1,0,1,0,1,1,0,0,2,0,0,2,0,0,2,0,0,2,0,0,2,0,0,2
4,BALOCHISTAN,25,QUETTA DIVISION,100,KILLA ABDULLAH DISTRICT,392,CHAMAN,31,31,0,27,1,3,0,0,0,0,30,85921,55418,26943,3560,2,0,0,0,2,1,28,27,0,0,23,6,14,9,0,1,0,0,0,31,0,0,0,0,23,0,0,8,27,1,3,0,0,0,9,22,0,31,0,22,9,18,13,10,21,8,23,3,28,1,30,1,30,1,30,1,30,24,7,6,25,7,3,1,3,1,30,29,13,2,6,1,2,1,2,1,1,1,753,130,1000,23,1,0,0,1,3,0,16,1,0,1,0,0,29,6,6,7,2,3,5,7,6,9,13,8,1,30,0,5,0,1,0,0,0,30,23,4,6,1,1,1,9,14,17,5,26,2,29,2,29,21,10,2,29,1,30,21,10,27,4,21,6,0,1,27,0,1,0,0,0,0,0,3,2,29,1,30,11,20,0,0,0,0,1,0,25,6,11,19,1,1,26,4,0,2,29,0,27,4,0,10,21,16,15,0,0,2,29,0,0,31,0,0,31,0,0,31,0,0,31,0,0,31,0,4,27
4,BALOCHISTAN,25,QUETTA DIVISION,100,KILLA ABDULLAH DISTRICT,394,GULISTAN,10,10,0,10,0,0,0,0,0,0,10,104774,35107,68486,1181,10,0,0,0,0,0,6,6,0,1,9,0,0,7,0,0,0,0,0,9,1,0,0,0,8,0,0,2,10,0,0,0,0,0,10,0,0,8,2,5,5,6,4,1,9,5,5,1,9,1,9,0,10,0,10,0,10,8,2,8,2,3,1,3,1,8,2,10,5,0,3,0,4,3,3,1,0,0,545,250,800,8,0,0,0,0,2,0,0,0,0,0,0,0,9,5,2,3,0,4,5,4,4,7,1,0,2,10,0,0,0,0,0,3,0,10,0,1,4,2,0,4,0,6,4,0,10,5,5,5,5,8,2,5,5,0,10,7,3,10,0,10,0,0,0,1,0,0,0,0,0,0,0,10,0,10,2,8,6,4,0,0,0,0,0,0,7,3,5,5,0,0,4,6,0,0,10,0,6,4,0,0,10,0,2,8,0,0,10,0,0,10,0,0,10,0,0,10,0,0,10,0,0,10,0,0,10
4,BALOCHISTAN,25,QUETTA DIVISION,100,KILLA ABDULLAH DISTRICT,395,KILLA ABDULLAH,13,13,0,9,2,2,0,0,0,0,11,60708,24896,32571,3241,12,0,0,0,0,0,13,12,0,0,13,0,1,2,0,0,0,0,0,13,0,0,0,0,13,0,0,0,9,2,2,0,0,0,12,0,1,13,0,10,3,10,3,6,7,9,4,3,10,2,11,1,12,3,10,1,12,10,3,12,1,5,3,7,3,7,6,13,13,0,8,0,5,5,5,4,0,0,700,600,800,13,6,0,0,0,0,0,0,0,0,3,1,0,9,5,9,5,0,8,8,8,6,13,0,0,0,13,0,0,0,0,0,7,0,13,0,5,7,2,1,8,3,13,0,1,12,9,4,9,4,13,0,9,4,0,13,13,0,13,0,13,0,0,0,1,0,0,0,0,0,0,0,12,3,10,3,10,8,5,0,0,0,0,0,0,11,2,7,6,0,0,12,1,0,0,13,0,9,4,0,5,8,6,0,7,0,4,9,0,0,13,0,0,13,0,0,13,0,0,13,0,0,13,0,0,13
4,BALOCHISTAN,25,QUETTA DIVISION,100,KILLA ABDULLAH DISTRICT,644,DOBANDI SUB-,48,48,1,46,0,1,0,0,0,1,47,87661,67648,17103,2910,47,0,1,0,2,0,43,0,1,1,44,0,0,0,2,0,0,0,0,47,0,0,0,0,1,0,0,46,46,0,1,0,1,0,44,0,3,31,16,30,17,13,34,13,34,1,46,1,46,0,47,0,47,0,47,0,47,3,44,2,45,0,0,0,0,1,46,0,0,1,0,46,0,0,0,0,0,0,391,0,400,1,4,0,0,0,44,0,0,43,0,0,3,0,44,0,0,0,0,0,0,0,0,0,0,0,47,8,0,46,0,0,0,0,0,47,1,0,0,0,0,0,0,0,47,0,47,0,47,0,47,0,47,0,47,0,47,0,47,47,0,47,0,0,0,15,0,0,0,0,0,0,0,32,0,47,0,47,0,47,0,0,0,0,0,0,1,46,0,47,0,0,45,2,0,0,47,0,0,47,0,1,46,0,46,1,0,0,47,0,0,47,0,0,47,0,0,47,0,0,47,0,0,47,0,0,47
4,BALOCHISTAN,43,RAKHSHAN DIVISION,101,NUSHKI DISTRICT,396,NUSHKI,26,26,0,19,7,0,0,0,0,0,19,640610,354013,286447,150,25,0,11,2,23,1,3,13,0,1,21,0,1,2,21,0,0,0,0,26,0,102,20,2,22,0,0,4,19,7,0,0,0,0,7,18,1,25,1,20,6,19,7,15,11,11,15,5,21,1,25,1,25,2,24,1,25,19,7,9,17,2,1,2,1,2,24,10,10,7,8,15,2,1,1,1,1,1,252,200,400,6,13,4,0,0,20,0,1,0,0,11,1,0,14,4,9,8,3,2,4,8,3,0,22,0,4,3,0,4,2,20,1,2,1,26,0,0,3,2,1,1,4,26,0,1,25,3,23,2,24,16,10,3,23,5,21,16,10,21,5,0,20,1,0,0,0,1,0,0,0,1,9,17,1,25,1,25,3,23,0,0,0,0,20,0,17,9,25,1,0,0,4,22,0,0,26,0,26,0,0,3,23,0,26,0,0,0,26,0,2,24,0,1,25,0,0,26,0,0,26,0,0,26,0,0,26
4,BALOCHISTAN,43,RAKHSHAN DIVISION,101,NUSHKI DISTRICT,628,DAK SUB-,19,19,5,14,0,0,0,0,0,5,14,348586,186848,161688,50,19,0,0,0,1,0,0,1,0,0,8,0,0,12,8,0,0,0,0,0,14,0,0,0,1,0,0,13,14,0,0,0,5,0,6,5,3,8,6,6,8,3,11,2,12,3,11,1,13,0,14,0,14,0,14,0,14,1,13,0,14,2,1,0,1,0,14,0,0,0,0,14,0,0,0,0,0,0,278,0,400,0,3,0,0,0,14,0,0,0,0,1,3,0,9,1,3,4,0,0,0,1,0,0,3,5,6,0,0,0,0,14,0,0,0,14,0,0,0,0,0,0,0,12,2,0,14,0,14,0,14,0,14,0,14,0,14,0,14,10,4,2,8,0,0,0,0,0,0,0,0,0,0,14,0,14,0,14,0,14,0,0,0,0,14,0,5,9,10,4,0,0,0,14,0,0,14,0,14,0,0,0,14,4,10,0,0,0,14,0,0,14,0,0,14,0,0,14,0,0,14,0,0,14,0,0,14
4,BALOCHISTAN,25,QUETTA DIVISION,102,PISHIN DISTRICT,397,BARSHORE SUB-,288,288,39,249,0,0,0,0,0,39,249,46441,21039,23791,1611,241,2,0,0,1,2,246,245,2,2,0,1,243,4,0,3,0,0,0,249,0,0,0,0,227,12,9,1,249,0,0,0,39,3,1,245,0,136,113,80,169,51,198,48,201,13,236,29,220,1,248,6,243,123,126,73,176,8,241,21,228,31,12,38,12,18,231,221,16,0,2,23,58,56,8,57,57,9,300,0,700,0,0,1,0,2,2,3,238,235,10,244,2,3,2,28,27,25,12,26,20,17,61,31,24,101,93,0,0,3,1,245,0,0,0,205,1,244,2,0,2,1,2,3,246,6,243,63,186,62,187,67,182,68,181,67,182,52,197,0,249,0,0,0,3,157,0,0,0,0,0,0,0,93,0,249,0,249,0,249,3,0,0,5,245,0,38,211,2,40,207,1,41,207,0,34,215,2,33,214,2,26,221,205,8,36,0,1,248,0,1,248,0,1,248,0,0,249,0,0,249,0,0,249,0,1,248
4,BALOCHISTAN,25,QUETTA DIVISION,102,PISHIN DISTRICT,398,HARAM ZAI SUB-,16,16,0,13,1,2,0,0,0,0,15,59468,20927,36125,2416,16,0,0,0,0,0,13,16,0,1,8,1,6,0,1,0,0,0,0,16,0,0,0,0,12,0,0,4,13,1,2,0,0,0,16,0,0,15,1,7,9,9,7,2,14,4,12,1,15,1,15,0,16,0,16,0,16,15,1,10,6,0,3,10,2,0,16,11,10,0,3,4,0,0,0,0,0,0,906,200,1200,7,0,0,0,0,0,0,4,5,0,1,0,0,15,7,11,10,0,0,10,10,7,1,4,11,0,14,0,0,0,2,1,3,0,15,0,8,2,0,0,2,3,15,1,5,11,10,6,14,2,14,2,2,14,4,12,12,4,0,16,0,0,0,0,0,0,0,0,0,0,0,0,16,1,15,0,16,0,16,0,0,0,8,2,0,0,16,0,16,0,0,14,2,0,1,15,0,16,0,0,2,14,16,0,0,0,0,16,0,0,16,0,0,16,0,0,16,0,0,16,0,0,16,0,0,16
4,BALOCHISTAN,25,QUETTA DIVISION,102,PISHIN DISTRICT,399,KAREZAT SUB-,33,33,0,27,6,0,0,0,0,0,27,55781,38641,12203,4937,13,0,0,0,0,0,24,19,0,1,32,0,6,0,0,0,0,0,0,32,1,16,2,0,28,0,0,5,27,6,0,0,0,0,21,11,1,33,0,30,3,24,9,19,14,17,16,16,17,5,28,6,27,4,29,6,27,22,11,21,12,8,0,4,0,4,29,9,15,0,19,11,2,1,1,1,2,2,546,300,900,0,5,0,0,5,27,1,7,7,2,3,1,0,29,13,16,8,4,6,12,10,6,23,6,4,0,25,1,3,6,1,8,0,0,27,12,1,3,1,1,1,10,31,2,6,27,13,20,10,23,32,1,15,18,15,18,33,0,1,32,1,0,0,0,8,0,0,0,0,0,0,0,25,1,32,4,29,21,12,0,0,2,16,1,0,33,0,22,11,0,0,25,8,0,1,32,0,25,8,0,0,33,10,23,0,1,17,15,1,0,32,0,0,33,0,0,33,0,0,33,0,0,33,0,7,26
4,BALOCHISTAN,25,QUETTA DIVISION,102,PISHIN DISTRICT,400,PISHIN,40,40,4,25,8,3,0,0,0,4,28,120768,64804,48602,7362,36,0,0,0,1,0,26,34,0,2,33,8,2,3,0,0,1,2,0,33,3,0,0,2,27,0,0,9,25,8,3,0,4,1,20,15,0,35,1,31,5,24,12,7,29,17,19,3,33,3,33,2,34,6,30,7,29,34,2,24,12,11,1,19,1,25,11,27,27,8,25,9,7,6,7,4,4,6,396,0,800,25,20,9,0,0,3,0,1,6,3,17,0,1,18,11,8,10,7,3,10,8,11,25,5,6,0,35,1,15,1,0,23,1,6,23,7,15,5,2,0,5,25,34,2,4,32,6,30,17,19,35,1,8,28,8,28,36,0,0,36,0,0,0,0,4,0,2,0,4,0,0,5,24,2,34,5,31,17,19,4,1,7,10,0,1,27,8,15,19,2,2,34,0,0,19,17,3,32,1,0,27,9,15,20,1,0,9,27,0,1,35,0,0,36,0,0,36,0,0,36,0,0,36,1,21,14
4,BALOCHISTAN,25,QUETTA DIVISION,102,PISHIN DISTRICT,401,SARANAN,7,7,1,6,0,0,0,0,0,1,6,82321,45732,36214,375,6,0,1,0,0,0,0,4,0,1,2,0,0,5,0,0,0,0,0,1,5,0,0,0,6,0,0,0,6,0,0,0,1,0,4,2,0,6,0,6,0,5,1,3,3,1,5,0,6,0,6,0,6,0,6,0,6,6,0,5,1,1,0,4,0,4,2,6,2,0,4,0,0,0,0,0,0,1,500,0,800,1,0,1,0,0,2,0,0,1,4,2,0,0,4,5,4,2,2,2,2,2,3,2,0,3,1,5,3,5,0,1,1,0,0,5,4,5,1,0,1,0,5,2,4,0,6,6,0,4,2,6,0,2,4,1,5,5,1,0,6,0,0,0,0,2,0,0,0,0,0,0,0,6,0,6,0,6,4,2,0,0,0,2,1,0,4,2,1,5,0,0,5,1,0,2,4,0,5,1,0,1,5,5,1,0,0,0,6,0,0,6,0,0,6,0,0,6,0,0,6,0,0,6,0,0,6
4,BALOCHISTAN,25,QUETTA DIVISION,103,QUETTA DISTRICT,402,PANJ PAI SUB-,4,4,0,4,0,0,0,0,0,0,4,290601,15885,273401,1315,4,0,0,0,0,0,2,4,0,0,4,0,1,3,0,0,0,0,0,4,0,4,0,0,4,0,0,0,4,0,0,0,0,0,4,0,0,4,0,4,0,3,1,2,2,1,3,1,3,0,4,0,4,0,4,0,4,4,0,2,2,1,0,0,0,0,4,4,4,0,0,0,0,0,0,0,0,0,550,400,700,4,0,0,3,0,3,0,0,0,0,0,0,0,4,2,2,1,2,3,0,3,3,0,3,1,0,4,0,0,0,0,0,0,0,4,0,4,2,0,0,0,0,3,1,0,4,0,4,1,3,4,0,0,4,1,3,4,0,0,4,0,0,0,0,0,0,0,0,0,0,0,0,4,0,4,1,3,3,1,0,0,0,0,0,0,4,0,1,3,0,0,0,4,0,0,4,0,3,1,0,0,4,1,2,1,0,4,0,0,0,4,0,0,4,0,0,4,0,0,4,0,0,4,0,3,1
4,BALOCHISTAN,25,QUETTA DIVISION,103,QUETTA DISTRICT,403,QUETTA CITY,23,23,0,12,7,4,0,0,0,0,16,21718,13060,4044,4614,18,0,0,0,0,0,11,19,0,0,23,1,0,0,7,0,0,0,0,21,2,25,45,1,23,0,0,0,12,7,4,0,0,4,0,19,0,23,0,23,0,17,6,21,2,13,10,13,10,5,18,5,18,6,17,5,18,17,6,10,13,7,0,8,0,3,20,21,21,16,21,0,10,11,10,5,7,6,820,100,950,21,3,1,0,1,12,0,0,0,0,17,3,4,3,13,14,13,9,7,13,13,7,19,3,1,0,18,1,2,2,1,23,15,4,16,11,2,19,3,2,8,21,23,0,21,2,16,7,20,3,22,1,15,8,19,4,22,1,0,23,0,0,0,0,10,5,9,1,1,0,3,1,10,10,13,10,13,18,5,0,0,0,0,1,4,14,5,6,17,0,1,18,4,0,2,21,0,15,8,0,18,5,5,16,2,1,14,8,0,1,22,0,0,23,0,1,22,0,5,18,0,6,17,0,11,12
4,BALOCHISTAN,25,QUETTA DIVISION,103,QUETTA DISTRICT,404,QUETTA SADDAR,41,41,1,28,2,10,0,0,0,1,38,117796,42461,56704,18631,36,1,1,0,2,0,10,28,0,1,28,5,7,2,0,2,0,0,0,37,3,28,9,0,29,1,0,10,28,2,10,0,1,4,17,19,0,36,4,32,8,29,11,29,11,24,16,21,19,11,29,14,26,14,26,15,25,28,12,20,20,16,1,15,1,6,34,31,27,14,21,3,10,14,11,3,7,3,586,100,999,13,13,1,2,0,9,0,8,5,4,15,1,4,24,25,28,23,18,20,21,19,16,21,6,13,0,18,6,6,0,14,21,1,2,16,3,1,16,6,1,9,19,36,4,7,33,21,19,22,18,38,2,20,20,22,18,30,10,1,39,1,0,0,2,5,0,2,0,0,0,7,0,27,7,33,11,29,23,17,0,0,0,0,14,5,32,3,6,28,6,0,24,16,0,6,34,3,25,12,0,4,36,9,16,15,1,9,30,0,1,39,0,0,40,0,1,39,0,6,34,0,2,38,1,3,36
4,BALOCHISTAN,26,SIBI DIVISION,104,DERA BUGTI DISTRICT,405,BAIKAR SUB-TEHSIL,13,13,0,13,0,0,0,0,0,0,13,6964,2533,4380,51,12,0,11,0,0,0,0,1,0,0,11,0,6,5,0,0,0,0,0,13,0,0,1,0,5,0,0,8,13,0,0,0,0,0,12,1,0,7,6,2,11,2,11,1,12,1,12,1,12,0,13,0,13,0,13,0,13,0,13,0,13,1,0,0,0,1,12,7,5,1,0,2,1,1,1,0,0,0,205,100,700,2,0,0,0,1,10,0,4,9,0,2,0,0,11,0,2,2,1,0,0,1,0,0,0,3,10,12,0,6,0,1,1,0,0,13,0,2,1,0,0,0,1,6,7,0,13,1,12,2,11,12,1,1,12,1,12,11,2,13,0,0,13,0,0,0,0,0,0,0,0,0,1,13,0,13,0,13,0,13,0,0,0,0,1,1,11,1,12,1,0,0,13,0,0,0,13,0,13,0,0,0,13,0,13,0,0,1,12,0,0,13,0,0,13,0,0,13,0,1,12,0,0,13,0,0,13
4,BALOCHISTAN,26,SIBI DIVISION,104,DERA BUGTI DISTRICT,406,DERA BUGTI TEHSIL,56,56,0,46,10,0,0,0,0,0,46,49183,18445,29469,1269,56,0,35,0,0,1,0,0,0,0,35,1,2,54,5,2,0,0,0,50,6,3,20,1,21,2,0,33,46,10,0,0,0,4,45,3,4,33,23,13,43,8,48,3,53,2,54,1,55,1,55,1,55,0,56,1,55,3,53,1,55,4,4,1,3,0,56,53,6,1,0,2,1,1,1,1,2,1,538,350,870,2,12,0,0,5,18,0,9,46,4,4,1,4,51,5,3,3,3,1,1,6,10,5,4,18,29,16,0,1,1,39,0,0,0,56,0,55,1,0,0,1,1,2,54,0,56,1,55,1,55,9,47,1,55,1,55,3,53,49,7,21,20,1,2,0,0,0,0,0,0,0,10,46,1,55,1,55,4,52,0,0,0,1,39,0,41,15,49,6,1,0,19,37,0,1,55,0,17,39,0,1,55,3,36,17,0,7,49,2,8,46,0,0,56,0,1,55,0,0,56,0,0,56,1,5,50
4,BALOCHISTAN,26,SIBI DIVISION,104,DERA BUGTI DISTRICT,407,LOTI,22,22,0,21,0,1,0,0,0,0,22,48886,6943,41770,173,22,0,0,0,0,0,0,0,0,0,0,0,1,17,5,0,0,0,0,10,12,0,0,0,7,0,0,15,21,0,1,0,0,0,12,4,6,14,8,4,18,5,17,1,21,3,19,1,21,0,22,0,22,0,22,0,22,1,21,1,21,4,1,0,0,0,22,22,2,0,0,0,0,1,0,0,0,0,554,400,700,8,0,0,0,0,8,0,13,13,0,2,0,0,20,0,5,6,1,0,0,6,7,0,1,0,21,8,0,1,0,14,0,0,0,22,1,4,0,0,0,0,0,7,15,0,22,0,22,0,22,18,4,1,21,1,21,18,4,22,0,22,20,0,0,0,0,0,0,0,0,0,0,22,0,22,0,22,4,18,0,0,0,2,14,0,17,5,15,7,0,0,0,22,0,0,22,0,0,22,0,0,22,0,21,1,0,1,21,1,19,2,0,0,22,0,0,22,0,0,22,0,0,22,0,0,22
4,BALOCHISTAN,26,SIBI DIVISION,104,DERA BUGTI DISTRICT,408,MALAM SUB-,17,17,0,17,0,0,0,0,0,0,17,37893,11257,26581,55,17,0,0,0,0,0,0,0,0,0,0,0,0,4,13,0,0,0,0,17,0,0,0,0,11,0,0,6,17,0,0,0,0,0,4,12,1,14,3,9,8,8,9,3,14,5,12,2,15,0,17,0,17,0,17,0,17,0,17,0,17,7,1,1,0,1,16,17,1,0,0,0,0,0,0,0,0,0,188,100,200,0,0,0,0,0,0,0,0,17,0,0,0,0,17,1,8,0,0,0,0,0,11,0,0,1,16,4,0,0,0,13,0,0,0,17,0,0,0,0,0,0,0,15,2,0,17,0,17,0,17,11,6,0,17,0,17,9,8,17,0,16,2,0,0,0,0,0,0,0,0,0,0,17,0,17,0,17,0,17,0,0,0,0,13,0,16,1,1,16,0,0,10,7,0,0,17,0,16,1,0,1,16,0,16,1,0,10,7,1,0,16,0,0,17,0,0,17,0,1,16,0,0,17,0,1,16
4,BALOCHISTAN,26,SIBI DIVISION,104,DERA BUGTI DISTRICT,410,PIR KOH SUB-TEHSIL,46,46,0,45,0,1,0,0,0,0,46,68574,18386,49679,509,46,1,4,0,0,0,0,0,0,0,2,3,5,10,36,2,0,0,0,38,8,0,0,0,3,0,0,43,45,0,1,0,0,1,5,1,39,16,30,5,41,5,41,1,45,3,43,0,46,0,46,0,46,0,46,0,46,0,46,0,46,2,0,0,0,0,46,29,1,0,0,16,0,0,0,1,0,1,613,100,999,0,0,0,0,0,2,0,1,46,0,1,3,1,42,0,2,0,1,0,0,1,10,2,0,1,43,2,0,1,0,44,0,0,0,46,0,10,2,0,0,0,0,1,45,0,46,1,45,1,45,16,30,1,45,0,46,13,33,45,1,19,28,0,2,1,0,0,1,0,0,0,0,45,0,46,0,46,1,45,0,0,2,5,44,0,6,40,4,39,3,0,3,43,0,1,45,0,27,19,0,0,46,0,14,32,0,2,44,0,3,43,0,0,46,0,0,46,0,4,42,0,0,46,0,1,45
4,BALOCHISTAN,26,SIBI DIVISION,104,DERA BUGTI DISTRICT,411,SANGSELLAH SUB-TEHSIL,20,20,0,19,0,1,0,0,0,0,20,18807,7506,10715,586,20,0,12,0,0,0,0,0,0,0,8,0,5,20,14,0,0,0,0,14,6,0,0,0,7,0,0,13,19,0,1,0,0,0,17,3,0,7,13,1,19,2,18,1,19,0,20,0,20,0,20,0,20,0,20,0,20,1,19,0,20,1,3,0,0,0,20,20,2,0,0,0,0,0,0,0,1,1,536,300,999,2,0,0,0,0,5,0,13,19,0,0,0,0,20,0,3,0,0,0,0,2,1,0,0,0,20,7,0,3,0,13,1,1,0,20,0,16,1,0,0,1,1,1,19,0,20,2,18,2,18,20,0,2,18,0,20,20,0,20,0,20,19,1,0,0,0,0,0,0,0,0,0,20,0,20,0,20,0,20,0,0,0,0,13,0,14,6,20,0,0,0,1,19,0,0,20,0,1,19,0,0,20,0,20,0,0,4,16,11,8,1,1,0,19,0,0,20,0,1,19,0,0,20,0,16,4
4,BALOCHISTAN,26,SIBI DIVISION,104,DERA BUGTI DISTRICT,412,SUI TEHSIL,38,38,0,36,1,1,0,0,0,0,37,167156,64952,100666,1538,38,6,6,0,1,0,1,8,8,1,11,0,0,20,11,0,0,0,1,36,2,0,0,3,13,0,0,25,36,1,1,0,0,0,26,10,2,25,13,3,35,4,34,1,37,4,34,1,37,2,36,1,37,1,37,1,37,3,35,2,36,7,0,1,0,0,38,30,5,2,1,5,0,0,0,1,1,1,273,150,500,4,4,2,0,4,21,8,8,18,0,1,0,0,37,3,10,10,1,1,2,4,24,0,1,10,27,25,0,0,0,13,2,0,0,38,0,1,1,0,1,0,1,13,25,1,37,2,36,2,36,35,3,2,36,2,36,35,3,37,1,32,25,0,0,0,0,0,0,0,0,3,0,36,0,38,1,37,5,33,0,1,1,1,13,3,20,15,20,17,1,0,1,37,0,0,38,0,9,29,0,0,38,0,35,3,0,3,35,0,29,9,0,0,38,0,0,38,0,0,38,0,0,38,0,0,38
4,BALOCHISTAN,26,SIBI DIVISION,104,DERA BUGTI DISTRICT,624,PHELAWAGH,12,12,0,12,0,0,0,0,0,0,12,15116,6757,8304,55,11,0,10,0,0,0,0,0,0,0,9,0,0,2,1,0,0,0,0,11,1,0,0,0,8,0,0,4,12,0,0,0,0,0,10,2,0,9,3,8,4,3,9,1,11,4,8,0,12,0,12,0,12,0,12,0,12,0,12,0,12,1,0,0,0,0,12,9,4,0,0,0,0,0,0,0,0,0,120,100,180,0,0,0,0,0,10,0,3,5,0,0,0,0,12,0,5,3,0,0,0,2,0,1,0,2,9,11,0,9,1,0,0,0,0,12,0,0,0,0,0,0,0,7,5,1,11,0,12,0,12,9,3,0,12,0,12,7,5,12,0,3,8,0,0,0,0,0,0,0,0,0,0,12,0,12,0,12,0,12,0,0,0,0,0,0,11,1,11,1,0,0,11,1,0,0,12,0,11,1,0,0,12,0,12,0,0,1,11,0,0,12,0,0,12,0,0,12,0,1,11,0,0,12,0,1,11
4,BALOCHISTAN,26,SIBI DIVISION,105,HARNAI DISTRICT,413,HARNAI,64,64,4,58,0,2,0,0,0,4,60,26770,13592,12918,260,58,2,0,21,0,0,2,50,9,0,3,38,17,5,2,0,0,0,0,60,0,0,7,0,35,0,1,24,58,0,2,0,4,3,32,18,7,38,22,23,37,12,48,6,54,7,53,3,57,1,59,2,58,2,58,1,59,23,37,17,43,1,5,2,5,2,58,20,18,1,2,33,2,2,3,1,0,2,81,0,900,5,2,0,5,0,20,5,34,5,0,5,0,3,54,5,3,2,3,3,4,10,4,37,4,3,16,20,0,1,0,40,0,0,0,60,12,11,2,0,1,1,7,39,21,1,59,2,58,2,58,44,16,2,58,2,58,44,16,7,53,5,1,0,0,1,0,1,0,0,0,0,2,60,1,59,2,58,6,54,0,0,0,0,40,1,35,24,46,9,5,1,17,42,0,0,60,0,31,29,0,3,57,2,33,25,0,8,52,7,12,41,0,0,60,0,0,60,0,0,60,0,0,60,1,9,50
4,BALOCHISTAN,26,SIBI DIVISION,105,HARNAI DISTRICT,414,KHOAST SUB-,16,16,1,14,1,0,0,0,0,1,14,20719,3533,17055,131,15,0,0,0,14,0,3,15,0,0,3,14,15,0,0,0,0,0,0,15,0,0,0,0,14,0,0,1,14,1,0,0,1,0,11,4,0,12,3,12,3,3,12,3,12,3,12,1,14,0,15,0,15,0,15,0,15,3,12,0,15,0,0,0,0,0,15,15,11,0,12,0,0,0,0,1,0,1,59,0,100,0,11,0,0,0,14,1,15,0,0,1,0,0,14,1,3,4,2,0,0,4,0,12,0,2,1,15,0,0,0,0,0,0,0,15,15,15,1,0,0,1,0,15,0,0,15,0,15,1,14,15,0,0,15,0,15,14,1,15,0,14,14,15,0,3,0,0,0,0,0,0,14,1,0,15,1,14,3,12,0,0,0,0,0,0,14,1,15,0,0,0,15,0,0,8,7,0,15,0,0,0,15,0,15,0,0,10,5,0,1,14,0,0,15,0,0,15,0,1,14,0,0,15,0,1,14
4,BALOCHISTAN,26,SIBI DIVISION,105,HARNAI DISTRICT,415,SHAHRIG,16,16,1,9,6,0,0,0,0,1,9,3021,1504,1419,98,14,0,0,0,15,0,0,15,0,1,8,11,14,0,0,0,0,0,0,15,0,0,0,0,14,0,0,1,9,6,0,0,1,2,11,2,0,12,3,10,5,4,11,5,10,1,14,1,14,2,13,0,15,1,14,0,15,2,13,1,14,0,3,1,3,0,15,15,12,1,12,0,1,1,1,1,0,1,56,0,75,1,13,0,0,0,15,0,15,0,0,1,0,2,14,2,2,2,0,1,1,3,1,14,0,0,1,15,0,0,0,0,0,0,0,15,15,15,1,0,1,1,1,14,1,1,14,1,14,1,14,15,0,1,14,1,14,15,0,15,0,15,15,15,0,0,0,1,0,0,0,0,14,0,1,14,1,14,1,14,0,1,0,0,0,0,14,1,14,1,0,0,15,0,0,7,8,0,15,0,0,1,14,1,14,0,0,10,5,0,0,15,0,0,15,0,0,15,0,0,15,0,0,15,0,0,15
4,BALOCHISTAN,26,SIBI DIVISION,106,KOHLU DISTRICT,416,SUB-TEHSIL GRISANI,4,4,0,4,0,0,0,0,0,0,4,8204,7593,594,17,4,0,1,0,0,0,0,1,0,0,1,0,0,4,0,0,0,0,0,4,0,0,0,0,1,0,0,3,4,0,0,0,0,0,1,0,3,4,0,4,0,4,0,2,2,2,2,0,4,0,4,0,4,0,4,0,4,0,4,0,4,4,0,0,0,0,4,2,0,0,0,2,0,0,0,0,0,0,287,250,300,0,0,0,0,0,1,0,0,3,0,0,0,0,4,0,0,0,0,0,0,4,4,0,0,2,2,0,0,0,0,4,0,0,0,4,0,0,0,0,0,0,1,1,3,0,4,1,3,0,4,4,0,0,4,0,4,0,4,4,0,4,0,0,0,0,0,0,0,0,0,0,0,4,0,4,0,4,0,4,0,0,0,0,4,0,4,0,0,4,0,0,0,4,0,0,4,0,1,3,0,0,4,4,0,0,0,0,4,0,0,4,0,0,4,0,0,4,0,0,4,0,0,4,0,0,4
4,BALOCHISTAN,26,SIBI DIVISION,106,KOHLU DISTRICT,417,KAHAN,123,123,5,109,0,1,0,0,0,13,110,124570,36924,87398,248,117,0,0,0,23,0,0,1,0,0,0,4,1,114,9,1,0,0,0,102,16,0,0,0,9,1,0,108,109,0,1,0,13,0,34,2,82,43,75,8,110,9,109,3,115,0,118,0,118,0,118,1,117,0,118,1,117,0,118,2,116,3,0,0,0,3,115,7,0,0,0,111,0,0,0,0,1,0,296,0,600,0,0,0,0,0,6,1,14,112,37,0,1,0,117,3,1,3,11,1,3,10,6,0,0,0,118,0,0,0,2,116,0,0,1,115,2,4,0,0,0,0,1,0,118,0,118,0,118,0,118,0,118,0,118,0,118,0,118,113,5,103,1,0,1,1,0,0,0,0,0,5,33,82,0,118,0,118,0,118,0,0,0,0,116,1,67,50,2,65,51,1,26,91,1,0,117,0,27,91,0,6,112,65,20,33,0,2,116,0,3,115,0,2,116,0,2,116,0,15,103,0,2,116,10,20,88
4,BALOCHISTAN,26,SIBI DIVISION,106,KOHLU DISTRICT,418,KOHLU,10,10,0,8,2,0,0,0,0,0,8,14917,10030,4664,223,10,0,6,0,0,0,3,7,0,0,8,0,0,3,0,0,0,0,0,10,0,0,0,0,8,0,0,2,8,2,0,0,0,1,4,4,1,10,0,8,2,8,2,6,4,6,4,4,6,1,9,1,9,1,9,1,9,5,5,4,6,9,0,1,0,0,10,8,5,1,3,2,1,0,1,1,0,0,295,250,350,7,8,1,0,0,0,0,0,2,0,1,1,1,8,1,1,1,1,1,1,6,4,8,0,0,2,8,0,0,0,2,0,1,0,10,0,0,0,0,0,1,6,7,3,1,9,3,7,1,9,9,1,1,9,1,9,8,2,10,0,10,0,0,0,1,0,0,0,0,0,0,0,9,1,9,1,9,2,8,0,0,0,1,2,1,8,1,0,10,0,0,8,2,0,1,9,0,3,7,0,0,10,9,1,0,0,6,4,0,0,10,0,0,10,0,1,9,0,0,10,0,0,10,0,0,10
4,BALOCHISTAN,26,SIBI DIVISION,106,KOHLU DISTRICT,419,MAWAND,38,38,0,37,1,0,0,0,0,0,37,58817,17622,40669,526,35,1,3,0,31,6,0,1,0,2,1,0,4,34,0,0,0,0,0,36,2,0,0,0,3,1,0,34,37,1,0,0,0,0,35,3,0,25,13,18,20,6,32,3,35,2,36,0,38,0,38,0,38,3,35,0,38,9,29,4,34,5,0,3,0,5,33,38,1,1,0,0,1,1,1,0,1,2,351,90,600,0,1,0,1,1,2,2,30,35,0,2,1,0,35,3,9,4,2,4,3,9,23,0,1,3,34,2,1,0,2,34,1,0,0,35,2,0,1,0,0,0,5,17,21,1,37,0,38,2,36,1,37,0,38,1,37,1,37,30,8,26,0,1,0,1,0,0,0,0,0,0,0,37,0,38,0,38,1,37,0,0,0,0,34,1,36,1,24,13,1,0,14,24,0,4,34,0,34,4,0,4,34,11,26,1,0,6,32,2,13,23,0,4,34,0,1,37,0,15,23,0,3,35,9,15,14
4,BALOCHISTAN,26,SIBI DIVISION,106,KOHLU DISTRICT,420,SUB-TEHSIL TAMBOO,23,23,0,23,0,0,0,0,0,0,23,23094,11355,10970,769,23,0,1,0,0,0,0,0,0,0,1,0,0,23,0,0,0,0,0,15,8,0,0,0,1,0,0,22,23,0,0,0,0,0,22,1,0,15,8,10,13,3,20,2,21,3,20,2,21,0,23,1,22,0,23,0,23,2,21,1,22,7,0,4,0,1,22,1,1,0,0,21,1,1,1,1,2,1,231,20,500,0,1,0,0,2,6,0,6,22,2,3,0,0,20,6,10,8,1,0,0,8,0,0,1,3,19,0,0,0,1,22,0,0,0,22,1,0,0,0,0,0,0,0,23,1,22,11,12,2,21,10,13,4,19,1,22,5,18,22,1,22,0,0,0,0,0,0,0,0,0,0,0,23,0,23,0,23,0,23,0,0,0,0,22,0,12,11,5,13,5,0,2,21,0,1,22,0,9,14,0,0,23,3,4,16,0,0,23,0,0,23,0,0,23,0,1,22,0,1,22,0,0,23,0,0,23
4,BALOCHISTAN,26,SIBI DIVISION,107,SIBI DISTRICT,421,KOT MANDAI SUB-,8,8,0,8,0,0,0,0,0,0,8,12447,6958,5433,56,7,1,2,0,0,0,0,0,7,0,0,0,0,0,0,0,0,0,0,8,0,0,0,0,0,0,0,8,8,0,0,0,0,0,8,0,0,3,5,0,8,0,8,0,8,0,8,0,8,0,8,0,8,0,8,0,8,1,7,0,8,0,0,0,0,0,8,6,0,0,0,2,0,0,0,0,0,0,140,120,150,0,0,0,0,0,0,8,0,0,0,0,0,0,8,0,0,2,0,0,0,0,0,0,0,0,8,2,0,0,0,6,0,0,0,8,0,0,0,0,0,0,0,1,7,0,8,0,8,0,8,0,8,0,8,0,8,0,8,6,2,5,2,0,0,0,0,0,0,0,0,0,0,8,0,8,0,8,0,8,0,0,0,0,6,0,1,7,5,3,0,0,1,7,0,0,8,0,2,6,0,0,8,0,8,0,0,0,8,0,1,7,0,0,8,0,0,8,0,0,8,0,0,8,0,0,8
4,BALOCHISTAN,26,SIBI DIVISION,107,SIBI DISTRICT,422,LEHRI,115,115,25,87,2,1,0,0,0,25,88,375815,290385,79679,5751,76,1,22,0,17,15,0,7,3,1,34,72,0,71,1,1,0,0,0,26,64,0,0,0,32,0,0,58,87,2,1,0,25,0,82,6,2,43,47,19,71,8,82,7,83,7,83,5,85,2,88,2,88,2,88,2,88,3,87,4,86,2,2,4,1,5,85,28,11,3,3,57,1,3,1,4,4,0,436,0,600,9,9,0,0,0,1,1,0,45,40,3,4,0,83,4,7,5,7,2,4,6,5,29,2,8,51,74,0,0,1,16,3,0,14,87,1,28,4,0,0,1,2,11,79,3,87,59,31,4,86,3,87,21,69,7,83,5,85,74,17,73,7,1,1,56,0,0,0,0,0,0,0,36,2,88,4,86,3,87,0,0,0,0,16,2,36,52,30,47,13,0,11,79,0,2,88,0,18,72,0,1,89,40,22,28,0,8,82,2,40,48,0,1,89,0,0,90,0,1,89,0,0,90,1,11,78
4,BALOCHISTAN,26,SIBI DIVISION,107,SIBI DISTRICT,423,SANGAN SUB-,3,3,0,3,0,0,0,0,0,0,3,9430,3992,5422,16,3,0,0,0,0,0,0,0,0,0,0,3,0,0,0,1,0,0,1,3,0,0,0,0,0,0,0,3,3,0,0,0,0,0,3,0,0,2,1,1,2,1,2,0,3,0,3,0,3,0,3,0,3,0,3,0,3,1,2,0,3,0,0,0,0,0,3,0,0,0,0,3,0,0,0,0,0,0,103,80,120,0,0,0,0,0,0,3,0,0,0,0,0,0,3,0,0,2,0,0,1,0,0,0,0,0,3,2,0,0,0,1,0,0,0,3,0,0,1,0,0,0,0,1,2,0,3,0,3,0,3,0,3,0,3,0,3,0,3,0,3,0,0,0,1,0,0,0,0,0,0,0,0,3,0,3,0,3,0,3,0,0,0,0,1,0,2,1,2,1,0,0,0,3,0,0,3,0,1,2,0,0,3,1,2,0,0,0,3,0,2,1,0,0,3,0,0,3,0,3,0,0,0,3,0,2,1
4,BALOCHISTAN,26,SIBI DIVISION,107,SIBI DISTRICT,424,SIBI,34,34,4,29,1,0,1,0,1,3,29,236387,179026,51916,5445,34,1,32,0,0,1,0,1,13,0,16,7,0,0,16,0,0,0,0,21,10,4,1,0,22,0,0,8,29,1,0,1,3,0,15,16,0,28,3,28,3,14,17,16,15,9,22,8,23,1,30,1,30,2,29,1,30,6,25,2,29,15,0,6,1,4,26,16,24,1,4,3,1,1,1,1,1,1,288,100,530,15,5,0,0,0,0,6,5,0,5,4,2,0,24,15,9,9,3,3,7,15,11,27,0,1,3,24,0,1,0,7,6,1,0,25,0,0,1,1,1,1,1,16,15,3,28,23,8,1,30,1,30,14,17,1,30,1,30,16,16,10,15,0,0,7,1,1,0,0,0,2,0,25,1,30,11,20,3,28,0,0,0,0,7,0,26,4,21,9,1,0,12,19,0,4,27,0,18,13,0,2,29,1,21,9,0,10,20,0,14,17,0,1,30,0,1,30,0,1,30,0,2,29,0,5,26
4,BALOCHISTAN,26,SIBI DIVISION,108,ZIARAT DISTRICT,425,SINJAWI SUB-,62,62,3,57,2,0,0,0,0,3,57,53681,18811,33191,1679,34,0,0,0,0,0,39,9,0,0,23,1,46,9,10,1,0,0,1,58,1,0,0,0,33,2,8,16,57,2,0,0,3,1,58,0,0,35,24,20,39,7,52,6,53,8,51,3,56,1,58,0,59,2,57,0,59,12,47,6,53,4,0,2,0,0,59,30,1,2,11,27,6,3,4,5,1,1,526,0,900,3,0,1,0,0,30,0,39,8,0,9,0,1,50,6,8,7,3,3,2,3,1,16,17,15,11,58,0,6,1,1,0,0,0,58,23,0,7,1,1,3,5,19,40,4,55,4,55,6,53,34,25,5,54,6,53,42,17,54,5,52,3,0,1,38,0,3,0,0,0,0,54,0,3,56,2,57,6,53,0,0,0,0,1,1,29,29,36,11,12,0,23,36,0,3,56,0,29,30,0,3,56,9,37,13,0,1,58,1,2,56,0,2,57,0,0,59,0,3,56,0,0,59,1,2,56
4,BALOCHISTAN,26,SIBI DIVISION,108,ZIARAT DISTRICT,426,ZIARAT,30,30,2,27,1,0,0,0,0,2,27,21445,7901,13339,205,2,0,0,0,0,0,27,0,0,0,28,0,7,1,1,0,0,0,0,28,0,0,0,0,18,0,0,10,27,1,0,0,2,1,20,7,0,24,4,21,7,15,13,15,13,12,16,7,21,1,27,1,27,2,26,2,26,11,17,9,19,3,2,0,2,1,27,25,7,0,3,2,5,2,4,0,2,1,732,0,1200,2,6,0,1,1,16,0,10,15,0,2,0,1,26,8,8,8,9,7,8,10,10,20,7,0,1,0,0,0,0,28,13,0,0,15,0,0,6,0,0,3,5,16,12,0,28,3,25,8,20,12,16,10,18,16,12,13,15,28,0,28,0,0,0,1,0,0,0,0,0,0,26,2,3,25,3,25,7,21,0,0,0,0,28,1,20,7,22,6,0,0,16,12,0,4,24,0,21,7,0,0,28,5,23,0,0,7,21,0,1,27,0,0,28,0,2,26,0,0,28,0,0,28,0,2,26
4,BALOCHISTAN,27,ZHOB DIVISION,109,BARKHAN DISTRICT,427,BARKHAN,132,132,1,121,2,8,0,0,0,1,129,271495,121972,145148,4375,130,1,99,1,7,1,15,101,1,5,115,8,3,66,48,15,0,0,0,131,1,0,0,0,70,2,12,48,121,2,8,0,1,3,91,36,1,127,5,82,50,46,86,23,109,20,112,6,126,1,131,2,130,1,131,5,127,6,126,7,125,7,0,8,0,50,82,123,31,1,5,2,6,5,6,2,4,4,337,0,700,2,57,0,1,34,107,0,7,39,1,2,5,3,121,9,17,9,5,8,17,8,8,2,24,68,37,126,2,2,1,3,3,2,3,128,2,81,9,0,0,2,39,100,32,3,129,8,124,5,127,121,11,9,123,9,123,115,17,129,3,98,45,1,15,84,1,2,0,0,0,0,48,66,2,130,4,128,18,114,0,0,1,49,3,7,103,22,22,102,8,0,76,56,0,6,126,2,119,11,0,19,113,16,103,13,1,64,67,1,107,24,0,12,120,0,16,116,1,81,50,0,4,128,2,94,36
4,BALOCHISTAN,27,ZHOB DIVISION,110,KILLA SAIFULLAH DISTRICT,428,BADINI SUB-,7,7,0,7,0,0,0,0,0,0,7,1307,633,498,176,6,0,0,0,0,0,0,0,0,0,0,0,5,1,0,0,0,0,0,7,0,0,0,0,0,0,0,7,7,0,0,0,0,0,7,0,0,4,3,0,7,0,7,0,7,0,7,0,7,0,7,0,7,0,7,0,7,0,7,0,7,0,0,0,0,0,7,0,0,0,0,7,0,0,0,0,0,0,100,100,100,0,0,0,0,0,0,0,7,0,0,0,0,0,7,1,1,1,1,0,0,0,1,0,0,0,7,1,6,0,0,0,0,0,0,6,1,0,0,0,0,0,0,0,7,0,7,0,7,0,7,0,7,0,7,0,7,0,7,7,0,7,0,0,0,4,0,0,0,0,0,0,0,3,0,7,0,7,0,7,0,0,0,0,0,1,2,4,4,3,0,0,0,7,0,0,7,0,6,1,0,0,7,2,5,0,0,0,7,0,0,7,0,0,7,0,0,7,0,0,7,0,0,7,0,0,7
4,BALOCHISTAN,27,ZHOB DIVISION,110,KILLA SAIFULLAH DISTRICT,429,KAN MEHTARZAI SUB-,16,16,0,16,0,0,0,0,0,0,16,11995,4535,7276,184,8,0,0,0,0,0,15,16,0,0,16,0,13,0,0,1,0,0,0,15,1,0,0,0,16,0,0,0,16,0,0,0,0,0,16,0,0,16,0,5,11,6,10,1,15,2,14,1,15,0,16,0,16,0,16,0,16,1,15,0,16,0,0,0,0,0,16,16,0,0,0,0,0,0,0,0,0,0,515,400,600,0,0,0,0,0,16,0,16,10,0,8,0,0,8,0,0,0,0,0,0,0,0,2,3,11,0,16,0,0,0,0,0,0,14,2,0,0,0,0,0,0,0,16,0,0,16,1,15,0,16,15,1,0,16,0,16,2,14,16,0,16,0,0,1,16,0,0,0,0,0,0,0,0,0,16,0,16,1,15,0,0,0,0,0,0,16,0,10,6,0,0,0,16,0,0,16,0,1,15,0,0,16,6,10,0,0,6,10,0,0,16,0,0,16,0,0,16,0,0,16,0,0,16,0,0,16
4,BALOCHISTAN,27,ZHOB DIVISION,110,KILLA SAIFULLAH DISTRICT,430,KILLA SAIFULLAH,60,60,1,44,15,0,0,0,0,1,44,41598,24924,16079,595,56,0,0,0,1,0,27,26,0,0,52,3,8,3,17,1,0,0,0,58,1,16,12,210,52,0,0,7,44,15,0,0,1,2,54,3,0,42,17,25,34,10,49,2,57,4,55,1,58,1,58,1,58,2,57,1,58,10,49,6,53,1,4,1,5,2,57,59,25,3,17,0,1,1,1,1,1,2,443,0,700,8,5,1,0,1,21,0,11,42,33,1,1,2,57,1,1,1,1,1,1,3,1,49,0,2,8,56,0,2,2,1,1,0,1,57,8,0,1,1,1,1,4,54,5,1,58,3,56,1,58,55,4,1,58,1,58,28,31,1,58,1,0,0,1,4,0,1,0,0,0,0,0,55,3,56,3,56,8,51,0,0,1,1,1,0,36,23,0,58,1,0,25,34,0,6,53,0,56,3,0,1,58,0,57,2,0,3,56,0,0,59,0,0,59,0,0,59,0,0,59,0,1,58,0,0,59
4,BALOCHISTAN,27,ZHOB DIVISION,110,KILLA SAIFULLAH DISTRICT,431,LOIBAND,29,29,0,28,1,0,0,0,0,0,28,7880,4059,3711,110,16,0,0,0,0,0,28,17,0,0,21,0,22,0,0,0,0,0,0,28,1,0,0,0,7,0,0,22,28,1,0,0,0,0,28,1,0,20,9,11,18,5,24,0,29,1,28,0,29,0,29,0,29,0,29,0,29,2,27,0,29,0,0,0,0,0,29,28,0,0,0,1,1,0,0,0,1,0,421,350,500,0,0,0,0,0,18,0,28,0,0,2,0,0,27,1,3,4,2,2,1,1,1,6,3,0,20,26,0,0,0,3,0,1,25,6,0,2,1,0,0,0,1,21,8,0,29,1,28,0,29,21,8,4,25,0,29,20,9,25,4,25,0,0,0,24,0,0,0,0,0,0,0,5,0,29,1,28,2,27,0,0,0,0,3,0,16,13,8,20,1,0,7,22,0,0,29,0,7,22,0,0,29,20,9,0,0,0,29,0,0,29,0,0,29,0,0,29,0,0,29,0,0,29,0,0,29
4,BALOCHISTAN,27,ZHOB DIVISION,110,KILLA SAIFULLAH DISTRICT,432,MUSLIM BAGH,37,37,1,29,6,1,0,0,0,1,30,22259,12467,9711,81,8,0,0,0,8,0,36,9,0,0,16,0,31,0,0,0,0,0,0,36,0,3,1,0,35,1,0,0,29,6,1,0,1,0,33,3,0,36,0,25,11,12,24,8,28,6,30,2,34,2,34,2,34,1,35,1,35,9,27,7,29,2,4,2,4,0,36,23,10,1,10,10,2,2,3,1,1,1,535,0,900,5,1,1,0,5,7,0,30,18,0,1,0,0,35,1,3,5,0,4,3,6,1,27,2,1,6,35,0,1,0,1,0,4,0,36,19,0,4,3,3,3,5,35,1,3,33,3,33,1,35,34,2,1,35,2,34,35,1,35,1,35,0,0,0,1,0,1,0,0,0,1,0,36,1,35,1,35,3,33,0,0,0,0,1,1,33,2,6,29,1,0,29,7,0,6,30,0,34,2,0,0,36,27,9,0,0,5,31,0,0,36,0,1,35,0,0,36,0,1,35,0,0,36,0,1,35
4,BALOCHISTAN,27,ZHOB DIVISION,110,KILLA SAIFULLAH DISTRICT,434,SHINKI SUB-,15,15,0,15,0,0,0,0,0,0,15,32856,22635,10114,107,13,1,0,0,0,0,13,0,0,0,13,1,4,3,1,1,0,0,0,15,0,0,0,0,0,0,0,15,15,0,0,0,0,0,15,0,0,13,2,2,13,6,9,0,15,1,14,0,15,0,15,0,15,0,15,0,15,5,10,0,15,0,0,0,0,0,15,15,0,0,0,0,0,0,0,0,0,0,416,300,500,0,5,0,0,0,5,1,7,11,0,0,0,0,15,0,0,0,0,0,0,3,0,0,0,1,14,15,0,0,0,0,0,0,0,15,15,0,1,0,0,1,1,14,1,0,15,0,15,0,15,14,1,0,15,0,15,14,1,0,15,0,0,0,1,14,0,0,0,0,0,0,0,8,0,15,0,15,11,4,0,0,0,0,0,0,12,3,0,14,1,0,15,0,0,12,3,0,15,0,0,0,15,2,13,0,0,0,15,0,0,15,0,0,15,0,0,15,0,3,12,0,0,15,0,0,15
4,BALOCHISTAN,27,ZHOB DIVISION,111,LORALAI DISTRICT,437,BORI,95,95,0,94,0,1,0,0,0,0,95,242323,82441,153749,6133,81,0,10,0,18,0,71,66,2,3,84,1,4,19,8,1,0,0,0,92,3,39,6,0,41,0,1,53,94,0,1,0,0,2,87,6,0,69,26,37,58,21,74,13,82,8,87,2,93,0,95,0,95,2,93,1,94,22,73,10,85,11,1,4,0,1,94,72,33,1,3,21,1,2,1,2,3,1,310,90,700,7,52,8,0,23,60,1,2,19,1,10,1,2,82,9,9,13,0,2,3,9,11,28,31,25,11,92,0,4,2,3,1,14,14,94,33,38,10,0,2,0,26,62,33,3,92,12,83,4,91,68,27,7,88,7,88,59,36,93,2,93,18,12,1,48,0,0,0,1,0,0,26,26,0,95,1,94,11,84,0,0,0,2,3,4,56,35,40,50,5,0,49,46,0,3,92,0,55,40,0,2,93,29,63,3,0,9,86,0,4,91,0,0,95,0,0,95,0,5,90,0,0,95,27,6,62
4,BALOCHISTAN,27,ZHOB DIVISION,111,LORALAI DISTRICT,438,MEKHTAR SUB-,82,82,11,70,1,0,0,0,0,11,70,190783,21148,169098,537,66,0,4,0,27,17,20,57,2,1,58,2,9,26,2,13,0,0,0,70,5,55,4,1,11,0,0,63,70,1,0,0,11,0,72,2,1,31,43,16,56,7,67,7,66,2,73,4,70,1,74,3,71,0,75,3,71,5,70,7,67,6,3,1,1,3,71,71,9,0,1,4,2,3,5,2,2,0,144,0,700,2,5,0,0,0,64,4,6,13,5,1,0,0,74,6,8,9,6,3,3,2,5,5,2,12,54,57,0,3,0,16,0,0,0,73,0,33,2,0,1,1,5,43,32,2,73,2,73,4,71,72,3,3,72,4,71,39,36,29,46,21,4,0,13,2,1,0,0,0,1,0,60,13,0,75,1,74,3,72,0,0,0,0,16,0,27,48,32,37,6,0,22,53,0,3,72,2,48,25,0,1,74,23,48,4,0,0,75,1,3,71,0,1,74,0,0,75,1,0,74,0,0,75,0,0,75
4,BALOCHISTAN,27,ZHOB DIVISION,111,LORALAI DISTRICT,650,LORALAI,3,3,0,0,3,0,0,0,0,0,0,1680,259,1221,200,0,0,0,0,0,0,3,3,0,0,3,0,0,0,0,0,0,0,0,3,0,2,24,0,3,0,0,0,0,3,0,0,0,0,0,3,0,3,0,3,0,3,0,3,0,1,2,1,2,1,2,1,2,1,2,1,2,3,0,2,1,1,0,1,0,0,3,3,3,2,2,0,1,1,1,1,1,1,200,200,200,2,0,0,0,0,1,0,0,1,0,3,0,0,0,2,2,2,0,1,2,2,2,3,0,0,0,3,0,0,0,0,0,3,0,0,0,0,2,0,0,1,1,3,0,2,1,2,1,1,2,3,0,2,1,0,3,3,0,3,0,1,2,0,0,3,0,1,0,0,0,0,0,0,1,2,1,2,1,2,0,0,1,1,0,0,3,0,0,2,1,1,2,0,0,1,2,0,3,0,0,1,2,2,1,0,0,1,2,0,0,3,0,1,2,0,0,3,0,1,2,0,0,3,0,2,1
4,BALOCHISTAN,27,ZHOB DIVISION,112,MUSAKHEL DISTRICT,439,DRUG,8,8,0,8,0,0,0,0,0,0,8,6578,2191,3928,459,8,0,0,0,6,0,0,0,0,0,0,3,4,3,1,1,0,0,0,8,0,0,0,0,3,0,0,5,8,0,0,0,0,0,2,5,1,6,2,5,3,5,3,4,4,4,4,2,6,1,7,0,8,0,8,0,8,1,7,0,8,1,0,0,0,0,8,0,0,0,0,8,0,0,0,1,1,0,185,35,400,6,1,0,0,1,0,0,2,0,0,0,0,0,8,1,2,1,0,0,0,4,3,2,0,0,6,6,1,0,1,1,0,5,0,8,0,1,2,1,0,0,2,8,0,0,8,7,1,7,1,8,0,7,1,7,1,8,0,0,8,0,0,0,1,8,0,0,0,0,0,0,0,0,0,8,1,7,2,6,0,0,0,0,1,0,7,1,0,8,0,0,7,1,0,0,8,0,5,3,0,0,8,0,7,1,0,4,4,0,0,8,0,0,8,0,0,8,0,0,8,0,0,8,0,1,7
4,BALOCHISTAN,27,ZHOB DIVISION,112,MUSAKHEL DISTRICT,440,KINGRI,10,10,0,8,0,2,0,0,0,0,10,37215,5754,23896,7565,10,0,0,0,4,1,0,1,0,0,1,0,0,7,0,3,0,0,0,2,8,0,0,0,2,0,0,8,8,0,2,0,0,0,8,1,1,10,0,4,6,6,4,2,8,5,5,2,8,1,9,0,10,0,10,0,10,7,3,2,8,3,0,3,0,0,10,10,2,1,0,0,1,0,0,2,2,1,307,200,700,1,0,0,0,1,0,0,1,9,9,0,0,0,10,5,7,7,1,3,1,6,5,0,0,7,3,7,0,0,1,2,0,1,0,3,0,10,2,0,0,1,2,9,1,0,10,1,9,2,8,10,0,2,8,0,10,10,0,0,10,0,0,0,3,0,0,0,0,0,0,0,0,10,1,9,4,6,3,7,0,0,0,0,2,0,10,0,0,10,0,0,10,0,0,1,9,0,10,0,0,6,4,5,5,0,0,3,7,0,2,8,0,0,10,0,0,10,0,7,3,0,0,10,0,10,0
4,BALOCHISTAN,27,ZHOB DIVISION,112,MUSAKHEL DISTRICT,441,MUSAKHEL,38,38,0,33,5,0,0,0,0,0,33,70614,31655,36800,2159,37,0,0,0,29,15,1,14,1,0,15,8,5,18,15,1,0,0,1,38,0,4,3,2,19,1,0,18,33,5,0,0,0,0,19,19,0,34,4,6,32,10,28,1,37,3,35,1,37,1,37,1,37,1,37,0,38,9,29,3,35,5,2,5,2,1,37,33,0,0,1,5,2,4,3,2,6,2,154,50,500,6,19,0,0,0,28,1,12,12,0,0,1,0,37,1,12,6,1,1,2,5,3,3,8,9,18,33,1,0,1,4,0,0,9,38,0,14,2,1,1,2,3,33,5,3,35,8,30,4,34,37,1,6,32,4,34,37,1,28,10,1,6,1,1,27,0,0,0,0,0,0,0,15,2,36,3,35,4,34,0,0,0,0,4,0,32,6,27,9,2,0,31,7,0,3,35,0,31,7,0,12,26,9,22,7,0,1,37,0,3,35,0,0,38,0,0,38,0,1,37,0,0,38,0,2,36
4,BALOCHISTAN,27,ZHOB DIVISION,112,MUSAKHEL DISTRICT,651,SUB-TEHSIL TEAR ESSOT,8,8,0,8,0,0,0,0,0,0,8,2817,1063,1448,306,8,0,0,0,8,0,0,0,0,0,0,5,5,1,4,0,0,0,0,5,3,0,0,0,2,0,0,6,8,0,0,0,0,0,0,8,0,5,3,1,7,2,6,1,7,1,7,1,7,1,7,1,7,1,7,1,7,2,6,1,7,0,0,1,0,0,8,8,0,0,0,0,1,0,1,0,0,0,142,88,200,0,0,0,0,0,1,0,8,4,0,0,0,0,8,0,1,0,0,0,0,0,0,1,0,2,5,8,0,0,1,0,0,0,0,8,0,5,0,0,0,0,0,6,2,0,8,1,7,0,8,6,2,1,7,0,8,8,0,0,8,0,0,0,0,0,0,0,0,0,0,0,0,8,0,8,0,8,0,8,0,0,0,0,0,0,8,0,3,5,0,0,8,0,0,6,2,0,8,0,0,3,5,5,3,0,0,0,8,0,0,8,0,0,8,0,0,8,0,0,8,0,0,8,0,0,8
4,BALOCHISTAN,27,ZHOB DIVISION,112,MUSAKHEL DISTRICT,652,SUB-TEHSIL ZAMRI PALASIN,7,7,0,7,0,0,0,0,0,0,7,854,236,575,43,7,0,0,0,0,0,0,0,0,0,1,7,6,6,7,0,0,0,0,7,0,0,0,0,0,0,0,7,7,0,0,0,0,0,0,7,0,5,2,1,6,1,6,0,7,0,7,0,7,0,7,0,7,0,7,0,7,6,1,5,2,1,0,0,0,1,6,7,0,0,0,0,0,0,0,0,0,0,154,110,190,0,0,0,0,0,0,0,7,7,0,5,1,0,0,0,2,1,1,0,0,0,1,0,0,0,7,7,0,0,0,0,0,0,0,7,0,0,0,0,0,0,0,0,7,0,7,0,7,0,7,7,0,0,7,0,7,7,0,7,0,0,0,0,0,0,0,0,0,1,0,0,0,7,1,6,0,7,0,7,0,0,0,0,0,0,7,0,0,7,0,0,7,0,0,0,7,0,3,4,0,1,6,0,7,0,0,0,7,0,0,7,0,0,7,0,0,7,0,0,7,0,0,7,0,1,6
4,BALOCHISTAN,27,ZHOB DIVISION,113,SHERANI DISTRICT,442,SHERANI SUB-DIVISION,181,181,181,179,2,0,0,0,0,0,179,0,0,0,0,178,1,0,0,97,11,3,20,3,7,19,21,72,125,0,5,0,0,0,180,1,0,0,0,11,1,0,169,179,2,0,0,0,2,137,40,2,154,27,24,157,23,158,5,176,7,174,3,178,1,180,0,181,1,180,1,180,27,154,3,178,23,7,0,0,13,168,125,0,0,2,56,0,0,2,4,2,0,177,75,340,5,100,5,1,22,131,9,69,27,12,0,0,2,179,10,15,12,3,2,1,11,7,56,31,67,27,134,4,5,7,43,0,0,31,179,4,54,6,0,0,0,2,107,74,3,178,2,179,4,177,124,57,3,178,1,180,129,52,73,108,67,0,0,5,1,0,0,0,0,0,0,0,181,1,180,11,170,20,161,0,1,1,0,43,0,147,34,5,132,44,0,172,9,0,69,112,1,171,9,3,171,7,112,65,4,2,4,175,0,0,181,0,0,181,0,0,181,0,0,181,0,0,181,0,1,180
4,BALOCHISTAN,27,ZHOB DIVISION,114,ZHOB DISTRICT,443,ASHWAT SUB-TEHSIL,3,3,0,3,0,0,0,0,0,0,3,480,218,232,30,3,0,0,0,0,0,0,1,0,0,0,2,2,1,0,0,0,0,0,3,0,0,3,0,0,0,1,2,3,0,0,0,0,0,2,0,1,3,0,3,0,1,2,2,1,2,1,2,1,1,2,2,1,2,1,2,1,2,1,2,1,1,0,0,0,0,3,2,1,0,0,0,1,0,0,1,0,0,91,90,95,0,3,0,0,1,2,0,1,0,0,0,0,0,3,2,3,2,2,2,2,2,2,0,0,1,2,3,0,0,0,0,0,0,1,2,1,1,2,0,0,0,1,1,2,0,3,1,2,2,1,2,1,1,2,1,2,2,1,3,0,3,0,0,0,3,0,0,0,0,0,0,0,0,0,3,0,3,1,2,0,0,0,0,0,0,3,0,0,2,1,0,2,1,0,0,3,0,0,3,0,0,3,2,1,0,0,0,3,0,0,3,0,0,3,0,0,3,0,0,3,0,0,3,0,1,2
4,BALOCHISTAN,27,ZHOB DIVISION,114,ZHOB DISTRICT,446,SAMBAZA SUB-,19,19,2,18,0,0,0,0,0,1,18,5580,409,5073,98,18,0,0,0,0,0,2,0,0,0,2,0,3,17,1,0,0,0,0,18,0,0,0,0,2,0,0,16,18,0,0,0,1,2,15,1,0,13,5,9,9,5,13,4,14,1,17,1,17,1,17,3,15,1,17,1,17,1,17,1,17,5,0,0,0,1,17,13,1,0,2,5,0,0,0,0,0,0,133,0,210,0,4,3,0,9,13,0,0,0,0,0,0,2,18,4,6,5,4,3,2,3,0,0,3,12,3,17,0,0,0,1,0,0,16,18,0,6,0,0,0,0,0,0,18,0,18,0,18,0,18,2,16,0,18,0,18,4,14,0,18,0,0,0,0,18,0,0,0,0,0,0,0,0,0,18,0,18,0,18,0,0,0,0,1,0,11,7,1,8,9,0,7,11,0,2,16,0,4,14,0,0,18,1,14,3,0,1,17,0,2,16,0,0,18,0,2,16,0,0,18,0,0,18,0,6,12
4,BALOCHISTAN,27,ZHOB DIVISION,114,ZHOB DISTRICT,447,ZHOB,78,78,3,74,1,0,0,0,0,3,74,222879,34586,185127,3166,68,0,1,1,17,0,28,41,14,4,30,6,41,35,25,0,0,0,0,74,1,86,0,0,31,0,0,44,74,1,0,0,3,1,51,21,2,69,6,44,31,34,41,26,49,22,53,14,61,3,72,7,68,3,72,10,65,18,57,12,63,26,1,24,0,2,73,72,35,2,19,1,8,6,5,5,2,4,72,0,300,13,65,11,0,11,50,7,21,18,0,3,2,1,70,23,35,22,17,14,15,28,12,55,7,11,2,65,0,3,3,4,0,1,10,75,1,27,3,0,1,2,4,47,28,6,69,7,68,6,69,45,30,10,65,8,67,46,29,2,73,2,0,0,0,72,0,0,0,0,0,0,1,2,2,73,1,74,5,70,0,0,0,1,4,6,43,26,16,39,20,1,32,42,0,5,70,5,35,35,0,16,59,14,49,12,1,11,63,0,1,74,0,0,75,0,1,74,0,0,75,0,0,75,0,14,61
4,BALOCHISTAN,27,ZHOB DIVISION,114,ZHOB DISTRICT,653,QAMAR DIN KAREZ,3,3,0,3,0,0,0,0,0,0,3,670,240,310,120,3,0,0,0,0,0,0,0,0,0,3,0,0,3,0,0,0,0,0,3,0,0,0,0,2,0,0,1,3,0,0,0,0,0,3,0,0,3,0,2,1,1,2,0,3,1,2,0,3,0,3,0,3,0,3,0,3,3,0,1,2,1,0,0,0,0,3,3,0,0,2,0,1,0,0,0,0,0,91,80,100,0,2,1,0,0,2,0,0,0,0,0,0,0,3,2,1,1,3,2,2,2,0,0,2,1,0,3,0,0,0,0,0,0,0,3,0,3,1,0,0,0,1,1,2,0,3,1,2,2,1,1,2,3,0,0,3,2,1,0,3,0,0,0,0,2,0,0,0,0,0,0,2,0,0,3,1,2,1,2,0,0,0,0,0,0,3,0,0,3,0,0,3,0,0,0,3,0,3,0,0,1,2,3,0,0,0,0,3,0,0,3,0,0,3,0,0,3,0,0,3,0,0,3,0,1,2
4,BALOCHISTAN,24,NASIRABAD DIVISION,153,SOHBATPUR DISTRICT,372,SOHBATPUR,13,13,0,12,1,0,0,0,0,0,12,48896,46386,1260,1250,13,13,0,0,0,6,0,0,13,1,0,0,0,0,0,0,0,0,0,4,9,0,0,18,10,0,0,3,12,1,0,0,0,0,4,8,1,13,0,13,0,5,8,3,10,4,9,2,11,0,13,1,12,0,13,0,13,6,7,0,13,7,1,1,0,0,13,12,13,0,0,0,0,0,0,0,0,0,63,7,80,3,8,1,3,0,2,0,7,3,0,0,1,0,11,3,5,5,0,3,1,5,5,0,11,2,0,12,0,0,0,1,5,1,0,13,0,12,2,0,0,1,4,11,2,0,13,1,12,1,12,13,0,1,12,1,12,13,0,0,13,0,0,0,0,0,0,0,0,0,0,0,0,13,1,12,3,10,11,2,0,0,1,0,1,0,13,0,13,0,0,0,5,8,0,1,12,0,7,6,0,1,12,0,13,0,1,8,4,12,0,1,0,0,13,0,0,13,0,0,13,0,0,13,0,0,13
4,BALOCHISTAN,24,NASIRABAD DIVISION,153,SOHBATPUR DISTRICT,598,FARIDABAD,9,9,0,9,0,0,0,0,0,0,9,44713,43101,341,1271,9,9,0,0,0,3,0,1,9,1,0,0,0,0,0,0,0,0,0,0,9,0,0,0,7,0,0,2,9,0,0,0,0,0,0,9,0,9,0,9,0,7,2,3,6,5,4,1,8,0,9,0,9,0,9,0,9,3,6,0,9,5,0,0,0,0,9,9,9,0,0,0,0,0,0,0,0,0,77,75,80,2,0,0,3,3,0,0,0,9,0,0,0,0,9,5,5,4,0,1,0,6,6,0,9,0,0,9,0,0,0,0,1,0,0,9,1,9,2,0,0,0,3,9,0,0,9,0,9,0,9,8,1,0,9,0,9,9,0,0,9,0,0,0,0,0,0,0,0,0,0,0,0,9,0,9,4,5,9,0,0,0,1,0,0,0,9,0,9,0,0,0,7,2,0,1,8,0,3,6,0,0,9,0,9,0,0,8,1,9,0,0,0,0,9,0,0,9,0,1,8,0,0,9,0,5,4
4,BALOCHISTAN,24,NASIRABAD DIVISION,153,SOHBATPUR DISTRICT,609,PANHWAR,8,8,0,8,0,0,0,0,0,0,8,38637,29848,8312,477,8,8,0,0,0,0,0,0,8,0,0,0,0,0,0,0,0,0,0,4,4,0,0,5,0,0,0,8,8,0,0,0,0,0,0,7,1,7,1,3,5,4,4,2,6,3,5,0,8,1,7,0,8,0,8,0,8,1,7,0,8,0,0,0,0,0,8,0,8,0,0,0,0,0,0,0,0,0,50,40,80,0,4,0,0,1,2,0,1,0,2,0,1,0,7,0,0,0,0,0,0,1,0,0,3,5,0,8,0,0,1,0,0,0,0,8,0,2,1,0,0,0,1,1,7,0,8,0,8,0,8,8,0,0,8,0,8,8,0,0,8,0,0,0,0,0,0,0,0,0,0,0,8,0,0,8,1,7,7,1,0,0,0,0,0,0,7,1,6,2,0,0,3,5,0,0,8,0,8,0,0,0,8,2,6,0,0,2,6,5,1,2,0,0,8,0,0,8,0,1,7,0,0,8,0,1,7
4,BALOCHISTAN,24,NASIRABAD DIVISION,153,SOHBATPUR DISTRICT,610,HAIRDEEN,5,5,0,5,0,0,0,0,0,0,5,20300,19292,713,295,5,5,0,0,0,0,0,0,5,0,0,0,0,0,0,0,0,0,0,3,2,0,0,12,5,0,0,0,5,0,0,0,0,0,0,5,0,5,0,5,0,4,1,3,2,3,2,1,4,1,4,0,5,0,5,0,5,1,4,0,5,2,2,0,0,0,5,5,5,0,0,0,0,0,0,0,0,0,52,30,80,0,3,0,0,3,0,0,0,3,0,0,0,0,5,2,3,4,0,0,0,4,3,0,5,0,0,5,0,0,0,0,0,0,0,5,0,5,0,0,0,0,0,4,1,1,4,0,5,0,5,5,0,0,5,0,5,5,0,0,5,0,0,0,0,0,0,0,0,0,0,0,0,5,0,5,2,3,4,1,0,0,0,0,0,0,5,0,5,0,0,0,3,2,0,0,5,0,0,5,0,0,5,0,5,0,0,5,0,5,0,0,0,0,5,0,0,5,0,0,5,0,0,5,0,1,4
4,BALOCHISTAN,24,NASIRABAD DIVISION,153,SOHBATPUR DISTRICT,611,MANJHI PUR,7,7,0,5,0,2,0,0,0,0,7,24310,22418,523,1369,7,7,0,0,0,0,0,0,7,0,0,0,0,0,0,0,0,0,0,5,2,0,0,0,5,0,0,2,5,0,2,0,0,0,0,6,1,7,0,5,2,3,4,1,6,3,4,1,6,1,6,0,7,0,7,0,7,1,6,0,7,2,1,0,0,0,7,1,7,0,1,0,0,0,0,0,0,0,22,20,25,0,5,0,0,3,0,1,0,0,0,0,1,0,6,1,1,1,0,1,0,2,1,0,4,3,0,7,0,0,0,0,0,0,0,7,0,7,2,0,0,0,3,4,3,0,7,0,7,0,7,6,1,0,7,0,7,4,3,0,7,0,0,0,0,7,0,0,0,0,0,0,0,0,0,7,3,4,4,3,0,0,2,0,0,0,7,0,7,0,0,0,5,2,0,0,7,0,5,2,0,0,7,0,7,0,0,5,2,6,1,0,0,0,7,0,0,7,0,0,7,0,0,7,0,0,7
4,BALOCHISTAN,24,NASIRABAD DIVISION,153,SOHBATPUR DISTRICT,612,SAID MUHAMMAD KANRANI,4,4,0,4,0,0,0,0,0,0,4,17765,16331,1164,270,4,4,0,0,0,1,0,0,4,0,0,0,0,0,0,0,0,0,0,3,1,0,0,12,3,0,0,1,4,0,0,0,0,0,0,4,0,3,1,4,0,3,1,2,2,2,2,2,2,0,4,0,4,0,4,0,4,1,3,0,4,2,0,0,0,0,4,4,4,0,0,0,0,0,0,0,0,0,50,40,80,0,3,0,0,0,0,0,1,0,0,0,0,0,4,2,2,2,0,0,1,2,2,0,4,0,0,4,0,0,0,0,0,0,0,4,1,3,0,0,0,0,1,4,0,0,4,0,4,0,4,4,0,0,4,0,4,4,0,0,4,0,0,0,0,0,0,0,0,0,0,0,0,4,0,4,1,3,4,0,0,0,1,0,0,0,4,0,4,0,0,0,2,2,0,0,4,0,3,1,0,0,4,0,4,0,0,3,1,4,0,0,0,0,4,0,0,4,0,0,4,0,0,4,0,3,1
4,BALOCHISTAN,22,KALAT DIVISION,164,SHAHEED SIKANDAR ABAD DISTRICT,322,SORAB,246,246,0,234,8,4,0,0,0,0,238,332063,141429,167083,23551,246,0,10,1,49,4,36,182,0,0,208,4,45,166,4,14,1,0,2,244,2,38,1,1,98,2,1,145,234,8,4,0,0,3,217,18,8,120,126,79,167,33,213,16,230,21,225,12,234,7,239,8,238,31,215,31,215,111,135,52,194,29,16,16,9,15,231,184,21,9,24,46,10,8,11,8,7,10,213,35,900,12,130,3,0,4,195,0,39,4,10,25,0,3,220,34,22,18,16,15,19,28,58,101,33,46,66,165,0,1,3,77,1,2,0,241,6,54,8,7,6,9,48,149,97,14,232,20,226,11,235,182,64,9,237,10,236,92,154,140,106,138,45,10,14,27,0,0,0,1,0,0,16,203,6,240,11,235,55,191,0,0,0,0,77,3,138,105,128,111,7,0,118,128,0,39,207,4,212,30,1,76,169,62,111,73,3,38,205,40,54,152,0,6,240,0,2,244,1,73,172,0,32,214,12,11,223
4,BALOCHISTAN,22,KALAT DIVISION,164,SHAHEED SIKANDAR ABAD DISTRICT,657,DASHT E GORA,19,19,0,19,0,0,0,0,0,0,19,36457,24025,10111,2321,19,0,0,0,0,0,18,18,0,0,19,0,0,4,0,2,0,0,0,19,0,0,0,0,17,1,0,1,19,0,0,0,0,0,16,3,0,8,11,2,17,0,19,0,19,0,19,0,19,0,19,0,19,0,19,1,18,12,7,7,12,1,0,0,0,0,19,15,0,0,0,4,0,3,2,0,1,1,226,180,300,0,10,0,0,0,19,0,0,0,0,6,0,0,13,1,1,2,0,1,0,1,2,0,5,14,0,8,0,0,0,11,0,0,1,18,0,0,0,0,0,0,3,17,2,0,19,1,18,2,17,17,2,0,19,1,18,6,13,17,2,17,1,0,2,1,0,0,0,0,0,0,0,18,0,19,0,19,10,9,0,0,0,0,11,0,19,0,19,0,0,0,0,19,0,0,19,0,19,0,0,0,19,0,19,0,0,4,15,0,0,19,0,0,19,0,0,19,0,0,19,0,0,19,0,0,19
4,BALOCHISTAN,27,ZHOB DIVISION,165,DUKI DISTRICT,436,DUKI,87,87,2,84,1,0,0,0,0,2,84,268383,99703,164704,3976,84,0,1,0,32,0,3,20,1,0,61,11,10,40,20,5,0,0,0,80,5,0,0,0,30,0,0,56,84,1,0,0,2,0,79,6,0,72,13,29,56,25,60,12,73,11,74,2,83,2,83,1,84,3,82,2,83,9,76,3,82,9,2,23,2,3,82,85,36,0,2,1,1,0,0,2,1,2,220,0,400,49,62,3,0,10,41,25,28,25,6,1,0,0,83,4,4,5,3,2,5,23,14,6,21,17,41,81,0,2,0,5,0,0,0,86,19,0,3,0,1,1,8,5,81,1,85,2,84,4,82,72,14,3,83,0,86,75,11,62,24,62,0,0,5,86,0,0,0,5,3,0,0,0,1,85,3,83,4,82,0,0,0,0,5,1,74,11,13,63,10,0,19,67,0,1,85,0,64,22,0,1,85,13,39,34,0,13,73,0,0,86,0,0,86,0,0,86,0,0,86,0,0,86,0,0,86
6,ISLAMABAD CAPITAL TERRITORY,30,FEDERAL CAPITAL AREA,128,ISLAMABAD DISTRICT,492,ISLAMABAD,195,116,8,63,103,21,8,0,8,0,84,165652,66393,76957,22302,106,0,0,0,100,8,2,4,0,1,12,2,3,105,0,2,0,0,0,105,3,431,168,2,90,14,1,3,63,103,21,8,0,87,1,20,0,82,26,76,32,53,55,46,62,36,72,32,76,6,102,8,100,4,104,5,103,45,63,26,82,17,11,21,10,22,86,92,106,74,65,0,19,15,14,7,3,5,95,0,500,5,104,2,0,1,64,0,6,0,0,40,48,87,15,26,24,20,14,11,46,22,26,89,19,0,0,24,0,27,3,64,56,78,13,78,10,16,42,2,2,18,30,83,25,36,72,70,38,53,55,105,3,60,48,67,41,104,4,0,108,0,0,0,2,40,2,68,2,5,0,0,0,42,23,85,34,74,18,90,3,3,4,3,64,15,87,6,38,68,2,1,79,28,0,28,80,7,94,7,0,98,10,20,87,1,0,52,56,1,23,84,0,3,105,0,8,100,0,16,92,0,5,103,1,34,73
7,GILGIT-BALTISTAN,31,BALTISTAN DIVISION,129,BALTISTAN DISTRICT,495,SKARDU SUB-DIVISION,0,0,0,0,0,0,0,0,0,0,0,0,0,0,0,0,0,0,0,0,0,0,0,0,0,0,0,0,0,0,0,0,0,0,0,0,0,0,0,0,0,0,0,,,,,,,,,,,,,,,,,,,,,,,,,,,,,,,,,,,,,,,,,,,,,,,,,,,0,0,0,,,,,,,,,,,,,,,,,,,,,,,,,,,,,,,,,,,,,,0,0,0,,,,,,,,,,,,,,,,,,,,,,,,,,,,,,,,,,,,,,,,,,,,,,,,,,,,,,,,,,,,,,,,,,,,,,,,,,,,,,,,,,,,,,
7,GILGIT-BALTISTAN,31,BALTISTAN DIVISION,130,GHANCHE DISTRICT,496,KHAPLU SUB-DIVISION,0,0,0,0,0,0,0,0,0,0,0,0,0,0,0,0,0,0,0,0,0,0,0,0,0,0,0,0,0,0,0,0,0,0,0,0,0,0,0,0,0,0,0,,,,,,,,,,,,,,,,,,,,,,,,,,,,,,,,,,,,,,,,,,,,,,,,,,,0,0,0,,,,,,,,,,,,,,,,,,,,,,,,,,,,,,,,,,,,,,0,0,0,,,,,,,,,,,,,,,,,,,,,,,,,,,,,,,,,,,,,,,,,,,,,,,,,,,,,,,,,,,,,,,,,,,,,,,,,,,,,,,,,,,,,,
7,GILGIT-BALTISTAN,31,BALTISTAN DIVISION,130,GHANCHE DISTRICT,497,MASHABBRUM SUB-DIVISION,0,0,0,0,0,0,0,0,0,0,0,0,0,0,0,0,0,0,0,0,0,0,0,0,0,0,0,0,0,0,0,0,0,0,0,0,0,0,0,0,0,0,0,,,,,,,,,,,,,,,,,,,,,,,,,,,,,,,,,,,,,,,,,,,,,,,,,,,0,0,0,,,,,,,,,,,,,,,,,,,,,,,,,,,,,,,,,,,,,,0,0,0,,,,,,,,,,,,,,,,,,,,,,,,,,,,,,,,,,,,,,,,,,,,,,,,,,,,,,,,,,,,,,,,,,,,,,,,,,,,,,,,,,,,,,
7,GILGIT-BALTISTAN,38,ASTORE DIVISION,131,ASTORE DISTRICT,498,ASTORE SUB-DIVISION,0,0,0,0,0,0,0,0,0,0,0,0,0,0,0,0,0,0,0,0,0,0,0,0,0,0,0,0,0,0,0,0,0,0,0,0,0,0,0,0,0,0,0,,,,,,,,,,,,,,,,,,,,,,,,,,,,,,,,,,,,,,,,,,,,,,,,,,,0,0,0,,,,,,,,,,,,,,,,,,,,,,,,,,,,,,,,,,,,,,0,0,0,,,,,,,,,,,,,,,,,,,,,,,,,,,,,,,,,,,,,,,,,,,,,,,,,,,,,,,,,,,,,,,,,,,,,,,,,,,,,,,,,,,,,,
7,GILGIT-BALTISTAN,38,ASTORE DIVISION,131,ASTORE DISTRICT,499,SHOUNTAR SUB-DIVISION,0,0,0,0,0,0,0,0,0,0,0,0,0,0,0,0,0,0,0,0,0,0,0,0,0,0,0,0,0,0,0,0,0,0,0,0,0,0,0,0,0,0,0,,,,,,,,,,,,,,,,,,,,,,,,,,,,,,,,,,,,,,,,,,,,,,,,,,,0,0,0,,,,,,,,,,,,,,,,,,,,,,,,,,,,,,,,,,,,,,0,0,0,,,,,,,,,,,,,,,,,,,,,,,,,,,,,,,,,,,,,,,,,,,,,,,,,,,,,,,,,,,,,,,,,,,,,,,,,,,,,,,,,,,,,,
7,GILGIT-BALTISTAN,38,ASTORE DIVISION,132,DIAMIR DISTRICT,500,CHILAS SUB-DIVISION,0,0,0,0,0,0,0,0,0,0,0,0,0,0,0,0,0,0,0,0,0,0,0,0,0,0,0,0,0,0,0,0,0,0,0,0,0,0,0,0,0,0,0,,,,,,,,,,,,,,,,,,,,,,,,,,,,,,,,,,,,,,,,,,,,,,,,,,,0,0,0,,,,,,,,,,,,,,,,,,,,,,,,,,,,,,,,,,,,,,0,0,0,,,,,,,,,,,,,,,,,,,,,,,,,,,,,,,,,,,,,,,,,,,,,,,,,,,,,,,,,,,,,,,,,,,,,,,,,,,,,,,,,,,,,,
7,GILGIT-BALTISTAN,38,ASTORE DIVISION,132,DIAMIR DISTRICT,501,DAREL/TANGIR SUB-DIVISION,0,0,0,0,0,0,0,0,0,0,0,0,0,0,0,0,0,0,0,0,0,0,0,0,0,0,0,0,0,0,0,0,0,0,0,0,0,0,0,0,0,0,0,,,,,,,,,,,,,,,,,,,,,,,,,,,,,,,,,,,,,,,,,,,,,,,,,,,0,0,0,,,,,,,,,,,,,,,,,,,,,,,,,,,,,,,,,,,,,,0,0,0,,,,,,,,,,,,,,,,,,,,,,,,,,,,,,,,,,,,,,,,,,,,,,,,,,,,,,,,,,,,,,,,,,,,,,,,,,,,,,,,,,,,,,
7,GILGIT-BALTISTAN,32,GILGIT DIVISION,133,GHIZER DISTRICT,502,GUPIS SUB-DIVISION,0,0,0,0,0,0,0,0,0,0,0,0,0,0,0,0,0,0,0,0,0,0,0,0,0,0,0,0,0,0,0,0,0,0,0,0,0,0,0,0,0,0,0,,,,,,,,,,,,,,,,,,,,,,,,,,,,,,,,,,,,,,,,,,,,,,,,,,,0,0,0,,,,,,,,,,,,,,,,,,,,,,,,,,,,,,,,,,,,,,0,0,0,,,,,,,,,,,,,,,,,,,,,,,,,,,,,,,,,,,,,,,,,,,,,,,,,,,,,,,,,,,,,,,,,,,,,,,,,,,,,,,,,,,,,,
7,GILGIT-BALTISTAN,32,GILGIT DIVISION,133,GHIZER DISTRICT,503,PUNIAL/ISHKOMAN SUB-DIVISION,0,0,0,0,0,0,0,0,0,0,0,0,0,0,0,0,0,0,0,0,0,0,0,0,0,0,0,0,0,0,0,0,0,0,0,0,0,0,0,0,0,0,0,,,,,,,,,,,,,,,,,,,,,,,,,,,,,,,,,,,,,,,,,,,,,,,,,,,0,0,0,,,,,,,,,,,,,,,,,,,,,,,,,,,,,,,,,,,,,,0,0,0,,,,,,,,,,,,,,,,,,,,,,,,,,,,,,,,,,,,,,,,,,,,,,,,,,,,,,,,,,,,,,,,,,,,,,,,,,,,,,,,,,,,,,
7,GILGIT-BALTISTAN,32,GILGIT DIVISION,133,GHIZER DISTRICT,633,YASIN SUB-DIVISION,0,0,0,0,0,0,0,0,0,0,0,0,0,0,0,0,0,0,0,0,0,0,0,0,0,0,0,0,0,0,0,0,0,0,0,0,0,0,0,0,0,0,0,,,,,,,,,,,,,,,,,,,,,,,,,,,,,,,,,,,,,,,,,,,,,,,,,,,0,0,0,,,,,,,,,,,,,,,,,,,,,,,,,,,,,,,,,,,,,,0,0,0,,,,,,,,,,,,,,,,,,,,,,,,,,,,,,,,,,,,,,,,,,,,,,,,,,,,,,,,,,,,,,,,,,,,,,,,,,,,,,,,,,,,,,
7,GILGIT-BALTISTAN,32,GILGIT DIVISION,134,GILGIT DISTRICT,504,GILGIT SUB-DIVISION,0,0,0,0,0,0,0,0,0,0,0,0,0,0,0,0,0,0,0,0,0,0,0,0,0,0,0,0,0,0,0,0,0,0,0,0,0,0,0,0,0,0,0,,,,,,,,,,,,,,,,,,,,,,,,,,,,,,,,,,,,,,,,,,,,,,,,,,,0,0,0,,,,,,,,,,,,,,,,,,,,,,,,,,,,,,,,,,,,,,0,0,0,,,,,,,,,,,,,,,,,,,,,,,,,,,,,,,,,,,,,,,,,,,,,,,,,,,,,,,,,,,,,,,,,,,,,,,,,,,,,,,,,,,,,,
7,GILGIT-BALTISTAN,32,GILGIT DIVISION,135,HUNZA DISTRICT,505,HUNZA SUB-DIVISION,0,0,0,0,0,0,0,0,0,0,0,0,0,0,0,0,0,0,0,0,0,0,0,0,0,0,0,0,0,0,0,0,0,0,0,0,0,0,0,0,0,0,0,,,,,,,,,,,,,,,,,,,,,,,,,,,,,,,,,,,,,,,,,,,,,,,,,,,0,0,0,,,,,,,,,,,,,,,,,,,,,,,,,,,,,,,,,,,,,,0,0,0,,,,,,,,,,,,,,,,,,,,,,,,,,,,,,,,,,,,,,,,,,,,,,,,,,,,,,,,,,,,,,,,,,,,,,,,,,,,,,,,,,,,,,
7,GILGIT-BALTISTAN,32,GILGIT DIVISION,135,HUNZA DISTRICT,632,GOJAL SUB-DIVISION,0,0,0,0,0,0,0,0,0,0,0,0,0,0,0,0,0,0,0,0,0,0,0,0,0,0,0,0,0,0,0,0,0,0,0,0,0,0,0,0,0,0,0,,,,,,,,,,,,,,,,,,,,,,,,,,,,,,,,,,,,,,,,,,,,,,,,,,,0,0,0,,,,,,,,,,,,,,,,,,,,,,,,,,,,,,,,,,,,,,0,0,0,,,,,,,,,,,,,,,,,,,,,,,,,,,,,,,,,,,,,,,,,,,,,,,,,,,,,,,,,,,,,,,,,,,,,,,,,,,,,,,,,,,,,,
7,GILGIT-BALTISTAN,31,BALTISTAN DIVISION,155,KHARMANG DISTRICT,493,KHARMANG SUB-DIVISION,0,0,0,0,0,0,0,0,0,0,0,0,0,0,0,0,0,0,0,0,0,0,0,0,0,0,0,0,0,0,0,0,0,0,0,0,0,0,0,0,0,0,0,,,,,,,,,,,,,,,,,,,,,,,,,,,,,,,,,,,,,,,,,,,,,,,,,,,0,0,0,,,,,,,,,,,,,,,,,,,,,,,,,,,,,,,,,,,,,,0,0,0,,,,,,,,,,,,,,,,,,,,,,,,,,,,,,,,,,,,,,,,,,,,,,,,,,,,,,,,,,,,,,,,,,,,,,,,,,,,,,,,,,,,,,
7,GILGIT-BALTISTAN,31,BALTISTAN DIVISION,156,SHIGAR DISTRICT,494,SHIGAR SUB-DIVISION,0,0,0,0,0,0,0,0,0,0,0,0,0,0,0,0,0,0,0,0,0,0,0,0,0,0,0,0,0,0,0,0,0,0,0,0,0,0,0,0,0,0,0,,,,,,,,,,,,,,,,,,,,,,,,,,,,,,,,,,,,,,,,,,,,,,,,,,,0,0,0,,,,,,,,,,,,,,,,,,,,,,,,,,,,,,,,,,,,,,0,0,0,,,,,,,,,,,,,,,,,,,,,,,,,,,,,,,,,,,,,,,,,,,,,,,,,,,,,,,,,,,,,,,,,,,,,,,,,,,,,,,,,,,,,,
7,GILGIT-BALTISTAN,32,GILGIT DIVISION,157,NAGAR DISTRICT,506,NAGAR SUB-DIVISION,0,0,0,0,0,0,0,0,0,0,0,0,0,0,0,0,0,0,0,0,0,0,0,0,0,0,0,0,0,0,0,0,0,0,0,0,0,0,0,0,0,0,0,,,,,,,,,,,,,,,,,,,,,,,,,,,,,,,,,,,,,,,,,,,,,,,,,,,0,0,0,,,,,,,,,,,,,,,,,,,,,,,,,,,,,,,,,,,,,,0,0,0,,,,,,,,,,,,,,,,,,,,,,,,,,,,,,,,,,,,,,,,,,,,,,,,,,,,,,,,,,,,,,,,,,,,,,,,,,,,,,,,,,,,,,
8,AZAD JAMMU AND KASHMIR,33,MIRPUR DIVISION,136,BHIMBER DISTRICT,507,BARNALA,0,0,0,0,0,0,0,0,0,0,0,0,0,0,0,0,0,0,0,0,0,0,0,0,0,0,0,0,0,0,0,0,0,0,0,0,0,0,0,0,0,0,0,,,,,,,,,,,,,,,,,,,,,,,,,,,,,,,,,,,,,,,,,,,,,,,,,,,0,0,0,,,,,,,,,,,,,,,,,,,,,,,,,,,,,,,,,,,,,,0,0,0,,,,,,,,,,,,,,,,,,,,,,,,,,,,,,,,,,,,,,,,,,,,,,,,,,,,,,,,,,,,,,,,,,,,,,,,,,,,,,,,,,,,,,
8,AZAD JAMMU AND KASHMIR,33,MIRPUR DIVISION,136,BHIMBER DISTRICT,508,BHIMBER TEHSIL,0,0,0,0,0,0,0,0,0,0,0,0,0,0,0,0,0,0,0,0,0,0,0,0,0,0,0,0,0,0,0,0,0,0,0,0,0,0,0,0,0,0,0,,,,,,,,,,,,,,,,,,,,,,,,,,,,,,,,,,,,,,,,,,,,,,,,,,,0,0,0,,,,,,,,,,,,,,,,,,,,,,,,,,,,,,,,,,,,,,0,0,0,,,,,,,,,,,,,,,,,,,,,,,,,,,,,,,,,,,,,,,,,,,,,,,,,,,,,,,,,,,,,,,,,,,,,,,,,,,,,,,,,,,,,,
8,AZAD JAMMU AND KASHMIR,33,MIRPUR DIVISION,136,BHIMBER DISTRICT,509,SAMAHNI TEHSIL,0,0,0,0,0,0,0,0,0,0,0,0,0,0,0,0,0,0,0,0,0,0,0,0,0,0,0,0,0,0,0,0,0,0,0,0,0,0,0,0,0,0,0,,,,,,,,,,,,,,,,,,,,,,,,,,,,,,,,,,,,,,,,,,,,,,,,,,,0,0,0,,,,,,,,,,,,,,,,,,,,,,,,,,,,,,,,,,,,,,0,0,0,,,,,,,,,,,,,,,,,,,,,,,,,,,,,,,,,,,,,,,,,,,,,,,,,,,,,,,,,,,,,,,,,,,,,,,,,,,,,,,,,,,,,,
8,AZAD JAMMU AND KASHMIR,33,MIRPUR DIVISION,137,KOTLI DISTRICT,510,CHARHOI,0,0,0,0,0,0,0,0,0,0,0,0,0,0,0,0,0,0,0,0,0,0,0,0,0,0,0,0,0,0,0,0,0,0,0,0,0,0,0,0,0,0,0,,,,,,,,,,,,,,,,,,,,,,,,,,,,,,,,,,,,,,,,,,,,,,,,,,,0,0,0,,,,,,,,,,,,,,,,,,,,,,,,,,,,,,,,,,,,,,0,0,0,,,,,,,,,,,,,,,,,,,,,,,,,,,,,,,,,,,,,,,,,,,,,,,,,,,,,,,,,,,,,,,,,,,,,,,,,,,,,,,,,,,,,,
8,AZAD JAMMU AND KASHMIR,33,MIRPUR DIVISION,137,KOTLI DISTRICT,511,FATEHPUR THAKIALA,0,0,0,0,0,0,0,0,0,0,0,0,0,0,0,0,0,0,0,0,0,0,0,0,0,0,0,0,0,0,0,0,0,0,0,0,0,0,0,0,0,0,0,,,,,,,,,,,,,,,,,,,,,,,,,,,,,,,,,,,,,,,,,,,,,,,,,,,0,0,0,,,,,,,,,,,,,,,,,,,,,,,,,,,,,,,,,,,,,,0,0,0,,,,,,,,,,,,,,,,,,,,,,,,,,,,,,,,,,,,,,,,,,,,,,,,,,,,,,,,,,,,,,,,,,,,,,,,,,,,,,,,,,,,,,
8,AZAD JAMMU AND KASHMIR,33,MIRPUR DIVISION,137,KOTLI DISTRICT,512,KHUI RATTA,0,0,0,0,0,0,0,0,0,0,0,0,0,0,0,0,0,0,0,0,0,0,0,0,0,0,0,0,0,0,0,0,0,0,0,0,0,0,0,0,0,0,0,,,,,,,,,,,,,,,,,,,,,,,,,,,,,,,,,,,,,,,,,,,,,,,,,,,0,0,0,,,,,,,,,,,,,,,,,,,,,,,,,,,,,,,,,,,,,,0,0,0,,,,,,,,,,,,,,,,,,,,,,,,,,,,,,,,,,,,,,,,,,,,,,,,,,,,,,,,,,,,,,,,,,,,,,,,,,,,,,,,,,,,,,
8,AZAD JAMMU AND KASHMIR,33,MIRPUR DIVISION,137,KOTLI DISTRICT,513,KOTLI,0,0,0,0,0,0,0,0,0,0,0,0,0,0,0,0,0,0,0,0,0,0,0,0,0,0,0,0,0,0,0,0,0,0,0,0,0,0,0,0,0,0,0,,,,,,,,,,,,,,,,,,,,,,,,,,,,,,,,,,,,,,,,,,,,,,,,,,,0,0,0,,,,,,,,,,,,,,,,,,,,,,,,,,,,,,,,,,,,,,0,0,0,,,,,,,,,,,,,,,,,,,,,,,,,,,,,,,,,,,,,,,,,,,,,,,,,,,,,,,,,,,,,,,,,,,,,,,,,,,,,,,,,,,,,,
8,AZAD JAMMU AND KASHMIR,33,MIRPUR DIVISION,137,KOTLI DISTRICT,514,SEHNSA,0,0,0,0,0,0,0,0,0,0,0,0,0,0,0,0,0,0,0,0,0,0,0,0,0,0,0,0,0,0,0,0,0,0,0,0,0,0,0,0,0,0,0,,,,,,,,,,,,,,,,,,,,,,,,,,,,,,,,,,,,,,,,,,,,,,,,,,,0,0,0,,,,,,,,,,,,,,,,,,,,,,,,,,,,,,,,,,,,,,0,0,0,,,,,,,,,,,,,,,,,,,,,,,,,,,,,,,,,,,,,,,,,,,,,,,,,,,,,,,,,,,,,,,,,,,,,,,,,,,,,,,,,,,,,,
8,AZAD JAMMU AND KASHMIR,33,MIRPUR DIVISION,137,KOTLI DISTRICT,636,DULIYA JATTAN,0,0,0,0,0,0,0,0,0,0,0,0,0,0,0,0,0,0,0,0,0,0,0,0,0,0,0,0,0,0,0,0,0,0,0,0,0,0,0,0,0,0,0,,,,,,,,,,,,,,,,,,,,,,,,,,,,,,,,,,,,,,,,,,,,,,,,,,,0,0,0,,,,,,,,,,,,,,,,,,,,,,,,,,,,,,,,,,,,,,0,0,0,,,,,,,,,,,,,,,,,,,,,,,,,,,,,,,,,,,,,,,,,,,,,,,,,,,,,,,,,,,,,,,,,,,,,,,,,,,,,,,,,,,,,,
8,AZAD JAMMU AND KASHMIR,33,MIRPUR DIVISION,138,MIRPUR DISTRICT,515,DUDYAL,0,0,0,0,0,0,0,0,0,0,0,0,0,0,0,0,0,0,0,0,0,0,0,0,0,0,0,0,0,0,0,0,0,0,0,0,0,0,0,0,0,0,0,,,,,,,,,,,,,,,,,,,,,,,,,,,,,,,,,,,,,,,,,,,,,,,,,,,0,0,0,,,,,,,,,,,,,,,,,,,,,,,,,,,,,,,,,,,,,,0,0,0,,,,,,,,,,,,,,,,,,,,,,,,,,,,,,,,,,,,,,,,,,,,,,,,,,,,,,,,,,,,,,,,,,,,,,,,,,,,,,,,,,,,,,
8,AZAD JAMMU AND KASHMIR,33,MIRPUR DIVISION,138,MIRPUR DISTRICT,516,MIRPUR,0,0,0,0,0,0,0,0,0,0,0,0,0,0,0,0,0,0,0,0,0,0,0,0,0,0,0,0,0,0,0,0,0,0,0,0,0,0,0,0,0,0,0,,,,,,,,,,,,,,,,,,,,,,,,,,,,,,,,,,,,,,,,,,,,,,,,,,,0,0,0,,,,,,,,,,,,,,,,,,,,,,,,,,,,,,,,,,,,,,0,0,0,,,,,,,,,,,,,,,,,,,,,,,,,,,,,,,,,,,,,,,,,,,,,,,,,,,,,,,,,,,,,,,,,,,,,,,,,,,,,,,,,,,,,,
8,AZAD JAMMU AND KASHMIR,34,MUZAFARABAD DIVISION,139,HATTIAN BALA DISTRICT,517,CHIKAR,0,0,0,0,0,0,0,0,0,0,0,0,0,0,0,0,0,0,0,0,0,0,0,0,0,0,0,0,0,0,0,0,0,0,0,0,0,0,0,0,0,0,0,,,,,,,,,,,,,,,,,,,,,,,,,,,,,,,,,,,,,,,,,,,,,,,,,,,0,0,0,,,,,,,,,,,,,,,,,,,,,,,,,,,,,,,,,,,,,,0,0,0,,,,,,,,,,,,,,,,,,,,,,,,,,,,,,,,,,,,,,,,,,,,,,,,,,,,,,,,,,,,,,,,,,,,,,,,,,,,,,,,,,,,,,
8,AZAD JAMMU AND KASHMIR,34,MUZAFARABAD DIVISION,139,HATTIAN BALA DISTRICT,518,HATTIAN,0,0,0,0,0,0,0,0,0,0,0,0,0,0,0,0,0,0,0,0,0,0,0,0,0,0,0,0,0,0,0,0,0,0,0,0,0,0,0,0,0,0,0,,,,,,,,,,,,,,,,,,,,,,,,,,,,,,,,,,,,,,,,,,,,,,,,,,,0,0,0,,,,,,,,,,,,,,,,,,,,,,,,,,,,,,,,,,,,,,0,0,0,,,,,,,,,,,,,,,,,,,,,,,,,,,,,,,,,,,,,,,,,,,,,,,,,,,,,,,,,,,,,,,,,,,,,,,,,,,,,,,,,,,,,,
8,AZAD JAMMU AND KASHMIR,34,MUZAFARABAD DIVISION,139,HATTIAN BALA DISTRICT,519,LEEPA,0,0,0,0,0,0,0,0,0,0,0,0,0,0,0,0,0,0,0,0,0,0,0,0,0,0,0,0,0,0,0,0,0,0,0,0,0,0,0,0,0,0,0,,,,,,,,,,,,,,,,,,,,,,,,,,,,,,,,,,,,,,,,,,,,,,,,,,,0,0,0,,,,,,,,,,,,,,,,,,,,,,,,,,,,,,,,,,,,,,0,0,0,,,,,,,,,,,,,,,,,,,,,,,,,,,,,,,,,,,,,,,,,,,,,,,,,,,,,,,,,,,,,,,,,,,,,,,,,,,,,,,,,,,,,,
8,AZAD JAMMU AND KASHMIR,34,MUZAFARABAD DIVISION,140,MUZAFFARABAD DISTRICT,520,MUZAFFARABAD,0,0,0,0,0,0,0,0,0,0,0,0,0,0,0,0,0,0,0,0,0,0,0,0,0,0,0,0,0,0,0,0,0,0,0,0,0,0,0,0,0,0,0,,,,,,,,,,,,,,,,,,,,,,,,,,,,,,,,,,,,,,,,,,,,,,,,,,,0,0,0,,,,,,,,,,,,,,,,,,,,,,,,,,,,,,,,,,,,,,0,0,0,,,,,,,,,,,,,,,,,,,,,,,,,,,,,,,,,,,,,,,,,,,,,,,,,,,,,,,,,,,,,,,,,,,,,,,,,,,,,,,,,,,,,,
8,AZAD JAMMU AND KASHMIR,34,MUZAFARABAD DIVISION,140,MUZAFFARABAD DISTRICT,521,PATEHKA(NASIRABAD),0,0,0,0,0,0,0,0,0,0,0,0,0,0,0,0,0,0,0,0,0,0,0,0,0,0,0,0,0,0,0,0,0,0,0,0,0,0,0,0,0,0,0,,,,,,,,,,,,,,,,,,,,,,,,,,,,,,,,,,,,,,,,,,,,,,,,,,,0,0,0,,,,,,,,,,,,,,,,,,,,,,,,,,,,,,,,,,,,,,0,0,0,,,,,,,,,,,,,,,,,,,,,,,,,,,,,,,,,,,,,,,,,,,,,,,,,,,,,,,,,,,,,,,,,,,,,,,,,,,,,,,,,,,,,,
8,AZAD JAMMU AND KASHMIR,34,MUZAFARABAD DIVISION,141,NEELUM DISTRICT,522,ATH MUQAM,0,0,0,0,0,0,0,0,0,0,0,0,0,0,0,0,0,0,0,0,0,0,0,0,0,0,0,0,0,0,0,0,0,0,0,0,0,0,0,0,0,0,0,,,,,,,,,,,,,,,,,,,,,,,,,,,,,,,,,,,,,,,,,,,,,,,,,,,0,0,0,,,,,,,,,,,,,,,,,,,,,,,,,,,,,,,,,,,,,,0,0,0,,,,,,,,,,,,,,,,,,,,,,,,,,,,,,,,,,,,,,,,,,,,,,,,,,,,,,,,,,,,,,,,,,,,,,,,,,,,,,,,,,,,,,
8,AZAD JAMMU AND KASHMIR,34,MUZAFARABAD DIVISION,141,NEELUM DISTRICT,523,SHARDA,0,0,0,0,0,0,0,0,0,0,0,0,0,0,0,0,0,0,0,0,0,0,0,0,0,0,0,0,0,0,0,0,0,0,0,0,0,0,0,0,0,0,0,,,,,,,,,,,,,,,,,,,,,,,,,,,,,,,,,,,,,,,,,,,,,,,,,,,0,0,0,,,,,,,,,,,,,,,,,,,,,,,,,,,,,,,,,,,,,,0,0,0,,,,,,,,,,,,,,,,,,,,,,,,,,,,,,,,,,,,,,,,,,,,,,,,,,,,,,,,,,,,,,,,,,,,,,,,,,,,,,,,,,,,,,
8,AZAD JAMMU AND KASHMIR,39,RAWALAKOT DIVISION,142,BAGH DISTRICT,524,BAGH,0,0,0,0,0,0,0,0,0,0,0,0,0,0,0,0,0,0,0,0,0,0,0,0,0,0,0,0,0,0,0,0,0,0,0,0,0,0,0,0,0,0,0,,,,,,,,,,,,,,,,,,,,,,,,,,,,,,,,,,,,,,,,,,,,,,,,,,,0,0,0,,,,,,,,,,,,,,,,,,,,,,,,,,,,,,,,,,,,,,0,0,0,,,,,,,,,,,,,,,,,,,,,,,,,,,,,,,,,,,,,,,,,,,,,,,,,,,,,,,,,,,,,,,,,,,,,,,,,,,,,,,,,,,,,,
8,AZAD JAMMU AND KASHMIR,39,RAWALAKOT DIVISION,142,BAGH DISTRICT,525,DHIR KOT,0,0,0,0,0,0,0,0,0,0,0,0,0,0,0,0,0,0,0,0,0,0,0,0,0,0,0,0,0,0,0,0,0,0,0,0,0,0,0,0,0,0,0,,,,,,,,,,,,,,,,,,,,,,,,,,,,,,,,,,,,,,,,,,,,,,,,,,,0,0,0,,,,,,,,,,,,,,,,,,,,,,,,,,,,,,,,,,,,,,0,0,0,,,,,,,,,,,,,,,,,,,,,,,,,,,,,,,,,,,,,,,,,,,,,,,,,,,,,,,,,,,,,,,,,,,,,,,,,,,,,,,,,,,,,,
8,AZAD JAMMU AND KASHMIR,39,RAWALAKOT DIVISION,142,BAGH DISTRICT,526,HARI GAIL,0,0,0,0,0,0,0,0,0,0,0,0,0,0,0,0,0,0,0,0,0,0,0,0,0,0,0,0,0,0,0,0,0,0,0,0,0,0,0,0,0,0,0,,,,,,,,,,,,,,,,,,,,,,,,,,,,,,,,,,,,,,,,,,,,,,,,,,,0,0,0,,,,,,,,,,,,,,,,,,,,,,,,,,,,,,,,,,,,,,0,0,0,,,,,,,,,,,,,,,,,,,,,,,,,,,,,,,,,,,,,,,,,,,,,,,,,,,,,,,,,,,,,,,,,,,,,,,,,,,,,,,,,,,,,,
8,AZAD JAMMU AND KASHMIR,39,RAWALAKOT DIVISION,143,HAVELI DISTRICT,527,HAVELI,0,0,0,0,0,0,0,0,0,0,0,0,0,0,0,0,0,0,0,0,0,0,0,0,0,0,0,0,0,0,0,0,0,0,0,0,0,0,0,0,0,0,0,,,,,,,,,,,,,,,,,,,,,,,,,,,,,,,,,,,,,,,,,,,,,,,,,,,0,0,0,,,,,,,,,,,,,,,,,,,,,,,,,,,,,,,,,,,,,,0,0,0,,,,,,,,,,,,,,,,,,,,,,,,,,,,,,,,,,,,,,,,,,,,,,,,,,,,,,,,,,,,,,,,,,,,,,,,,,,,,,,,,,,,,,
8,AZAD JAMMU AND KASHMIR,39,RAWALAKOT DIVISION,143,HAVELI DISTRICT,528,KHURSHID ABAD,0,0,0,0,0,0,0,0,0,0,0,0,0,0,0,0,0,0,0,0,0,0,0,0,0,0,0,0,0,0,0,0,0,0,0,0,0,0,0,0,0,0,0,,,,,,,,,,,,,,,,,,,,,,,,,,,,,,,,,,,,,,,,,,,,,,,,,,,0,0,0,,,,,,,,,,,,,,,,,,,,,,,,,,,,,,,,,,,,,,0,0,0,,,,,,,,,,,,,,,,,,,,,,,,,,,,,,,,,,,,,,,,,,,,,,,,,,,,,,,,,,,,,,,,,,,,,,,,,,,,,,,,,,,,,,
8,AZAD JAMMU AND KASHMIR,39,RAWALAKOT DIVISION,143,HAVELI DISTRICT,631,MUMTAZABAD,0,0,0,0,0,0,0,0,0,0,0,0,0,0,0,0,0,0,0,0,0,0,0,0,0,0,0,0,0,0,0,0,0,0,0,0,0,0,0,0,0,0,0,,,,,,,,,,,,,,,,,,,,,,,,,,,,,,,,,,,,,,,,,,,,,,,,,,,0,0,0,,,,,,,,,,,,,,,,,,,,,,,,,,,,,,,,,,,,,,0,0,0,,,,,,,,,,,,,,,,,,,,,,,,,,,,,,,,,,,,,,,,,,,,,,,,,,,,,,,,,,,,,,,,,,,,,,,,,,,,,,,,,,,,,,
8,AZAD JAMMU AND KASHMIR,39,RAWALAKOT DIVISION,144,POONCH DISTRICT,529,ABBASPUR,0,0,0,0,0,0,0,0,0,0,0,0,0,0,0,0,0,0,0,0,0,0,0,0,0,0,0,0,0,0,0,0,0,0,0,0,0,0,0,0,0,0,0,,,,,,,,,,,,,,,,,,,,,,,,,,,,,,,,,,,,,,,,,,,,,,,,,,,0,0,0,,,,,,,,,,,,,,,,,,,,,,,,,,,,,,,,,,,,,,0,0,0,,,,,,,,,,,,,,,,,,,,,,,,,,,,,,,,,,,,,,,,,,,,,,,,,,,,,,,,,,,,,,,,,,,,,,,,,,,,,,,,,,,,,,
8,AZAD JAMMU AND KASHMIR,39,RAWALAKOT DIVISION,144,POONCH DISTRICT,530,HAJIRA,0,0,0,0,0,0,0,0,0,0,0,0,0,0,0,0,0,0,0,0,0,0,0,0,0,0,0,0,0,0,0,0,0,0,0,0,0,0,0,0,0,0,0,,,,,,,,,,,,,,,,,,,,,,,,,,,,,,,,,,,,,,,,,,,,,,,,,,,0,0,0,,,,,,,,,,,,,,,,,,,,,,,,,,,,,,,,,,,,,,0,0,0,,,,,,,,,,,,,,,,,,,,,,,,,,,,,,,,,,,,,,,,,,,,,,,,,,,,,,,,,,,,,,,,,,,,,,,,,,,,,,,,,,,,,,
8,AZAD JAMMU AND KASHMIR,39,RAWALAKOT DIVISION,144,POONCH DISTRICT,531,RAWALAKOT,0,0,0,0,0,0,0,0,0,0,0,0,0,0,0,0,0,0,0,0,0,0,0,0,0,0,0,0,0,0,0,0,0,0,0,0,0,0,0,0,0,0,0,,,,,,,,,,,,,,,,,,,,,,,,,,,,,,,,,,,,,,,,,,,,,,,,,,,0,0,0,,,,,,,,,,,,,,,,,,,,,,,,,,,,,,,,,,,,,,0,0,0,,,,,,,,,,,,,,,,,,,,,,,,,,,,,,,,,,,,,,,,,,,,,,,,,,,,,,,,,,,,,,,,,,,,,,,,,,,,,,,,,,,,,,
8,AZAD JAMMU AND KASHMIR,39,RAWALAKOT DIVISION,144,POONCH DISTRICT,532,THORAR,0,0,0,0,0,0,0,0,0,0,0,0,0,0,0,0,0,0,0,0,0,0,0,0,0,0,0,0,0,0,0,0,0,0,0,0,0,0,0,0,0,0,0,,,,,,,,,,,,,,,,,,,,,,,,,,,,,,,,,,,,,,,,,,,,,,,,,,,0,0,0,,,,,,,,,,,,,,,,,,,,,,,,,,,,,,,,,,,,,,0,0,0,,,,,,,,,,,,,,,,,,,,,,,,,,,,,,,,,,,,,,,,,,,,,,,,,,,,,,,,,,,,,,,,,,,,,,,,,,,,,,,,,,,,,,
8,AZAD JAMMU AND KASHMIR,39,RAWALAKOT DIVISION,145,SUDHNOTI DISTRICT,533,BALUCH,0,0,0,0,0,0,0,0,0,0,0,0,0,0,0,0,0,0,0,0,0,0,0,0,0,0,0,0,0,0,0,0,0,0,0,0,0,0,0,0,0,0,0,,,,,,,,,,,,,,,,,,,,,,,,,,,,,,,,,,,,,,,,,,,,,,,,,,,0,0,0,,,,,,,,,,,,,,,,,,,,,,,,,,,,,,,,,,,,,,0,0,0,,,,,,,,,,,,,,,,,,,,,,,,,,,,,,,,,,,,,,,,,,,,,,,,,,,,,,,,,,,,,,,,,,,,,,,,,,,,,,,,,,,,,,
8,AZAD JAMMU AND KASHMIR,39,RAWALAKOT DIVISION,145,SUDHNOTI DISTRICT,534,MONG,0,0,0,0,0,0,0,0,0,0,0,0,0,0,0,0,0,0,0,0,0,0,0,0,0,0,0,0,0,0,0,0,0,0,0,0,0,0,0,0,0,0,0,,,,,,,,,,,,,,,,,,,,,,,,,,,,,,,,,,,,,,,,,,,,,,,,,,,0,0,0,,,,,,,,,,,,,,,,,,,,,,,,,,,,,,,,,,,,,,0,0,0,,,,,,,,,,,,,,,,,,,,,,,,,,,,,,,,,,,,,,,,,,,,,,,,,,,,,,,,,,,,,,,,,,,,,,,,,,,,,,,,,,,,,,
8,AZAD JAMMU AND KASHMIR,39,RAWALAKOT DIVISION,145,SUDHNOTI DISTRICT,535,PALLANDARI,0,0,0,0,0,0,0,0,0,0,0,0,0,0,0,0,0,0,0,0,0,0,0,0,0,0,0,0,0,0,0,0,0,0,0,0,0,0,0,0,0,0,0,,,,,,,,,,,,,,,,,,,,,,,,,,,,,,,,,,,,,,,,,,,,,,,,,,,0,0,0,,,,,,,,,,,,,,,,,,,,,,,,,,,,,,,,,,,,,,0,0,0,,,,,,,,,,,,,,,,,,,,,,,,,,,,,,,,,,,,,,,,,,,,,,,,,,,,,,,,,,,,,,,,,,,,,,,,,,,,,,,,,,,,,,
8,AZAD JAMMU AND KASHMIR,39,RAWALAKOT DIVISION,145,SUDHNOTI DISTRICT,536,TARAR KHAL,0,0,0,0,0,0,0,0,0,0,0,0,0,0,0,0,0,0,0,0,0,0,0,0,0,0,0,0,0,0,0,0,0,0,0,0,0,0,0,0,0,0,0,,,,,,,,,,,,,,,,,,,,,,,,,,,,,,,,,,,,,,,,,,,,,,,,,,,0,0,0,,,,,,,,,,,,,,,,,,,,,,,,,,,,,,,,,,,,,,0,0,0,,,,,,,,,,,,,,,,,,,,,,,,,,,,,,,,,,,,,,,,,,,,,,,,,,,,,,,,,,,,,,,,,,,,,,,,,,,,,,,,,,,,,,
