census_year,unit_type,district,unit,map_key,relation,comparable,note,weight
2017,district,ABBOTTABAD DISTRICT,ABBOTTABAD DISTRICT,005,exact,yes,,1333089
2017,district,ATTOCK DISTRICT,ATTOCK DISTRICT,051,exact,yes,,1886378
2017,district,AWARAN DISTRICT,AWARAN DISTRICT,085,exact,yes,,121821
2017,district,BADIN DISTRICT,BADIN DISTRICT,062,exact,yes,,1804958
2017,district,BAHAWALNAGAR DISTRICT,BAHAWALNAGAR DISTRICT,026,exact,yes,,2975656
2017,district,BAHAWALPUR DISTRICT,BAHAWALPUR DISTRICT,027,exact,yes,,3669176
2017,district,BAJAUR AGENCY,BAJAUR AGENCY,115,renamed,yes,known in 2023 as Bajaur District,1090987
2017,district,BANNU DISTRICT,BANNU DISTRICT,001,merged,combined,"2017 figure combines Bannu District and FR Bannu, merged into Bannu District after 2017",1167071
2017,district,BARKHAN DISTRICT,BARKHAN DISTRICT,109,exact,yes,,171025
2017,district,BATAGRAM DISTRICT,BATAGRAM DISTRICT,006,exact,yes,,476749
2017,district,BHAKKAR DISTRICT,BHAKKAR DISTRICT,058,exact,yes,,1647852
2017,district,BUNER DISTRICT,BUNER DISTRICT,014,exact,yes,,895460
2017,district,CHAGAI DISTRICT,CHAGAI DISTRICT,099,exact,yes,,226517
2017,district,CHAKWAL DISTRICT,CHAKWAL DISTRICT,052,exact,yes,,1495463
2017,district,CHARSADDA DISTRICT,CHARSADDA DISTRICT,023,exact,yes,,1610960
2017,district,CHINIOT DISTRICT,CHINIOT DISTRICT,033,exact,yes,,1368659
2017,district,CHITRAL DISTRICT,CHITRAL DISTRICT,015 170,split,parent,"Chitral District was split after 2017 into Lower Chitral District, Upper Chitral District. The 2017 figure is for the whole of the old district and is shown across all of them, not divided between them",447625
2017,district,DADU DISTRICT,DADU DISTRICT,063,exact,yes,,1550390
2017,district,DERA BUGTI DISTRICT,DERA BUGTI DISTRICT,104,exact,yes,,313110
2017,district,DERA GHAZI KHAN DISTRICT,DERA GHAZI KHAN DISTRICT,029,exact,yes,,2872631
2017,district,DERA ISMAIL KHAN DISTRICT,DERA ISMAIL KHAN DISTRICT,003,merged,combined,"2017 figure combines Dera Ismail Khan District and FR D.I.KHAN, merged into Dera Ismail Khan District after 2017",1625088
2017,district,FAISALABAD DISTRICT,FAISALABAD DISTRICT,034,exact,yes,,7882444
2017,district,FR BANNU,FR BANNU,001,merged,combined,"2017 figure combines Bannu District and FR Bannu, merged into Bannu District after 2017",43112
2017,district,FR D.I.KHAN,FR D.I.KHAN,003,merged,combined,"2017 figure combines Dera Ismail Khan District and FR D.I.KHAN, merged into Dera Ismail Khan District after 2017",68506
2017,district,FR KOHAT,FR KOHAT,013,merged,combined,"2017 figure combines FR Kohat and Kohat District, merged into Kohat District after 2017",118839
2017,district,FR LAKKI MARWAT,FR LAKKI MARWAT,002,merged,combined,"2017 figure combines FR Lakki Marwat and Lakki Marwat District, merged into Lakki Marwat District after 2017",26394
2017,district,FR PESHAWAR,FR PESHAWAR,025,merged,combined,"2017 figure combines FR Peshawar and Peshawar District, merged into Peshawar District after 2017",64761
2017,district,FR TANK,FR TANK,004,merged,combined,"2017 figure combines FR Tank and Tank District, merged into Tank District after 2017",36418
2017,district,GHOTKI DISTRICT,GHOTKI DISTRICT,080,exact,yes,,1648708
2017,district,GUJRANWALA DISTRICT,GUJRANWALA DISTRICT,037,exact,yes,,5011066
2017,district,GUJRAT DISTRICT,GUJRAT DISTRICT,038,exact,yes,,2756289
2017,district,GWADAR DISTRICT,GWADAR DISTRICT,092,exact,yes,,262253
2017,district,HAFIZABAD DISTRICT,HAFIZABAD DISTRICT,039,exact,yes,,1156954
2017,district,HANGU DISTRICT,HANGU DISTRICT,011,exact,yes,,518811
2017,district,HARIPUR DISTRICT,HARIPUR DISTRICT,007,exact,yes,,1001515
2017,district,HARNAI DISTRICT,HARNAI DISTRICT,105,exact,yes,,97052
2017,district,HYDERABAD DISTRICT,HYDERABAD DISTRICT,064,exact,yes,,2199928
2017,district,ISLAMABAD DISTRICT,ISLAMABAD DISTRICT,128,exact,yes,,2003368
2017,district,JACOBABAD DISTRICT,JACOBABAD DISTRICT,071,exact,yes,,1007009
2017,district,JAFFARABAD DISTRICT,JAFFARABAD DISTRICT,095,exact,yes,,513972
2017,district,JAMSHORO DISTRICT,JAMSHORO DISTRICT,065,exact,yes,,993908
2017,district,JHAL MAGSI DISTRICT,JHAL MAGSI DISTRICT,096,exact,yes,,148900
2017,district,JHANG DISTRICT,JHANG DISTRICT,035,boundary transfer,flagged,"territory moved between Jhang District and Toba TEK Singh District after 2017, so the two years cover slightly different ground",2742633
2017,district,JHELUM DISTRICT,JHELUM DISTRICT,053,exact,yes,,1222403
2017,district,KACHHI DISTRICT,KACHHI DISTRICT,097,boundary transfer,flagged,"territory moved between Kachhi District and Nasirabad District after 2017, so the two years cover slightly different ground",309932
2017,district,KALAT DISTRICT,KALAT DISTRICT,086 164,split,parent,"Kalat District was split after 2017 into Kalat District, Surab District. The 2017 figure is for the whole of the old district and is shown across all of them, not divided between them",412058
2017,district,KAMBAR SHAHDAD KOT DISTRICT,KAMBAR SHAHDAD KOT DISTRICT,074,exact,yes,,1338035
2017,district,KARACHI CENTRAL DISTRICT,KARACHI CENTRAL DISTRICT,149,exact,yes,,2971382
2017,district,KARACHI EAST DISTRICT,KARACHI EAST DISTRICT,146,exact,yes,,2875315
2017,district,KARACHI SOUTH DISTRICT,KARACHI SOUTH DISTRICT,150,exact,yes,,1769230
2017,district,KARACHI WEST DISTRICT,KARACHI WEST DISTRICT,147 166,split,parent,"Karachi West District was split after 2017 into Karachi West District, Keamari District. The 2017 figure is for the whole of the old district and is shown across all of them, not divided between them",3907065
2017,district,KARAK DISTRICT,KARAK DISTRICT,012,exact,yes,,705362
2017,district,KASHMORE DISTRICT,KASHMORE DISTRICT,072,exact,yes,,1090336
2017,district,KASUR DISTRICT,KASUR DISTRICT,043,exact,yes,,3454881
2017,district,KECH DISTRICT,KECH DISTRICT,093,exact,yes,,907182
2017,district,KHAIRPUR DISTRICT,KHAIRPUR DISTRICT,081,exact,yes,,2405190
2017,district,KHANEWAL DISTRICT,KHANEWAL DISTRICT,047,exact,yes,,2920233
2017,district,KHARAN DISTRICT,KHARAN DISTRICT,087,exact,yes,,162766
2017,district,KHUSHAB DISTRICT,KHUSHAB DISTRICT,059,exact,yes,,1280372
2017,district,KHUZDAR DISTRICT,KHUZDAR DISTRICT,088,exact,yes,,798896
2017,district,KHYBER AGENCY,KHYBER AGENCY,116,renamed,yes,known in 2023 as Khyber District,984246
2017,district,KILLA ABDULLAH DISTRICT,KILLA ABDULLAH DISTRICT,167 100,split,parent,"Killa Abdullah District was split after 2017 into Chaman District, Killa Abdullah District. The 2017 figure is for the whole of the old district and is shown across all of them, not divided between them",758354
2017,district,KILLA SAIFULLAH DISTRICT,KILLA SAIFULLAH DISTRICT,110,exact,yes,,342932
2017,district,KOHAT DISTRICT,KOHAT DISTRICT,013,merged,combined,"2017 figure combines FR Kohat and Kohat District, merged into Kohat District after 2017",992427
2017,district,KOHISTAN DISTRICT,KOHISTAN DISTRICT,008 169 168,split,parent,"Kohistan District was split after 2017 into Kolai Palas Kohistan District, Lower Kohistan District, Upper Kohistan District. The 2017 figure is for the whole of the old district and is shown across all of them, not divided between them",784711
2017,district,KOHLU DISTRICT,KOHLU DISTRICT,106,exact,yes,,213933
2017,district,KORANGI DISTRICT,KORANGI DISTRICT,154,exact,yes,,2577556
2017,district,KURRAM AGENCY,KURRAM AGENCY,117,renamed,yes,known in 2023 as Kurram District,615372
2017,district,LAHORE DISTRICT,LAHORE DISTRICT,044,exact,yes,,11119985
2017,district,LAKKI MARWAT DISTRICT,LAKKI MARWAT DISTRICT,002,merged,combined,"2017 figure combines FR Lakki Marwat and Lakki Marwat District, merged into Lakki Marwat District after 2017",875744
2017,district,LARKANA DISTRICT,LARKANA DISTRICT,073,exact,yes,,1521786
2017,district,LASBELA DISTRICT,LASBELA DISTRICT,089,exact,yes,,576271
2017,district,LAYYAH DISTRICT,LAYYAH DISTRICT,030,exact,yes,,1823995
2017,district,LODHRAN DISTRICT,LODHRAN DISTRICT,048,exact,yes,,1699693
2017,district,LORALAI DISTRICT,LORALAI DISTRICT,165 111,split,parent,"Loralai District was split after 2017 into Duki District, Loralai District. The 2017 figure is for the whole of the old district and is shown across all of them, not divided between them",397423
2017,district,LOWER DIR DISTRICT,LOWER DIR DISTRICT,016,exact,yes,,1436082
2017,district,MALAKAND DISTRICT,MALAKAND DISTRICT,017,exact,yes,,717806
2017,district,MALIR DISTRICT,MALIR DISTRICT,148,exact,yes,,1924346
2017,district,MANDI BAHAUDDIN DISTRICT,MANDI BAHAUDDIN DISTRICT,040,exact,yes,,1594039
2017,district,MANSEHRA DISTRICT,MANSEHRA DISTRICT,009,exact,yes,,1555742
2017,district,MARDAN DISTRICT,MARDAN DISTRICT,021,exact,yes,,2373399
2017,district,MASTUNG DISTRICT,MASTUNG DISTRICT,090,exact,yes,,265676
2017,district,MATIARI DISTRICT,MATIARI DISTRICT,066,exact,yes,,770040
2017,district,MIANWALI DISTRICT,MIANWALI DISTRICT,060,exact,yes,,1542601
2017,district,MIRPUR KHAS DISTRICT,MIRPUR KHAS DISTRICT,076,exact,yes,,1504440
2017,district,MOHMAND AGENCY,MOHMAND AGENCY,118,renamed,yes,known in 2023 as Mohmand District,474345
2017,district,MULTAN DISTRICT,MULTAN DISTRICT,049,exact,yes,,4746166
2017,district,MUSAKHEL DISTRICT,MUSAKHEL DISTRICT,112,exact,yes,,167243
2017,district,MUZAFFARGARH DISTRICT,MUZAFFARGARH DISTRICT,031,exact,yes,,4328549
2017,district,NANKANA SAHIB DISTRICT,NANKANA SAHIB DISTRICT,045,exact,yes,,1354986
2017,district,NAROWAL DISTRICT,NAROWAL DISTRICT,041,exact,yes,,1707575
2017,district,NASIRABAD DISTRICT,NASIRABAD DISTRICT,098,boundary transfer,flagged,"territory moved between Kachhi District and Nasirabad District after 2017, so the two years cover slightly different ground",487847
2017,district,NAUSHAHRO FEROZE DISTRICT,NAUSHAHRO FEROZE DISTRICT,082,exact,yes,,1612047
2017,district,NORTH WAZIRISTAN AGENCY,NORTH WAZIRISTAN AGENCY,119,renamed,yes,known in 2023 as North Waziristan District,540546
2017,district,NOWSHERA DISTRICT,NOWSHERA DISTRICT,024,exact,yes,,1520995
2017,district,NUSHKI DISTRICT,NUSHKI DISTRICT,101,exact,yes,,178947
2017,district,OKARA DISTRICT,OKARA DISTRICT,055,exact,yes,,3040826
2017,district,ORAKZAI AGENCY,ORAKZAI AGENCY,120,renamed,yes,known in 2023 as Orakzai District,254303
2017,district,PAKPATTAN DISTRICT,PAKPATTAN DISTRICT,056,exact,yes,,1824228
2017,district,PANJGUR DISTRICT,PANJGUR DISTRICT,094,exact,yes,,315353
2017,district,PESHAWAR DISTRICT,PESHAWAR DISTRICT,025,merged,combined,"2017 figure combines FR Peshawar and Peshawar District, merged into Peshawar District after 2017",4267198
2017,district,PISHIN DISTRICT,PISHIN DISTRICT,102,exact,yes,,736903
2017,district,QUETTA DISTRICT,QUETTA DISTRICT,103,exact,yes,,2269473
2017,district,RAHIM YAR KHAN DISTRICT,RAHIM YAR KHAN DISTRICT,028,exact,yes,,4807762
2017,district,RAJANPUR DISTRICT,RAJANPUR DISTRICT,032,exact,yes,,1996039
2017,district,RAWALPINDI DISTRICT,RAWALPINDI DISTRICT,054,exact,yes,,5402380
2017,district,SAHIWAL DISTRICT,SAHIWAL DISTRICT,057,exact,yes,,2513011
2017,district,SANGHAR DISTRICT,SANGHAR DISTRICT,077,exact,yes,,2049873
2017,district,SARGODHA DISTRICT,SARGODHA DISTRICT,061,exact,yes,,3696212
2017,district,SHAHEED BENAZIRABAD DISTRICT,SHAHEED BENAZIRABAD DISTRICT,083,exact,yes,,1613506
2017,district,SHANGLA DISTRICT,SHANGLA DISTRICT,018,exact,yes,,759609
2017,district,SHEIKHUPURA DISTRICT,SHEIKHUPURA DISTRICT,046,exact,yes,,3460004
2017,district,SHERANI DISTRICT,SHERANI DISTRICT,113,exact,yes,,152952
2017,district,SHIKARPUR DISTRICT,SHIKARPUR DISTRICT,075,exact,yes,,1233760
2017,district,SIALKOT DISTRICT,SIALKOT DISTRICT,042,exact,yes,,3894938
2017,district,SIBI DISTRICT,SIBI DISTRICT,107,exact,yes,,179751
2017,district,SOHBATPUR DISTRICT,SOHBATPUR DISTRICT,153,exact,yes,,200426
2017,district,SOUTH WAZIRISTAN AGENCY,SOUTH WAZIRISTAN AGENCY,121,renamed,yes,known in 2023 as South Waziristan District,675215
2017,district,SUJAWAL DISTRICT,SUJAWAL DISTRICT,152,exact,yes,,779062
2017,district,SUKKUR DISTRICT,SUKKUR DISTRICT,084,exact,yes,,1488372
2017,district,SWABI DISTRICT,SWABI DISTRICT,022,exact,yes,,1625477
2017,district,SWAT DISTRICT,SWAT DISTRICT,019,exact,yes,,2308624
2017,district,TANDO ALLAHYAR DISTRICT,TANDO ALLAHYAR DISTRICT,067,exact,yes,,838527
2017,district,TANDO MUHAMMAD KHAN DISTRICT,TANDO MUHAMMAD KHAN DISTRICT,068,exact,yes,,677098
2017,district,TANK DISTRICT,TANK DISTRICT,004,merged,combined,"2017 figure combines FR Tank and Tank District, merged into Tank District after 2017",390626
2017,district,THARPARKAR DISTRICT,THARPARKAR DISTRICT,078,exact,yes,,1647036
2017,district,THATTA DISTRICT,THATTA DISTRICT,069,exact,yes,,982138
2017,district,TOBA TEK SINGH DISTRICT,TOBA TEK SINGH DISTRICT,036,boundary transfer,flagged,"territory moved between Jhang District and Toba TEK Singh District after 2017, so the two years cover slightly different ground",2191495
2017,district,TORGHAR DISTRICT,TORGHAR DISTRICT,010,exact,yes,,171349
2017,district,UMER KOT DISTRICT,UMER KOT DISTRICT,079,exact,yes,,1073469
2017,district,UPPER DIR DISTRICT,UPPER DIR DISTRICT,020,exact,yes,,947401
2017,district,VEHARI DISTRICT,VEHARI DISTRICT,050,exact,yes,,2902081
2017,district,WASHUK DISTRICT,WASHUK DISTRICT,091,exact,yes,,175712
2017,district,ZHOB DISTRICT,ZHOB DISTRICT,114,exact,yes,,310354
2017,district,ZIARAT DISTRICT,ZIARAT DISTRICT,108,exact,yes,,160095
2017,tehsil,ABBOTTABAD DISTRICT,ABBOTTABAD TEHSIL,DDS-KP-0160 DDS-KP-0161 DDS-KP-0162 DDS-KP-0163,restructured,group,"the tehsils in Abbottabad District were redrawn after 2017. Together, 2017’s Abbottabad Tehsil, Havelian Tehsil cover the same ground as 2023’s Abbottabad Tehsil, Havelian Tehsil, Lora Tehsil, Lower Tanawal Tehsil, so the 2017 figure is for the group and is shown across all of it, not divided between its tehsils",982837
2017,tehsil,ABBOTTABAD DISTRICT,HAVELIAN TEHSIL,DDS-KP-0160 DDS-KP-0161 DDS-KP-0162 DDS-KP-0163,restructured,group,"the tehsils in Abbottabad District were redrawn after 2017. Together, 2017’s Abbottabad Tehsil, Havelian Tehsil cover the same ground as 2023’s Abbottabad Tehsil, Havelian Tehsil, Lora Tehsil, Lower Tanawal Tehsil, so the 2017 figure is for the group and is shown across all of it, not divided between its tehsils",350252
2017,tehsil,ATTOCK DISTRICT,ATTOCK TEHSIL,DDS-PB-0308,exact,yes,,435203
2017,tehsil,ATTOCK DISTRICT,FATEH JANG TEHSIL,DDS-PB-0309,exact,yes,,326433
2017,tehsil,ATTOCK DISTRICT,HASAN ABDAL TEHSIL,DDS-PB-0310,exact,yes,,217109
2017,tehsil,ATTOCK DISTRICT,HAZRO TEHSIL,DDS-PB-0311,exact,yes,,340189
2017,tehsil,ATTOCK DISTRICT,JAND TEHSIL,DDS-PB-0312,exact,yes,,295513
2017,tehsil,ATTOCK DISTRICT,PINDI GHEB TEHSIL,DDS-PB-0313,exact,yes,,271931
2017,tehsil,AWARAN DISTRICT,AWARAN TEHSIL,DDS-BA-0001,renamed,yes,known in 2023 as Awaran Sub-Division,30345
2017,tehsil,AWARAN DISTRICT,GISHKORE SUB-TEHSIL,DDS-BA-0002,renamed,yes,known in 2023 as Gishkore Tehsil,18390
2017,tehsil,AWARAN DISTRICT,JHAL JAO SUB-TEHSIL,DDS-BA-0003 DDS-BA-0004,restructured,parent,"Jhal JAO Sub-Tehsil was split after 2017 into Jhal JAO Tehsil, Korak Jhao Tehsil. The 2017 figure is for the whole of the old unit and is shown across all of them, not divided between them",40010
2017,tehsil,AWARAN DISTRICT,MASHKAI TEHSIL,DDS-BA-0005,exact,yes,,33076
2017,tehsil,BADIN DISTRICT,BADIN TALUKA,DDS-SD-0454,exact,yes,,454576
2017,tehsil,BADIN DISTRICT,GOLARCHI (S.F.RAHU) TALUKA,DDS-SD-0455,exact,yes,,334440
2017,tehsil,BADIN DISTRICT,MATLI TALUKA,DDS-SD-0456,exact,yes,,444700
2017,tehsil,BADIN DISTRICT,TALHAR TALUKA,DDS-SD-0457,exact,yes,,172014
2017,tehsil,BADIN DISTRICT,TANDO BAGO TALUKA,DDS-SD-0458,exact,yes,,399228
2017,tehsil,BAHAWALNAGAR DISTRICT,BAHAWALNAGAR TEHSIL,DDS-PB-0314,exact,yes,,813390
2017,tehsil,BAHAWALNAGAR DISTRICT,CHISHTIAN TEHSIL,DDS-PB-0315 DDS-PB-0317,restructured,group,"the tehsils in Bahawalnagar District were redrawn after 2017. Together, 2017’s Chishtian Tehsil, Haroonabad Tehsil cover the same ground as 2023’s Chishtian Tehsil, Haroonabad Tehsil, so the 2017 figure is for the group and is shown across all of it, not divided between its tehsils",689766
2017,tehsil,BAHAWALNAGAR DISTRICT,FORT ABBAS TEHSIL,DDS-PB-0316,exact,yes,,422768
2017,tehsil,BAHAWALNAGAR DISTRICT,HAROONABAD TEHSIL,DDS-PB-0315 DDS-PB-0317,restructured,group,"the tehsils in Bahawalnagar District were redrawn after 2017. Together, 2017’s Chishtian Tehsil, Haroonabad Tehsil cover the same ground as 2023’s Chishtian Tehsil, Haroonabad Tehsil, so the 2017 figure is for the group and is shown across all of it, not divided between its tehsils",524715
2017,tehsil,BAHAWALNAGAR DISTRICT,MINCHINABAD TEHSIL,DDS-PB-0318,exact,yes,,525017
2017,tehsil,BAHAWALPUR DISTRICT,AHMADPUR EAST TEHSIL,DDS-PB-0319,exact,yes,,1078586
2017,tehsil,BAHAWALPUR DISTRICT,BAHAWALPUR CITY TEHSIL,DDS-PB-0320,exact,yes,,682116
2017,tehsil,BAHAWALPUR DISTRICT,BAHAWALPUR SADDAR TEHSIL,DDS-PB-0321,exact,yes,,575886
2017,tehsil,BAHAWALPUR DISTRICT,HASILPUR TEHSIL,DDS-PB-0322,exact,yes,,456360
2017,tehsil,BAHAWALPUR DISTRICT,KHAIRPUR TAMEWALI TEHSIL,DDS-PB-0323,exact,yes,,262923
2017,tehsil,BAHAWALPUR DISTRICT,YAZMAN TEHSIL,DDS-PB-0324,exact,yes,,613305
2017,tehsil,BAJAUR AGENCY,BAR CHAMER KAND TEHSIL,DDS-KP-0164,exact,yes,,2868
2017,tehsil,BAJAUR AGENCY,BARANG TEHSIL,DDS-KP-0165,exact,yes,,76493
2017,tehsil,BAJAUR AGENCY,KHAR BAJAUR TEHSIL,DDS-KP-0166,exact,yes,,246875
2017,tehsil,BAJAUR AGENCY,MAMUND TEHSIL,DDS-KP-0167,exact,yes,,311373
2017,tehsil,BAJAUR AGENCY,NAWAGAI TEHSIL,DDS-KP-0168,exact,yes,,78494
2017,tehsil,BAJAUR AGENCY,SALARZAI TEHSIL,DDS-KP-0169,exact,yes,,267636
2017,tehsil,BAJAUR AGENCY,UTMAN KHEL TEHSIL,DDS-KP-0170,exact,yes,,107248
2017,tehsil,BANNU DISTRICT,BANNU TEHSIL,DDS-KP-0171 DDS-KP-0172 DDS-KP-0174 DDS-KP-0175,restructured,parent,"Bannu Tehsil was split after 2017 into Bakka Khel Tehsil, Bannu Tehsil, Kakki Tehsil, Meryan Tehsil. The 2017 figure is for the whole of the old unit and is shown across all of them, not divided between them",958103
2017,tehsil,BANNU DISTRICT,DOMEL TEHSIL,DDS-KP-0173,exact,yes,,208968
2017,tehsil,BARKHAN DISTRICT,BARKHAN TEHSIL,DDS-BA-0006,exact,yes,,171025
2017,tehsil,BATAGRAM DISTRICT,ALLAI TEHSIL,DDS-KP-0177,exact,yes,,180502
2017,tehsil,BATAGRAM DISTRICT,BATAGRAM TEHSIL,DDS-KP-0178,exact,yes,,296247
2017,tehsil,BHAKKAR DISTRICT,BHAKKAR TEHSIL,DDS-PB-0325,exact,yes,,683939
2017,tehsil,BHAKKAR DISTRICT,DARYA KHAN TEHSIL,DDS-PB-0326,exact,yes,,360427
2017,tehsil,BHAKKAR DISTRICT,KALUR KOT TEHSIL,DDS-PB-0327,exact,yes,,346591
2017,tehsil,BHAKKAR DISTRICT,MANKERA TEHSIL,DDS-PB-0328,exact,yes,,256895
2017,tehsil,BUNER DISTRICT,DAGGAR TEHSIL,DDS-KP-0179 DDS-KP-0180 DDS-KP-0181 DDS-KP-0182,restructured,group,"the tehsils in Buner District were redrawn after 2017. Together, 2017’s Daggar Tehsil, Gagra Tehsil cover the same ground as 2023’s Chagharzai Tehsil, Daggar Tehsil, Gadezai Tehsil, Gagra Tehsil, so the 2017 figure is for the group and is shown across all of it, not divided between its tehsils",354809
2017,tehsil,BUNER DISTRICT,GAGRA TEHSIL,DDS-KP-0179 DDS-KP-0180 DDS-KP-0181 DDS-KP-0182,restructured,group,"the tehsils in Buner District were redrawn after 2017. Together, 2017’s Daggar Tehsil, Gagra Tehsil cover the same ground as 2023’s Chagharzai Tehsil, Daggar Tehsil, Gadezai Tehsil, Gagra Tehsil, so the 2017 figure is for the group and is shown across all of it, not divided between its tehsils",269971
2017,tehsil,BUNER DISTRICT,KHADO KHEL TEHSIL,DDS-KP-0183,exact,yes,,118072
2017,tehsil,BUNER DISTRICT,MANDANR TEHSIL,DDS-KP-0184,exact,yes,,152608
2017,tehsil,CHAGAI DISTRICT,CHAGAI SUB-TEHSIL,DDS-BA-0007,renamed,yes,known in 2023 as Chagai Tehsil,58256
2017,tehsil,CHAGAI DISTRICT,DALBANDIN TEHSIL,DDS-BA-0008 DDS-BA-0011,restructured,parent,"Dalbandin Tehsil was split after 2017 into Dalbandin Sub-Division, YAK Machh Sub-Tehsil. The 2017 figure is for the whole of the old unit and is shown across all of them, not divided between them",127468
2017,tehsil,CHAGAI DISTRICT,NOKUNDI SUB-TEHSIL,DDS-BA-0009,renamed,yes,known in 2023 as Nokundi Tehsil,22283
2017,tehsil,CHAGAI DISTRICT,TAFTAN SUB-TEHSIL,DDS-BA-0010,renamed,yes,known in 2023 as Taftan Sub-Division,18510
2017,tehsil,CHAKWAL DISTRICT,CHAKWAL TEHSIL,DDS-PB-0329,exact,yes,,656527
2017,tehsil,CHAKWAL DISTRICT,CHOA SAIDAN SHAH TEHSIL,DDS-PB-0330,exact,yes,,141942
2017,tehsil,CHAKWAL DISTRICT,KALLAR KAHAR TEHSIL,DDS-PB-0331,exact,yes,,169238
2017,tehsil,CHAKWAL DISTRICT,LAWA TEHSIL,DDS-PB-0332 DDS-PB-0333,restructured,group,"the tehsils in Chakwal District were redrawn after 2017. Together, 2017’s Lawa Tehsil, Tala Gang Tehsil cover the same ground as 2023’s Lawa Tehsil, Tala Gang Tehsil, so the 2017 figure is for the group and is shown across all of it, not divided between its tehsils",125770
2017,tehsil,CHAKWAL DISTRICT,TALA GANG TEHSIL,DDS-PB-0332 DDS-PB-0333,restructured,group,"the tehsils in Chakwal District were redrawn after 2017. Together, 2017’s Lawa Tehsil, Tala Gang Tehsil cover the same ground as 2023’s Lawa Tehsil, Tala Gang Tehsil, so the 2017 figure is for the group and is shown across all of it, not divided between its tehsils",401986
2017,tehsil,CHARSADDA DISTRICT,CHARSADDA TEHSIL,DDS-KP-0185 DDS-KP-0187,restructured,group,"the tehsils in Charsadda District were redrawn after 2017. Together, 2017’s Charsadda Tehsil, Tangi Tehsil cover the same ground as 2023’s Charsadda Tehsil, Tangi Tehsil, so the 2017 figure is for the group and is shown across all of it, not divided between its tehsils",804843
2017,tehsil,CHARSADDA DISTRICT,SHABQADAR TEHSIL,DDS-KP-0186,exact,yes,,379952
2017,tehsil,CHARSADDA DISTRICT,TANGI TEHSIL,DDS-KP-0185 DDS-KP-0187,restructured,group,"the tehsils in Charsadda District were redrawn after 2017. Together, 2017’s Charsadda Tehsil, Tangi Tehsil cover the same ground as 2023’s Charsadda Tehsil, Tangi Tehsil, so the 2017 figure is for the group and is shown across all of it, not divided between its tehsils",426165
2017,tehsil,CHINIOT DISTRICT,BHAWANA TEHSIL,DDS-PB-0334,exact,yes,,373841
2017,tehsil,CHINIOT DISTRICT,CHINIOT TEHSIL,DDS-PB-0335,exact,yes,,555796
2017,tehsil,CHINIOT DISTRICT,LALIAN TEHSIL,DDS-PB-0336,exact,yes,,439022
2017,tehsil,CHITRAL DISTRICT,CHITRAL SUB-DIVISION,DDS-KP-0219 DDS-KP-0220,restructured,parent,"Chitral Sub-Division was split after 2017 into Chitral Sub-Division, Drosh Sub-Division. The 2017 figure is for the whole of the old unit and is shown across all of them, not divided between them",278328
2017,tehsil,CHITRAL DISTRICT,MASTUJ SUB-DIVISION,DDS-KP-0299,exact,yes,,169297
2017,tehsil,DADU DISTRICT,DADU TALUKA,DDS-SD-0459,exact,yes,,461665
2017,tehsil,DADU DISTRICT,JOHI TALUKA,DDS-SD-0460,exact,yes,,294389
2017,tehsil,DADU DISTRICT,KHAIRPUR NATHAN SHAH TALUKA,DDS-SD-0461,exact,yes,,334477
2017,tehsil,DADU DISTRICT,MEHAR TALUKA,DDS-SD-0462,exact,yes,,459859
2017,tehsil,DERA BUGTI DISTRICT,BAIKER SUB-TEHSIL,DDS-BA-0014,exact,yes,,19497
2017,tehsil,DERA BUGTI DISTRICT,DERA BUGTI TEHSIL,DDS-BA-0015,renamed,yes,known in 2023 as Dera Bugti Sub-Division,48415
2017,tehsil,DERA BUGTI DISTRICT,LOTI TEHSIL,DDS-BA-0016,renamed,yes,known in 2023 as Loti Sub-Tehsil,18058
2017,tehsil,DERA BUGTI DISTRICT,MALAM SUB-TEHSIL,DDS-BA-0017,exact,yes,,27265
2017,tehsil,DERA BUGTI DISTRICT,PHELAWAGH TEHSIL,DDS-BA-0019,renamed,yes,known in 2023 as Qadirabad Sub-Division,28054
2017,tehsil,DERA BUGTI DISTRICT,PIR KOH SUB-TEHSIL,DDS-BA-0018,exact,yes,,40629
2017,tehsil,DERA BUGTI DISTRICT,SANGSILLAH SUB-TEHSIL,DDS-BA-0020,exact,yes,,10217
2017,tehsil,DERA BUGTI DISTRICT,SUI TEHSIL,DDS-BA-0021,renamed,yes,known in 2023 as SUI Sub-Division,120975
2017,tehsil,DERA GHAZI KHAN DISTRICT,DE-EXCLUDED AREA D.G KHAN TEHSIL,DDS-PB-0338,renamed,yes,known in 2023 as Koh-E-Suleman Tehsil,212652
2017,tehsil,DERA GHAZI KHAN DISTRICT,DERA GHAZI KHAN TEHSIL,DDS-PB-0337,exact,yes,,1224964
2017,tehsil,DERA GHAZI KHAN DISTRICT,KOT CHHUTTA TEHSIL,DDS-PB-0339,exact,yes,,757230
2017,tehsil,DERA GHAZI KHAN DISTRICT,TAUNSA TEHSIL,DDS-PB-0340,exact,yes,,677785
2017,tehsil,DERA ISMAIL KHAN DISTRICT,DARABAN TEHSIL,DDS-KP-0188,exact,yes,,124318
2017,tehsil,DERA ISMAIL KHAN DISTRICT,DERA ISMAIL KHAN TEHSIL,DDS-KP-0189 DDS-KP-0192 DDS-KP-0193,restructured,group,"the tehsils in Dera Ismail Khan District + FR D.I.KHAN were redrawn after 2017. Together, 2017’s Dera Ismail Khan Tehsil, Paharpur Tehsil, Paroa Tehsil cover the same ground as 2023’s Dera Ismail Khan Tehsil, Paharpur Tehsil, Paroa Tehsil, so the 2017 figure is for the group and is shown across all of it, not divided between its tehsils",725449
2017,tehsil,DERA ISMAIL KHAN DISTRICT,KULACHI TEHSIL,DDS-KP-0191,exact,yes,,101892
2017,tehsil,DERA ISMAIL KHAN DISTRICT,PAHARPUR TEHSIL,DDS-KP-0189 DDS-KP-0192 DDS-KP-0193,restructured,group,"the tehsils in Dera Ismail Khan District + FR D.I.KHAN were redrawn after 2017. Together, 2017’s Dera Ismail Khan Tehsil, Paharpur Tehsil, Paroa Tehsil cover the same ground as 2023’s Dera Ismail Khan Tehsil, Paharpur Tehsil, Paroa Tehsil, so the 2017 figure is for the group and is shown across all of it, not divided between its tehsils",381086
2017,tehsil,DERA ISMAIL KHAN DISTRICT,PAROA TEHSIL,DDS-KP-0189 DDS-KP-0192 DDS-KP-0193,restructured,group,"the tehsils in Dera Ismail Khan District + FR D.I.KHAN were redrawn after 2017. Together, 2017’s Dera Ismail Khan Tehsil, Paharpur Tehsil, Paroa Tehsil cover the same ground as 2023’s Dera Ismail Khan Tehsil, Paharpur Tehsil, Paroa Tehsil, so the 2017 figure is for the group and is shown across all of it, not divided between its tehsils",292343
2017,tehsil,FAISALABAD DISTRICT,CHAK JHUMRA TEHSIL,DDS-PB-0341,exact,yes,,332966
2017,tehsil,FAISALABAD DISTRICT,FAISALABAD CITY TEHSIL,DDS-PB-0342,exact,yes,,3244259
2017,tehsil,FAISALABAD DISTRICT,FAISALABAD SADAR TEHSIL,DDS-PB-0343,exact,yes,,1465027
2017,tehsil,FAISALABAD DISTRICT,JARANWALA TEHSIL,DDS-PB-0344,exact,yes,,1493923
2017,tehsil,FAISALABAD DISTRICT,SAMMUNDRI TEHSIL,DDS-PB-0345,exact,yes,,643114
2017,tehsil,FAISALABAD DISTRICT,TANDLIAN WALA TEHSIL,DDS-PB-0346,exact,yes,,703155
2017,tehsil,FR BANNU,TRIBAL AREA ADJ. BANNU DISTRICT,DDS-KP-0176,renamed,yes,known in 2023 as Wazir Sub-Division,43112
2017,tehsil,FR D.I.KHAN,TRIBAL AREA ADJ. DERA ISMAIL KHAN DISTRICT,DDS-KP-0190,renamed,yes,known in 2023 as Drazanda Sub-Division,68506
2017,tehsil,FR KOHAT,TRIBAL AREA ADJ. KOHAT DISTRICT,DDS-KP-0206,renamed,yes,known in 2023 as Darra Adam Khel Sub-Division,118839
2017,tehsil,FR LAKKI MARWAT,TRIBAL AREA ADJ. LAKKI MARWAT DISTRICT,DDS-KP-0215,renamed,yes,known in 2023 as Bettani Sub-Division,26394
2017,tehsil,FR PESHAWAR,TRIBAL AREA ADJ. PESHAWAR DISTRICT,DDS-KP-0264,renamed,yes,known in 2023 as Hassan Khel Sub-Division,64761
2017,tehsil,FR TANK,TRIBAL AREA ADJ. TANK DISTRICT,DDS-KP-0294,renamed,yes,known in 2023 as Jandola Sub-Division,36418
2017,tehsil,GHOTKI DISTRICT,DAHARKI TALUKA,DDS-SD-0463,exact,yes,,310709
2017,tehsil,GHOTKI DISTRICT,GHOTKI TALUKA,DDS-SD-0464,exact,yes,,507087
2017,tehsil,GHOTKI DISTRICT,KHANGARH TALUKA,DDS-SD-0465,exact,yes,,149667
2017,tehsil,GHOTKI DISTRICT,MIRPUR MATHELO TALUKA,DDS-SD-0466,exact,yes,,327821
2017,tehsil,GHOTKI DISTRICT,UBAURO TALUKA,DDS-SD-0467,exact,yes,,353424
2017,tehsil,GUJRANWALA DISTRICT,GUJRANWALA CITY TEHSIL,DDS-PB-0347 DDS-PB-0348,restructured,group,"the tehsils in Gujranwala District were redrawn after 2017. Together, 2017’s Gujranwala City Tehsil, Gujranwala Saddar Tehsil cover the same ground as 2023’s Gujranwala City Tehsil, Gujranwala Saddar Tehsil, so the 2017 figure is for the group and is shown across all of it, not divided between its tehsils",259764
2017,tehsil,GUJRANWALA DISTRICT,GUJRANWALA SADDAR TEHSIL,DDS-PB-0347 DDS-PB-0348,restructured,group,"the tehsils in Gujranwala District were redrawn after 2017. Together, 2017’s Gujranwala City Tehsil, Gujranwala Saddar Tehsil cover the same ground as 2023’s Gujranwala City Tehsil, Gujranwala Saddar Tehsil, so the 2017 figure is for the group and is shown across all of it, not divided between its tehsils",2806529
2017,tehsil,GUJRANWALA DISTRICT,KAMOKE TEHSIL,DDS-PB-0349,exact,yes,,579690
2017,tehsil,GUJRANWALA DISTRICT,NOWSHERA VIRKAN TEHSIL,DDS-PB-0350,exact,yes,,534811
2017,tehsil,GUJRANWALA DISTRICT,WAZIRABAD TEHSIL,DDS-PB-0351,exact,yes,,830272
2017,tehsil,GUJRAT DISTRICT,GUJRAT TEHSIL,DDS-PB-0352,exact,yes,,1497706
2017,tehsil,GUJRAT DISTRICT,KHARIAN TEHSIL,DDS-PB-0353,exact,yes,,1011262
2017,tehsil,GUJRAT DISTRICT,SARAI ALAMGIR TEHSIL,DDS-PB-0354,exact,yes,,247321
2017,tehsil,GWADAR DISTRICT,GWADAR TEHSIL,DDS-BA-0026,renamed,yes,known in 2023 as Gwadar Sub-Division,137695
2017,tehsil,GWADAR DISTRICT,JIWANI TEHSIL,DDS-BA-0027,exact,yes,,26691
2017,tehsil,GWADAR DISTRICT,ORMARA TEHSIL,DDS-BA-0028,exact,yes,,25634
2017,tehsil,GWADAR DISTRICT,PASNI TEHSIL,DDS-BA-0029,renamed,yes,known in 2023 as Pasni Sub-Division,61347
2017,tehsil,GWADAR DISTRICT,SUNTSER SUB-TEHSIL,DDS-BA-0030,exact,yes,,10886
2017,tehsil,HAFIZABAD DISTRICT,HAFIZABAD TEHSIL,DDS-PB-0355,exact,yes,,663916
2017,tehsil,HAFIZABAD DISTRICT,PINDI BHATTIAN TEHSIL,DDS-PB-0356,exact,yes,,493038
2017,tehsil,HANGU DISTRICT,HANGU TEHSIL,DDS-KP-0194,exact,yes,,270399
2017,tehsil,HANGU DISTRICT,TALL TEHSIL,DDS-KP-0195,exact,yes,,248412
2017,tehsil,HARIPUR DISTRICT,GHAZI TEHSIL,DDS-KP-0196,exact,yes,,144917
2017,tehsil,HARIPUR DISTRICT,HARIPUR TEHSIL,DDS-KP-0197 DDS-KP-0198,restructured,parent,"Haripur Tehsil was split after 2017 into Haripur Tehsil, Khanpur Tehsil. The 2017 figure is for the whole of the old unit and is shown across all of them, not divided between them",856598
2017,tehsil,HARNAI DISTRICT,HARNAI TEHSIL,DDS-BA-0031,renamed,yes,known in 2023 as Harnai Sub-Division,64056
2017,tehsil,HARNAI DISTRICT,KHOAST SUB-TEHSIL,DDS-BA-0032,renamed,yes,known in 2023 as Khoast Sub-Division,12279
2017,tehsil,HARNAI DISTRICT,SHAHRIG TEHSIL,DDS-BA-0033,exact,yes,,20717
2017,tehsil,HYDERABAD DISTRICT,HYDERABAD CITY TALUKA,DDS-SD-0468,exact,yes,,725153
2017,tehsil,HYDERABAD DISTRICT,HYDERABAD TALUKA,DDS-SD-0469,exact,yes,,466306
2017,tehsil,HYDERABAD DISTRICT,LATIFABAD TALUKA,DDS-SD-0470,exact,yes,,703690
2017,tehsil,HYDERABAD DISTRICT,QASIMABAD TALUKA,DDS-SD-0471,exact,yes,,304779
2017,tehsil,ISLAMABAD DISTRICT,ISLAMABAD TEHSIL,DDS-IS-0159,exact,yes,,2003368
2017,tehsil,JACOBABAD DISTRICT,GARHI KHAIRO TALUKA,DDS-SD-0472,exact,yes,,159019
2017,tehsil,JACOBABAD DISTRICT,JACOBABAD TALUKA,DDS-SD-0473,exact,yes,,382578
2017,tehsil,JACOBABAD DISTRICT,THUL TALUKA,DDS-SD-0474,exact,yes,,465412
2017,tehsil,JAFFARABAD DISTRICT,GANDHAKA TEHSIL,DDS-BA-0034,renamed,yes,known in 2023 as Gandakha Tehsil,74881
2017,tehsil,JAFFARABAD DISTRICT,JHAT PAT TEHSIL,DDS-BA-0035,renamed,yes,known in 2023 as Jhat PAT Sub-Division,253107
2017,tehsil,JAFFARABAD DISTRICT,USTA MUHAMMAD TEHSIL,DDS-BA-0036,renamed,yes,known in 2023 as Usta Muhammad Sub-Division,185984
2017,tehsil,JAMSHORO DISTRICT,KOTRI TALUKA,DDS-SD-0475,exact,yes,,438063
2017,tehsil,JAMSHORO DISTRICT,MANJHAND TALUKA,DDS-SD-0476,exact,yes,,140766
2017,tehsil,JAMSHORO DISTRICT,SEHWAN TALUKA,DDS-SD-0477,exact,yes,,269817
2017,tehsil,JAMSHORO DISTRICT,THANO BULA KHAN TALUKA,DDS-SD-0478,exact,yes,,145262
2017,tehsil,JHAL MAGSI DISTRICT,GANDAWA TEHSIL,DDS-BA-0037,exact,yes,,51180
2017,tehsil,JHAL MAGSI DISTRICT,JHAL MAGSI TEHSIL,DDS-BA-0038,exact,yes,,88279
2017,tehsil,JHAL MAGSI DISTRICT,MIRPUR SUB-TEHSIL,DDS-BA-0039,exact,yes,,9441
2017,tehsil,JHANG DISTRICT,18-HAZARI TEHSIL,DDS-PB-0357,exact,yes,,295714
2017,tehsil,JHANG DISTRICT,AHMADPUR SIAL TEHSIL,DDS-PB-0358,exact,yes,,433534
2017,tehsil,JHANG DISTRICT,JHANG TEHSIL,DDS-PB-0359,exact,yes,,1464818
2017,tehsil,JHANG DISTRICT,SHORKOT TEHSIL,DDS-PB-0449 DDS-PB-0360,restructured,group,"the tehsils in Jhang District + Toba TEK Singh District were redrawn after 2017. Together, 2017’s Pirmahal Tehsil, Shorkot Tehsil cover the same ground as 2023’s Pirmahal Tehsil, Shorkot Tehsil, so the 2017 figure is for the group and is shown across all of it, not divided between its tehsils",548567
2017,tehsil,JHELUM DISTRICT,DINA TEHSIL,DDS-PB-0361,exact,yes,,238465
2017,tehsil,JHELUM DISTRICT,JHELUM TEHSIL,DDS-PB-0362,exact,yes,,445232
2017,tehsil,JHELUM DISTRICT,PIND DADAN KHAN TEHSIL,DDS-PB-0363,exact,yes,,336841
2017,tehsil,JHELUM DISTRICT,SOHAWA TEHSIL,DDS-PB-0364,exact,yes,,201865
2017,tehsil,KACHHI DISTRICT,BALANARI SUB-TEHSIL,DDS-BA-0040,exact,yes,,43341
2017,tehsil,KACHHI DISTRICT,BHAG TEHSIL,DDS-BA-0107 DDS-BA-0041 DDS-BA-0108 DDS-BA-0110 DDS-BA-0111 DDS-BA-0112,restructured,group,"the tehsils in Kachhi District + Nasirabad District were redrawn after 2017. Together, 2017’s Baba KOT Tehsil, Bhag Tehsil, Chattar Sub-Tehsil, Tamboo Tehsil cover the same ground as 2023’s Baba KOT Tehsil, Bhag Sub-Division, Chattar Sub-Division, Landhi Tehsil, MIR Hassan Khosa Tehsil, Tamboo Tehsil, so the 2017 figure is for the group and is shown across all of it, not divided between its tehsils",73459
2017,tehsil,KACHHI DISTRICT,DHADAR TEHSIL,DDS-BA-0042,renamed,yes,known in 2023 as Dhadar Sub-Division,42389
2017,tehsil,KACHHI DISTRICT,KHATTAN SUB-TEHSIL,DDS-BA-0043,exact,yes,,14213
2017,tehsil,KACHHI DISTRICT,MACH SUB-TEHSIL,DDS-BA-0044,renamed,yes,known in 2023 as Mach Sub-Division,39629
2017,tehsil,KACHHI DISTRICT,SANNI SUB-TEHSIL,DDS-BA-0045,renamed,yes,known in 2023 as Sanni Sub-Division,96901
2017,tehsil,KALAT DISTRICT,GAZG SUB-TEHSIL,DDS-BA-0046,exact,yes,,5721
2017,tehsil,KALAT DISTRICT,JOHAN SUB-TEHSIL,DDS-BA-0047,exact,yes,,10708
2017,tehsil,KALAT DISTRICT,KALAT TEHSIL,DDS-BA-0143 DDS-BA-0144 DDS-BA-0048 DDS-BA-0145 DDS-BA-0146,restructured,group,"the tehsils in Kalat District were redrawn after 2017. Together, 2017’s Kalat Tehsil, Surab Tehsil cover the same ground as 2023’s Dasht E Goran Sub-Division, Gidder Sub-Division, Kalat Sub-Division, Shaheed Meharabad Zehri Sub-Division, Surab Sub-Division, so the 2017 figure is for the group and is shown across all of it, not divided between its tehsils",129094
2017,tehsil,KALAT DISTRICT,MANGOCHAR TEHSIL,DDS-BA-0049,renamed,yes,known in 2023 as Mangochar Sub-Division,65678
2017,tehsil,KALAT DISTRICT,SURAB TEHSIL,DDS-BA-0143 DDS-BA-0144 DDS-BA-0048 DDS-BA-0145 DDS-BA-0146,restructured,group,"the tehsils in Kalat District were redrawn after 2017. Together, 2017’s Kalat Tehsil, Surab Tehsil cover the same ground as 2023’s Dasht E Goran Sub-Division, Gidder Sub-Division, Kalat Sub-Division, Shaheed Meharabad Zehri Sub-Division, Surab Sub-Division, so the 2017 figure is for the group and is shown across all of it, not divided between its tehsils",200857
2017,tehsil,KAMBAR SHAHDAD KOT DISTRICT,KAMBAR ALI KHAN TALUKA,DDS-SD-0479,exact,yes,,393374
2017,tehsil,KAMBAR SHAHDAD KOT DISTRICT,MIRO KHAN TALUKA,DDS-SD-0480,exact,yes,,157934
2017,tehsil,KAMBAR SHAHDAD KOT DISTRICT,NASIRABAD TALUKA,DDS-SD-0481,exact,yes,,151410
2017,tehsil,KAMBAR SHAHDAD KOT DISTRICT,QUBO SAEED KHAN TALUKA,DDS-SD-0482,exact,yes,,85767
2017,tehsil,KAMBAR SHAHDAD KOT DISTRICT,SHAHDAD KOT TALUKA,DDS-SD-0483,exact,yes,,202564
2017,tehsil,KAMBAR SHAHDAD KOT DISTRICT,SUJAWAL JUNEJO TALUKA,DDS-SD-0484,exact,yes,,117467
2017,tehsil,KAMBAR SHAHDAD KOT DISTRICT,WARAH TALUKA,DDS-SD-0485,exact,yes,,229519
2017,tehsil,KARACHI CENTRAL DISTRICT,GULBERG SUB-DIVISION,DDS-SD-0486,exact,yes,,496094
2017,tehsil,KARACHI CENTRAL DISTRICT,LIAQUATABAD SUB-DIVISION,DDS-SD-0487,exact,yes,,449098
2017,tehsil,KARACHI CENTRAL DISTRICT,NAZIMABAD SUB-DIVISION,DDS-SD-0488,exact,yes,,446347
2017,tehsil,KARACHI CENTRAL DISTRICT,NEW KARACHI SUB-DIVISION,DDS-SD-0489,exact,yes,,871245
2017,tehsil,KARACHI CENTRAL DISTRICT,NORTH NAZIMABAD SUB-DIVISION,DDS-SD-0490,exact,yes,,708598
2017,tehsil,KARACHI EAST DISTRICT,FEROZABAD SUB-DIVISION,DDS-SD-0491,exact,yes,,761631
2017,tehsil,KARACHI EAST DISTRICT,GULSHAN-E-IQBAL SUB-DIVISION,DDS-SD-0492,exact,yes,,841800
2017,tehsil,KARACHI EAST DISTRICT,GULZAR-E-HIJRI SUB-DIVISION,DDS-SD-0493,exact,yes,,792451
2017,tehsil,KARACHI EAST DISTRICT,JAMSHED QUARTERS SUB-DIVISION,DDS-SD-0494,exact,yes,,479433
2017,tehsil,KARACHI SOUTH DISTRICT,ARAM BAGH SUB-DIVISION,DDS-SD-0495,exact,yes,,128313
2017,tehsil,KARACHI SOUTH DISTRICT,CIVIL LINES SUB-DIVISION,DDS-SD-0496,exact,yes,,473119
2017,tehsil,KARACHI SOUTH DISTRICT,GARDEN SUB-DIVISION,DDS-SD-0497,exact,yes,,363967
2017,tehsil,KARACHI SOUTH DISTRICT,LYARI SUB-DIVISION,DDS-SD-0498,exact,yes,,661926
2017,tehsil,KARACHI SOUTH DISTRICT,SADDAR SUB-DIVISION,DDS-SD-0499,exact,yes,,141905
2017,tehsil,KARACHI WEST DISTRICT,BALDIA SUB-DIVISION,DDS-SD-0506,exact,yes,,832583
2017,tehsil,KARACHI WEST DISTRICT,HARBOUR SUB-DIVISION,DDS-SD-0507,renamed,yes,known in 2023 as Keamari Sub-Division,401115
2017,tehsil,KARACHI WEST DISTRICT,MANGHOPIR SUB-DIVISION,DDS-SD-0500,exact,yes,,711236
2017,tehsil,KARACHI WEST DISTRICT,MAURIPUR SUB-DIVISION,DDS-SD-0508,exact,yes,,192565
2017,tehsil,KARACHI WEST DISTRICT,MOMINABAD SUB-DIVISION,DDS-SD-0501,exact,yes,,845797
2017,tehsil,KARACHI WEST DISTRICT,ORANGI SUB-DIVISION,DDS-SD-0502,exact,yes,,520195
2017,tehsil,KARACHI WEST DISTRICT,SITE SUB-DIVISION,DDS-SD-0509,exact,yes,,403574
2017,tehsil,KARAK DISTRICT,BANDA DAUD SHAH TEHSIL,DDS-KP-0199,exact,yes,,155482
2017,tehsil,KARAK DISTRICT,KARAK TEHSIL,DDS-KP-0200,exact,yes,,292829
2017,tehsil,KARAK DISTRICT,TAKHT-E-NASRATI TEHSIL,DDS-KP-0201,exact,yes,,257051
2017,tehsil,KASHMORE DISTRICT,KANDHKOT TALUKA,DDS-SD-0503,exact,yes,,366111
2017,tehsil,KASHMORE DISTRICT,KASHMORE TALUKA,DDS-SD-0504,exact,yes,,434966
2017,tehsil,KASHMORE DISTRICT,TANGWANI TALUKA,DDS-SD-0505,exact,yes,,289259
2017,tehsil,KASUR DISTRICT,CHUNIAN TEHSIL,DDS-PB-0365,exact,yes,,826323
2017,tehsil,KASUR DISTRICT,KASUR TEHSIL,DDS-PB-0366,exact,yes,,1333583
2017,tehsil,KASUR DISTRICT,KOT RADHA KISHAN TEHSIL,DDS-PB-0367,exact,yes,,360523
2017,tehsil,KASUR DISTRICT,PATTOKI TEHSIL,DDS-PB-0368,exact,yes,,934452
2017,tehsil,KECH DISTRICT,BALNIGORE SUB-TEHSIL,DDS-BA-0050,exact,yes,,44595
2017,tehsil,KECH DISTRICT,BULAIDA SUB-TEHSIL,DDS-BA-0051,renamed,yes,known in 2023 as Bulaida Sub-Division,77148
2017,tehsil,KECH DISTRICT,DASHT SUB-TEHSIL,DDS-BA-0052,renamed,yes,known in 2023 as Dasht Sub-Division,76470
2017,tehsil,KECH DISTRICT,HOSHAB SUB-TEHSIL,DDS-BA-0053,exact,yes,,52947
2017,tehsil,KECH DISTRICT,KECH (TURBAT) TEHSIL,DDS-BA-0056,renamed,yes,known in 2023 as Turbat Sub-Division,416608
2017,tehsil,KECH DISTRICT,MAND SUB-TEHSIL,DDS-BA-0054,renamed,yes,known in 2023 as Mand Tehsil,50995
2017,tehsil,KECH DISTRICT,TUMP SUB-TEHSIL,DDS-BA-0055,renamed,yes,known in 2023 as Tump Sub-Division,146008
2017,tehsil,KECH DISTRICT,ZAMORAN SUB-TEHSIL,DDS-BA-0057,exact,yes,,42411
2017,tehsil,KHAIRPUR DISTRICT,FAIZ GANJ TALUKA,DDS-SD-0510,exact,yes,,224088
2017,tehsil,KHAIRPUR DISTRICT,GAMBAT TALUKA,DDS-SD-0511,exact,yes,,263218
2017,tehsil,KHAIRPUR DISTRICT,KHAIRPUR TALUKA,DDS-SD-0512,exact,yes,,440412
2017,tehsil,KHAIRPUR DISTRICT,KINGRI TALUKA,DDS-SD-0513,exact,yes,,340297
2017,tehsil,KHAIRPUR DISTRICT,KOT DIJI TALUKA,DDS-SD-0514,exact,yes,,348582
2017,tehsil,KHAIRPUR DISTRICT,MIRWAH TALUKA,DDS-SD-0515,exact,yes,,352764
2017,tehsil,KHAIRPUR DISTRICT,NARA TALUKA,DDS-SD-0516,exact,yes,,160643
2017,tehsil,KHAIRPUR DISTRICT,SOBHO DERO TALUKA,DDS-SD-0517,exact,yes,,275186
2017,tehsil,KHANEWAL DISTRICT,JAHANIAN TEHSIL,DDS-PB-0369,exact,yes,,343425
2017,tehsil,KHANEWAL DISTRICT,KABIRWALA TEHSIL,DDS-PB-0370,exact,yes,,958596
2017,tehsil,KHANEWAL DISTRICT,KHANEWAL TEHSIL,DDS-PB-0371,exact,yes,,856257
2017,tehsil,KHANEWAL DISTRICT,MIAN CHANNU TEHSIL,DDS-PB-0372,exact,yes,,761955
2017,tehsil,KHARAN DISTRICT,KHARAN TEHSIL,DDS-BA-0058 DDS-BA-0059 DDS-BA-0061,restructured,group,"the tehsils in Kharan District were redrawn after 2017. Together, 2017’s Kharan Tehsil, SUB Tehsil Tohmulk cover the same ground as 2023’s Kharan Sub-Division, Patkain Sub-Tehsil, Tohmulk Sub-Tehsil, so the 2017 figure is for the group and is shown across all of it, not divided between its tehsils",80703
2017,tehsil,KHARAN DISTRICT,SAR KHARAN TEHSIL,DDS-BA-0060,renamed,yes,known in 2023 as SAR Kharan Sub-Division,49393
2017,tehsil,KHARAN DISTRICT,SUB TEHSIL TOHMULK,DDS-BA-0058 DDS-BA-0059 DDS-BA-0061,restructured,group,"the tehsils in Kharan District were redrawn after 2017. Together, 2017’s Kharan Tehsil, SUB Tehsil Tohmulk cover the same ground as 2023’s Kharan Sub-Division, Patkain Sub-Tehsil, Tohmulk Sub-Tehsil, so the 2017 figure is for the group and is shown across all of it, not divided between its tehsils",32670
2017,tehsil,KHUSHAB DISTRICT,KHUSHAB TEHSIL,DDS-PB-0373,exact,yes,,690157
2017,tehsil,KHUSHAB DISTRICT,NOORPUR TEHSIL,DDS-PB-0374,renamed,yes,known in 2023 as Noor PUR Tehsil,242831
2017,tehsil,KHUSHAB DISTRICT,NOWSHERA TEHSIL,DDS-PB-0375,exact,yes,,117356
2017,tehsil,KHUSHAB DISTRICT,QUAIDABAD TEHSIL,DDS-PB-0376,exact,yes,,230028
2017,tehsil,KHUZDAR DISTRICT,ARANJI SUB-TEHSIL,DDS-BA-0062,exact,yes,,42318
2017,tehsil,KHUZDAR DISTRICT,KARAKH SUB-TEHSIL,DDS-BA-0064,renamed,yes,known in 2023 as Karakh Sub-Division,31016
2017,tehsil,KHUZDAR DISTRICT,KHUZDAR TEHSIL,DDS-BA-0065,renamed,yes,known in 2023 as Khuzdar Sub-Division,299464
2017,tehsil,KHUZDAR DISTRICT,MOOLA SUB-TEHSIL,DDS-BA-0066,exact,yes,,23386
2017,tehsil,KHUZDAR DISTRICT,NAL SUB-TEHSIL,DDS-BA-0063 DDS-BA-0067,restructured,parent,"NAL Sub-Tehsil was split after 2017 into Gresha Sub-Tehsil, NAL Sub-Division. The 2017 figure is for the whole of the old unit and is shown across all of them, not divided between them",130897
2017,tehsil,KHUZDAR DISTRICT,ORNACH SUB-TEHSIl,DDS-BA-0068,renamed,yes,known in 2023 as Ornach Sub-Division,37588
2017,tehsil,KHUZDAR DISTRICT,SAROONA SUB-TEHSIL,DDS-BA-0069,exact,yes,,32125
2017,tehsil,KHUZDAR DISTRICT,WADH TEHSIL,DDS-BA-0070,renamed,yes,known in 2023 as Wadh Sub-Division,100115
2017,tehsil,KHUZDAR DISTRICT,ZEHRI TEHSIL,DDS-BA-0071,renamed,yes,known in 2023 as Zehri Sub-Division,101987
2017,tehsil,KHYBER AGENCY,BARA TEHSIL,DDS-KP-0202,exact,yes,,443449
2017,tehsil,KHYBER AGENCY,JAMRUD TEHSIL,DDS-KP-0203,exact,yes,,227557
2017,tehsil,KHYBER AGENCY,LANDI KOTAL TEHSIL,DDS-KP-0204,exact,yes,,273052
2017,tehsil,KHYBER AGENCY,MULLA GORI TEHSIL,DDS-KP-0205,exact,yes,,40188
2017,tehsil,KILLA ABDULLAH DISTRICT,CHAMAN TEHSIL,DDS-BA-0012 DDS-BA-0013,restructured,parent,"Chaman Tehsil was split after 2017 into Chaman City Sub-Division, Chaman Saddar Sub-Division. The 2017 figure is for the whole of the old unit and is shown across all of them, not divided between them",434561
2017,tehsil,KILLA ABDULLAH DISTRICT,DOBANDI SUB-TEHSIL,DDS-BA-0072,exact,yes,,61741
2017,tehsil,KILLA ABDULLAH DISTRICT,GULISTAN TEHSIL,DDS-BA-0073,renamed,yes,known in 2023 as Gulistan Sub-Division,114984
2017,tehsil,KILLA ABDULLAH DISTRICT,KILLA ABDULLAH TEHSIL,DDS-BA-0074,renamed,yes,known in 2023 as Killa Abdullah Sub-Division,147068
2017,tehsil,KILLA SAIFULLAH DISTRICT,BADINI SUB-TEHSIL,DDS-BA-0075,exact,yes,,15345
2017,tehsil,KILLA SAIFULLAH DISTRICT,KAN MEHTARZAI SUB-TEHSIL,DDS-BA-0076,exact,yes,,33242
2017,tehsil,KILLA SAIFULLAH DISTRICT,KILLA SAIFULLAH TEHSIL,DDS-BA-0077,renamed,yes,known in 2023 as Killa Saifullah Sub-Division,132346
2017,tehsil,KILLA SAIFULLAH DISTRICT,LOIBAND TEHSIL,DDS-BA-0078,exact,yes,,27962
2017,tehsil,KILLA SAIFULLAH DISTRICT,MUSLIM BAGH TEHSIL,DDS-BA-0079,exact,yes,,78711
2017,tehsil,KILLA SAIFULLAH DISTRICT,SHINKI SUB-TEHSIL,DDS-BA-0080,exact,yes,,55326
2017,tehsil,KOHAT DISTRICT,KOHAT TEHSIL,DDS-KP-0207 DDS-KP-0208,restructured,parent,"Kohat Tehsil was split after 2017 into Gumbat Tehsil, Kohat Tehsil. The 2017 figure is for the whole of the old unit and is shown across all of them, not divided between them",848997
2017,tehsil,KOHAT DISTRICT,LACHI TEHSIL,DDS-KP-0209,exact,yes,,143430
2017,tehsil,KOHISTAN DISTRICT,DASSU SUB-DIVISION,DDS-KP-0225 DDS-KP-0210 DDS-KP-0304 DDS-KP-0305 DDS-KP-0306 DDS-KP-0211 DDS-KP-0226 DDS-KP-0307,restructured,group,"the tehsils in Kohistan District were redrawn after 2017. Together, 2017’s Dassu Sub-Division, Kandia Sub-Division, Palas Sub-Division, Pattan Sub-Division cover the same ground as 2023’s Bankand Ranolia Tehsil, Battaira Sub-Division, Dassu Sub-Division, Harban Bhasha Tehsil, Kandia Sub-Division, Palas Sub-Division, Pattan Sub-Division, SEO Sub-Division, so the 2017 figure is for the group and is shown across all of it, not divided between its tehsils",228350
2017,tehsil,KOHISTAN DISTRICT,KANDIA SUB-DIVISION,DDS-KP-0225 DDS-KP-0210 DDS-KP-0304 DDS-KP-0305 DDS-KP-0306 DDS-KP-0211 DDS-KP-0226 DDS-KP-0307,restructured,group,"the tehsils in Kohistan District were redrawn after 2017. Together, 2017’s Dassu Sub-Division, Kandia Sub-Division, Palas Sub-Division, Pattan Sub-Division cover the same ground as 2023’s Bankand Ranolia Tehsil, Battaira Sub-Division, Dassu Sub-Division, Harban Bhasha Tehsil, Kandia Sub-Division, Palas Sub-Division, Pattan Sub-Division, SEO Sub-Division, so the 2017 figure is for the group and is shown across all of it, not divided between its tehsils",77101
2017,tehsil,KOHISTAN DISTRICT,PALAS SUB-DIVISION,DDS-KP-0225 DDS-KP-0210 DDS-KP-0304 DDS-KP-0305 DDS-KP-0306 DDS-KP-0211 DDS-KP-0226 DDS-KP-0307,restructured,group,"the tehsils in Kohistan District were redrawn after 2017. Together, 2017’s Dassu Sub-Division, Kandia Sub-Division, Palas Sub-Division, Pattan Sub-Division cover the same ground as 2023’s Bankand Ranolia Tehsil, Battaira Sub-Division, Dassu Sub-Division, Harban Bhasha Tehsil, Kandia Sub-Division, Palas Sub-Division, Pattan Sub-Division, SEO Sub-Division, so the 2017 figure is for the group and is shown across all of it, not divided between its tehsils",276325
2017,tehsil,KOHISTAN DISTRICT,PATTAN SUB-DIVISION,DDS-KP-0225 DDS-KP-0210 DDS-KP-0304 DDS-KP-0305 DDS-KP-0306 DDS-KP-0211 DDS-KP-0226 DDS-KP-0307,restructured,group,"the tehsils in Kohistan District were redrawn after 2017. Together, 2017’s Dassu Sub-Division, Kandia Sub-Division, Palas Sub-Division, Pattan Sub-Division cover the same ground as 2023’s Bankand Ranolia Tehsil, Battaira Sub-Division, Dassu Sub-Division, Harban Bhasha Tehsil, Kandia Sub-Division, Palas Sub-Division, Pattan Sub-Division, SEO Sub-Division, so the 2017 figure is for the group and is shown across all of it, not divided between its tehsils",202935
2017,tehsil,KOHLU DISTRICT,GRISANI SUB-TEHSIL,DDS-BA-0081,exact,yes,,17027
2017,tehsil,KOHLU DISTRICT,KAHAN TEHSIL,DDS-BA-0082,renamed,yes,known in 2023 as Kahan Sub-Division,73833
2017,tehsil,KOHLU DISTRICT,KOHLU TEHSIL,DDS-BA-0083,renamed,yes,known in 2023 as Kohlu Sub-Division,45152
2017,tehsil,KOHLU DISTRICT,MAWAND TEHSIL,DDS-BA-0084,renamed,yes,known in 2023 as Mawand Sub-Division,41516
2017,tehsil,KOHLU DISTRICT,TAMBOO TEHSIL,DDS-BA-0085,renamed,yes,known in 2023 as Tamboo Sub-Tehsil,36405
2017,tehsil,KORANGI DISTRICT,KORANGI SUB-DIVISION,DDS-SD-0518,exact,yes,,1126141
2017,tehsil,KORANGI DISTRICT,LANDHI SUB-DIVISION,DDS-SD-0519,exact,yes,,546196
2017,tehsil,KORANGI DISTRICT,MODEL COLONY SUB-DIVISION,DDS-SD-0520,exact,yes,,384389
2017,tehsil,KORANGI DISTRICT,SHAH FAISAL SUB-DIVISION,DDS-SD-0521,exact,yes,,520830
2017,tehsil,KURRAM AGENCY,CENTRAL KURRAM F.R,DDS-KP-0212,renamed,yes,known in 2023 as Central Kurram F.R Tehsil,229007
2017,tehsil,KURRAM AGENCY,LOWER KURRAM TEHSIL,DDS-KP-0213,exact,yes,,133929
2017,tehsil,KURRAM AGENCY,UPPER KURRAM TEHSIL,DDS-KP-0214,exact,yes,,252436
2017,tehsil,LAHORE DISTRICT,LAHORE CANTT TEHSIL,DDS-PB-0377,exact,yes,,1632702
2017,tehsil,LAHORE DISTRICT,LAHORE CITY TEHSIL,DDS-PB-0378 DDS-PB-0379,restructured,group,"the tehsils in Lahore District were redrawn after 2017. Together, 2017’s Lahore City Tehsil, Model Town Tehsil cover the same ground as 2023’s Lahore City Tehsil, Model Town Tehsil, so the 2017 figure is for the group and is shown across all of it, not divided between its tehsils",3653616
2017,tehsil,LAHORE DISTRICT,MODEL TOWN TEHSIL,DDS-PB-0378 DDS-PB-0379,restructured,group,"the tehsils in Lahore District were redrawn after 2017. Together, 2017’s Lahore City Tehsil, Model Town Tehsil cover the same ground as 2023’s Lahore City Tehsil, Model Town Tehsil, so the 2017 figure is for the group and is shown across all of it, not divided between its tehsils",2703569
2017,tehsil,LAHORE DISTRICT,RAIWIND TEHSIL,DDS-PB-0380,exact,yes,,848541
2017,tehsil,LAHORE DISTRICT,SHALIMAR TEHSIL,DDS-PB-0381,exact,yes,,2281557
2017,tehsil,LAKKI MARWAT DISTRICT,LAKKI MARWAT TEHSIL,DDS-KP-0216 DDS-KP-0217,restructured,parent,"Lakki Marwat Tehsil was split after 2017 into Ghazni Khel Tehsil, Lakki Marwat Tehsil. The 2017 figure is for the whole of the old unit and is shown across all of them, not divided between them",578874
2017,tehsil,LAKKI MARWAT DISTRICT,SARAI NAURANG TEHSIL,DDS-KP-0218,exact,yes,,296870
2017,tehsil,LARKANA DISTRICT,BAKRANI TALUKA,DDS-SD-0522,exact,yes,,229200
2017,tehsil,LARKANA DISTRICT,DOKRI TALUKA,DDS-SD-0523,exact,yes,,224959
2017,tehsil,LARKANA DISTRICT,LARKANA TALUKA,DDS-SD-0524,exact,yes,,735210
2017,tehsil,LARKANA DISTRICT,RATODERO TALUKA,DDS-SD-0525,exact,yes,,332417
2017,tehsil,LASBELA DISTRICT,BELA TEHSIL,DDS-BA-0086,renamed,yes,known in 2023 as Bela Sub-Division,104727
2017,tehsil,LASBELA DISTRICT,DUREJI TEHSIL,DDS-BA-0087,renamed,yes,known in 2023 as Dureji Sub-Division,45541
2017,tehsil,LASBELA DISTRICT,GADDANI TEHSIL,DDS-BA-0088,exact,yes,,24593
2017,tehsil,LASBELA DISTRICT,HUB TEHSIL,DDS-BA-0089,renamed,yes,known in 2023 as HUB Sub-Division,205487
2017,tehsil,LASBELA DISTRICT,KANRAJ TEHSIL,DDS-BA-0090,renamed,yes,known in 2023 as Kanraj Sub-Division,12389
2017,tehsil,LASBELA DISTRICT,LAKHRA TEHSIL,DDS-BA-0091,exact,yes,,35495
2017,tehsil,LASBELA DISTRICT,LIARI TEHSIL,DDS-BA-0092,renamed,yes,known in 2023 as Liari Sub-Tehsil,11730
2017,tehsil,LASBELA DISTRICT,SONMIANI/WINDER TEHSIL,DDS-BA-0093,exact,yes,,64019
2017,tehsil,LASBELA DISTRICT,UTHAL TEHSIL,DDS-BA-0094,renamed,yes,known in 2023 as Uthal Sub-Division,72290
2017,tehsil,LAYYAH DISTRICT,CHOUBARA TEHSIL,DDS-PB-0382,exact,yes,,252540
2017,tehsil,LAYYAH DISTRICT,KAROR LAL ESAN TEHSIL,DDS-PB-0383,exact,yes,,594367
2017,tehsil,LAYYAH DISTRICT,LAYYAH TEHSIL,DDS-PB-0384,exact,yes,,977088
2017,tehsil,LODHRAN DISTRICT,DUNYAPUR TEHSIL,DDS-PB-0385,exact,yes,,495217
2017,tehsil,LODHRAN DISTRICT,KAHROR PACCA TEHSIL,DDS-PB-0386,exact,yes,,500963
2017,tehsil,LODHRAN DISTRICT,LODHRAN TEHSIL,DDS-PB-0387,exact,yes,,703513
2017,tehsil,LORALAI DISTRICT,DUKI TEHSIL,DDS-BA-0022 DDS-BA-0023 DDS-BA-0024 DDS-BA-0025,restructured,parent,"Duki Tehsil was split after 2017 into Duki Sub-Division, Luni Sub-Division, Talao Sub-Tehsil, Thal Chutyali Sub-Division. The 2017 figure is for the whole of the old unit and is shown across all of them, not divided between them",152977
2017,tehsil,LORALAI DISTRICT,LORALAI\BORI TEHSIL,DDS-BA-0095,renamed,yes,known in 2023 as Bori Sub-Division,203579
2017,tehsil,LORALAI DISTRICT,MEKHTAR SUB-TEHSIL,DDS-BA-0096,renamed,yes,known in 2023 as Mekhtar Sub-Division,40867
2017,tehsil,LOWER DIR DISTRICT,ADENZAI SUB-DIVISION,DDS-KP-0221,exact,yes,,317526
2017,tehsil,LOWER DIR DISTRICT,LAL QILA SUB-DIVISION,DDS-KP-0222,exact,yes,,219567
2017,tehsil,LOWER DIR DISTRICT,SAMARBAGH SUB-DIVISION,DDS-KP-0223,exact,yes,,378004
2017,tehsil,LOWER DIR DISTRICT,TEMERGARA SUB-DIVISION,DDS-KP-0224,exact,yes,,520985
2017,tehsil,MALAKAND DISTRICT,SAM RANI ZAI SUB-DIVISION,DDS-KP-0227,exact,yes,,303644
2017,tehsil,MALAKAND DISTRICT,SWAT RANI ZAI SUB-DIVISION,DDS-KP-0228,exact,yes,,414162
2017,tehsil,MALIR DISTRICT,AIRPORT SUB-DIVISION,DDS-SD-0526,exact,yes,,195143
2017,tehsil,MALIR DISTRICT,BIN QASIM SUB-DIVISION,DDS-SD-0527,exact,yes,,248098
2017,tehsil,MALIR DISTRICT,GADAP SUB-DIVISION,DDS-SD-0528,exact,yes,,64153
2017,tehsil,MALIR DISTRICT,IBRAHIM HYDRI SUB-DIVISION,DDS-SD-0529,exact,yes,,1055780
2017,tehsil,MALIR DISTRICT,MURAD MEMON SUB-DIVISION,DDS-SD-0530,exact,yes,,331326
2017,tehsil,MALIR DISTRICT,SHAH MUREED SUB-DIVISION,DDS-SD-0531,exact,yes,,29846
2017,tehsil,MANDI BAHAUDDIN DISTRICT,MALAKWAL TEHSIL,DDS-PB-0388,exact,yes,,372171
2017,tehsil,MANDI BAHAUDDIN DISTRICT,MANDI BAHAUDDIN TEHSIL,DDS-PB-0389,exact,yes,,668538
2017,tehsil,MANDI BAHAUDDIN DISTRICT,PHALIA TEHSIL,DDS-PB-0390,exact,yes,,553330
2017,tehsil,MANSEHRA DISTRICT,BALA KOT TEHSIL,DDS-KP-0230,renamed,yes,known in 2023 as Balakot Tehsil,273257
2017,tehsil,MANSEHRA DISTRICT,MANSEHRA TEHSIL,DDS-KP-0229 DDS-KP-0231 DDS-KP-0232 DDS-KP-0233,restructured,group,"the tehsils in Mansehra District were redrawn after 2017. Together, 2017’s Mansehra Tehsil, Oghi Tehsil cover the same ground as 2023’s Baffa Pakhal Tehsil, Darband Tehsil, Mansehra Tehsil, Oghi Tehsil, so the 2017 figure is for the group and is shown across all of it, not divided between its tehsils",1017521
2017,tehsil,MANSEHRA DISTRICT,OGHI TEHSIL,DDS-KP-0229 DDS-KP-0231 DDS-KP-0232 DDS-KP-0233,restructured,group,"the tehsils in Mansehra District were redrawn after 2017. Together, 2017’s Mansehra Tehsil, Oghi Tehsil cover the same ground as 2023’s Baffa Pakhal Tehsil, Darband Tehsil, Mansehra Tehsil, Oghi Tehsil, so the 2017 figure is for the group and is shown across all of it, not divided between its tehsils",264964
2017,tehsil,MARDAN DISTRICT,KATLANG TEHSIL,DDS-KP-0234 DDS-KP-0235 DDS-KP-0236 DDS-KP-0237,restructured,group,"the tehsils in Mardan District were redrawn after 2017. Together, 2017’s Katlang Tehsil, Mardan Tehsil cover the same ground as 2023’s Ghari Kapoora Tehsil, Katlang Tehsil, Mardan Tehsil, Rustam Tehsil, so the 2017 figure is for the group and is shown across all of it, not divided between its tehsils",343225
2017,tehsil,MARDAN DISTRICT,MARDAN TEHSIL,DDS-KP-0234 DDS-KP-0235 DDS-KP-0236 DDS-KP-0237,restructured,group,"the tehsils in Mardan District were redrawn after 2017. Together, 2017’s Katlang Tehsil, Mardan Tehsil cover the same ground as 2023’s Ghari Kapoora Tehsil, Katlang Tehsil, Mardan Tehsil, Rustam Tehsil, so the 2017 figure is for the group and is shown across all of it, not divided between its tehsils",1403002
2017,tehsil,MARDAN DISTRICT,TAKHT BHAI TEHSIL,DDS-KP-0238,exact,yes,,627172
2017,tehsil,MASTUNG DISTRICT,DASHT TEHSIL,DDS-BA-0097,renamed,yes,known in 2023 as Dasht Sub-Division,64765
2017,tehsil,MASTUNG DISTRICT,KHAD KOCHA SUB-TEHSIL,DDS-BA-0098,exact,yes,,38860
2017,tehsil,MASTUNG DISTRICT,KIRDGAP SUB-TEHSIL,DDS-BA-0099,renamed,yes,known in 2023 as Kirdgap Sub-Division,28624
2017,tehsil,MASTUNG DISTRICT,MASTUNG TEHSIL,DDS-BA-0100,renamed,yes,known in 2023 as Mastung Sub-Division,133427
2017,tehsil,MATIARI DISTRICT,HALA TALUKA,DDS-SD-0532,exact,yes,,262639
2017,tehsil,MATIARI DISTRICT,MATIARI TALUKA,DDS-SD-0533,exact,yes,,341110
2017,tehsil,MATIARI DISTRICT,SAEEDABAD TALUKA,DDS-SD-0534,exact,yes,,166291
2017,tehsil,MIANWALI DISTRICT,ISAKHEL TEHSIL,DDS-PB-0391,exact,yes,,374194
2017,tehsil,MIANWALI DISTRICT,MIANWALI TEHSIL,DDS-PB-0392,exact,yes,,766357
2017,tehsil,MIANWALI DISTRICT,PIPLAN TEHSIL,DDS-PB-0393,exact,yes,,402050
2017,tehsil,MIRPUR KHAS DISTRICT,DIGRI TALUKA,DDS-SD-0535,exact,yes,,214017
2017,tehsil,MIRPUR KHAS DISTRICT,HUSSAIN BUX MARI TALUKA,DDS-SD-0536,exact,yes,,150226
2017,tehsil,MIRPUR KHAS DISTRICT,JHUDO TALUKA,DDS-SD-0537,exact,yes,,201850
2017,tehsil,MIRPUR KHAS DISTRICT,KOT GHULAM MUHAMMAD TALUKA,DDS-SD-0538,exact,yes,,273132
2017,tehsil,MIRPUR KHAS DISTRICT,MIRPUR KHAS TALUKA,DDS-SD-0539,exact,yes,,260288
2017,tehsil,MIRPUR KHAS DISTRICT,SHUJAABAD TALUKA,DDS-SD-0540,exact,yes,,168733
2017,tehsil,MIRPUR KHAS DISTRICT,SINDHRI TALUKA,DDS-SD-0541,exact,yes,,236194
2017,tehsil,MOHMAND AGENCY,AMBAR UTMAN KHEL TEHSIL,DDS-KP-0239,exact,yes,,61951
2017,tehsil,MOHMAND AGENCY,HALIM ZAI TEHSIL,DDS-KP-0240,exact,yes,,78705
2017,tehsil,MOHMAND AGENCY,PINDIALI TEHSIL,DDS-KP-0241,exact,yes,,89711
2017,tehsil,MOHMAND AGENCY,PRANG GHAR TEHSIL,DDS-KP-0242,exact,yes,,36569
2017,tehsil,MOHMAND AGENCY,SAFI TEHSIL,DDS-KP-0243,exact,yes,,98501
2017,tehsil,MOHMAND AGENCY,UPPER MOHMAND TEHSIL,DDS-KP-0244,exact,yes,,51154
2017,tehsil,MOHMAND AGENCY,YAKE GHUND TEHSIL,DDS-KP-0245,exact,yes,,57754
2017,tehsil,MULTAN DISTRICT,JALALPUR PIRWALA TEHSIL,DDS-PB-0394,exact,yes,,554971
2017,tehsil,MULTAN DISTRICT,MULTAN CITY TEHSIL,DDS-PB-0395,exact,yes,,2259115
2017,tehsil,MULTAN DISTRICT,MULTAN SADDAR TEHSIL,DDS-PB-0396,exact,yes,,1323076
2017,tehsil,MULTAN DISTRICT,SHUJABAD TEHSIL,DDS-PB-0397,exact,yes,,609004
2017,tehsil,MUSAKHEL DISTRICT,DRUG TEHSIL,DDS-BA-0101 DDS-BA-0103 DDS-BA-0104 DDS-BA-0105 DDS-BA-0106,restructured,group,"the tehsils in Musakhel District were redrawn after 2017. Together, 2017’s Drug Tehsil, Musakhel Tehsil cover the same ground as 2023’s Drug Tehsil, Musakhel Tehsil, Tiyar Essot Sub-Tehsil, Toisar Tehsil, Zimri Plaseen Sub-Tehsil, so the 2017 figure is for the group and is shown across all of it, not divided between its tehsils",37599
2017,tehsil,MUSAKHEL DISTRICT,KINGRI TEHSIL,DDS-BA-0102,exact,yes,,31339
2017,tehsil,MUSAKHEL DISTRICT,MUSAKHEL TEHSIL,DDS-BA-0101 DDS-BA-0103 DDS-BA-0104 DDS-BA-0105 DDS-BA-0106,restructured,group,"the tehsils in Musakhel District were redrawn after 2017. Together, 2017’s Drug Tehsil, Musakhel Tehsil cover the same ground as 2023’s Drug Tehsil, Musakhel Tehsil, Tiyar Essot Sub-Tehsil, Toisar Tehsil, Zimri Plaseen Sub-Tehsil, so the 2017 figure is for the group and is shown across all of it, not divided between its tehsils",98305
2017,tehsil,MUZAFFARGARH DISTRICT,ALIPUR TEHSIL,DDS-PB-0398,exact,yes,,640384
2017,tehsil,MUZAFFARGARH DISTRICT,JATOI TEHSIL,DDS-PB-0400,exact,yes,,715177
2017,tehsil,MUZAFFARGARH DISTRICT,KOT ADDU TEHSIL,DDS-PB-0399 DDS-PB-0401,restructured,parent,"KOT Addu Tehsil was split after 2017 into Chowk Sarwar Shaheed Tehsil, KOT Addu Tehsil. The 2017 figure is for the whole of the old unit and is shown across all of them, not divided between them",1347501
2017,tehsil,MUZAFFARGARH DISTRICT,MUZAFFARGARH TEHSIL,DDS-PB-0402,exact,yes,,1625487
2017,tehsil,NANKANA SAHIB DISTRICT,NANKANA SAHIB TEHSIL,DDS-PB-0403,exact,yes,,884006
2017,tehsil,NANKANA SAHIB DISTRICT,SANGLA HILL TEHSIL,DDS-PB-0404,exact,yes,,227604
2017,tehsil,NANKANA SAHIB DISTRICT,SHAH KOT TEHSIL,DDS-PB-0405,exact,yes,,243376
2017,tehsil,NAROWAL DISTRICT,NAROWAL TEHSIL,DDS-PB-0406,exact,yes,,596539
2017,tehsil,NAROWAL DISTRICT,SHAKARGARH TEHSIL,DDS-PB-0407,exact,yes,,672030
2017,tehsil,NAROWAL DISTRICT,ZAFARWAL TEHSIL,DDS-PB-0408,exact,yes,,439006
2017,tehsil,NASIRABAD DISTRICT,BABA KOT TEHSIL,DDS-BA-0107 DDS-BA-0041 DDS-BA-0108 DDS-BA-0110 DDS-BA-0111 DDS-BA-0112,restructured,group,"the tehsils in Kachhi District + Nasirabad District were redrawn after 2017. Together, 2017’s Baba KOT Tehsil, Bhag Tehsil, Chattar Sub-Tehsil, Tamboo Tehsil cover the same ground as 2023’s Baba KOT Tehsil, Bhag Sub-Division, Chattar Sub-Division, Landhi Tehsil, MIR Hassan Khosa Tehsil, Tamboo Tehsil, so the 2017 figure is for the group and is shown across all of it, not divided between its tehsils",49480
2017,tehsil,NASIRABAD DISTRICT,CHATTAR SUB-TEHSIL,DDS-BA-0107 DDS-BA-0041 DDS-BA-0108 DDS-BA-0110 DDS-BA-0111 DDS-BA-0112,restructured,group,"the tehsils in Kachhi District + Nasirabad District were redrawn after 2017. Together, 2017’s Baba KOT Tehsil, Bhag Tehsil, Chattar Sub-Tehsil, Tamboo Tehsil cover the same ground as 2023’s Baba KOT Tehsil, Bhag Sub-Division, Chattar Sub-Division, Landhi Tehsil, MIR Hassan Khosa Tehsil, Tamboo Tehsil, so the 2017 figure is for the group and is shown across all of it, not divided between its tehsils",76536
2017,tehsil,NASIRABAD DISTRICT,DERA MURAD JAMALI TEHSIL,DDS-BA-0109,renamed,yes,known in 2023 as Dera Murad Jamali Sub-Division,230775
2017,tehsil,NASIRABAD DISTRICT,TAMBOO TEHSIL,DDS-BA-0107 DDS-BA-0041 DDS-BA-0108 DDS-BA-0110 DDS-BA-0111 DDS-BA-0112,restructured,group,"the tehsils in Kachhi District + Nasirabad District were redrawn after 2017. Together, 2017’s Baba KOT Tehsil, Bhag Tehsil, Chattar Sub-Tehsil, Tamboo Tehsil cover the same ground as 2023’s Baba KOT Tehsil, Bhag Sub-Division, Chattar Sub-Division, Landhi Tehsil, MIR Hassan Khosa Tehsil, Tamboo Tehsil, so the 2017 figure is for the group and is shown across all of it, not divided between its tehsils",131056
2017,tehsil,NAUSHAHRO FEROZE DISTRICT,BHIRIA TALUKA,DDS-SD-0542,exact,yes,,301544
2017,tehsil,NAUSHAHRO FEROZE DISTRICT,KANDIARO TALUKA,DDS-SD-0543,exact,yes,,322376
2017,tehsil,NAUSHAHRO FEROZE DISTRICT,MEHRABPUR TALUKA,DDS-SD-0544,exact,yes,,246649
2017,tehsil,NAUSHAHRO FEROZE DISTRICT,MORO TALUKA,DDS-SD-0545,exact,yes,,368579
2017,tehsil,NAUSHAHRO FEROZE DISTRICT,NAUSHAHRO FEROZE TALUKA,DDS-SD-0546,exact,yes,,372899
2017,tehsil,NORTH WAZIRISTAN AGENCY,DATTA KHEL TEHSIL,DDS-KP-0246,exact,yes,,75003
2017,tehsil,NORTH WAZIRISTAN AGENCY,DOSSALI TEHSIL,DDS-KP-0247,exact,yes,,39945
2017,tehsil,NORTH WAZIRISTAN AGENCY,GHARYUM TEHSIL,DDS-KP-0248,exact,yes,,11811
2017,tehsil,NORTH WAZIRISTAN AGENCY,GHULAM KHAN TEHSIL,DDS-KP-0249,exact,yes,,27015
2017,tehsil,NORTH WAZIRISTAN AGENCY,MIR ALI TEHSIL,DDS-KP-0250,exact,yes,,184986
2017,tehsil,NORTH WAZIRISTAN AGENCY,MIRAN SHAH TEHSIL,DDS-KP-0251,exact,yes,,100644
2017,tehsil,NORTH WAZIRISTAN AGENCY,RAZMAK TEHSIL,DDS-KP-0252,exact,yes,,15681
2017,tehsil,NORTH WAZIRISTAN AGENCY,SHEWA TEHSIL,DDS-KP-0253,exact,yes,,39290
2017,tehsil,NORTH WAZIRISTAN AGENCY,SPINWAM TEHSIL,DDS-KP-0254,exact,yes,,46171
2017,tehsil,NOWSHERA DISTRICT,JEHANGIRA TEHSIL,DDS-KP-0255,exact,yes,,353764
2017,tehsil,NOWSHERA DISTRICT,NOWSHERA TEHSIL,DDS-KP-0256,exact,yes,,728815
2017,tehsil,NOWSHERA DISTRICT,PABBI TEHSIL,DDS-KP-0257,exact,yes,,438416
2017,tehsil,NUSHKI DISTRICT,NUSHKI TEHSIL,DDS-BA-0113 DDS-BA-0114,restructured,parent,"Nushki Tehsil was split after 2017 into DAK Sub-Tehsil, Nushki Sub-Division. The 2017 figure is for the whole of the old unit and is shown across all of them, not divided between them",178947
2017,tehsil,OKARA DISTRICT,DEPALPUR TEHSIL,DDS-PB-0409,exact,yes,,1375785
2017,tehsil,OKARA DISTRICT,OKARA TEHSIL,DDS-PB-0410,exact,yes,,1206319
2017,tehsil,OKARA DISTRICT,RENALA KHURD TEHSIL,DDS-PB-0411,exact,yes,,458722
2017,tehsil,ORAKZAI AGENCY,CENTRAL TEHSIL,DDS-KP-0258,exact,yes,,59132
2017,tehsil,ORAKZAI AGENCY,ISMAIL ZAI TEHSIL,DDS-KP-0259,exact,yes,,23963
2017,tehsil,ORAKZAI AGENCY,LOWER TEHSIL,DDS-KP-0260,exact,yes,,107323
2017,tehsil,ORAKZAI AGENCY,UPPER TEHSIL,DDS-KP-0261,exact,yes,,63885
2017,tehsil,PAKPATTAN DISTRICT,ARIF WALA TEHSIL,DDS-PB-0412,exact,yes,,855029
2017,tehsil,PAKPATTAN DISTRICT,PAKPATTAN TEHSIL,DDS-PB-0413,exact,yes,,969199
2017,tehsil,PANJGUR DISTRICT,GICHK SUB-TEHSIL,DDS-BA-0115,exact,yes,,16646
2017,tehsil,PANJGUR DISTRICT,GOWARGO TEHSIL,DDS-BA-0116,renamed,yes,known in 2023 as Gowargo Sub-Division,16329
2017,tehsil,PANJGUR DISTRICT,PANJGUR TEHSIL,DDS-BA-0118 DDS-BA-0119,restructured,parent,"Panjgur Tehsil was split after 2017 into Kallag Sub-Tehsil, Panjgur Sub-Division. The 2017 figure is for the whole of the old unit and is shown across all of them, not divided between them",259163
2017,tehsil,PANJGUR DISTRICT,PAROME TEHSIL,DDS-BA-0117,renamed,yes,known in 2023 as Jaheen Parome Tehsil,23215
2017,tehsil,PESHAWAR DISTRICT,PESHAWAR TEHSIL,DDS-KP-0262 DDS-KP-0263 DDS-KP-0265 DDS-KP-0266 DDS-KP-0267 DDS-KP-0268,restructured,parent,"Peshawar Tehsil was split after 2017 into Badhber Tehsil, Cham Kani Tehsil, Mathra Tehsil, Peshawar Tehsil, Pishta Khara Tehsil, Shah Alam Tehsil. The 2017 figure is for the whole of the old unit and is shown across all of them, not divided between them",4267198
2017,tehsil,PISHIN DISTRICT,BARSHORE SUB-TEHSIL,DDS-BA-0120 DDS-BA-0121 DDS-BA-0123 DDS-BA-0124,restructured,group,"the tehsils in Pishin District were redrawn after 2017. Together, 2017’s Barshore Sub-Tehsil, Karezat Sub-Tehsil cover the same ground as 2023’s Barshore Tehsil, Bostan Tehsil, Karezat Sub-Division, Nana Sahib Tehsil, so the 2017 figure is for the group and is shown across all of it, not divided between its tehsils",103423
2017,tehsil,PISHIN DISTRICT,HURRAM ZAI SUB-TEHSIL,DDS-BA-0122,renamed,yes,known in 2023 as Hurram ZAI Sub-Division,132102
2017,tehsil,PISHIN DISTRICT,KAREZAT SUB-TEHSIL,DDS-BA-0120 DDS-BA-0121 DDS-BA-0123 DDS-BA-0124,restructured,group,"the tehsils in Pishin District were redrawn after 2017. Together, 2017’s Barshore Sub-Tehsil, Karezat Sub-Tehsil cover the same ground as 2023’s Barshore Tehsil, Bostan Tehsil, Karezat Sub-Division, Nana Sahib Tehsil, so the 2017 figure is for the group and is shown across all of it, not divided between its tehsils",137466
2017,tehsil,PISHIN DISTRICT,PISHIN TEHSIL,DDS-BA-0125,renamed,yes,known in 2023 as Pishin Sub-Division,307610
2017,tehsil,PISHIN DISTRICT,SARANAN TEHSIL,DDS-BA-0126,exact,yes,,56302
2017,tehsil,QUETTA DISTRICT,PANJ PAI SUB-TEHSIL,DDS-BA-0131,renamed,yes,known in 2023 as Sub-Tehsil Panjpai,19011
2017,tehsil,QUETTA DISTRICT,QUETTA CITY TEHSIL,DDS-BA-0127 DDS-BA-0128 DDS-BA-0129 DDS-BA-0130,restructured,group,"the tehsils in Quetta District were redrawn after 2017. Together, 2017’s Quetta City Tehsil, Quetta Saddar Tehsil cover the same ground as 2023’s Sub-Division City, Sub-Division Kuchlak, Sub-Division Saddar Tehsil, Sub-Division Sariab, so the 2017 figure is for the group and is shown across all of it, not divided between its tehsils",1722746
2017,tehsil,QUETTA DISTRICT,QUETTA SADDAR TEHSIL,DDS-BA-0127 DDS-BA-0128 DDS-BA-0129 DDS-BA-0130,restructured,group,"the tehsils in Quetta District were redrawn after 2017. Together, 2017’s Quetta City Tehsil, Quetta Saddar Tehsil cover the same ground as 2023’s Sub-Division City, Sub-Division Kuchlak, Sub-Division Saddar Tehsil, Sub-Division Sariab, so the 2017 figure is for the group and is shown across all of it, not divided between its tehsils",527716
2017,tehsil,RAHIM YAR KHAN DISTRICT,KHANPUR TEHSIL,DDS-PB-0414,exact,yes,,982085
2017,tehsil,RAHIM YAR KHAN DISTRICT,LIAQUATPUR TEHSIL,DDS-PB-0415,renamed,yes,known in 2023 as Liaquat PUR Tehsil,1033906
2017,tehsil,RAHIM YAR KHAN DISTRICT,RAHIM YAR KHAN TEHSIL,DDS-PB-0416,exact,yes,,1530183
2017,tehsil,RAHIM YAR KHAN DISTRICT,SADIQABAD TEHSIL,DDS-PB-0417,exact,yes,,1261588
2017,tehsil,RAJANPUR DISTRICT,DE-EXCLUDED AREA RAJANPUR,DDS-PB-0418,exact,yes,,34191
2017,tehsil,RAJANPUR DISTRICT,JAMPUR TEHSIL,DDS-PB-0419,exact,yes,,849389
2017,tehsil,RAJANPUR DISTRICT,RAJANPUR TEHSIL,DDS-PB-0420,exact,yes,,706770
2017,tehsil,RAJANPUR DISTRICT,ROJHAN TEHSIL,DDS-PB-0421,exact,yes,,405689
2017,tehsil,RAWALPINDI DISTRICT,GUJAR KHAN TEHSIL,DDS-PB-0422,exact,yes,,678062
2017,tehsil,RAWALPINDI DISTRICT,KAHUTA TEHSIL,DDS-PB-0423 DDS-PB-0425,restructured,group,"the tehsils in Rawalpindi District were redrawn after 2017. Together, 2017’s Kahuta Tehsil, Kotli Sattian Tehsil cover the same ground as 2023’s Kahuta Tehsil, Kotli Sattian Tehsil, so the 2017 figure is for the group and is shown across all of it, not divided between its tehsils",220746
2017,tehsil,RAWALPINDI DISTRICT,KALLAR SAYADDAN TEHSIL,DDS-PB-0424,exact,yes,,217061
2017,tehsil,RAWALPINDI DISTRICT,KOTLI SATTIAN TEHSIL,DDS-PB-0423 DDS-PB-0425,restructured,group,"the tehsils in Rawalpindi District were redrawn after 2017. Together, 2017’s Kahuta Tehsil, Kotli Sattian Tehsil cover the same ground as 2023’s Kahuta Tehsil, Kotli Sattian Tehsil, so the 2017 figure is for the group and is shown across all of it, not divided between its tehsils",119295
2017,tehsil,RAWALPINDI DISTRICT,MURREE TEHSIL,DDS-PB-0426,exact,yes,,233017
2017,tehsil,RAWALPINDI DISTRICT,RAWALPINDI TEHSIL,DDS-PB-0427,exact,yes,,3256641
2017,tehsil,RAWALPINDI DISTRICT,TAXILA TEHSIL,DDS-PB-0428,exact,yes,,677558
2017,tehsil,SAHIWAL DISTRICT,CHICHAWATNI TEHSIL,DDS-PB-0429,exact,yes,,1024180
2017,tehsil,SAHIWAL DISTRICT,SAHIWAL TEHSIL,DDS-PB-0430,exact,yes,,1488831
2017,tehsil,SANGHAR DISTRICT,JAM NAWAZ ALI TALUKA,DDS-SD-0547,exact,yes,,153193
2017,tehsil,SANGHAR DISTRICT,KHIPRO TALUKA,DDS-SD-0548,exact,yes,,332833
2017,tehsil,SANGHAR DISTRICT,SANGHAR TALUKA,DDS-SD-0549,exact,yes,,432792
2017,tehsil,SANGHAR DISTRICT,SHAHDADPUR TALUKA,DDS-SD-0550,exact,yes,,457028
2017,tehsil,SANGHAR DISTRICT,SINJHORO TALUKA,DDS-SD-0551,exact,yes,,317004
2017,tehsil,SANGHAR DISTRICT,TANDO ADAM TALUKA,DDS-SD-0552,exact,yes,,357023
2017,tehsil,SARGODHA DISTRICT,BHALWAL TEHSIL,DDS-PB-0431,exact,yes,,356206
2017,tehsil,SARGODHA DISTRICT,BHERA TEHSIL,DDS-PB-0432,exact,yes,,314369
2017,tehsil,SARGODHA DISTRICT,KOT MOMIN TEHSIL,DDS-PB-0433,exact,yes,,451978
2017,tehsil,SARGODHA DISTRICT,SAHIWAL TEHSIL,DDS-PB-0434,exact,yes,,340695
2017,tehsil,SARGODHA DISTRICT,SARGODHA TEHSIL,DDS-PB-0435,exact,yes,,1535152
2017,tehsil,SARGODHA DISTRICT,SHAHPUR TEHSIL,DDS-PB-0436,exact,yes,,353325
2017,tehsil,SARGODHA DISTRICT,SILLANWALI TEHSIL,DDS-PB-0437,exact,yes,,344487
2017,tehsil,SHAHEED BENAZIRABAD DISTRICT,DAUR TALUKA,DDS-SD-0553,exact,yes,,477993
2017,tehsil,SHAHEED BENAZIRABAD DISTRICT,KAZI AHMED TALUKA,DDS-SD-0554,exact,yes,,348944
2017,tehsil,SHAHEED BENAZIRABAD DISTRICT,NAWABSHAH TALUKA,DDS-SD-0555,exact,yes,,413402
2017,tehsil,SHAHEED BENAZIRABAD DISTRICT,SAKRAND TALUKA,DDS-SD-0556,exact,yes,,373167
2017,tehsil,SHANGLA DISTRICT,ALPURI TEHSIL,DDS-KP-0269 DDS-KP-0271 DDS-KP-0272,restructured,parent,"Alpuri Tehsil was split after 2017 into Alpuri Tehsil, Chakisar Tehsil, Martung Tehsil. The 2017 figure is for the whole of the old unit and is shown across all of them, not divided between them",508361
2017,tehsil,SHANGLA DISTRICT,BISHAM TEHSIL,DDS-KP-0270,exact,yes,,105950
2017,tehsil,SHANGLA DISTRICT,PURAN TEHSIL,DDS-KP-0273,exact,yes,,145298
2017,tehsil,SHEIKHUPURA DISTRICT,FEROZEWALA TEHSIL,DDS-PB-0438 DDS-PB-0439,restructured,group,"the tehsils in Sheikhupura District were redrawn after 2017. Together, 2017’s Ferozewala Tehsil, Muridke Tehsil cover the same ground as 2023’s Ferozewala Tehsil, Muridke Tehsil, so the 2017 figure is for the group and is shown across all of it, not divided between its tehsils",794489
2017,tehsil,SHEIKHUPURA DISTRICT,MURIDKE TEHSIL,DDS-PB-0438 DDS-PB-0439,restructured,group,"the tehsils in Sheikhupura District were redrawn after 2017. Together, 2017’s Ferozewala Tehsil, Muridke Tehsil cover the same ground as 2023’s Ferozewala Tehsil, Muridke Tehsil, so the 2017 figure is for the group and is shown across all of it, not divided between its tehsils",639589
2017,tehsil,SHEIKHUPURA DISTRICT,SAFDARABAD TEHSIL,DDS-PB-0440,exact,yes,,272807
2017,tehsil,SHEIKHUPURA DISTRICT,SHARAK PUR TEHSIL,DDS-PB-0441,exact,yes,,197459
2017,tehsil,SHEIKHUPURA DISTRICT,SHEIKHUPURA TEHSIL,DDS-PB-0442,exact,yes,,1555660
2017,tehsil,SHERANI DISTRICT,SHERANI SUB-DIVISION,DDS-BA-0132,exact,yes,,152952
2017,tehsil,SHIKARPUR DISTRICT,GARHI YASIN TALUKA,DDS-SD-0557,exact,yes,,316573
2017,tehsil,SHIKARPUR DISTRICT,KHANPUR TALUKA,DDS-SD-0558,exact,yes,,276140
2017,tehsil,SHIKARPUR DISTRICT,LAKHI TALUKA,DDS-SD-0559,exact,yes,,248756
2017,tehsil,SHIKARPUR DISTRICT,SHIKARPUR TALUKA,DDS-SD-0560,exact,yes,,392291
2017,tehsil,SIALKOT DISTRICT,DASKA TEHSIL,DDS-PB-0443,exact,yes,,847117
2017,tehsil,SIALKOT DISTRICT,PASRUR TEHSIL,DDS-PB-0444,exact,yes,,840847
2017,tehsil,SIALKOT DISTRICT,SAMBRIAL TEHSIL,DDS-PB-0445,exact,yes,,410823
2017,tehsil,SIALKOT DISTRICT,SIALKOT TEHSIL,DDS-PB-0446,exact,yes,,1796151
2017,tehsil,SIBI DISTRICT,KOT MANDAI SUB-TEHSIL,DDS-BA-0133,exact,yes,,7583
2017,tehsil,SIBI DISTRICT,LEHRI TEHSIL,DDS-BA-0134,renamed,yes,known in 2023 as Lehri Sub-Division,44490
2017,tehsil,SIBI DISTRICT,SANGAN SUB-TEHSIL,DDS-BA-0135,exact,yes,,2665
2017,tehsil,SIBI DISTRICT,SIBI TEHSIL,DDS-BA-0136,renamed,yes,known in 2023 as Sibi Sub-Division,125013
2017,tehsil,SOHBATPUR DISTRICT,FARIDABAD TEHSIL,DDS-BA-0137,exact,yes,,58204
2017,tehsil,SOHBATPUR DISTRICT,SANHRI TEHSIL,DDS-BA-0138 DDS-BA-0139 DDS-BA-0140 DDS-BA-0141,restructured,parent,"Sanhri Tehsil was split after 2017 into Hair DIN Tehsil, Manjhipur Tehsil, Panhwar Tehsil, Saeed Muhammad Kanrani Tehsil. The 2017 figure is for the whole of the old unit and is shown across all of them, not divided between them",88788
2017,tehsil,SOHBATPUR DISTRICT,SOHBATPUR TEHSIL,DDS-BA-0142,renamed,yes,known in 2023 as Sohbatpur Sub-Division,53434
2017,tehsil,SOUTH WAZIRISTAN AGENCY,BIRMIL TEHSIL,DDS-KP-0274,exact,yes,,104282
2017,tehsil,SOUTH WAZIRISTAN AGENCY,LADHA TEHSIL,DDS-KP-0275 DDS-KP-0279,restructured,parent,"Ladha Tehsil was split after 2017 into Ladha Tehsil, Shaktoi Tehsil. The 2017 figure is for the whole of the old unit and is shown across all of them, not divided between them",110842
2017,tehsil,SOUTH WAZIRISTAN AGENCY,MAKIN TEHSIL,DDS-KP-0276,exact,yes,,58646
2017,tehsil,SOUTH WAZIRISTAN AGENCY,SARAROGHA TEHSIL,DDS-KP-0277,exact,yes,,98180
2017,tehsil,SOUTH WAZIRISTAN AGENCY,SERWEKAI TEHSIL,DDS-KP-0278,exact,yes,,54540
2017,tehsil,SOUTH WAZIRISTAN AGENCY,TIARZA TEHSIL,DDS-KP-0280,exact,yes,,45156
2017,tehsil,SOUTH WAZIRISTAN AGENCY,TOI KHULLA TEHSIL,DDS-KP-0281,exact,yes,,50413
2017,tehsil,SOUTH WAZIRISTAN AGENCY,WANA TEHSIL,DDS-KP-0282,exact,yes,,153156
2017,tehsil,SUJAWAL DISTRICT,JATI TALUKA,DDS-SD-0561,exact,yes,,201868
2017,tehsil,SUJAWAL DISTRICT,KHARO CHAN TALUKA,DDS-SD-0562,exact,yes,,10235
2017,tehsil,SUJAWAL DISTRICT,MIRPUR BATHORO TALUKA,DDS-SD-0563,exact,yes,,210820
2017,tehsil,SUJAWAL DISTRICT,SHAH BUNDER TALUKA,DDS-SD-0564,exact,yes,,159748
2017,tehsil,SUJAWAL DISTRICT,SUJAWAL TALUKA,DDS-SD-0565,exact,yes,,196391
2017,tehsil,SUKKUR DISTRICT,NEW SUKKUR TALUKA,DDS-SD-0566,exact,yes,,320223
2017,tehsil,SUKKUR DISTRICT,PANO AQIL TALUKA,DDS-SD-0567,exact,yes,,436372
2017,tehsil,SUKKUR DISTRICT,ROHRI TALUKA,DDS-SD-0568,exact,yes,,370582
2017,tehsil,SUKKUR DISTRICT,SALEHPAT TALUKA,DDS-SD-0569,exact,yes,,129736
2017,tehsil,SUKKUR DISTRICT,SUKKUR CITY TALUKA,DDS-SD-0570,exact,yes,,231459
2017,tehsil,SWABI DISTRICT,LAHOR TEHSIL,DDS-KP-0283,exact,yes,,305782
2017,tehsil,SWABI DISTRICT,RAZAR TEHSIL,DDS-KP-0284,exact,yes,,584876
2017,tehsil,SWABI DISTRICT,SWABI TEHSIL,DDS-KP-0285,exact,yes,,406321
2017,tehsil,SWABI DISTRICT,TOPI TEHSIL,DDS-KP-0286,exact,yes,,328498
2017,tehsil,SWAT DISTRICT,BABUZAI TEHSIL,DDS-KP-0287,exact,yes,,599324
2017,tehsil,SWAT DISTRICT,BARIKOT TEHSIL,DDS-KP-0288,exact,yes,,183777
2017,tehsil,SWAT DISTRICT,BEHRAIN TEHSIL,DDS-KP-0289,exact,yes,,248422
2017,tehsil,SWAT DISTRICT,CHARBAGH TEHSIL,DDS-KP-0290,exact,yes,,126001
2017,tehsil,SWAT DISTRICT,KABAL TEHSIL,DDS-KP-0291,exact,yes,,420001
2017,tehsil,SWAT DISTRICT,KHAWAZAKHELA TEHSIL,DDS-KP-0292,exact,yes,,265500
2017,tehsil,SWAT DISTRICT,MATTA TEHSIL,DDS-KP-0293,exact,yes,,465599
2017,tehsil,TANDO ALLAHYAR DISTRICT,CHAMBER TALUKA,DDS-SD-0571,exact,yes,,210202
2017,tehsil,TANDO ALLAHYAR DISTRICT,JHANDO MARI TALUKA,DDS-SD-0572,exact,yes,,241170
2017,tehsil,TANDO ALLAHYAR DISTRICT,TANDO ALLAHYAR TALUKA,DDS-SD-0573,exact,yes,,387155
2017,tehsil,TANDO MUHAMMAD KHAN DISTRICT,BULRI SHAH KARIM TALUKA,DDS-SD-0574,exact,yes,,237011
2017,tehsil,TANDO MUHAMMAD KHAN DISTRICT,TANDO GHULAM HYDER TALUKA,DDS-SD-0575,exact,yes,,184683
2017,tehsil,TANDO MUHAMMAD KHAN DISTRICT,TANDO MUHAMMAD KHAN TALUKA,DDS-SD-0576,exact,yes,,255404
2017,tehsil,TANK DISTRICT,TANK TEHSIL,DDS-KP-0295,exact,yes,,390626
2017,tehsil,THARPARKAR DISTRICT,CHACHRO TALUKA,DDS-SD-0577,exact,yes,,350807
2017,tehsil,THARPARKAR DISTRICT,DAHLI TALUKA,DDS-SD-0578,exact,yes,,305529
2017,tehsil,THARPARKAR DISTRICT,DIPLO TALUKA,DDS-SD-0579,exact,yes,,148871
2017,tehsil,THARPARKAR DISTRICT,ISLAMKOT TALUKA,DDS-SD-0580,exact,yes,,244439
2017,tehsil,THARPARKAR DISTRICT,KALOI TALUKA,DDS-SD-0581,exact,yes,,117609
2017,tehsil,THARPARKAR DISTRICT,MITHI TALUKA,DDS-SD-0582,exact,yes,,219901
2017,tehsil,THARPARKAR DISTRICT,NAGAR PARKAR TALUKA,DDS-SD-0583,exact,yes,,259880
2017,tehsil,THATTA DISTRICT,GHORABARI TALUKA,DDS-SD-0584,exact,yes,,174046
2017,tehsil,THATTA DISTRICT,KETI BUNDER TALUKA,DDS-SD-0585,exact,yes,,59699
2017,tehsil,THATTA DISTRICT,MIRPUR SAKRO TALUKA,DDS-SD-0586,exact,yes,,341689
2017,tehsil,THATTA DISTRICT,THATTA TALUKA,DDS-SD-0587,exact,yes,,406704
2017,tehsil,TOBA TEK SINGH DISTRICT,GOJRA TEHSIL,DDS-PB-0447,exact,yes,,657222
2017,tehsil,TOBA TEK SINGH DISTRICT,KAMALIA TEHSIL,DDS-PB-0448,exact,yes,,372010
2017,tehsil,TOBA TEK SINGH DISTRICT,PIRMAHAL TEHSIL,DDS-PB-0449 DDS-PB-0360,restructured,group,"the tehsils in Jhang District + Toba TEK Singh District were redrawn after 2017. Together, 2017’s Pirmahal Tehsil, Shorkot Tehsil cover the same ground as 2023’s Pirmahal Tehsil, Shorkot Tehsil, so the 2017 figure is for the group and is shown across all of it, not divided between its tehsils",422246
2017,tehsil,TOBA TEK SINGH DISTRICT,TOBA TEK SINGH TEHSIL,DDS-PB-0450,exact,yes,,740017
2017,tehsil,TORGHAR DISTRICT,JUDBA TEHSIL,DDS-KP-0296 DDS-KP-0297 DDS-KP-0298,restructured,group,"the tehsils in Torghar District were redrawn after 2017. Together, 2017’s Judba Tehsil, Khander Tehsil cover the same ground as 2023’s Daur Mera Tehsil, Judba Tehsil, Khander Tehsil, so the 2017 figure is for the group and is shown across all of it, not divided between its tehsils",96888
2017,tehsil,TORGHAR DISTRICT,KHANDER TEHSIL,DDS-KP-0296 DDS-KP-0297 DDS-KP-0298,restructured,group,"the tehsils in Torghar District were redrawn after 2017. Together, 2017’s Judba Tehsil, Khander Tehsil cover the same ground as 2023’s Daur Mera Tehsil, Judba Tehsil, Khander Tehsil, so the 2017 figure is for the group and is shown across all of it, not divided between its tehsils",74461
2017,tehsil,UMER KOT DISTRICT,KUNRI TALUKA,DDS-SD-0588,exact,yes,,218460
2017,tehsil,UMER KOT DISTRICT,PITHORO TALUKA,DDS-SD-0589,exact,yes,,120005
2017,tehsil,UMER KOT DISTRICT,SAMARO TALUKA,DDS-SD-0590,exact,yes,,170216
2017,tehsil,UMER KOT DISTRICT,UMER KOT TALUKA,DDS-SD-0591,exact,yes,,564788
2017,tehsil,UPPER DIR DISTRICT,DIR SUB-DIVISION,DDS-KP-0300 DDS-KP-0301,restructured,parent,"DIR Sub-Division was split after 2017 into DIR Sub-Division, Larjum Sub-Division. The 2017 figure is for the whole of the old unit and is shown across all of them, not divided between them",439525
2017,tehsil,UPPER DIR DISTRICT,SHARINGAL SUB-DIVISION,DDS-KP-0302,exact,yes,,185121
2017,tehsil,UPPER DIR DISTRICT,WARI SUB-DIVISION,DDS-KP-0303,exact,yes,,322755
2017,tehsil,VEHARI DISTRICT,BUREWALA TEHSIL,DDS-PB-0451,exact,yes,,1019659
2017,tehsil,VEHARI DISTRICT,MAILSI TEHSIL,DDS-PB-0452,exact,yes,,953610
2017,tehsil,VEHARI DISTRICT,VEHARI TEHSIL,DDS-PB-0453,exact,yes,,928812
2017,tehsil,WASHUK DISTRICT,BESIMA SUB-TEHSIL,DDS-BA-0147,renamed,yes,known in 2023 as Besima Sub-Division,40266
2017,tehsil,WASHUK DISTRICT,MASHKHEL SUB-TEHSIL,DDS-BA-0148,renamed,yes,known in 2023 as Mashkhel Sub-Division,38634
2017,tehsil,WASHUK DISTRICT,NAG SUB-TEHSIL,DDS-BA-0149,exact,yes,,34477
2017,tehsil,WASHUK DISTRICT,SHAHGORI SUB-TEHSIL,DDS-BA-0150,renamed,yes,known in 2023 as Shahoo Garhi Sub-Tehsil,27548
2017,tehsil,WASHUK DISTRICT,WASHUK SUB-TEHSIL,DDS-BA-0151,renamed,yes,known in 2023 as Washuk Sub-Division,34787
2017,tehsil,ZHOB DISTRICT,ASHWAT SUB-TEHSIL,DDS-BA-0152,exact,yes,,20768
2017,tehsil,ZHOB DISTRICT,KASHATOO SUB-TEHSIL,DDS-BA-0154,exact,yes,,5184
2017,tehsil,ZHOB DISTRICT,QAMAR DIN KAREZ TEHSIL,DDS-BA-0153,renamed,yes,known in 2023 as Kakar Khurasan Sub-Division,13831
2017,tehsil,ZHOB DISTRICT,SAMBAZA SUB-TEHSIL,DDS-BA-0155,exact,yes,,17465
2017,tehsil,ZHOB DISTRICT,ZHOB TEHSIL,DDS-BA-0156,renamed,yes,known in 2023 as Zhob Sub-Division,253106
2017,tehsil,ZIARAT DISTRICT,SINJAWI SUB-TEHSIL,DDS-BA-0157,renamed,yes,known in 2023 as Sinjawi Sub-Division,92497
2017,tehsil,ZIARAT DISTRICT,ZIARAT TEHSIL,DDS-BA-0158,renamed,yes,known in 2023 as Ziarat Sub-Division,67598
2023,district,ABBOTTABAD DISTRICT,ABBOTTABAD DISTRICT,005,exact,yes,,
2023,district,ATTOCK DISTRICT,ATTOCK DISTRICT,051,exact,yes,,
2023,district,AWARAN DISTRICT,AWARAN DISTRICT,085,exact,yes,,
2023,district,BADIN DISTRICT,BADIN DISTRICT,062,exact,yes,,
2023,district,BAHAWALNAGAR DISTRICT,BAHAWALNAGAR DISTRICT,026,exact,yes,,
2023,district,BAHAWALPUR DISTRICT,BAHAWALPUR DISTRICT,027,exact,yes,,
2023,district,BAJAUR DISTRICT,BAJAUR DISTRICT,115,renamed,yes,,
2023,district,BANNU DISTRICT,BANNU DISTRICT,001,merged,yes,,
2023,district,BARKHAN DISTRICT,BARKHAN DISTRICT,109,exact,yes,,
2023,district,BATAGRAM DISTRICT,BATAGRAM DISTRICT,006,exact,yes,,
2023,district,BHAKKAR DISTRICT,BHAKKAR DISTRICT,058,exact,yes,,
2023,district,BUNER DISTRICT,BUNER DISTRICT,014,exact,yes,,
2023,district,CHAGAI DISTRICT,CHAGAI DISTRICT,099,exact,yes,,
2023,district,CHAKWAL DISTRICT,CHAKWAL DISTRICT,052,exact,yes,,
2023,district,CHAMAN DISTRICT,CHAMAN DISTRICT,167,split,yes,,
2023,district,CHARSADDA DISTRICT,CHARSADDA DISTRICT,023,exact,yes,,
2023,district,CHINIOT DISTRICT,CHINIOT DISTRICT,033,exact,yes,,
2023,district,DADU DISTRICT,DADU DISTRICT,063,exact,yes,,
2023,district,DERA BUGTI DISTRICT,DERA BUGTI DISTRICT,104,exact,yes,,
2023,district,DERA GHAZI KHAN DISTRICT,DERA GHAZI KHAN DISTRICT,029,exact,yes,,
2023,district,DERA ISMAIL KHAN DISTRICT,DERA ISMAIL KHAN DISTRICT,003,merged,yes,,
2023,district,DUKI DISTRICT,DUKI DISTRICT,165,split,yes,,
2023,district,FAISALABAD DISTRICT,FAISALABAD DISTRICT,034,exact,yes,,
2023,district,GHOTKI DISTRICT,GHOTKI DISTRICT,080,exact,yes,,
2023,district,GUJRANWALA DISTRICT,GUJRANWALA DISTRICT,037,exact,yes,,
2023,district,GUJRAT DISTRICT,GUJRAT DISTRICT,038,exact,yes,,
2023,district,GWADAR DISTRICT,GWADAR DISTRICT,092,exact,yes,,
2023,district,HAFIZABAD DISTRICT,HAFIZABAD DISTRICT,039,exact,yes,,
2023,district,HANGU DISTRICT,HANGU DISTRICT,011,exact,yes,,
2023,district,HARIPUR DISTRICT,HARIPUR DISTRICT,007,exact,yes,,
2023,district,HARNAI DISTRICT,HARNAI DISTRICT,105,exact,yes,,
2023,district,HYDERABAD DISTRICT,HYDERABAD DISTRICT,064,exact,yes,,
2023,district,ISLAMABAD DISTRICT,ISLAMABAD DISTRICT,128,exact,yes,,
2023,district,JACOBABAD DISTRICT,JACOBABAD DISTRICT,071,exact,yes,,
2023,district,JAFFARABAD DISTRICT,JAFFARABAD DISTRICT,095,exact,yes,,
2023,district,JAMSHORO DISTRICT,JAMSHORO DISTRICT,065,exact,yes,,
2023,district,JHAL MAGSI DISTRICT,JHAL MAGSI DISTRICT,096,exact,yes,,
2023,district,JHANG DISTRICT,JHANG DISTRICT,035,boundary transfer,yes,,
2023,district,JHELUM DISTRICT,JHELUM DISTRICT,053,exact,yes,,
2023,district,KACHHI DISTRICT,KACHHI DISTRICT,097,boundary transfer,yes,,
2023,district,KALAT DISTRICT,KALAT DISTRICT,086,split,yes,,
2023,district,KAMBAR SHAHDAD KOT DISTRICT,KAMBAR SHAHDAD KOT DISTRICT,074,exact,yes,,
2023,district,KARACHI CENTRAL DISTRICT,KARACHI CENTRAL DISTRICT,149,exact,yes,,
2023,district,KARACHI EAST DISTRICT,KARACHI EAST DISTRICT,146,exact,yes,,
2023,district,KARACHI SOUTH DISTRICT,KARACHI SOUTH DISTRICT,150,exact,yes,,
2023,district,KARACHI WEST DISTRICT,KARACHI WEST DISTRICT,147,split,yes,,
2023,district,KARAK DISTRICT,KARAK DISTRICT,012,exact,yes,,
2023,district,KASHMORE DISTRICT,KASHMORE DISTRICT,072,exact,yes,,
2023,district,KASUR DISTRICT,KASUR DISTRICT,043,exact,yes,,
2023,district,KEAMARI DISTRICT,KEAMARI DISTRICT,166,split,yes,,
2023,district,KECH DISTRICT,KECH DISTRICT,093,exact,yes,,
2023,district,KHAIRPUR DISTRICT,KHAIRPUR DISTRICT,081,exact,yes,,
2023,district,KHANEWAL DISTRICT,KHANEWAL DISTRICT,047,exact,yes,,
2023,district,KHARAN DISTRICT,KHARAN DISTRICT,087,exact,yes,,
2023,district,KHUSHAB DISTRICT,KHUSHAB DISTRICT,059,exact,yes,,
2023,district,KHUZDAR DISTRICT,KHUZDAR DISTRICT,088,exact,yes,,
2023,district,KHYBER DISTRICT,KHYBER DISTRICT,116,renamed,yes,,
2023,district,KILLA ABDULLAH DISTRICT,KILLA ABDULLAH DISTRICT,100,split,yes,,
2023,district,KILLA SAIFULLAH DISTRICT,KILLA SAIFULLAH DISTRICT,110,exact,yes,,
2023,district,KOHAT DISTRICT,KOHAT DISTRICT,013,merged,yes,,
2023,district,KOHLU DISTRICT,KOHLU DISTRICT,106,exact,yes,,
2023,district,KOLAI PALAS KOHISTAN DISTRICT,KOLAI PALAS KOHISTAN DISTRICT,008,split,yes,,
2023,district,KORANGI DISTRICT,KORANGI DISTRICT,154,exact,yes,,
2023,district,KURRAM DISTRICT,KURRAM DISTRICT,117,renamed,yes,,
2023,district,LAHORE DISTRICT,LAHORE DISTRICT,044,exact,yes,,
2023,district,LAKKI MARWAT DISTRICT,LAKKI MARWAT DISTRICT,002,merged,yes,,
2023,district,LARKANA DISTRICT,LARKANA DISTRICT,073,exact,yes,,
2023,district,LASBELA DISTRICT,LASBELA DISTRICT,089,exact,yes,,
2023,district,LAYYAH DISTRICT,LAYYAH DISTRICT,030,exact,yes,,
2023,district,LODHRAN DISTRICT,LODHRAN DISTRICT,048,exact,yes,,
2023,district,LORALAI DISTRICT,LORALAI DISTRICT,111,split,yes,,
2023,district,LOWER CHITRAL DISTRICT,LOWER CHITRAL DISTRICT,015,split,yes,,
2023,district,LOWER DIR DISTRICT,LOWER DIR DISTRICT,016,exact,yes,,
2023,district,LOWER KOHISTAN DISTRICT,LOWER KOHISTAN DISTRICT,169,split,yes,,
2023,district,MALAKAND DISTRICT,MALAKAND DISTRICT,017,exact,yes,,
2023,district,MALIR DISTRICT,MALIR DISTRICT,148,exact,yes,,
2023,district,MANDI BAHAUDDIN DISTRICT,MANDI BAHAUDDIN DISTRICT,040,exact,yes,,
2023,district,MANSEHRA DISTRICT,MANSEHRA DISTRICT,009,exact,yes,,
2023,district,MARDAN DISTRICT,MARDAN DISTRICT,021,exact,yes,,
2023,district,MASTUNG DISTRICT,MASTUNG DISTRICT,090,exact,yes,,
2023,district,MATIARI DISTRICT,MATIARI DISTRICT,066,exact,yes,,
2023,district,MIANWALI DISTRICT,MIANWALI DISTRICT,060,exact,yes,,
2023,district,MIRPUR KHAS DISTRICT,MIRPUR KHAS DISTRICT,076,exact,yes,,
2023,district,MOHMAND DISTRICT,MOHMAND DISTRICT,118,renamed,yes,,
2023,district,MULTAN DISTRICT,MULTAN DISTRICT,049,exact,yes,,
2023,district,MUSAKHEL DISTRICT,MUSAKHEL DISTRICT,112,exact,yes,,
2023,district,MUZAFFARGARH DISTRICT,MUZAFFARGARH DISTRICT,031,exact,yes,,
2023,district,NANKANA SAHIB DISTRICT,NANKANA SAHIB DISTRICT,045,exact,yes,,
2023,district,NAROWAL DISTRICT,NAROWAL DISTRICT,041,exact,yes,,
2023,district,NASIRABAD DISTRICT,NASIRABAD DISTRICT,098,boundary transfer,yes,,
2023,district,NAUSHAHRO FEROZE DISTRICT,NAUSHAHRO FEROZE DISTRICT,082,exact,yes,,
2023,district,NORTH WAZIRISTAN DISTRICT,NORTH WAZIRISTAN DISTRICT,119,renamed,yes,,
2023,district,NOWSHERA DISTRICT,NOWSHERA DISTRICT,024,exact,yes,,
2023,district,NUSHKI DISTRICT,NUSHKI DISTRICT,101,exact,yes,,
2023,district,OKARA DISTRICT,OKARA DISTRICT,055,exact,yes,,
2023,district,ORAKZAI DISTRICT,ORAKZAI DISTRICT,120,renamed,yes,,
2023,district,PAKPATTAN DISTRICT,PAKPATTAN DISTRICT,056,exact,yes,,
2023,district,PANJGUR DISTRICT,PANJGUR DISTRICT,094,exact,yes,,
2023,district,PESHAWAR DISTRICT,PESHAWAR DISTRICT,025,merged,yes,,
2023,district,PISHIN DISTRICT,PISHIN DISTRICT,102,exact,yes,,
2023,district,QUETTA DISTRICT,QUETTA DISTRICT,103,exact,yes,,
2023,district,RAHIM YAR KHAN DISTRICT,RAHIM YAR KHAN DISTRICT,028,exact,yes,,
2023,district,RAJANPUR DISTRICT,RAJANPUR DISTRICT,032,exact,yes,,
2023,district,RAWALPINDI DISTRICT,RAWALPINDI DISTRICT,054,exact,yes,,
2023,district,SAHIWAL DISTRICT,SAHIWAL DISTRICT,057,exact,yes,,
2023,district,SANGHAR DISTRICT,SANGHAR DISTRICT,077,exact,yes,,
2023,district,SARGODHA DISTRICT,SARGODHA DISTRICT,061,exact,yes,,
2023,district,SHAHEED BENAZIRABAD DISTRICT,SHAHEED BENAZIRABAD DISTRICT,083,exact,yes,,
2023,district,SHANGLA DISTRICT,SHANGLA DISTRICT,018,exact,yes,,
2023,district,SHEIKHUPURA DISTRICT,SHEIKHUPURA DISTRICT,046,exact,yes,,
2023,district,SHERANI DISTRICT,SHERANI DISTRICT,113,exact,yes,,
2023,district,SHIKARPUR DISTRICT,SHIKARPUR DISTRICT,075,exact,yes,,
2023,district,SIALKOT DISTRICT,SIALKOT DISTRICT,042,exact,yes,,
2023,district,SIBI DISTRICT,SIBI DISTRICT,107,exact,yes,,
2023,district,SOHBATPUR DISTRICT,SOHBATPUR DISTRICT,153,exact,yes,,
2023,district,SOUTH WAZIRISTAN DISTRICT,SOUTH WAZIRISTAN DISTRICT,121,renamed,yes,,
2023,district,SUJAWAL DISTRICT,SUJAWAL DISTRICT,152,exact,yes,,
2023,district,SUKKUR DISTRICT,SUKKUR DISTRICT,084,exact,yes,,
2023,district,SURAB DISTRICT,SURAB DISTRICT,164,split,yes,,
2023,district,SWABI DISTRICT,SWABI DISTRICT,022,exact,yes,,
2023,district,SWAT DISTRICT,SWAT DISTRICT,019,exact,yes,,
2023,district,TANDO ALLAHYAR DISTRICT,TANDO ALLAHYAR DISTRICT,067,exact,yes,,
2023,district,TANDO MUHAMMAD KHAN DISTRICT,TANDO MUHAMMAD KHAN DISTRICT,068,exact,yes,,
2023,district,TANK DISTRICT,TANK DISTRICT,004,merged,yes,,
2023,district,THARPARKAR DISTRICT,THARPARKAR DISTRICT,078,exact,yes,,
2023,district,THATTA DISTRICT,THATTA DISTRICT,069,exact,yes,,
2023,district,TOBA TEK SINGH DISTRICT,TOBA TEK SINGH DISTRICT,036,boundary transfer,yes,,
2023,district,TORGHAR DISTRICT,TORGHAR DISTRICT,010,exact,yes,,
2023,district,UMER KOT DISTRICT,UMER KOT DISTRICT,079,exact,yes,,
2023,district,UPPER CHITRAL DISTRICT,UPPER CHITRAL DISTRICT,170,split,yes,,
2023,district,UPPER DIR DISTRICT,UPPER DIR DISTRICT,020,exact,yes,,
2023,district,UPPER KOHISTAN DISTRICT,UPPER KOHISTAN DISTRICT,168,split,yes,,
2023,district,VEHARI DISTRICT,VEHARI DISTRICT,050,exact,yes,,
2023,district,WASHUK DISTRICT,WASHUK DISTRICT,091,exact,yes,,
2023,district,ZHOB DISTRICT,ZHOB DISTRICT,114,exact,yes,,
2023,district,ZIARAT DISTRICT,ZIARAT DISTRICT,108,exact,yes,,
2023,tehsil,ABBOTTABAD DISTRICT,ABBOTTABAD TEHSIL,DDS-KP-0160,exact,yes,,
2023,tehsil,ABBOTTABAD DISTRICT,HAVELIAN TEHSIL,DDS-KP-0161,exact,yes,,
2023,tehsil,ABBOTTABAD DISTRICT,LORA TEHSIL,DDS-KP-0162,exact,yes,,
2023,tehsil,ABBOTTABAD DISTRICT,LOWER TANAWAL TEHSIL,DDS-KP-0163,exact,yes,,
2023,tehsil,ATTOCK DISTRICT,ATTOCK TEHSIL,DDS-PB-0308,exact,yes,,
2023,tehsil,ATTOCK DISTRICT,FATEH JANG TEHSIL,DDS-PB-0309,exact,yes,,
2023,tehsil,ATTOCK DISTRICT,HASAN ABDAL TEHSIL,DDS-PB-0310,exact,yes,,
2023,tehsil,ATTOCK DISTRICT,HAZRO TEHSIL,DDS-PB-0311,exact,yes,,
2023,tehsil,ATTOCK DISTRICT,JAND TEHSIL,DDS-PB-0312,exact,yes,,
2023,tehsil,ATTOCK DISTRICT,PINDI GHEB TEHSIL,DDS-PB-0313,exact,yes,,
2023,tehsil,AWARAN DISTRICT,AWARAN SUB-DIVISION,DDS-BA-0001,exact,yes,,
2023,tehsil,AWARAN DISTRICT,GISHKORE TEHSIL,DDS-BA-0002,exact,yes,,
2023,tehsil,AWARAN DISTRICT,JHAL JAO TEHSIL,DDS-BA-0003,exact,yes,,
2023,tehsil,AWARAN DISTRICT,KORAK JHAO TEHSIL,DDS-BA-0004,exact,yes,,
2023,tehsil,AWARAN DISTRICT,MASHKAI TEHSIL,DDS-BA-0005,exact,yes,,
2023,tehsil,BADIN DISTRICT,BADIN TALUKA,DDS-SD-0454,exact,yes,,
2023,tehsil,BADIN DISTRICT,GOLARCHI (S.F.RAHU) TALUKA,DDS-SD-0455,exact,yes,,
2023,tehsil,BADIN DISTRICT,MATLI TALUKA,DDS-SD-0456,exact,yes,,
2023,tehsil,BADIN DISTRICT,TALHAR TALUKA,DDS-SD-0457,exact,yes,,
2023,tehsil,BADIN DISTRICT,TANDO BAGO TALUKA,DDS-SD-0458,exact,yes,,
2023,tehsil,BAHAWALNAGAR DISTRICT,BAHAWALNAGAR TEHSIL,DDS-PB-0314,exact,yes,,
2023,tehsil,BAHAWALNAGAR DISTRICT,CHISHTIAN TEHSIL,DDS-PB-0315,exact,yes,,
2023,tehsil,BAHAWALNAGAR DISTRICT,FORT ABBAS TEHSIL,DDS-PB-0316,exact,yes,,
2023,tehsil,BAHAWALNAGAR DISTRICT,HAROONABAD TEHSIL,DDS-PB-0317,exact,yes,,
2023,tehsil,BAHAWALNAGAR DISTRICT,MINCHINABAD TEHSIL,DDS-PB-0318,exact,yes,,
2023,tehsil,BAHAWALPUR DISTRICT,AHMADPUR EAST TEHSIL,DDS-PB-0319,exact,yes,,
2023,tehsil,BAHAWALPUR DISTRICT,BAHAWALPUR CITY TEHSIL,DDS-PB-0320,exact,yes,,
2023,tehsil,BAHAWALPUR DISTRICT,BAHAWALPUR SADDAR TEHSIL,DDS-PB-0321,exact,yes,,
2023,tehsil,BAHAWALPUR DISTRICT,HASILPUR TEHSIL,DDS-PB-0322,exact,yes,,
2023,tehsil,BAHAWALPUR DISTRICT,KHAIRPUR TAMEWALI TEHSIL,DDS-PB-0323,exact,yes,,
2023,tehsil,BAHAWALPUR DISTRICT,YAZMAN TEHSIL,DDS-PB-0324,exact,yes,,
2023,tehsil,BAJAUR DISTRICT,BAR CHAMER KAND TEHSIL,DDS-KP-0164,exact,yes,,
2023,tehsil,BAJAUR DISTRICT,BARANG TEHSIL,DDS-KP-0165,exact,yes,,
2023,tehsil,BAJAUR DISTRICT,KHAR BAJAUR TEHSIL,DDS-KP-0166,exact,yes,,
2023,tehsil,BAJAUR DISTRICT,MAMUND TEHSIL,DDS-KP-0167,exact,yes,,
2023,tehsil,BAJAUR DISTRICT,NAWAGAI TEHSIL,DDS-KP-0168,exact,yes,,
2023,tehsil,BAJAUR DISTRICT,SALARZAI TEHSIL,DDS-KP-0169,exact,yes,,
2023,tehsil,BAJAUR DISTRICT,UTMAN KHEL TEHSIL,DDS-KP-0170,exact,yes,,
2023,tehsil,BANNU DISTRICT,BAKKA KHEL TEHSIL,DDS-KP-0171,exact,yes,,
2023,tehsil,BANNU DISTRICT,BANNU TEHSIL,DDS-KP-0172,exact,yes,,
2023,tehsil,BANNU DISTRICT,DOMEL TEHSIL,DDS-KP-0173,exact,yes,,
2023,tehsil,BANNU DISTRICT,KAKKI TEHSIL,DDS-KP-0174,exact,yes,,
2023,tehsil,BANNU DISTRICT,MERYAN TEHSIL,DDS-KP-0175,exact,yes,,
2023,tehsil,BANNU DISTRICT,WAZIR SUB-DIVISION,DDS-KP-0176,exact,yes,,
2023,tehsil,BARKHAN DISTRICT,BARKHAN TEHSIL,DDS-BA-0006,exact,yes,,
2023,tehsil,BATAGRAM DISTRICT,ALLAI TEHSIL,DDS-KP-0177,exact,yes,,
2023,tehsil,BATAGRAM DISTRICT,BATAGRAM TEHSIL,DDS-KP-0178,exact,yes,,
2023,tehsil,BHAKKAR DISTRICT,BHAKKAR TEHSIL,DDS-PB-0325,exact,yes,,
2023,tehsil,BHAKKAR DISTRICT,DARYA KHAN TEHSIL,DDS-PB-0326,exact,yes,,
2023,tehsil,BHAKKAR DISTRICT,KALUR KOT TEHSIL,DDS-PB-0327,exact,yes,,
2023,tehsil,BHAKKAR DISTRICT,MANKERA TEHSIL,DDS-PB-0328,exact,yes,,
2023,tehsil,BUNER DISTRICT,CHAGHARZAI TEHSIL,DDS-KP-0179,exact,yes,,
2023,tehsil,BUNER DISTRICT,DAGGAR TEHSIL,DDS-KP-0180,exact,yes,,
2023,tehsil,BUNER DISTRICT,GADEZAI TEHSIL,DDS-KP-0181,exact,yes,,
2023,tehsil,BUNER DISTRICT,GAGRA TEHSIL,DDS-KP-0182,exact,yes,,
2023,tehsil,BUNER DISTRICT,KHADO KHEL TEHSIL,DDS-KP-0183,exact,yes,,
2023,tehsil,BUNER DISTRICT,MANDANR TEHSIL,DDS-KP-0184,exact,yes,,
2023,tehsil,CHAGAI DISTRICT,CHAGAI TEHSIL,DDS-BA-0007,exact,yes,,
2023,tehsil,CHAGAI DISTRICT,DALBANDIN SUB-DIVISION,DDS-BA-0008,exact,yes,,
2023,tehsil,CHAGAI DISTRICT,NOKUNDI TEHSIL,DDS-BA-0009,exact,yes,,
2023,tehsil,CHAGAI DISTRICT,TAFTAN SUB-DIVISION,DDS-BA-0010,exact,yes,,
2023,tehsil,CHAGAI DISTRICT,YAK MACHH SUB-TEHSIL,DDS-BA-0011,exact,yes,,
2023,tehsil,CHAKWAL DISTRICT,CHAKWAL TEHSIL,DDS-PB-0329,exact,yes,,
2023,tehsil,CHAKWAL DISTRICT,CHOA SAIDAN SHAH TEHSIL,DDS-PB-0330,exact,yes,,
2023,tehsil,CHAKWAL DISTRICT,KALLAR KAHAR TEHSIL,DDS-PB-0331,exact,yes,,
2023,tehsil,CHAKWAL DISTRICT,LAWA TEHSIL,DDS-PB-0332,exact,yes,,
2023,tehsil,CHAKWAL DISTRICT,TALA GANG TEHSIL,DDS-PB-0333,exact,yes,,
2023,tehsil,CHAMAN DISTRICT,CHAMAN CITY SUB-DIVISION,DDS-BA-0012,exact,yes,,
2023,tehsil,CHAMAN DISTRICT,CHAMAN SADDAR SUB-DIVISION,DDS-BA-0013,exact,yes,,
2023,tehsil,CHARSADDA DISTRICT,CHARSADDA TEHSIL,DDS-KP-0185,exact,yes,,
2023,tehsil,CHARSADDA DISTRICT,SHABQADAR TEHSIL,DDS-KP-0186,exact,yes,,
2023,tehsil,CHARSADDA DISTRICT,TANGI TEHSIL,DDS-KP-0187,exact,yes,,
2023,tehsil,CHINIOT DISTRICT,BHAWANA TEHSIL,DDS-PB-0334,exact,yes,,
2023,tehsil,CHINIOT DISTRICT,CHINIOT TEHSIL,DDS-PB-0335,exact,yes,,
2023,tehsil,CHINIOT DISTRICT,LALIAN TEHSIL,DDS-PB-0336,exact,yes,,
2023,tehsil,DADU DISTRICT,DADU TALUKA,DDS-SD-0459,exact,yes,,
2023,tehsil,DADU DISTRICT,JOHI TALUKA,DDS-SD-0460,exact,yes,,
2023,tehsil,DADU DISTRICT,KHAIRPUR NATHAN SHAH TALUKA,DDS-SD-0461,exact,yes,,
2023,tehsil,DADU DISTRICT,MEHAR TALUKA,DDS-SD-0462,exact,yes,,
2023,tehsil,DERA BUGTI DISTRICT,BAIKER SUB-TEHSIL,DDS-BA-0014,exact,yes,,
2023,tehsil,DERA BUGTI DISTRICT,DERA BUGTI SUB-DIVISION,DDS-BA-0015,exact,yes,,
2023,tehsil,DERA BUGTI DISTRICT,LOTI SUB-TEHSIL,DDS-BA-0016,exact,yes,,
2023,tehsil,DERA BUGTI DISTRICT,MALAM SUB-TEHSIL,DDS-BA-0017,exact,yes,,
2023,tehsil,DERA BUGTI DISTRICT,PIR KOH SUB-TEHSIL,DDS-BA-0018,exact,yes,,
2023,tehsil,DERA BUGTI DISTRICT,QADIRABAD SUB-DIVISION,DDS-BA-0019,exact,yes,,
2023,tehsil,DERA BUGTI DISTRICT,SANGSILLAH SUB-TEHSIL,DDS-BA-0020,exact,yes,,
2023,tehsil,DERA BUGTI DISTRICT,SUI SUB-DIVISION,DDS-BA-0021,exact,yes,,
2023,tehsil,DERA GHAZI KHAN DISTRICT,DERA GHAZI KHAN TEHSIL,DDS-PB-0337,exact,yes,,
2023,tehsil,DERA GHAZI KHAN DISTRICT,KOH-E-SULEMAN TEHSIL,DDS-PB-0338,exact,yes,,
2023,tehsil,DERA GHAZI KHAN DISTRICT,KOT CHHUTTA TEHSIL,DDS-PB-0339,exact,yes,,
2023,tehsil,DERA GHAZI KHAN DISTRICT,TAUNSA TEHSIL,DDS-PB-0340,exact,yes,,
2023,tehsil,DERA ISMAIL KHAN DISTRICT,DARABAN TEHSIL,DDS-KP-0188,exact,yes,,
2023,tehsil,DERA ISMAIL KHAN DISTRICT,DERA ISMAIL KHAN TEHSIL,DDS-KP-0189,exact,yes,,
2023,tehsil,DERA ISMAIL KHAN DISTRICT,DRAZANDA SUB-DIVISION,DDS-KP-0190,exact,yes,,
2023,tehsil,DERA ISMAIL KHAN DISTRICT,KULACHI TEHSIL,DDS-KP-0191,exact,yes,,
2023,tehsil,DERA ISMAIL KHAN DISTRICT,PAHARPUR TEHSIL,DDS-KP-0192,exact,yes,,
2023,tehsil,DERA ISMAIL KHAN DISTRICT,PAROA TEHSIL,DDS-KP-0193,exact,yes,,
2023,tehsil,DUKI DISTRICT,DUKI SUB-DIVISION,DDS-BA-0022,exact,yes,,
2023,tehsil,DUKI DISTRICT,LUNI SUB-DIVISION,DDS-BA-0023,exact,yes,,
2023,tehsil,DUKI DISTRICT,TALAO SUB-TEHSIL,DDS-BA-0024,exact,yes,,
2023,tehsil,DUKI DISTRICT,THAL CHUTYALI SUB-DIVISION,DDS-BA-0025,exact,yes,,
2023,tehsil,FAISALABAD DISTRICT,CHAK JHUMRA TEHSIL,DDS-PB-0341,exact,yes,,
2023,tehsil,FAISALABAD DISTRICT,FAISALABAD CITY TEHSIL,DDS-PB-0342,exact,yes,,
2023,tehsil,FAISALABAD DISTRICT,FAISALABAD SADAR TEHSIL,DDS-PB-0343,exact,yes,,
2023,tehsil,FAISALABAD DISTRICT,JARANWALA TEHSIL,DDS-PB-0344,exact,yes,,
2023,tehsil,FAISALABAD DISTRICT,SAMMUNDRI TEHSIL,DDS-PB-0345,exact,yes,,
2023,tehsil,FAISALABAD DISTRICT,TANDLIAN WALA TEHSIL,DDS-PB-0346,exact,yes,,
2023,tehsil,GHOTKI DISTRICT,DAHARKI TALUKA,DDS-SD-0463,exact,yes,,
2023,tehsil,GHOTKI DISTRICT,GHOTKI TALUKA,DDS-SD-0464,exact,yes,,
2023,tehsil,GHOTKI DISTRICT,KHANGARH TALUKA,DDS-SD-0465,exact,yes,,
2023,tehsil,GHOTKI DISTRICT,MIRPUR MATHELO TALUKA,DDS-SD-0466,exact,yes,,
2023,tehsil,GHOTKI DISTRICT,UBAURO TALUKA,DDS-SD-0467,exact,yes,,
2023,tehsil,GUJRANWALA DISTRICT,GUJRANWALA CITY TEHSIL,DDS-PB-0347,exact,yes,,
2023,tehsil,GUJRANWALA DISTRICT,GUJRANWALA SADDAR TEHSIL,DDS-PB-0348,exact,yes,,
2023,tehsil,GUJRANWALA DISTRICT,KAMOKE TEHSIL,DDS-PB-0349,exact,yes,,
2023,tehsil,GUJRANWALA DISTRICT,NOWSHERA VIRKAN TEHSIL,DDS-PB-0350,exact,yes,,
2023,tehsil,GUJRANWALA DISTRICT,WAZIRABAD TEHSIL,DDS-PB-0351,exact,yes,,
2023,tehsil,GUJRAT DISTRICT,GUJRAT TEHSIL,DDS-PB-0352,exact,yes,,
2023,tehsil,GUJRAT DISTRICT,KHARIAN TEHSIL,DDS-PB-0353,exact,yes,,
2023,tehsil,GUJRAT DISTRICT,SARAI ALAMGIR TEHSIL,DDS-PB-0354,exact,yes,,
2023,tehsil,GWADAR DISTRICT,GWADAR SUB-DIVISION,DDS-BA-0026,exact,yes,,
2023,tehsil,GWADAR DISTRICT,JIWANI TEHSIL,DDS-BA-0027,exact,yes,,
2023,tehsil,GWADAR DISTRICT,ORMARA TEHSIL,DDS-BA-0028,exact,yes,,
2023,tehsil,GWADAR DISTRICT,PASNI SUB-DIVISION,DDS-BA-0029,exact,yes,,
2023,tehsil,GWADAR DISTRICT,SUNTSER SUB-TEHSIL,DDS-BA-0030,exact,yes,,
2023,tehsil,HAFIZABAD DISTRICT,HAFIZABAD TEHSIL,DDS-PB-0355,exact,yes,,
2023,tehsil,HAFIZABAD DISTRICT,PINDI BHATTIAN TEHSIL,DDS-PB-0356,exact,yes,,
2023,tehsil,HANGU DISTRICT,HANGU TEHSIL,DDS-KP-0194,exact,yes,,
2023,tehsil,HANGU DISTRICT,TALL TEHSIL,DDS-KP-0195,exact,yes,,
2023,tehsil,HARIPUR DISTRICT,GHAZI TEHSIL,DDS-KP-0196,exact,yes,,
2023,tehsil,HARIPUR DISTRICT,HARIPUR TEHSIL,DDS-KP-0197,exact,yes,,
2023,tehsil,HARIPUR DISTRICT,KHANPUR TEHSIL,DDS-KP-0198,exact,yes,,
2023,tehsil,HARNAI DISTRICT,HARNAI SUB-DIVISION,DDS-BA-0031,exact,yes,,
2023,tehsil,HARNAI DISTRICT,KHOAST SUB-DIVISION,DDS-BA-0032,exact,yes,,
2023,tehsil,HARNAI DISTRICT,SHAHRIG TEHSIL,DDS-BA-0033,exact,yes,,
2023,tehsil,HYDERABAD DISTRICT,HYDERABAD CITY TALUKA,DDS-SD-0468,exact,yes,,
2023,tehsil,HYDERABAD DISTRICT,HYDERABAD TALUKA,DDS-SD-0469,exact,yes,,
2023,tehsil,HYDERABAD DISTRICT,LATIFABAD TALUKA,DDS-SD-0470,exact,yes,,
2023,tehsil,HYDERABAD DISTRICT,QASIMABAD TALUKA,DDS-SD-0471,exact,yes,,
2023,tehsil,ISLAMABAD DISTRICT,ISLAMABAD TEHSIL,DDS-IS-0159,exact,yes,,
2023,tehsil,JACOBABAD DISTRICT,GARHI KHAIRO TALUKA,DDS-SD-0472,exact,yes,,
2023,tehsil,JACOBABAD DISTRICT,JACOBABAD TALUKA,DDS-SD-0473,exact,yes,,
2023,tehsil,JACOBABAD DISTRICT,THUL TALUKA,DDS-SD-0474,exact,yes,,
2023,tehsil,JAFFARABAD DISTRICT,GANDAKHA TEHSIL,DDS-BA-0034,exact,yes,,
2023,tehsil,JAFFARABAD DISTRICT,JHAT PAT SUB-DIVISION,DDS-BA-0035,exact,yes,,
2023,tehsil,JAFFARABAD DISTRICT,USTA MUHAMMAD SUB-DIVISION,DDS-BA-0036,exact,yes,,
2023,tehsil,JAMSHORO DISTRICT,KOTRI TALUKA,DDS-SD-0475,exact,yes,,
2023,tehsil,JAMSHORO DISTRICT,MANJHAND TALUKA,DDS-SD-0476,exact,yes,,
2023,tehsil,JAMSHORO DISTRICT,SEHWAN TALUKA,DDS-SD-0477,exact,yes,,
2023,tehsil,JAMSHORO DISTRICT,THANO BULA KHAN TALUKA,DDS-SD-0478,exact,yes,,
2023,tehsil,JHAL MAGSI DISTRICT,GANDAWA TEHSIL,DDS-BA-0037,exact,yes,,
2023,tehsil,JHAL MAGSI DISTRICT,JHAL MAGSI TEHSIL,DDS-BA-0038,exact,yes,,
2023,tehsil,JHAL MAGSI DISTRICT,MIRPUR SUB-TEHSIL,DDS-BA-0039,exact,yes,,
2023,tehsil,JHANG DISTRICT,18-HAZARI TEHSIL,DDS-PB-0357,exact,yes,,
2023,tehsil,JHANG DISTRICT,AHMADPUR SIAL TEHSIL,DDS-PB-0358,exact,yes,,
2023,tehsil,JHANG DISTRICT,JHANG TEHSIL,DDS-PB-0359,exact,yes,,
2023,tehsil,JHANG DISTRICT,SHORKOT TEHSIL,DDS-PB-0360,exact,yes,,
2023,tehsil,JHELUM DISTRICT,DINA TEHSIL,DDS-PB-0361,exact,yes,,
2023,tehsil,JHELUM DISTRICT,JHELUM TEHSIL,DDS-PB-0362,exact,yes,,
2023,tehsil,JHELUM DISTRICT,PIND DADAN KHAN TEHSIL,DDS-PB-0363,exact,yes,,
2023,tehsil,JHELUM DISTRICT,SOHAWA TEHSIL,DDS-PB-0364,exact,yes,,
2023,tehsil,KACHHI DISTRICT,BALANARI SUB-TEHSIL,DDS-BA-0040,exact,yes,,
2023,tehsil,KACHHI DISTRICT,BHAG SUB-DIVISION,DDS-BA-0041,exact,yes,,
2023,tehsil,KACHHI DISTRICT,DHADAR SUB-DIVISION,DDS-BA-0042,exact,yes,,
2023,tehsil,KACHHI DISTRICT,KHATTAN SUB-TEHSIL,DDS-BA-0043,exact,yes,,
2023,tehsil,KACHHI DISTRICT,MACH SUB-DIVISION,DDS-BA-0044,exact,yes,,
2023,tehsil,KACHHI DISTRICT,SANNI SUB-DIVISION,DDS-BA-0045,exact,yes,,
2023,tehsil,KALAT DISTRICT,GAZG SUB-TEHSIL,DDS-BA-0046,exact,yes,,
2023,tehsil,KALAT DISTRICT,JOHAN SUB-TEHSIL,DDS-BA-0047,exact,yes,,
2023,tehsil,KALAT DISTRICT,KALAT SUB-DIVISION,DDS-BA-0048,exact,yes,,
2023,tehsil,KALAT DISTRICT,MANGOCHAR SUB-DIVISION,DDS-BA-0049,exact,yes,,
2023,tehsil,KAMBAR SHAHDAD KOT DISTRICT,KAMBAR ALI KHAN TALUKA,DDS-SD-0479,exact,yes,,
2023,tehsil,KAMBAR SHAHDAD KOT DISTRICT,MIRO KHAN TALUKA,DDS-SD-0480,exact,yes,,
2023,tehsil,KAMBAR SHAHDAD KOT DISTRICT,NASIRABAD TALUKA,DDS-SD-0481,exact,yes,,
2023,tehsil,KAMBAR SHAHDAD KOT DISTRICT,QUBO SAEED KHAN TALUKA,DDS-SD-0482,exact,yes,,
2023,tehsil,KAMBAR SHAHDAD KOT DISTRICT,SHAHDAD KOT TALUKA,DDS-SD-0483,exact,yes,,
2023,tehsil,KAMBAR SHAHDAD KOT DISTRICT,SUJAWAL JUNEJO TALUKA,DDS-SD-0484,exact,yes,,
2023,tehsil,KAMBAR SHAHDAD KOT DISTRICT,WARAH TALUKA,DDS-SD-0485,exact,yes,,
2023,tehsil,KARACHI CENTRAL DISTRICT,GULBERG SUB-DIVISION,DDS-SD-0486,exact,yes,,
2023,tehsil,KARACHI CENTRAL DISTRICT,LIAQUATABAD SUB-DIVISION,DDS-SD-0487,exact,yes,,
2023,tehsil,KARACHI CENTRAL DISTRICT,NAZIMABAD SUB-DIVISION,DDS-SD-0488,exact,yes,,
2023,tehsil,KARACHI CENTRAL DISTRICT,NEW KARACHI SUB-DIVISION,DDS-SD-0489,exact,yes,,
2023,tehsil,KARACHI CENTRAL DISTRICT,NORTH NAZIMABAD SUB-DIVISION,DDS-SD-0490,exact,yes,,
2023,tehsil,KARACHI EAST DISTRICT,FEROZABAD SUB-DIVISION,DDS-SD-0491,exact,yes,,
2023,tehsil,KARACHI EAST DISTRICT,GULSHAN-E-IQBAL SUB-DIVISION,DDS-SD-0492,exact,yes,,
2023,tehsil,KARACHI EAST DISTRICT,GULZAR-E-HIJRI SUB-DIVISION,DDS-SD-0493,exact,yes,,
2023,tehsil,KARACHI EAST DISTRICT,JAMSHED QUARTERS SUB-DIVISION,DDS-SD-0494,exact,yes,,
2023,tehsil,KARACHI SOUTH DISTRICT,ARAM BAGH SUB-DIVISION,DDS-SD-0495,exact,yes,,
2023,tehsil,KARACHI SOUTH DISTRICT,CIVIL LINES SUB-DIVISION,DDS-SD-0496,exact,yes,,
2023,tehsil,KARACHI SOUTH DISTRICT,GARDEN SUB-DIVISION,DDS-SD-0497,exact,yes,,
2023,tehsil,KARACHI SOUTH DISTRICT,LYARI SUB-DIVISION,DDS-SD-0498,exact,yes,,
2023,tehsil,KARACHI SOUTH DISTRICT,SADDAR SUB-DIVISION,DDS-SD-0499,exact,yes,,
2023,tehsil,KARACHI WEST DISTRICT,MANGHOPIR SUB-DIVISION,DDS-SD-0500,exact,yes,,
2023,tehsil,KARACHI WEST DISTRICT,MOMINABAD SUB-DIVISION,DDS-SD-0501,exact,yes,,
2023,tehsil,KARACHI WEST DISTRICT,ORANGI SUB-DIVISION,DDS-SD-0502,exact,yes,,
2023,tehsil,KARAK DISTRICT,BANDA DAUD SHAH TEHSIL,DDS-KP-0199,exact,yes,,
2023,tehsil,KARAK DISTRICT,KARAK TEHSIL,DDS-KP-0200,exact,yes,,
2023,tehsil,KARAK DISTRICT,TAKHT-E-NASRATI TEHSIL,DDS-KP-0201,exact,yes,,
2023,tehsil,KASHMORE DISTRICT,KANDHKOT TALUKA,DDS-SD-0503,exact,yes,,
2023,tehsil,KASHMORE DISTRICT,KASHMORE TALUKA,DDS-SD-0504,exact,yes,,
2023,tehsil,KASHMORE DISTRICT,TANGWANI TALUKA,DDS-SD-0505,exact,yes,,
2023,tehsil,KASUR DISTRICT,CHUNIAN TEHSIL,DDS-PB-0365,exact,yes,,
2023,tehsil,KASUR DISTRICT,KASUR TEHSIL,DDS-PB-0366,exact,yes,,
2023,tehsil,KASUR DISTRICT,KOT RADHA KISHAN TEHSIL,DDS-PB-0367,exact,yes,,
2023,tehsil,KASUR DISTRICT,PATTOKI TEHSIL,DDS-PB-0368,exact,yes,,
2023,tehsil,KEAMARI DISTRICT,BALDIA SUB-DIVISION,DDS-SD-0506,exact,yes,,
2023,tehsil,KEAMARI DISTRICT,KEAMARI SUB-DIVISION,DDS-SD-0507,exact,yes,,
2023,tehsil,KEAMARI DISTRICT,MAURIPUR SUB-DIVISION,DDS-SD-0508,exact,yes,,
2023,tehsil,KEAMARI DISTRICT,SITE SUB-DIVISION,DDS-SD-0509,exact,yes,,
2023,tehsil,KECH DISTRICT,BALNIGORE SUB-TEHSIL,DDS-BA-0050,exact,yes,,
2023,tehsil,KECH DISTRICT,BULAIDA SUB-DIVISION,DDS-BA-0051,exact,yes,,
2023,tehsil,KECH DISTRICT,DASHT SUB-DIVISION,DDS-BA-0052,exact,yes,,
2023,tehsil,KECH DISTRICT,HOSHAB SUB-TEHSIL,DDS-BA-0053,exact,yes,,
2023,tehsil,KECH DISTRICT,MAND TEHSIL,DDS-BA-0054,exact,yes,,
2023,tehsil,KECH DISTRICT,TUMP SUB-DIVISION,DDS-BA-0055,exact,yes,,
2023,tehsil,KECH DISTRICT,TURBAT SUB-DIVISION,DDS-BA-0056,exact,yes,,
2023,tehsil,KECH DISTRICT,ZAMORAN SUB-TEHSIL,DDS-BA-0057,exact,yes,,
2023,tehsil,KHAIRPUR DISTRICT,FAIZ GANJ TALUKA,DDS-SD-0510,exact,yes,,
2023,tehsil,KHAIRPUR DISTRICT,GAMBAT TALUKA,DDS-SD-0511,exact,yes,,
2023,tehsil,KHAIRPUR DISTRICT,KHAIRPUR TALUKA,DDS-SD-0512,exact,yes,,
2023,tehsil,KHAIRPUR DISTRICT,KINGRI TALUKA,DDS-SD-0513,exact,yes,,
2023,tehsil,KHAIRPUR DISTRICT,KOT DIJI TALUKA,DDS-SD-0514,exact,yes,,
2023,tehsil,KHAIRPUR DISTRICT,MIRWAH TALUKA,DDS-SD-0515,exact,yes,,
2023,tehsil,KHAIRPUR DISTRICT,NARA TALUKA,DDS-SD-0516,exact,yes,,
2023,tehsil,KHAIRPUR DISTRICT,SOBHO DERO TALUKA,DDS-SD-0517,exact,yes,,
2023,tehsil,KHANEWAL DISTRICT,JAHANIAN TEHSIL,DDS-PB-0369,exact,yes,,
2023,tehsil,KHANEWAL DISTRICT,KABIRWALA TEHSIL,DDS-PB-0370,exact,yes,,
2023,tehsil,KHANEWAL DISTRICT,KHANEWAL TEHSIL,DDS-PB-0371,exact,yes,,
2023,tehsil,KHANEWAL DISTRICT,MIAN CHANNU TEHSIL,DDS-PB-0372,exact,yes,,
2023,tehsil,KHARAN DISTRICT,KHARAN SUB-DIVISION,DDS-BA-0058,exact,yes,,
2023,tehsil,KHARAN DISTRICT,PATKAIN SUB-TEHSIL,DDS-BA-0059,exact,yes,,
2023,tehsil,KHARAN DISTRICT,SAR KHARAN SUB-DIVISION,DDS-BA-0060,exact,yes,,
2023,tehsil,KHARAN DISTRICT,TOHMULK SUB-TEHSIL,DDS-BA-0061,exact,yes,,
2023,tehsil,KHUSHAB DISTRICT,KHUSHAB TEHSIL,DDS-PB-0373,exact,yes,,
2023,tehsil,KHUSHAB DISTRICT,NOOR PUR TEHSIL,DDS-PB-0374,exact,yes,,
2023,tehsil,KHUSHAB DISTRICT,NOWSHERA TEHSIL,DDS-PB-0375,exact,yes,,
2023,tehsil,KHUSHAB DISTRICT,QUAIDABAD TEHSIL,DDS-PB-0376,exact,yes,,
2023,tehsil,KHUZDAR DISTRICT,ARANJI SUB-TEHSIL,DDS-BA-0062,exact,yes,,
2023,tehsil,KHUZDAR DISTRICT,GRESHA SUB-TEHSIL,DDS-BA-0063,exact,yes,,
2023,tehsil,KHUZDAR DISTRICT,KARAKH SUB-DIVISION,DDS-BA-0064,exact,yes,,
2023,tehsil,KHUZDAR DISTRICT,KHUZDAR SUB-DIVISION,DDS-BA-0065,exact,yes,,
2023,tehsil,KHUZDAR DISTRICT,MOOLA SUB-TEHSIL,DDS-BA-0066,exact,yes,,
2023,tehsil,KHUZDAR DISTRICT,NAL SUB-DIVISION,DDS-BA-0067,exact,yes,,
2023,tehsil,KHUZDAR DISTRICT,ORNACH SUB-DIVISION,DDS-BA-0068,exact,yes,,
2023,tehsil,KHUZDAR DISTRICT,SAROONA SUB-TEHSIL,DDS-BA-0069,exact,yes,,
2023,tehsil,KHUZDAR DISTRICT,WADH SUB-DIVISION,DDS-BA-0070,exact,yes,,
2023,tehsil,KHUZDAR DISTRICT,ZEHRI SUB-DIVISION,DDS-BA-0071,exact,yes,,
2023,tehsil,KHYBER DISTRICT,BARA TEHSIL,DDS-KP-0202,exact,yes,,
2023,tehsil,KHYBER DISTRICT,JAMRUD TEHSIL,DDS-KP-0203,exact,yes,,
2023,tehsil,KHYBER DISTRICT,LANDI KOTAL TEHSIL,DDS-KP-0204,exact,yes,,
2023,tehsil,KHYBER DISTRICT,MULLA GORI TEHSIL,DDS-KP-0205,exact,yes,,
2023,tehsil,KILLA ABDULLAH DISTRICT,DOBANDI SUB-TEHSIL,DDS-BA-0072,exact,yes,,
2023,tehsil,KILLA ABDULLAH DISTRICT,GULISTAN SUB-DIVISION,DDS-BA-0073,exact,yes,,
2023,tehsil,KILLA ABDULLAH DISTRICT,KILLA ABDULLAH SUB-DIVISION,DDS-BA-0074,exact,yes,,
2023,tehsil,KILLA SAIFULLAH DISTRICT,BADINI SUB-TEHSIL,DDS-BA-0075,exact,yes,,
2023,tehsil,KILLA SAIFULLAH DISTRICT,KAN MEHTARZAI SUB-TEHSIL,DDS-BA-0076,exact,yes,,
2023,tehsil,KILLA SAIFULLAH DISTRICT,KILLA SAIFULLAH SUB-DIVISION,DDS-BA-0077,exact,yes,,
2023,tehsil,KILLA SAIFULLAH DISTRICT,LOIBAND TEHSIL,DDS-BA-0078,exact,yes,,
2023,tehsil,KILLA SAIFULLAH DISTRICT,MUSLIM BAGH TEHSIL,DDS-BA-0079,exact,yes,,
2023,tehsil,KILLA SAIFULLAH DISTRICT,SHINKI SUB-TEHSIL,DDS-BA-0080,exact,yes,,
2023,tehsil,KOHAT DISTRICT,DARRA ADAM KHEL SUB-DIVISION,DDS-KP-0206,exact,yes,,
2023,tehsil,KOHAT DISTRICT,GUMBAT TEHSIL,DDS-KP-0207,exact,yes,,
2023,tehsil,KOHAT DISTRICT,KOHAT TEHSIL,DDS-KP-0208,exact,yes,,
2023,tehsil,KOHAT DISTRICT,LACHI TEHSIL,DDS-KP-0209,exact,yes,,
2023,tehsil,KOHLU DISTRICT,GRISANI SUB-TEHSIL,DDS-BA-0081,exact,yes,,
2023,tehsil,KOHLU DISTRICT,KAHAN SUB-DIVISION,DDS-BA-0082,exact,yes,,
2023,tehsil,KOHLU DISTRICT,KOHLU SUB-DIVISION,DDS-BA-0083,exact,yes,,
2023,tehsil,KOHLU DISTRICT,MAWAND SUB-DIVISION,DDS-BA-0084,exact,yes,,
2023,tehsil,KOHLU DISTRICT,TAMBOO SUB-TEHSIL,DDS-BA-0085,exact,yes,,
2023,tehsil,KOLAI PALAS KOHISTAN DISTRICT,BATTAIRA SUB-DIVISION,DDS-KP-0210,exact,yes,,
2023,tehsil,KOLAI PALAS KOHISTAN DISTRICT,PALAS SUB-DIVISION,DDS-KP-0211,exact,yes,,
2023,tehsil,KORANGI DISTRICT,KORANGI SUB-DIVISION,DDS-SD-0518,exact,yes,,
2023,tehsil,KORANGI DISTRICT,LANDHI SUB-DIVISION,DDS-SD-0519,exact,yes,,
2023,tehsil,KORANGI DISTRICT,MODEL COLONY SUB-DIVISION,DDS-SD-0520,exact,yes,,
2023,tehsil,KORANGI DISTRICT,SHAH FAISAL SUB-DIVISION,DDS-SD-0521,exact,yes,,
2023,tehsil,KURRAM DISTRICT,CENTRAL KURRAM F.R TEHSIL,DDS-KP-0212,exact,yes,,
2023,tehsil,KURRAM DISTRICT,LOWER KURRAM TEHSIL,DDS-KP-0213,exact,yes,,
2023,tehsil,KURRAM DISTRICT,UPPER KURRAM TEHSIL,DDS-KP-0214,exact,yes,,
2023,tehsil,LAHORE DISTRICT,LAHORE CANTT TEHSIL,DDS-PB-0377,exact,yes,,
2023,tehsil,LAHORE DISTRICT,LAHORE CITY TEHSIL,DDS-PB-0378,exact,yes,,
2023,tehsil,LAHORE DISTRICT,MODEL TOWN TEHSIL,DDS-PB-0379,exact,yes,,
2023,tehsil,LAHORE DISTRICT,RAIWIND TEHSIL,DDS-PB-0380,exact,yes,,
2023,tehsil,LAHORE DISTRICT,SHALIMAR TEHSIL,DDS-PB-0381,exact,yes,,
2023,tehsil,LAKKI MARWAT DISTRICT,BETTANI SUB-DIVISION,DDS-KP-0215,exact,yes,,
2023,tehsil,LAKKI MARWAT DISTRICT,GHAZNI KHEL TEHSIL,DDS-KP-0216,exact,yes,,
2023,tehsil,LAKKI MARWAT DISTRICT,LAKKI MARWAT TEHSIL,DDS-KP-0217,exact,yes,,
2023,tehsil,LAKKI MARWAT DISTRICT,SARAI NAURANG TEHSIL,DDS-KP-0218,exact,yes,,
2023,tehsil,LARKANA DISTRICT,BAKRANI TALUKA,DDS-SD-0522,exact,yes,,
2023,tehsil,LARKANA DISTRICT,DOKRI TALUKA,DDS-SD-0523,exact,yes,,
2023,tehsil,LARKANA DISTRICT,LARKANA TALUKA,DDS-SD-0524,exact,yes,,
2023,tehsil,LARKANA DISTRICT,RATODERO TALUKA,DDS-SD-0525,exact,yes,,
2023,tehsil,LASBELA DISTRICT,BELA SUB-DIVISION,DDS-BA-0086,exact,yes,,
2023,tehsil,LASBELA DISTRICT,DUREJI SUB-DIVISION,DDS-BA-0087,exact,yes,,
2023,tehsil,LASBELA DISTRICT,GADDANI TEHSIL,DDS-BA-0088,exact,yes,,
2023,tehsil,LASBELA DISTRICT,HUB SUB-DIVISION,DDS-BA-0089,exact,yes,,
2023,tehsil,LASBELA DISTRICT,KANRAJ SUB-DIVISION,DDS-BA-0090,exact,yes,,
2023,tehsil,LASBELA DISTRICT,LAKHRA TEHSIL,DDS-BA-0091,exact,yes,,
2023,tehsil,LASBELA DISTRICT,LIARI SUB-TEHSIL,DDS-BA-0092,exact,yes,,
2023,tehsil,LASBELA DISTRICT,SONMIANI/WINDER TEHSIL,DDS-BA-0093,exact,yes,,
2023,tehsil,LASBELA DISTRICT,UTHAL SUB-DIVISION,DDS-BA-0094,exact,yes,,
2023,tehsil,LAYYAH DISTRICT,CHOUBARA TEHSIL,DDS-PB-0382,exact,yes,,
2023,tehsil,LAYYAH DISTRICT,KAROR LAL ESAN TEHSIL,DDS-PB-0383,exact,yes,,
2023,tehsil,LAYYAH DISTRICT,LAYYAH TEHSIL,DDS-PB-0384,exact,yes,,
2023,tehsil,LODHRAN DISTRICT,DUNYAPUR TEHSIL,DDS-PB-0385,exact,yes,,
2023,tehsil,LODHRAN DISTRICT,KAHROR PACCA TEHSIL,DDS-PB-0386,exact,yes,,
2023,tehsil,LODHRAN DISTRICT,LODHRAN TEHSIL,DDS-PB-0387,exact,yes,,
2023,tehsil,LORALAI DISTRICT,BORI SUB-DIVISION,DDS-BA-0095,exact,yes,,
2023,tehsil,LORALAI DISTRICT,MEKHTAR SUB-DIVISION,DDS-BA-0096,exact,yes,,
2023,tehsil,LOWER CHITRAL DISTRICT,CHITRAL SUB-DIVISION,DDS-KP-0219,exact,yes,,
2023,tehsil,LOWER CHITRAL DISTRICT,DROSH SUB-DIVISION,DDS-KP-0220,exact,yes,,
2023,tehsil,LOWER DIR DISTRICT,ADENZAI SUB-DIVISION,DDS-KP-0221,exact,yes,,
2023,tehsil,LOWER DIR DISTRICT,LAL QILA SUB-DIVISION,DDS-KP-0222,exact,yes,,
2023,tehsil,LOWER DIR DISTRICT,SAMARBAGH SUB-DIVISION,DDS-KP-0223,exact,yes,,
2023,tehsil,LOWER DIR DISTRICT,TEMERGARA SUB-DIVISION,DDS-KP-0224,exact,yes,,
2023,tehsil,LOWER KOHISTAN DISTRICT,BANKAND RANOLIA TEHSIL,DDS-KP-0225,exact,yes,,
2023,tehsil,LOWER KOHISTAN DISTRICT,PATTAN SUB-DIVISION,DDS-KP-0226,exact,yes,,
2023,tehsil,MALAKAND DISTRICT,SAM RANI ZAI SUB-DIVISION,DDS-KP-0227,exact,yes,,
2023,tehsil,MALAKAND DISTRICT,SWAT RANI ZAI SUB-DIVISION,DDS-KP-0228,exact,yes,,
2023,tehsil,MALIR DISTRICT,AIRPORT SUB-DIVISION,DDS-SD-0526,exact,yes,,
2023,tehsil,MALIR DISTRICT,BIN QASIM SUB-DIVISION,DDS-SD-0527,exact,yes,,
2023,tehsil,MALIR DISTRICT,GADAP SUB-DIVISION,DDS-SD-0528,exact,yes,,
2023,tehsil,MALIR DISTRICT,IBRAHIM HYDRI SUB-DIVISION,DDS-SD-0529,exact,yes,,
2023,tehsil,MALIR DISTRICT,MURAD MEMON SUB-DIVISION,DDS-SD-0530,exact,yes,,
2023,tehsil,MALIR DISTRICT,SHAH MUREED SUB-DIVISION,DDS-SD-0531,exact,yes,,
2023,tehsil,MANDI BAHAUDDIN DISTRICT,MALAKWAL TEHSIL,DDS-PB-0388,exact,yes,,
2023,tehsil,MANDI BAHAUDDIN DISTRICT,MANDI BAHAUDDIN TEHSIL,DDS-PB-0389,exact,yes,,
2023,tehsil,MANDI BAHAUDDIN DISTRICT,PHALIA TEHSIL,DDS-PB-0390,exact,yes,,
2023,tehsil,MANSEHRA DISTRICT,BAFFA PAKHAL TEHSIL,DDS-KP-0229,exact,yes,,
2023,tehsil,MANSEHRA DISTRICT,BALAKOT TEHSIL,DDS-KP-0230,exact,yes,,
2023,tehsil,MANSEHRA DISTRICT,DARBAND TEHSIL,DDS-KP-0231,exact,yes,,
2023,tehsil,MANSEHRA DISTRICT,MANSEHRA TEHSIL,DDS-KP-0232,exact,yes,,
2023,tehsil,MANSEHRA DISTRICT,OGHI TEHSIL,DDS-KP-0233,exact,yes,,
2023,tehsil,MARDAN DISTRICT,GHARI KAPOORA TEHSIL,DDS-KP-0234,exact,yes,,
2023,tehsil,MARDAN DISTRICT,KATLANG TEHSIL,DDS-KP-0235,exact,yes,,
2023,tehsil,MARDAN DISTRICT,MARDAN TEHSIL,DDS-KP-0236,exact,yes,,
2023,tehsil,MARDAN DISTRICT,RUSTAM TEHSIL,DDS-KP-0237,exact,yes,,
2023,tehsil,MARDAN DISTRICT,TAKHT BHAI TEHSIL,DDS-KP-0238,exact,yes,,
2023,tehsil,MASTUNG DISTRICT,DASHT SUB-DIVISION,DDS-BA-0097,exact,yes,,
2023,tehsil,MASTUNG DISTRICT,KHAD KOCHA SUB-TEHSIL,DDS-BA-0098,exact,yes,,
2023,tehsil,MASTUNG DISTRICT,KIRDGAP SUB-DIVISION,DDS-BA-0099,exact,yes,,
2023,tehsil,MASTUNG DISTRICT,MASTUNG SUB-DIVISION,DDS-BA-0100,exact,yes,,
2023,tehsil,MATIARI DISTRICT,HALA TALUKA,DDS-SD-0532,exact,yes,,
2023,tehsil,MATIARI DISTRICT,MATIARI TALUKA,DDS-SD-0533,exact,yes,,
2023,tehsil,MATIARI DISTRICT,SAEEDABAD TALUKA,DDS-SD-0534,exact,yes,,
2023,tehsil,MIANWALI DISTRICT,ISAKHEL TEHSIL,DDS-PB-0391,exact,yes,,
2023,tehsil,MIANWALI DISTRICT,MIANWALI TEHSIL,DDS-PB-0392,exact,yes,,
2023,tehsil,MIANWALI DISTRICT,PIPLAN TEHSIL,DDS-PB-0393,exact,yes,,
2023,tehsil,MIRPUR KHAS DISTRICT,DIGRI TALUKA,DDS-SD-0535,exact,yes,,
2023,tehsil,MIRPUR KHAS DISTRICT,HUSSAIN BUX MARI TALUKA,DDS-SD-0536,exact,yes,,
2023,tehsil,MIRPUR KHAS DISTRICT,JHUDO TALUKA,DDS-SD-0537,exact,yes,,
2023,tehsil,MIRPUR KHAS DISTRICT,KOT GHULAM MUHAMMAD TALUKA,DDS-SD-0538,exact,yes,,
2023,tehsil,MIRPUR KHAS DISTRICT,MIRPUR KHAS TALUKA,DDS-SD-0539,exact,yes,,
2023,tehsil,MIRPUR KHAS DISTRICT,SHUJAABAD TALUKA,DDS-SD-0540,exact,yes,,
2023,tehsil,MIRPUR KHAS DISTRICT,SINDHRI TALUKA,DDS-SD-0541,exact,yes,,
2023,tehsil,MOHMAND DISTRICT,AMBAR UTMAN KHEL TEHSIL,DDS-KP-0239,exact,yes,,
2023,tehsil,MOHMAND DISTRICT,HALIM ZAI TEHSIL,DDS-KP-0240,exact,yes,,
2023,tehsil,MOHMAND DISTRICT,PINDIALI TEHSIL,DDS-KP-0241,exact,yes,,
2023,tehsil,MOHMAND DISTRICT,PRANG GHAR TEHSIL,DDS-KP-0242,exact,yes,,
2023,tehsil,MOHMAND DISTRICT,SAFI TEHSIL,DDS-KP-0243,exact,yes,,
2023,tehsil,MOHMAND DISTRICT,UPPER MOHMAND TEHSIL,DDS-KP-0244,exact,yes,,
2023,tehsil,MOHMAND DISTRICT,YAKE GHUND TEHSIL,DDS-KP-0245,exact,yes,,
2023,tehsil,MULTAN DISTRICT,JALALPUR PIRWALA TEHSIL,DDS-PB-0394,exact,yes,,
2023,tehsil,MULTAN DISTRICT,MULTAN CITY TEHSIL,DDS-PB-0395,exact,yes,,
2023,tehsil,MULTAN DISTRICT,MULTAN SADDAR TEHSIL,DDS-PB-0396,exact,yes,,
2023,tehsil,MULTAN DISTRICT,SHUJABAD TEHSIL,DDS-PB-0397,exact,yes,,
2023,tehsil,MUSAKHEL DISTRICT,DRUG TEHSIL,DDS-BA-0101,exact,yes,,
2023,tehsil,MUSAKHEL DISTRICT,KINGRI TEHSIL,DDS-BA-0102,exact,yes,,
2023,tehsil,MUSAKHEL DISTRICT,MUSAKHEL TEHSIL,DDS-BA-0103,exact,yes,,
2023,tehsil,MUSAKHEL DISTRICT,TIYAR ESSOT SUB-TEHSIL,DDS-BA-0104,exact,yes,,
2023,tehsil,MUSAKHEL DISTRICT,TOISAR TEHSIL,DDS-BA-0105,exact,yes,,
2023,tehsil,MUSAKHEL DISTRICT,ZIMRI PLASEEN SUB-TEHSIL,DDS-BA-0106,exact,yes,,
2023,tehsil,MUZAFFARGARH DISTRICT,ALIPUR TEHSIL,DDS-PB-0398,exact,yes,,
2023,tehsil,MUZAFFARGARH DISTRICT,CHOWK SARWAR SHAHEED TEHSIL,DDS-PB-0399,exact,yes,,
2023,tehsil,MUZAFFARGARH DISTRICT,JATOI TEHSIL,DDS-PB-0400,exact,yes,,
2023,tehsil,MUZAFFARGARH DISTRICT,KOT ADDU TEHSIL,DDS-PB-0401,exact,yes,,
2023,tehsil,MUZAFFARGARH DISTRICT,MUZAFFARGARH TEHSIL,DDS-PB-0402,exact,yes,,
2023,tehsil,NANKANA SAHIB DISTRICT,NANKANA SAHIB TEHSIL,DDS-PB-0403,exact,yes,,
2023,tehsil,NANKANA SAHIB DISTRICT,SANGLA HILL TEHSIL,DDS-PB-0404,exact,yes,,
2023,tehsil,NANKANA SAHIB DISTRICT,SHAH KOT TEHSIL,DDS-PB-0405,exact,yes,,
2023,tehsil,NAROWAL DISTRICT,NAROWAL TEHSIL,DDS-PB-0406,exact,yes,,
2023,tehsil,NAROWAL DISTRICT,SHAKARGARH TEHSIL,DDS-PB-0407,exact,yes,,
2023,tehsil,NAROWAL DISTRICT,ZAFARWAL TEHSIL,DDS-PB-0408,exact,yes,,
2023,tehsil,NASIRABAD DISTRICT,BABA KOT TEHSIL,DDS-BA-0107,exact,yes,,
2023,tehsil,NASIRABAD DISTRICT,CHATTAR SUB-DIVISION,DDS-BA-0108,exact,yes,,
2023,tehsil,NASIRABAD DISTRICT,DERA MURAD JAMALI SUB-DIVISION,DDS-BA-0109,exact,yes,,
2023,tehsil,NASIRABAD DISTRICT,LANDHI TEHSIL,DDS-BA-0110,exact,yes,,
2023,tehsil,NASIRABAD DISTRICT,MIR HASSAN KHOSA TEHSIL,DDS-BA-0111,exact,yes,,
2023,tehsil,NASIRABAD DISTRICT,TAMBOO TEHSIL,DDS-BA-0112,exact,yes,,
2023,tehsil,NAUSHAHRO FEROZE DISTRICT,BHIRIA TALUKA,DDS-SD-0542,exact,yes,,
2023,tehsil,NAUSHAHRO FEROZE DISTRICT,KANDIARO TALUKA,DDS-SD-0543,exact,yes,,
2023,tehsil,NAUSHAHRO FEROZE DISTRICT,MEHRABPUR TALUKA,DDS-SD-0544,exact,yes,,
2023,tehsil,NAUSHAHRO FEROZE DISTRICT,MORO TALUKA,DDS-SD-0545,exact,yes,,
2023,tehsil,NAUSHAHRO FEROZE DISTRICT,NAUSHAHRO FEROZE TALUKA,DDS-SD-0546,exact,yes,,
2023,tehsil,NORTH WAZIRISTAN DISTRICT,DATTA KHEL TEHSIL,DDS-KP-0246,exact,yes,,
2023,tehsil,NORTH WAZIRISTAN DISTRICT,DOSSALI TEHSIL,DDS-KP-0247,exact,yes,,
2023,tehsil,NORTH WAZIRISTAN DISTRICT,GHARYUM TEHSIL,DDS-KP-0248,exact,yes,,
2023,tehsil,NORTH WAZIRISTAN DISTRICT,GHULAM KHAN TEHSIL,DDS-KP-0249,exact,yes,,
2023,tehsil,NORTH WAZIRISTAN DISTRICT,MIR ALI TEHSIL,DDS-KP-0250,exact,yes,,
2023,tehsil,NORTH WAZIRISTAN DISTRICT,MIRAN SHAH TEHSIL,DDS-KP-0251,exact,yes,,
2023,tehsil,NORTH WAZIRISTAN DISTRICT,RAZMAK TEHSIL,DDS-KP-0252,exact,yes,,
2023,tehsil,NORTH WAZIRISTAN DISTRICT,SHEWA TEHSIL,DDS-KP-0253,exact,yes,,
2023,tehsil,NORTH WAZIRISTAN DISTRICT,SPINWAM TEHSIL,DDS-KP-0254,exact,yes,,
2023,tehsil,NOWSHERA DISTRICT,JEHANGIRA TEHSIL,DDS-KP-0255,exact,yes,,
2023,tehsil,NOWSHERA DISTRICT,NOWSHERA TEHSIL,DDS-KP-0256,exact,yes,,
2023,tehsil,NOWSHERA DISTRICT,PABBI TEHSIL,DDS-KP-0257,exact,yes,,
2023,tehsil,NUSHKI DISTRICT,DAK SUB-TEHSIL,DDS-BA-0113,exact,yes,,
2023,tehsil,NUSHKI DISTRICT,NUSHKI SUB-DIVISION,DDS-BA-0114,exact,yes,,
2023,tehsil,OKARA DISTRICT,DEPALPUR TEHSIL,DDS-PB-0409,exact,yes,,
2023,tehsil,OKARA DISTRICT,OKARA TEHSIL,DDS-PB-0410,exact,yes,,
2023,tehsil,OKARA DISTRICT,RENALA KHURD TEHSIL,DDS-PB-0411,exact,yes,,
2023,tehsil,ORAKZAI DISTRICT,CENTRAL TEHSIL,DDS-KP-0258,exact,yes,,
2023,tehsil,ORAKZAI DISTRICT,ISMAIL ZAI TEHSIL,DDS-KP-0259,exact,yes,,
2023,tehsil,ORAKZAI DISTRICT,LOWER TEHSIL,DDS-KP-0260,exact,yes,,
2023,tehsil,ORAKZAI DISTRICT,UPPER TEHSIL,DDS-KP-0261,exact,yes,,
2023,tehsil,PAKPATTAN DISTRICT,ARIF WALA TEHSIL,DDS-PB-0412,exact,yes,,
2023,tehsil,PAKPATTAN DISTRICT,PAKPATTAN TEHSIL,DDS-PB-0413,exact,yes,,
2023,tehsil,PANJGUR DISTRICT,GICHK SUB-TEHSIL,DDS-BA-0115,exact,yes,,
2023,tehsil,PANJGUR DISTRICT,GOWARGO SUB-DIVISION,DDS-BA-0116,exact,yes,,
2023,tehsil,PANJGUR DISTRICT,JAHEEN PAROME TEHSIL,DDS-BA-0117,exact,yes,,
2023,tehsil,PANJGUR DISTRICT,KALLAG SUB-TEHSIL,DDS-BA-0118,exact,yes,,
2023,tehsil,PANJGUR DISTRICT,PANJGUR SUB-DIVISION,DDS-BA-0119,exact,yes,,
2023,tehsil,PESHAWAR DISTRICT,BADHBER TEHSIL,DDS-KP-0262,exact,yes,,
2023,tehsil,PESHAWAR DISTRICT,CHAM KANI TEHSIL,DDS-KP-0263,exact,yes,,
2023,tehsil,PESHAWAR DISTRICT,HASSAN KHEL SUB-DIVISION,DDS-KP-0264,exact,yes,,
2023,tehsil,PESHAWAR DISTRICT,MATHRA TEHSIL,DDS-KP-0265,exact,yes,,
2023,tehsil,PESHAWAR DISTRICT,PESHAWAR TEHSIL,DDS-KP-0266,exact,yes,,
2023,tehsil,PESHAWAR DISTRICT,PISHTA KHARA TEHSIL,DDS-KP-0267,exact,yes,,
2023,tehsil,PESHAWAR DISTRICT,SHAH ALAM TEHSIL,DDS-KP-0268,exact,yes,,
2023,tehsil,PISHIN DISTRICT,BARSHORE TEHSIL,DDS-BA-0120,exact,yes,,
2023,tehsil,PISHIN DISTRICT,BOSTAN TEHSIL,DDS-BA-0121,exact,yes,,
2023,tehsil,PISHIN DISTRICT,HURRAM ZAI SUB-DIVISION,DDS-BA-0122,exact,yes,,
2023,tehsil,PISHIN DISTRICT,KAREZAT SUB-DIVISION,DDS-BA-0123,exact,yes,,
2023,tehsil,PISHIN DISTRICT,NANA SAHIB TEHSIL,DDS-BA-0124,exact,yes,,
2023,tehsil,PISHIN DISTRICT,PISHIN SUB-DIVISION,DDS-BA-0125,exact,yes,,
2023,tehsil,PISHIN DISTRICT,SARANAN TEHSIL,DDS-BA-0126,exact,yes,,
2023,tehsil,QUETTA DISTRICT,SUB-DIVISION CITY,DDS-BA-0127,exact,yes,,
2023,tehsil,QUETTA DISTRICT,SUB-DIVISION KUCHLAK,DDS-BA-0128,exact,yes,,
2023,tehsil,QUETTA DISTRICT,SUB-DIVISION SADDAR TEHSIL,DDS-BA-0129,exact,yes,,
2023,tehsil,QUETTA DISTRICT,SUB-DIVISION SARIAB,DDS-BA-0130,exact,yes,,
2023,tehsil,QUETTA DISTRICT,SUB-TEHSIL PANJPAI,DDS-BA-0131,exact,yes,,
2023,tehsil,RAHIM YAR KHAN DISTRICT,KHANPUR TEHSIL,DDS-PB-0414,exact,yes,,
2023,tehsil,RAHIM YAR KHAN DISTRICT,LIAQUAT PUR TEHSIL,DDS-PB-0415,exact,yes,,
2023,tehsil,RAHIM YAR KHAN DISTRICT,RAHIM YAR KHAN TEHSIL,DDS-PB-0416,exact,yes,,
2023,tehsil,RAHIM YAR KHAN DISTRICT,SADIQABAD TEHSIL,DDS-PB-0417,exact,yes,,
2023,tehsil,RAJANPUR DISTRICT,DE-EXCLUDED AREA RAJANPUR,DDS-PB-0418,exact,yes,,
2023,tehsil,RAJANPUR DISTRICT,JAMPUR TEHSIL,DDS-PB-0419,exact,yes,,
2023,tehsil,RAJANPUR DISTRICT,RAJANPUR TEHSIL,DDS-PB-0420,exact,yes,,
2023,tehsil,RAJANPUR DISTRICT,ROJHAN TEHSIL,DDS-PB-0421,exact,yes,,
2023,tehsil,RAWALPINDI DISTRICT,GUJAR KHAN TEHSIL,DDS-PB-0422,exact,yes,,
2023,tehsil,RAWALPINDI DISTRICT,KAHUTA TEHSIL,DDS-PB-0423,exact,yes,,
2023,tehsil,RAWALPINDI DISTRICT,KALLAR SAYADDAN TEHSIL,DDS-PB-0424,exact,yes,,
2023,tehsil,RAWALPINDI DISTRICT,KOTLI SATTIAN TEHSIL,DDS-PB-0425,exact,yes,,
2023,tehsil,RAWALPINDI DISTRICT,MURREE TEHSIL,DDS-PB-0426,exact,yes,,
2023,tehsil,RAWALPINDI DISTRICT,RAWALPINDI TEHSIL,DDS-PB-0427,exact,yes,,
2023,tehsil,RAWALPINDI DISTRICT,TAXILA TEHSIL,DDS-PB-0428,exact,yes,,
2023,tehsil,SAHIWAL DISTRICT,CHICHAWATNI TEHSIL,DDS-PB-0429,exact,yes,,
2023,tehsil,SAHIWAL DISTRICT,SAHIWAL TEHSIL,DDS-PB-0430,exact,yes,,
2023,tehsil,SANGHAR DISTRICT,JAM NAWAZ ALI TALUKA,DDS-SD-0547,exact,yes,,
2023,tehsil,SANGHAR DISTRICT,KHIPRO TALUKA,DDS-SD-0548,exact,yes,,
2023,tehsil,SANGHAR DISTRICT,SANGHAR TALUKA,DDS-SD-0549,exact,yes,,
2023,tehsil,SANGHAR DISTRICT,SHAHDADPUR TALUKA,DDS-SD-0550,exact,yes,,
2023,tehsil,SANGHAR DISTRICT,SINJHORO TALUKA,DDS-SD-0551,exact,yes,,
2023,tehsil,SANGHAR DISTRICT,TANDO ADAM TALUKA,DDS-SD-0552,exact,yes,,
2023,tehsil,SARGODHA DISTRICT,BHALWAL TEHSIL,DDS-PB-0431,exact,yes,,
2023,tehsil,SARGODHA DISTRICT,BHERA TEHSIL,DDS-PB-0432,exact,yes,,
2023,tehsil,SARGODHA DISTRICT,KOT MOMIN TEHSIL,DDS-PB-0433,exact,yes,,
2023,tehsil,SARGODHA DISTRICT,SAHIWAL TEHSIL,DDS-PB-0434,exact,yes,,
2023,tehsil,SARGODHA DISTRICT,SARGODHA TEHSIL,DDS-PB-0435,exact,yes,,
2023,tehsil,SARGODHA DISTRICT,SHAHPUR TEHSIL,DDS-PB-0436,exact,yes,,
2023,tehsil,SARGODHA DISTRICT,SILLANWALI TEHSIL,DDS-PB-0437,exact,yes,,
2023,tehsil,SHAHEED BENAZIRABAD DISTRICT,DAUR TALUKA,DDS-SD-0553,exact,yes,,
2023,tehsil,SHAHEED BENAZIRABAD DISTRICT,KAZI AHMED TALUKA,DDS-SD-0554,exact,yes,,
2023,tehsil,SHAHEED BENAZIRABAD DISTRICT,NAWABSHAH TALUKA,DDS-SD-0555,exact,yes,,
2023,tehsil,SHAHEED BENAZIRABAD DISTRICT,SAKRAND TALUKA,DDS-SD-0556,exact,yes,,
2023,tehsil,SHANGLA DISTRICT,ALPURI TEHSIL,DDS-KP-0269,exact,yes,,
2023,tehsil,SHANGLA DISTRICT,BISHAM TEHSIL,DDS-KP-0270,exact,yes,,
2023,tehsil,SHANGLA DISTRICT,CHAKISAR TEHSIL,DDS-KP-0271,exact,yes,,
2023,tehsil,SHANGLA DISTRICT,MARTUNG TEHSIL,DDS-KP-0272,exact,yes,,
2023,tehsil,SHANGLA DISTRICT,PURAN TEHSIL,DDS-KP-0273,exact,yes,,
2023,tehsil,SHEIKHUPURA DISTRICT,FEROZEWALA TEHSIL,DDS-PB-0438,exact,yes,,
2023,tehsil,SHEIKHUPURA DISTRICT,MURIDKE TEHSIL,DDS-PB-0439,exact,yes,,
2023,tehsil,SHEIKHUPURA DISTRICT,SAFDARABAD TEHSIL,DDS-PB-0440,exact,yes,,
2023,tehsil,SHEIKHUPURA DISTRICT,SHARAK PUR TEHSIL,DDS-PB-0441,exact,yes,,
2023,tehsil,SHEIKHUPURA DISTRICT,SHEIKHUPURA TEHSIL,DDS-PB-0442,exact,yes,,
2023,tehsil,SHERANI DISTRICT,SHERANI SUB-DIVISION,DDS-BA-0132,exact,yes,,
2023,tehsil,SHIKARPUR DISTRICT,GARHI YASIN TALUKA,DDS-SD-0557,exact,yes,,
2023,tehsil,SHIKARPUR DISTRICT,KHANPUR TALUKA,DDS-SD-0558,exact,yes,,
2023,tehsil,SHIKARPUR DISTRICT,LAKHI TALUKA,DDS-SD-0559,exact,yes,,
2023,tehsil,SHIKARPUR DISTRICT,SHIKARPUR TALUKA,DDS-SD-0560,exact,yes,,
2023,tehsil,SIALKOT DISTRICT,DASKA TEHSIL,DDS-PB-0443,exact,yes,,
2023,tehsil,SIALKOT DISTRICT,PASRUR TEHSIL,DDS-PB-0444,exact,yes,,
2023,tehsil,SIALKOT DISTRICT,SAMBRIAL TEHSIL,DDS-PB-0445,exact,yes,,
2023,tehsil,SIALKOT DISTRICT,SIALKOT TEHSIL,DDS-PB-0446,exact,yes,,
2023,tehsil,SIBI DISTRICT,KOT MANDAI SUB-TEHSIL,DDS-BA-0133,exact,yes,,
2023,tehsil,SIBI DISTRICT,LEHRI SUB-DIVISION,DDS-BA-0134,exact,yes,,
2023,tehsil,SIBI DISTRICT,SANGAN SUB-TEHSIL,DDS-BA-0135,exact,yes,,
2023,tehsil,SIBI DISTRICT,SIBI SUB-DIVISION,DDS-BA-0136,exact,yes,,
2023,tehsil,SOHBATPUR DISTRICT,FARIDABAD TEHSIL,DDS-BA-0137,exact,yes,,
2023,tehsil,SOHBATPUR DISTRICT,HAIR DIN TEHSIL,DDS-BA-0138,exact,yes,,
2023,tehsil,SOHBATPUR DISTRICT,MANJHIPUR TEHSIL,DDS-BA-0139,exact,yes,,
2023,tehsil,SOHBATPUR DISTRICT,PANHWAR TEHSIL,DDS-BA-0140,exact,yes,,
2023,tehsil,SOHBATPUR DISTRICT,SAEED MUHAMMAD KANRANI TEHSIL,DDS-BA-0141,exact,yes,,
2023,tehsil,SOHBATPUR DISTRICT,SOHBATPUR SUB-DIVISION,DDS-BA-0142,exact,yes,,
2023,tehsil,SOUTH WAZIRISTAN DISTRICT,BIRMIL TEHSIL,DDS-KP-0274,exact,yes,,
2023,tehsil,SOUTH WAZIRISTAN DISTRICT,LADHA TEHSIL,DDS-KP-0275,exact,yes,,
2023,tehsil,SOUTH WAZIRISTAN DISTRICT,MAKIN TEHSIL,DDS-KP-0276,exact,yes,,
2023,tehsil,SOUTH WAZIRISTAN DISTRICT,SARAROGHA TEHSIL,DDS-KP-0277,exact,yes,,
2023,tehsil,SOUTH WAZIRISTAN DISTRICT,SERWEKAI TEHSIL,DDS-KP-0278,exact,yes,,
2023,tehsil,SOUTH WAZIRISTAN DISTRICT,SHAKTOI TEHSIL,DDS-KP-0279,exact,yes,,
2023,tehsil,SOUTH WAZIRISTAN DISTRICT,TIARZA TEHSIL,DDS-KP-0280,exact,yes,,
2023,tehsil,SOUTH WAZIRISTAN DISTRICT,TOI KHULLA TEHSIL,DDS-KP-0281,exact,yes,,
2023,tehsil,SOUTH WAZIRISTAN DISTRICT,WANA TEHSIL,DDS-KP-0282,exact,yes,,
2023,tehsil,SUJAWAL DISTRICT,JATI TALUKA,DDS-SD-0561,exact,yes,,
2023,tehsil,SUJAWAL DISTRICT,KHARO CHAN TALUKA,DDS-SD-0562,exact,yes,,
2023,tehsil,SUJAWAL DISTRICT,MIRPUR BATHORO TALUKA,DDS-SD-0563,exact,yes,,
2023,tehsil,SUJAWAL DISTRICT,SHAH BUNDER TALUKA,DDS-SD-0564,exact,yes,,
2023,tehsil,SUJAWAL DISTRICT,SUJAWAL TALUKA,DDS-SD-0565,exact,yes,,
2023,tehsil,SUKKUR DISTRICT,NEW SUKKUR TALUKA,DDS-SD-0566,exact,yes,,
2023,tehsil,SUKKUR DISTRICT,PANO AQIL TALUKA,DDS-SD-0567,exact,yes,,
2023,tehsil,SUKKUR DISTRICT,ROHRI TALUKA,DDS-SD-0568,exact,yes,,
2023,tehsil,SUKKUR DISTRICT,SALEHPAT TALUKA,DDS-SD-0569,exact,yes,,
2023,tehsil,SUKKUR DISTRICT,SUKKUR CITY TALUKA,DDS-SD-0570,exact,yes,,
2023,tehsil,SURAB DISTRICT,DASHT E GORAN SUB-DIVISION,DDS-BA-0143,exact,yes,,
2023,tehsil,SURAB DISTRICT,GIDDER SUB-DIVISION,DDS-BA-0144,exact,yes,,
2023,tehsil,SURAB DISTRICT,SHAHEED MEHARABAD ZEHRI SUB-DIVISION,DDS-BA-0145,exact,yes,,
2023,tehsil,SURAB DISTRICT,SURAB SUB-DIVISION,DDS-BA-0146,exact,yes,,
2023,tehsil,SWABI DISTRICT,LAHOR TEHSIL,DDS-KP-0283,exact,yes,,
2023,tehsil,SWABI DISTRICT,RAZAR TEHSIL,DDS-KP-0284,exact,yes,,
2023,tehsil,SWABI DISTRICT,SWABI TEHSIL,DDS-KP-0285,exact,yes,,
2023,tehsil,SWABI DISTRICT,TOPI TEHSIL,DDS-KP-0286,exact,yes,,
2023,tehsil,SWAT DISTRICT,BABUZAI TEHSIL,DDS-KP-0287,exact,yes,,
2023,tehsil,SWAT DISTRICT,BARIKOT TEHSIL,DDS-KP-0288,exact,yes,,
2023,tehsil,SWAT DISTRICT,BEHRAIN TEHSIL,DDS-KP-0289,exact,yes,,
2023,tehsil,SWAT DISTRICT,CHARBAGH TEHSIL,DDS-KP-0290,exact,yes,,
2023,tehsil,SWAT DISTRICT,KABAL TEHSIL,DDS-KP-0291,exact,yes,,
2023,tehsil,SWAT DISTRICT,KHAWAZAKHELA TEHSIL,DDS-KP-0292,exact,yes,,
2023,tehsil,SWAT DISTRICT,MATTA TEHSIL,DDS-KP-0293,exact,yes,,
2023,tehsil,TANDO ALLAHYAR DISTRICT,CHAMBER TALUKA,DDS-SD-0571,exact,yes,,
2023,tehsil,TANDO ALLAHYAR DISTRICT,JHANDO MARI TALUKA,DDS-SD-0572,exact,yes,,
2023,tehsil,TANDO ALLAHYAR DISTRICT,TANDO ALLAHYAR TALUKA,DDS-SD-0573,exact,yes,,
2023,tehsil,TANDO MUHAMMAD KHAN DISTRICT,BULRI SHAH KARIM TALUKA,DDS-SD-0574,exact,yes,,
2023,tehsil,TANDO MUHAMMAD KHAN DISTRICT,TANDO GHULAM HYDER TALUKA,DDS-SD-0575,exact,yes,,
2023,tehsil,TANDO MUHAMMAD KHAN DISTRICT,TANDO MUHAMMAD KHAN TALUKA,DDS-SD-0576,exact,yes,,
2023,tehsil,TANK DISTRICT,JANDOLA SUB-DIVISION,DDS-KP-0294,exact,yes,,
2023,tehsil,TANK DISTRICT,TANK TEHSIL,DDS-KP-0295,exact,yes,,
2023,tehsil,THARPARKAR DISTRICT,CHACHRO TALUKA,DDS-SD-0577,exact,yes,,
2023,tehsil,THARPARKAR DISTRICT,DAHLI TALUKA,DDS-SD-0578,exact,yes,,
2023,tehsil,THARPARKAR DISTRICT,DIPLO TALUKA,DDS-SD-0579,exact,yes,,
2023,tehsil,THARPARKAR DISTRICT,ISLAMKOT TALUKA,DDS-SD-0580,exact,yes,,
2023,tehsil,THARPARKAR DISTRICT,KALOI TALUKA,DDS-SD-0581,exact,yes,,
2023,tehsil,THARPARKAR DISTRICT,MITHI TALUKA,DDS-SD-0582,exact,yes,,
2023,tehsil,THARPARKAR DISTRICT,NAGAR PARKAR TALUKA,DDS-SD-0583,exact,yes,,
2023,tehsil,THATTA DISTRICT,GHORABARI TALUKA,DDS-SD-0584,exact,yes,,
2023,tehsil,THATTA DISTRICT,KETI BUNDER TALUKA,DDS-SD-0585,exact,yes,,
2023,tehsil,THATTA DISTRICT,MIRPUR SAKRO TALUKA,DDS-SD-0586,exact,yes,,
2023,tehsil,THATTA DISTRICT,THATTA TALUKA,DDS-SD-0587,exact,yes,,
2023,tehsil,TOBA TEK SINGH DISTRICT,GOJRA TEHSIL,DDS-PB-0447,exact,yes,,
2023,tehsil,TOBA TEK SINGH DISTRICT,KAMALIA TEHSIL,DDS-PB-0448,exact,yes,,
2023,tehsil,TOBA TEK SINGH DISTRICT,PIRMAHAL TEHSIL,DDS-PB-0449,exact,yes,,
2023,tehsil,TOBA TEK SINGH DISTRICT,TOBA TEK SINGH TEHSIL,DDS-PB-0450,exact,yes,,
2023,tehsil,TORGHAR DISTRICT,DAUR MERA TEHSIL,DDS-KP-0296,exact,yes,,
2023,tehsil,TORGHAR DISTRICT,JUDBA TEHSIL,DDS-KP-0297,exact,yes,,
2023,tehsil,TORGHAR DISTRICT,KHANDER TEHSIL,DDS-KP-0298,exact,yes,,
2023,tehsil,UMER KOT DISTRICT,KUNRI TALUKA,DDS-SD-0588,exact,yes,,
2023,tehsil,UMER KOT DISTRICT,PITHORO TALUKA,DDS-SD-0589,exact,yes,,
2023,tehsil,UMER KOT DISTRICT,SAMARO TALUKA,DDS-SD-0590,exact,yes,,
2023,tehsil,UMER KOT DISTRICT,UMER KOT TALUKA,DDS-SD-0591,exact,yes,,
2023,tehsil,UPPER CHITRAL DISTRICT,MASTUJ SUB-DIVISION,DDS-KP-0299,exact,yes,,
2023,tehsil,UPPER DIR DISTRICT,DIR SUB-DIVISION,DDS-KP-0300,exact,yes,,
2023,tehsil,UPPER DIR DISTRICT,LARJUM SUB-DIVISION,DDS-KP-0301,exact,yes,,
2023,tehsil,UPPER DIR DISTRICT,SHARINGAL SUB-DIVISION,DDS-KP-0302,exact,yes,,
2023,tehsil,UPPER DIR DISTRICT,WARI SUB-DIVISION,DDS-KP-0303,exact,yes,,
2023,tehsil,UPPER KOHISTAN DISTRICT,DASSU SUB-DIVISION,DDS-KP-0304,exact,yes,,
2023,tehsil,UPPER KOHISTAN DISTRICT,HARBAN BHASHA TEHSIL,DDS-KP-0305,exact,yes,,
2023,tehsil,UPPER KOHISTAN DISTRICT,KANDIA SUB-DIVISION,DDS-KP-0306,exact,yes,,
2023,tehsil,UPPER KOHISTAN DISTRICT,SEO SUB-DIVISION,DDS-KP-0307,exact,yes,,
2023,tehsil,VEHARI DISTRICT,BUREWALA TEHSIL,DDS-PB-0451,exact,yes,,
2023,tehsil,VEHARI DISTRICT,MAILSI TEHSIL,DDS-PB-0452,exact,yes,,
2023,tehsil,VEHARI DISTRICT,VEHARI TEHSIL,DDS-PB-0453,exact,yes,,
2023,tehsil,WASHUK DISTRICT,BESIMA SUB-DIVISION,DDS-BA-0147,exact,yes,,
2023,tehsil,WASHUK DISTRICT,MASHKHEL SUB-DIVISION,DDS-BA-0148,exact,yes,,
2023,tehsil,WASHUK DISTRICT,NAG SUB-TEHSIL,DDS-BA-0149,exact,yes,,
2023,tehsil,WASHUK DISTRICT,SHAHOO GARHI SUB-TEHSIL,DDS-BA-0150,exact,yes,,
2023,tehsil,WASHUK DISTRICT,WASHUK SUB-DIVISION,DDS-BA-0151,exact,yes,,
2023,tehsil,ZHOB DISTRICT,ASHWAT SUB-TEHSIL,DDS-BA-0152,exact,yes,,
2023,tehsil,ZHOB DISTRICT,KAKAR KHURASAN SUB-DIVISION,DDS-BA-0153,exact,yes,,
2023,tehsil,ZHOB DISTRICT,KASHATOO SUB-TEHSIL,DDS-BA-0154,exact,yes,,
2023,tehsil,ZHOB DISTRICT,SAMBAZA SUB-TEHSIL,DDS-BA-0155,exact,yes,,
2023,tehsil,ZHOB DISTRICT,ZHOB SUB-DIVISION,DDS-BA-0156,exact,yes,,
2023,tehsil,ZIARAT DISTRICT,SINJAWI SUB-DIVISION,DDS-BA-0157,exact,yes,,
2023,tehsil,ZIARAT DISTRICT,ZIARAT SUB-DIVISION,DDS-BA-0158,exact,yes,,
