{"type": "FeatureCollection", "features": [{"type": "Feature", "geometry": {"type": "MultiPolygon", "coordinates": [[[[70.954883, 32.871172], [70.874135, 32.878455], [70.733054, 32.796735], [70.685352, 32.842473], [70.535514, 32.806446], [70.519034, 32.760444], [70.400101, 32.72879], [70.372559, 32.707602], [70.3857, 32.765611], [70.409241, 32.86972], [70.411217, 32.87281], [70.524803, 33.054539], [70.730301, 33.059513], [70.795443, 33.095975], [70.84123, 33.02656], [70.915501, 33.01377], [70.954883, 32.871172]]], [[[70.750381, 33.217209], [70.878273, 33.181992], [70.795443, 33.095975], [70.730301, 33.059513], [70.524803, 33.054539], [70.411217, 32.87281], [70.409241, 32.86972], [70.3857, 32.765611], [70.261391, 32.730044], [70.320916, 32.785417], [70.414935, 33.057547], [70.518988, 33.191247], [70.626948, 33.260249], [70.750381, 33.217209]]]]}, "properties": {"objectid": 67, "province_territory": "Khyber Pakhtunkhwa", "districts": "Bannu", "shape_leng": 2.103026, "shape_area": 0.195612, "district_agency": "Bannu", "status": "District", "cartodb_id": 65, "created_at": "2015-07-06T09:49:19Z", "updated_at": "2015-07-06T09:49:19Z"}}, {"type": "Feature", "geometry": {"type": "MultiPolygon", "coordinates": [[[[73.905936, 33.60076], [73.86798, 33.584355], [73.626163, 33.64991], [73.595449, 33.685186], [73.571439, 33.82414], [73.73613, 33.803635], [73.956725, 33.662367], [73.905936, 33.60076]]]]}, "properties": {"objectid": 10, "province_territory": "Azad Jammu & Kashmir", "districts": "Sudhnutti", "shape_leng": 1.255622, "shape_area": 0.055225, "district_agency": "Sudhnutti", "status": "District", "cartodb_id": 10, "created_at": "2015-07-06T09:49:19Z", "updated_at": "2015-07-06T09:49:19Z"}}, {"type": "Feature", "geometry": {"type": "MultiPolygon", "coordinates": [[[[67.262018, 31.206941], [67.223081, 31.033737], [67.067663, 30.937978], [66.991996, 30.973238], [66.920605, 30.920556], [66.853896, 30.953354], [66.834167, 30.856514], [66.767393, 30.748975], [66.848974, 30.581435], [66.561772, 30.582859], [66.572372, 30.482201], [66.512907, 30.274155], [66.523571, 30.222329], [66.468382, 30.158728], [66.350629, 30.185903], [66.239863, 30.086096], [66.316603, 30.242876], [66.354119, 30.427271], [66.281059, 30.569275], [66.386572, 30.933918], [66.562666, 30.977686], [66.683167, 31.074593], [66.731072, 31.212508], [66.969124, 31.31261], [67.044463, 31.303828], [67.056169, 31.23083], [67.166345, 31.243393], [67.262018, 31.206941]]]]}, "properties": {"objectid": 27, "province_territory": "Balochistan", "districts": "Killa Abdullah", "shape_leng": 4.293911, "shape_area": 0.436281, "district_agency": "Killa Abdullah", "status": "District", "cartodb_id": 25, "created_at": "2015-07-06T09:49:19Z", "updated_at": "2015-07-06T09:49:19Z"}}, {"type": "Feature", "geometry": {"type": "MultiPolygon", "coordinates": [[[[71.062416, 33.394995], [71.041036, 33.361976], [70.904911, 33.354332], [70.88344, 33.30839], [70.77941, 33.33819], [70.750381, 33.217209], [70.626948, 33.260249], [70.540894, 33.348337], [70.499123, 33.414181], [70.628304, 33.47617], [70.74192, 33.483971], [70.75062, 33.584551], [71.008377, 33.54863], [71.130175, 33.596791], [71.14966, 33.5086], [71.062416, 33.394995]]]]}, "properties": {"objectid": 73, "province_territory": "Khyber Pakhtunkhwa", "districts": "Hangu", "shape_leng": 2.352585, "shape_area": 0.133021, "district_agency": "Hangu", "status": "District", "cartodb_id": 71, "created_at": "2015-07-06T09:49:19Z", "updated_at": "2015-07-06T09:49:19Z"}}, {"type": "Feature", "geometry": {"type": "MultiPolygon", "coordinates": [[[[73.166939, 31.891298], [73.229995, 31.787032], [73.134146, 31.70593], [73.053663, 31.588601], [72.884222, 31.492698], [72.811711, 31.375419], [72.70642, 31.365013], [72.459024, 31.540491], [72.434512, 31.662671], [72.559298, 31.761121], [72.663152, 31.782619], [72.895312, 31.873762], [72.995793, 31.965689], [73.166939, 31.891298]]]]}, "properties": {"objectid": 96, "province_territory": "Punjab", "districts": "Chiniot", "shape_leng": 2.746435, "shape_area": 0.247447, "district_agency": "Chiniot", "status": "District", "cartodb_id": 94, "created_at": "2015-07-06T09:49:19Z", "updated_at": "2015-07-06T09:49:19Z"}}, {"type": "Feature", "geometry": {"type": "MultiPolygon", "coordinates": [[[[74.571215, 31.344453], [74.451632, 31.35127], [74.432129, 31.292972], [74.073862, 31.275129], [74.034661, 31.31171], [74.018649, 31.372305], [74.071658, 31.3729], [74.245632, 31.569686], [74.291838, 31.667958], [74.404314, 31.64338], [74.520376, 31.716573], [74.641113, 31.464702], [74.571215, 31.344453]]]]}, "properties": {"objectid": 107, "province_territory": "Punjab", "districts": "Lahore", "shape_leng": 2.304896, "shape_area": 0.164167, "district_agency": "Lahore", "status": "District", "cartodb_id": 105, "created_at": "2015-07-06T09:49:19Z", "updated_at": "2015-07-06T09:49:19Z"}}, {"type": "Feature", "geometry": {"type": "MultiPolygon", "coordinates": [[[[73.168472, 33.804508], [73.267189, 33.775764], [73.352844, 33.707104], [73.295952, 33.587742], [73.199729, 33.489711], [73.088201, 33.664189], [72.914215, 33.572632], [72.813881, 33.701403], [72.91642, 33.72937], [73.125, 33.793011], [73.13105, 33.79887], [73.168472, 33.804508]]]]}, "properties": {"objectid": 65, "province_territory": "Islamabad Capital Territory", "districts": "Islamabad", "shape_leng": 1.74531, "shape_area": 0.087645, "district_agency": "Islamabad", "status": "District", "cartodb_id": 63, "created_at": "2015-07-06T09:49:19Z", "updated_at": "2015-07-06T09:49:19Z"}}, {"type": "Feature", "geometry": {"type": "MultiPolygon", "coordinates": [[[[71.832378, 34.364372], [71.943674, 34.14077], [71.81656, 34.07471], [71.721054, 34.092898], [71.490546, 34.222641], [71.533447, 34.308689], [71.706197, 34.44665], [71.75624, 34.45503], [71.832378, 34.364372]]]]}, "properties": {"objectid": 70, "province_territory": "Khyber Pakhtunkhwa", "districts": "Charsadda", "shape_leng": 1.576697, "shape_area": 0.097777, "district_agency": "Charsadda", "status": "District", "cartodb_id": 68, "created_at": "2015-07-06T09:49:19Z", "updated_at": "2015-07-06T09:49:19Z"}}, {"type": "Feature", "geometry": {"type": "MultiPolygon", "coordinates": [[[[72.202853, 34.513187], [72.22356, 34.45434], [72.338389, 34.439074], [72.340268, 34.438467], [72.41243, 34.40949], [72.413898, 34.409556], [72.429386, 34.382583], [72.43031, 34.3812], [72.431853, 34.380565], [72.20556, 34.20557], [72.19991, 34.090939], [72.03521, 34.08043], [71.943674, 34.14077], [71.832378, 34.364372], [71.95257, 34.43893], [72.01816, 34.52944], [72.09029, 34.49298], [72.202853, 34.513187]]]]}, "properties": {"objectid": 82, "province_territory": "Khyber Pakhtunkhwa", "districts": "Mardan", "shape_leng": 2.086856, "shape_area": 0.160276, "district_agency": "Mardan", "status": "District", "cartodb_id": 80, "created_at": "2015-07-06T09:49:19Z", "updated_at": "2015-07-06T09:49:19Z"}}, {"type": "Feature", "geometry": {"type": "MultiPolygon", "coordinates": [[[[73.69622, 34.080255], [73.80934, 34.084261], [73.869846, 34.017708], [73.938239, 34.031785], [74.00134, 33.974461], [73.975637, 33.921343], [73.91983, 33.886567], [73.754301, 33.88785], [73.641328, 33.97844], [73.574204, 33.909608], [73.512008, 34.017673], [73.494405, 34.107015], [73.668535, 34.060347], [73.69622, 34.080255]]]]}, "properties": {"objectid": 1, "province_territory": "Azad Jammu & Kashmir", "districts": "Bagh", "shape_leng": 1.594116, "shape_area": 0.067758, "district_agency": "Bagh", "status": "District", "cartodb_id": 1, "created_at": "2015-07-06T09:49:19Z", "updated_at": "2015-07-06T09:49:19Z"}}, {"type": "Feature", "geometry": {"type": "MultiPolygon", "coordinates": [[[[71.721054, 34.092898], [71.75225, 33.851821], [71.706749, 33.789421], [71.54357, 33.727919], [71.50301, 33.751187], [71.51799, 33.809361], [71.433548, 33.873829], [71.369667, 34.08699], [71.412308, 34.16589], [71.490546, 34.222641], [71.721054, 34.092898]]], [[[71.75225, 33.851821], [71.860191, 33.748581], [71.813217, 33.698059], [71.779347, 33.680114], [71.689879, 33.657184], [71.584288, 33.679056], [71.54357, 33.727919], [71.706749, 33.789421], [71.75225, 33.851821]]]]}, "properties": {"objectid": 84, "province_territory": "Khyber Pakhtunkhwa", "districts": "Peshawar", "shape_leng": 1.73088, "shape_area": 0.15006999999999998, "district_agency": "Peshawar", "status": "District", "cartodb_id": 82, "created_at": "2015-07-06T09:49:19Z", "updated_at": "2015-07-06T09:49:19Z"}}, {"type": "Feature", "geometry": {"type": "MultiPolygon", "coordinates": [[[[74.013106, 33.24987], [74.014275, 33.19825], [74.176255, 33.107155], [74.205254, 33.043296], [74.337921, 33.025943], [74.31803, 32.919695], [74.413888, 32.903947], [74.461669, 32.791691], [74.441927, 32.791917], [74.371665, 32.77111], [74.314989, 32.818887], [73.986375, 32.961664], [73.9422, 33.021935], [73.825441, 33.013348], [73.917186, 33.180854], [73.907728, 33.230845], [74.013106, 33.24987]]]]}, "properties": {"objectid": 2, "province_territory": "Azad Jammu & Kashmir", "districts": "Bhimber", "shape_leng": 1.987888, "shape_area": 0.117047, "district_agency": "Bhimber", "status": "District", "cartodb_id": 2, "created_at": "2015-07-06T09:49:19Z", "updated_at": "2015-07-06T09:49:19Z"}}, {"type": "Feature", "geometry": {"type": "MultiPolygon", "coordinates": [[[[73.938239, 34.031785], [73.869846, 34.017708], [73.80934, 34.084261], [73.69622, 34.080255], [73.623649, 34.202998], [73.714008, 34.21627], [73.751372, 34.330476], [73.820066, 34.349934], [73.899407, 34.359814], [73.976579, 34.211802], [73.883216, 34.049946], [73.938239, 34.031785]]]]}, "properties": {"objectid": 3, "province_territory": "Azad Jammu & Kashmir", "districts": "Hattian", "shape_leng": 1.300416, "shape_area": 0.066683, "district_agency": "Hattian", "status": "District", "cartodb_id": 3, "created_at": "2015-07-06T09:49:19Z", "updated_at": "2015-07-06T09:49:19Z"}}, {"type": "Feature", "geometry": {"type": "MultiPolygon", "coordinates": [[[[74.05743, 33.81449], [73.975637, 33.921343], [74.00134, 33.974461], [73.938239, 34.031785], [74.114982, 34.053783], [74.248686, 34.013822], [74.261125, 33.924797], [74.17009, 33.839884], [74.05743, 33.81449]]]]}, "properties": {"objectid": 4, "province_territory": "Azad Jammu & Kashmir", "districts": "Haveli", "shape_leng": 1.001545, "shape_area": 0.053722, "district_agency": "Haveli", "status": "District", "cartodb_id": 4, "created_at": "2015-07-06T09:49:19Z", "updated_at": "2015-07-06T09:49:19Z"}}, {"type": "Feature", "geometry": {"type": "MultiPolygon", "coordinates": [[[[73.907728, 33.230845], [73.917186, 33.180854], [73.825441, 33.013348], [73.805817, 33.008887], [73.628311, 33.09471], [73.667061, 33.215308], [73.623603, 33.255273], [73.570541, 33.372217], [73.626474, 33.46025], [73.700068, 33.459612], [73.765953, 33.348609], [73.907728, 33.230845]]]]}, "properties": {"objectid": 6, "province_territory": "Azad Jammu & Kashmir", "districts": "Mirpur", "shape_leng": 1.477625, "shape_area": 0.086768, "district_agency": "Mirpur", "status": "District", "cartodb_id": 6, "created_at": "2015-07-06T09:49:19Z", "updated_at": "2015-07-06T09:49:19Z"}}, {"type": "Feature", "geometry": {"type": "MultiPolygon", "coordinates": [[[[69.127503, 28.440611], [68.920075, 28.43022], [68.839531, 28.430696], [68.826332, 28.430761], [68.724205, 28.430216], [68.708549, 28.430006], [68.517845, 28.4314], [68.503708, 28.431644], [68.434211, 28.409013], [68.382586, 28.562721], [68.381938, 28.639945], [68.384051, 28.643699], [68.448179, 28.674008], [68.468483, 28.646435], [68.778351, 28.483635], [69.127503, 28.440611]]]]}, "properties": {"objectid": 18, "province_territory": "Balochistan", "districts": "Sohbatpur", "shape_leng": 1.808907, "shape_area": 0.072524, "district_agency": "Sohbatpur", "status": "District", "cartodb_id": 18, "created_at": "2015-07-06T09:49:19Z", "updated_at": "2015-07-06T09:49:19Z"}}, {"type": "Feature", "geometry": {"type": "MultiPolygon", "coordinates": [[[[69.956453, 31.894506], [69.939713, 31.545603], [70.018135, 31.508099], [70.052424, 31.398349], [70.028619, 31.303653], [69.930426, 31.247805], [69.823878, 31.293699], [69.719628, 31.273564], [69.722992, 31.325514], [69.569398, 31.356721], [69.531311, 31.521212], [69.62171, 31.840328], [69.546152, 31.956688], [69.679548, 32.072944], [69.852486, 32.100616], [69.800369, 32.022572], [69.880524, 31.981709], [69.855827, 31.892056], [69.956453, 31.894506]]]]}, "properties": {"objectid": 39, "province_territory": "Balochistan", "districts": "Sherani", "shape_leng": 2.81312, "shape_area": 0.290015, "district_agency": "Sherani", "status": "District", "cartodb_id": 37, "created_at": "2015-07-06T09:49:19Z", "updated_at": "2015-07-06T09:49:19Z"}}, {"type": "Feature", "geometry": {"type": "MultiPolygon", "coordinates": [[[[71.349451, 33.764073], [71.395179, 33.651446], [71.331123, 33.625851], [71.212173, 33.72216], [71.122952, 33.736998], [71.130175, 33.596791], [71.008377, 33.54863], [70.75062, 33.584551], [70.750601, 33.645584], [70.618827, 33.685159], [70.608814, 33.775461], [70.697776, 33.739364], [70.984425, 33.795315], [70.971205, 33.835861], [71.208656, 33.835918], [71.349451, 33.764073]]]]}, "properties": {"objectid": 56, "province_territory": "Federally Administered Tribal Areas", "districts": "Orakzai Agency", "shape_leng": 2.578255, "shape_area": 0.133221, "district_agency": "Orakzai Agency", "status": "Agency", "cartodb_id": 54, "created_at": "2015-07-06T09:49:19Z", "updated_at": "2015-07-06T09:49:19Z"}}, {"type": "Feature", "geometry": {"type": "MultiPolygon", "coordinates": [[[[73.905936, 33.60076], [74.016718, 33.594539], [74.088356, 33.573206], [74.178154, 33.481679], [74.185082, 33.383506], [74.102982, 33.270537], [74.013106, 33.24987], [73.907728, 33.230845], [73.765953, 33.348609], [73.700068, 33.459612], [73.626474, 33.46025], [73.626923, 33.568887], [73.568878, 33.624162], [73.595449, 33.685186], [73.626163, 33.64991], [73.86798, 33.584355], [73.905936, 33.60076]]]]}, "properties": {"objectid": 5, "province_territory": "Azad Jammu & Kashmir", "districts": "Kotli", "shape_leng": 2.017824, "shape_area": 0.155069, "district_agency": "Kotli", "status": "District", "cartodb_id": 5, "created_at": "2015-07-06T09:49:19Z", "updated_at": "2015-07-06T09:49:19Z"}}, {"type": "Feature", "geometry": {"type": "MultiPolygon", "coordinates": [[[[73.644512, 34.57099], [73.762539, 34.513849], [73.768838, 34.387207], [73.820066, 34.349934], [73.751372, 34.330476], [73.714008, 34.21627], [73.623649, 34.202998], [73.69622, 34.080255], [73.668535, 34.060347], [73.494405, 34.107015], [73.464707, 34.275269], [73.398158, 34.374062], [73.44275, 34.554992], [73.581664, 34.58777], [73.644512, 34.57099]]]]}, "properties": {"objectid": 7, "province_territory": "Azad Jammu & Kashmir", "districts": "Muzaffarabad", "shape_leng": 1.998935, "shape_area": 0.133357, "district_agency": "Muzaffarabad", "status": "District", "cartodb_id": 7, "created_at": "2015-07-06T09:49:19Z", "updated_at": "2015-07-06T09:49:19Z"}}, {"type": "Feature", "geometry": {"type": "MultiPolygon", "coordinates": [[[[74.864879, 34.679933], [74.671301, 34.700696], [74.580178, 34.770099], [74.302779, 34.79754], [74.148971, 34.695271], [73.960221, 34.696679], [73.948067, 34.573088], [73.898735, 34.495765], [73.768838, 34.387207], [73.762539, 34.513849], [73.644512, 34.57099], [73.661102, 34.684158], [73.76027, 34.799439], [73.986375, 34.870544], [74.089538, 35.024071], [74.115912, 35.12306], [74.248573, 35.03936], [74.375076, 35.061256], [74.437629, 35.1312], [74.574615, 35.018665], [74.603249, 34.919315], [74.722771, 34.860939], [74.864879, 34.679933]]]]}, "properties": {"objectid": 8, "province_territory": "Azad Jammu & Kashmir", "districts": "Neelum", "shape_leng": 3.913392, "shape_area": 0.309119, "district_agency": "Neelum", "status": "District", "cartodb_id": 8, "created_at": "2015-07-06T09:49:19Z", "updated_at": "2015-07-06T09:49:19Z"}}, {"type": "Feature", "geometry": {"type": "MultiPolygon", "coordinates": [[[[73.975637, 33.921343], [74.05743, 33.81449], [73.956237, 33.720292], [74.016718, 33.594539], [73.905936, 33.60076], [73.956725, 33.662367], [73.73613, 33.803635], [73.571439, 33.82414], [73.574204, 33.909608], [73.641328, 33.97844], [73.754301, 33.88785], [73.91983, 33.886567], [73.975637, 33.921343]]]]}, "properties": {"objectid": 9, "province_territory": "Azad Jammu & Kashmir", "districts": "Poonch", "shape_leng": 1.882087, "shape_area": 0.070072, "district_agency": "Poonch", "status": "District", "cartodb_id": 9, "created_at": "2015-07-06T09:49:19Z", "updated_at": "2015-07-06T09:49:19Z"}}, {"type": "Feature", "geometry": {"type": "MultiPolygon", "coordinates": [[[[66.251837, 26.479898], [66.162347, 26.275357], [66.201331, 26.161245], [66.260024, 25.849884], [66.196871, 25.692548], [66.069961, 25.476263], [66.01922, 25.453276], [65.909592, 25.496989], [65.749548, 25.515089], [65.544959, 25.43418], [65.537813, 25.556669], [65.465615, 25.66305], [65.338676, 25.591011], [65.203154, 25.557272], [65.171384, 25.601791], [65.033982, 25.568255], [64.477323, 25.492781], [64.357505, 25.432489], [64.283033, 25.462912], [64.139887, 25.467239], [64.170978, 25.559738], [64.207403, 25.607369], [64.352362, 25.639879], [64.276437, 25.751245], [64.375853, 26.002243], [64.502092, 26.065405], [64.497466, 26.176852], [64.444633, 26.229585], [64.445404, 26.365505], [64.918374, 26.367681], [64.914901, 26.450734], [65.1279, 26.630026], [65.298468, 26.803366], [65.336272, 26.895407], [65.347313, 26.983736], [65.538641, 27.257729], [65.592966, 27.417526], [65.778275, 27.357422], [65.827645, 27.307421], [65.912027, 27.139364], [65.999214, 27.145447], [66.050887, 27.099373], [66.000717, 26.836529], [65.931006, 26.611843], [65.93316, 26.541772], [66.043496, 26.374409], [66.081345, 26.367434], [66.105005, 26.48772], [66.187865, 26.569715], [66.251837, 26.479898]]]]}, "properties": {"objectid": 11, "province_territory": "Balochistan", "districts": "Awaran", "shape_leng": 8.775564, "shape_area": 2.256718, "district_agency": "Awaran", "status": "District", "cartodb_id": 11, "created_at": "2015-07-06T09:49:19Z", "updated_at": "2015-07-06T09:49:19Z"}}, {"type": "Feature", "geometry": {"type": "MultiPolygon", "coordinates": [[[[69.96117, 30.322636], [70.076202, 30.262419], [69.997131, 30.179012], [69.97966, 30.076746], [69.877683, 29.89879], [69.789001, 29.768806], [69.646005, 29.685261], [69.544395, 29.706112], [69.255517, 29.61134], [69.090941, 29.686073], [69.060501, 29.726379], [69.195169, 29.819222], [69.389021, 29.89563], [69.47766, 30.003852], [69.404067, 30.044804], [69.437775, 30.100965], [69.594238, 30.137832], [69.739542, 30.358384], [69.801203, 30.291074], [69.96117, 30.322636]]]]}, "properties": {"objectid": 12, "province_territory": "Balochistan", "districts": "Barkhan", "shape_leng": 3.330464, "shape_area": 0.328535, "district_agency": "Barkhan", "status": "District", "cartodb_id": 12, "created_at": "2015-07-06T09:49:19Z", "updated_at": "2015-07-06T09:49:19Z"}}, {"type": "Feature", "geometry": {"type": "MultiPolygon", "coordinates": [[[[65.129303, 29.551637], [65.261122, 29.413469], [65.476232, 29.032923], [65.391599, 28.983789], [65.368303, 28.96853], [65.160479, 28.814639], [65.040849, 28.795009], [64.913378, 28.683019], [64.91211, 28.682778], [64.811225, 28.695111], [64.498749, 28.61161], [64.407039, 28.523397], [64.126709, 28.467712], [64.006714, 28.382324], [63.923523, 28.379089], [63.823731, 28.305291], [63.26043, 28.276556], [63.205051, 28.182953], [63.065954, 28.109623], [63.056572, 28.101991], [63.032666, 28.083253], [63.020088, 28.073662], [63.015331, 28.069663], [63.0008, 28.056248], [62.934841, 28.001396], [62.898512, 27.961678], [62.897932, 27.961012], [62.887763, 27.949364], [62.868493, 27.930945], [62.801957, 27.888823], [62.768227, 28.032406], [62.786938, 28.281181], [62.592316, 28.255127], [62.439671, 28.407129], [62.296291, 28.463451], [62.115788, 28.4851], [61.957584, 28.548695], [61.804157, 28.640169], [61.681038, 28.770594], [61.504318, 29.007545], [61.428669, 29.193781], [61.357746, 29.282784], [61.372604, 29.348673], [61.192589, 29.502495], [60.878597, 29.86178], [61.652519, 29.625699], [62.455774, 29.388966], [63.364513, 29.476374], [63.590844, 29.490426], [64.032371, 29.417694], [64.105293, 29.377477], [64.152337, 29.449561], [64.266815, 29.523843], [64.487616, 29.571786], [64.631929, 29.581082], [65.067048, 29.536235], [65.129303, 29.551637]]]]}, "properties": {"objectid": 13, "province_territory": "Balochistan", "districts": "Chaghi", "shape_leng": 11.373019, "shape_area": 4.117601, "district_agency": "Chaghi", "status": "District", "cartodb_id": 13, "created_at": "2015-07-06T09:49:19Z", "updated_at": "2015-07-06T09:49:19Z"}}, {"type": "Feature", "geometry": {"type": "MultiPolygon", "coordinates": [[[[69.363762, 28.445637], [69.127503, 28.440611], [68.778351, 28.483635], [68.468483, 28.646435], [68.448179, 28.674008], [68.415521, 28.965868], [68.382867, 29.049495], [68.289491, 29.161114], [68.29664, 29.226202], [68.486501, 29.217451], [68.660685, 29.264082], [68.920496, 29.222746], [69.016425, 29.260612], [69.187461, 29.259527], [69.273345, 29.34581], [69.466196, 29.446856], [69.496651, 29.515724], [69.426134, 29.543698], [69.515985, 29.661894], [69.628899, 29.668725], [69.591469, 29.626049], [69.563515, 29.458612], [69.667633, 29.362459], [69.638832, 29.319206], [69.744019, 29.236422], [69.706306, 29.089659], [69.650574, 29.065708], [69.574341, 28.953979], [69.489601, 28.891567], [69.532913, 28.773094], [69.420921, 28.597683], [69.324692, 28.554907], [69.363762, 28.445637]]]]}, "properties": {"objectid": 14, "province_territory": "Balochistan", "districts": "Dera Bugti", "shape_leng": 5.132102, "shape_area": 0.952769, "district_agency": "Dera Bugti", "status": "District", "cartodb_id": 14, "created_at": "2015-07-06T09:49:19Z", "updated_at": "2015-07-06T09:49:19Z"}}, {"type": "Feature", "geometry": {"type": "MultiPolygon", "coordinates": [[[[69.646005, 29.685261], [69.628899, 29.668725], [69.515985, 29.661894], [69.426134, 29.543698], [69.496651, 29.515724], [69.466196, 29.446856], [69.273345, 29.34581], [69.187461, 29.259527], [69.016425, 29.260612], [68.920496, 29.222746], [68.660685, 29.264082], [68.486501, 29.217451], [68.343291, 29.263837], [68.177276, 29.374453], [68.099067, 29.419155], [68.193679, 29.584566], [68.265642, 29.628489], [68.432077, 29.624041], [68.572435, 29.732542], [68.568138, 29.828848], [68.402556, 29.905695], [68.398278, 29.936395], [68.409437, 30.016086], [68.555382, 29.915402], [68.804558, 29.948944], [68.944373, 30.028267], [69.040725, 29.976144], [69.17984, 30.007858], [69.334797, 30.008647], [69.404067, 30.044804], [69.47766, 30.003852], [69.389021, 29.89563], [69.195169, 29.819222], [69.060501, 29.726379], [69.090941, 29.686073], [69.255517, 29.61134], [69.544395, 29.706112], [69.646005, 29.685261]]]]}, "properties": {"objectid": 29, "province_territory": "Balochistan", "districts": "Kohlu", "shape_leng": 5.494929, "shape_area": 0.71964, "district_agency": "Kohlu", "status": "District", "cartodb_id": 27, "created_at": "2015-07-06T09:49:19Z", "updated_at": "2015-07-06T09:49:19Z"}}, {"type": "Feature", "geometry": {"type": "MultiPolygon", "coordinates": [[[[61.779855, 25.817539], [61.806505, 25.700851], [61.96022, 25.661039], [62.011449, 25.714014], [62.076332, 25.679014], [62.113049, 25.575154], [62.054146, 25.508892], [62.124122, 25.473608], [62.404438, 25.554125], [62.803997, 25.566019], [62.983022, 25.597324], [63.035488, 25.529622], [63.354328, 25.491771], [63.467774, 25.407425], [63.78093, 25.557929], [63.999096, 25.612087], [64.170978, 25.559738], [64.139887, 25.467239], [64.283033, 25.462912], [64.357505, 25.432489], [64.477323, 25.492781], [65.033982, 25.568255], [65.171384, 25.601791], [65.203154, 25.557272], [65.204031, 25.400507], [65.238085, 25.344421], [65.156418, 25.306086], [64.995323, 25.325205], [64.749901, 25.320938], [64.605347, 25.229967], [64.543571, 25.270481], [64.399971, 25.239676], [64.223343, 25.317995], [63.945965, 25.3358], [63.675076, 25.38266], [63.535648, 25.34573], [63.474548, 25.265833], [63.481861, 25.198297], [63.1395, 25.257742], [63.007114, 25.210642], [62.657661, 25.261488], [62.494465, 25.252853], [62.356228, 25.169922], [62.217228, 25.215199], [62.084877, 25.188089], [62.09837, 25.09618], [61.874706, 25.102684], [61.844944, 25.043432], [61.724167, 25.054052], [61.785206, 25.156734], [61.698227, 25.204245], [61.610455, 25.194952], [61.655613, 25.297499], [61.689205, 25.799166], [61.779855, 25.817539]]]]}, "properties": {"objectid": 15, "province_territory": "Balochistan", "districts": "Gwadar", "shape_leng": 11.684637, "shape_area": 1.038382, "district_agency": "Gwadar", "status": "District", "cartodb_id": 15, "created_at": "2015-07-06T09:49:19Z", "updated_at": "2015-07-06T09:49:19Z"}}, {"type": "Feature", "geometry": {"type": "MultiPolygon", "coordinates": [[[[68.208198, 30.173775], [68.409437, 30.016086], [68.398278, 29.936395], [68.272744, 29.932131], [68.064437, 29.888434], [68.028618, 29.816669], [67.976456, 29.839889], [68.011057, 29.960087], [67.972519, 30.021892], [67.778579, 30.017627], [67.791458, 30.062614], [67.673239, 30.126033], [67.561974, 30.092829], [67.519449, 30.030998], [67.432113, 30.051931], [67.412542, 30.176466], [67.277932, 30.207849], [67.280189, 30.332874], [67.489936, 30.315366], [67.583037, 30.27726], [67.757059, 30.355923], [67.868878, 30.34455], [68.098751, 30.261092], [68.208198, 30.173775]]]]}, "properties": {"objectid": 16, "province_territory": "Balochistan", "districts": "Harnai", "shape_leng": 3.724538, "shape_area": 0.286749, "district_agency": "Harnai", "status": "District", "cartodb_id": 16, "created_at": "2015-07-06T09:49:19Z", "updated_at": "2015-07-06T09:49:19Z"}}, {"type": "Feature", "geometry": {"type": "MultiPolygon", "coordinates": [[[[68.434211, 28.409013], [68.382332, 28.340269], [68.374435, 28.323849], [68.311232, 28.271797], [68.293785, 28.267128], [68.209, 28.242517], [68.073785, 28.136724], [68.054146, 28.120869], [68.019669, 28.093897], [68.017784, 28.092047], [67.912964, 27.994295], [67.670678, 27.934242], [67.62831, 28.148368], [67.803623, 28.203558], [67.950822, 28.238216], [68.070969, 28.339895], [68.078896, 28.386445], [68.203729, 28.440881], [68.381791, 28.451633], [68.382586, 28.562721], [68.434211, 28.409013]]]]}, "properties": {"objectid": 17, "province_territory": "Balochistan", "districts": "Jaffarabad", "shape_leng": 2.348028, "shape_area": 0.156419, "district_agency": "Jaffarabad", "status": "District", "cartodb_id": 17, "created_at": "2015-07-06T09:49:19Z", "updated_at": "2015-07-06T09:49:19Z"}}, {"type": "Feature", "geometry": {"type": "MultiPolygon", "coordinates": [[[[67.684816, 28.838171], [67.775944, 28.608114], [67.788458, 28.553726], [67.742617, 28.426691], [67.803623, 28.203558], [67.62831, 28.148368], [67.670678, 27.934242], [67.425896, 27.89275], [67.394241, 27.909676], [67.392221, 28.229163], [67.3274, 28.405091], [67.210098, 28.494992], [67.236033, 28.715992], [67.331626, 28.706347], [67.441443, 28.759095], [67.500754, 28.712307], [67.534356, 28.823576], [67.684816, 28.838171]]]]}, "properties": {"objectid": 20, "province_territory": "Balochistan", "districts": "Jhal Magsi", "shape_leng": 3.030243, "shape_area": 0.35544, "district_agency": "Jhal Magsi", "status": "District", "cartodb_id": 19, "created_at": "2015-07-06T09:49:19Z", "updated_at": "2015-07-06T09:49:19Z"}}, {"type": "Feature", "geometry": {"type": "MultiPolygon", "coordinates": [[[[67.376298, 29.921425], [67.439553, 29.89796], [67.508729, 29.715349], [67.779047, 29.596661], [67.811311, 29.462404], [67.876114, 29.4298], [67.875161, 29.33211], [67.983825, 29.375398], [67.983361, 29.145546], [67.960066, 29.089203], [67.733557, 29.147618], [67.740752, 29.091061], [67.650184, 28.906473], [67.684816, 28.838171], [67.534356, 28.823576], [67.500754, 28.712307], [67.441443, 28.759095], [67.331626, 28.706347], [67.236033, 28.715992], [67.274681, 28.856982], [67.322456, 28.882645], [67.392508, 29.07769], [67.465478, 29.213419], [67.44255, 29.378647], [67.349678, 29.450432], [67.329819, 29.526202], [67.123682, 29.511815], [67.274589, 29.703205], [67.145967, 29.80121], [67.12471, 29.944251], [67.237642, 29.977729], [67.277208, 29.928346], [67.376298, 29.921425]]]]}, "properties": {"objectid": 22, "province_territory": "Balochistan", "districts": "Kachhi", "shape_leng": 4.676993, "shape_area": 0.498322, "district_agency": "Kachhi", "status": "District", "cartodb_id": 20, "created_at": "2015-07-06T09:49:19Z", "updated_at": "2015-07-06T09:49:19Z"}}, {"type": "Feature", "geometry": {"type": "MultiPolygon", "coordinates": [[[[67.123682, 29.511815], [67.329819, 29.526202], [67.349678, 29.450432], [67.44255, 29.378647], [67.465478, 29.213419], [67.392508, 29.07769], [67.322456, 28.882645], [67.274681, 28.856982], [66.774262, 28.815317], [66.627435, 28.583912], [66.517706, 28.550644], [66.428991, 28.428253], [66.519327, 28.285836], [66.499443, 28.167074], [66.258712, 28.052164], [66.130776, 27.961542], [65.960587, 27.938284], [65.964256, 28.041134], [65.885641, 28.067665], [65.90277, 28.172997], [65.831216, 28.214723], [65.889853, 28.357893], [65.99124, 28.474681], [66.084168, 28.635124], [66.091119, 28.723058], [66.013916, 28.73291], [66.12206, 28.939252], [66.145508, 29.076477], [66.106552, 29.1763], [66.163058, 29.329617], [66.19278, 29.384238], [66.342102, 29.337097], [66.528449, 29.58829], [66.633897, 29.615648], [66.615921, 29.462429], [66.662805, 29.447796], [66.787309, 29.560847], [66.858665, 29.548733], [66.815781, 29.431656], [67.06221, 29.433002], [67.123682, 29.511815]]]]}, "properties": {"objectid": 23, "province_territory": "Balochistan", "districts": "Kalat", "shape_leng": 6.384437, "shape_area": 1.284512, "district_agency": "Kalat", "status": "District", "cartodb_id": 21, "created_at": "2015-07-06T09:49:19Z", "updated_at": "2015-07-06T09:49:19Z"}}, {"type": "Feature", "geometry": {"type": "MultiPolygon", "coordinates": [[[[63.071289, 26.640923], [63.129422, 26.579367], [63.091149, 26.520947], [63.195098, 26.439009], [63.410728, 26.504401], [63.592209, 26.35715], [63.605862, 26.263939], [63.812416, 26.315197], [63.888241, 26.302282], [64.072512, 26.148289], [64.244187, 26.168257], [64.365501, 26.265954], [64.444633, 26.229585], [64.497466, 26.176852], [64.502092, 26.065405], [64.375853, 26.002243], [64.276437, 25.751245], [64.352362, 25.639879], [64.207403, 25.607369], [64.170978, 25.559738], [63.999096, 25.612087], [63.78093, 25.557929], [63.467774, 25.407425], [63.354328, 25.491771], [63.035488, 25.529622], [62.983022, 25.597324], [62.803997, 25.566019], [62.404438, 25.554125], [62.124122, 25.473608], [62.054146, 25.508892], [62.113049, 25.575154], [62.076332, 25.679014], [62.011449, 25.714014], [61.96022, 25.661039], [61.806505, 25.700851], [61.779855, 25.817539], [61.833035, 26.171104], [61.870754, 26.246738], [62.061146, 26.315418], [62.12809, 26.380365], [62.282505, 26.358366], [62.256371, 26.445982], [62.315067, 26.52887], [62.434532, 26.568136], [62.608147, 26.585012], [62.778698, 26.652281], [63.071289, 26.640923]]]]}, "properties": {"objectid": 24, "province_territory": "Balochistan", "districts": "Kech", "shape_leng": 8.328577, "shape_area": 2.201555, "district_agency": "Kech", "status": "District", "cartodb_id": 22, "created_at": "2015-07-06T09:49:19Z", "updated_at": "2015-07-06T09:49:19Z"}}, {"type": "Feature", "geometry": {"type": "MultiPolygon", "coordinates": [[[[66.163058, 29.329617], [66.106552, 29.1763], [66.145508, 29.076477], [66.12206, 28.939252], [66.013916, 28.73291], [66.091119, 28.723058], [66.084168, 28.635124], [65.99124, 28.474681], [65.889853, 28.357893], [65.74294, 28.315606], [65.738296, 28.314349], [65.733612, 28.313082], [65.452591, 28.180093], [65.35907, 28.110617], [65.280959, 28.208105], [65.278118, 28.405469], [65.211236, 28.508399], [65.063256, 28.464161], [64.998792, 28.448481], [64.961251, 28.618945], [64.940025, 28.655757], [64.925736, 28.673141], [64.912108, 28.682776], [64.913094, 28.682963], [64.913094, 28.682965], [64.913378, 28.683019], [65.040849, 28.795009], [65.160479, 28.814639], [65.368303, 28.96853], [65.391599, 28.983789], [65.476232, 29.032923], [65.588441, 29.030902], [65.745673, 29.144802], [65.866959, 29.128503], [66.009375, 29.197487], [66.09819, 29.349836], [66.163058, 29.329617]]]]}, "properties": {"objectid": 25, "province_territory": "Balochistan", "districts": "Kharan", "shape_leng": 4.274836, "shape_area": 0.758576, "district_agency": "Kharan", "status": "District", "cartodb_id": 23, "created_at": "2015-07-06T09:49:19Z", "updated_at": "2015-07-06T09:49:19Z"}}, {"type": "Feature", "geometry": {"type": "MultiPolygon", "coordinates": [[[[69.561126, 30.448367], [69.739542, 30.358384], [69.594238, 30.137832], [69.437775, 30.100965], [69.404067, 30.044804], [69.334797, 30.008647], [69.17984, 30.007858], [69.040725, 29.976144], [68.944373, 30.028267], [68.804558, 29.948944], [68.555382, 29.915402], [68.409437, 30.016086], [68.208198, 30.173775], [68.333284, 30.163496], [68.462015, 30.189302], [68.56658, 30.292339], [68.241078, 30.457353], [68.226618, 30.529082], [68.034211, 30.542917], [67.949958, 30.487045], [67.780007, 30.503678], [67.700951, 30.593492], [67.698959, 30.619195], [67.813631, 30.615515], [67.938171, 30.656721], [67.95798, 30.601921], [68.146863, 30.612501], [68.252892, 30.546674], [68.364401, 30.584704], [68.461364, 30.534365], [68.644232, 30.574993], [68.7677, 30.509683], [69.019783, 30.593817], [69.141242, 30.691128], [69.224618, 30.627064], [69.326238, 30.621048], [69.561126, 30.448367]]]]}, "properties": {"objectid": 31, "province_territory": "Balochistan", "districts": "Loralai", "shape_leng": 6.269535, "shape_area": 0.762726, "district_agency": "Loralai", "status": "District", "cartodb_id": 29, "created_at": "2015-07-06T09:49:19Z", "updated_at": "2015-07-06T09:49:19Z"}}, {"type": "Feature", "geometry": {"type": "MultiPolygon", "coordinates": [[[[67.236033, 28.715992], [67.210098, 28.494992], [67.3274, 28.405091], [67.392221, 28.229163], [67.394241, 27.909676], [67.337395, 27.725449], [67.248726, 27.647995], [67.182884, 27.532305], [67.175163, 27.447197], [67.126862, 27.270029], [67.160606, 27.065964], [67.133766, 26.878033], [67.146553, 26.768429], [67.123788, 26.653096], [66.978865, 26.584545], [66.985853, 26.506346], [67.146613, 26.274702], [67.118714, 25.992213], [67.134146, 25.852074], [67.09285, 25.745415], [66.998589, 25.734543], [66.902557, 25.988468], [66.829338, 26.253137], [66.779524, 26.330532], [66.753218, 26.466571], [66.471399, 26.42651], [66.251837, 26.479898], [66.187865, 26.569715], [66.105005, 26.48772], [66.081345, 26.367434], [66.043496, 26.374409], [65.93316, 26.541772], [65.931006, 26.611843], [66.000717, 26.836529], [66.050887, 27.099373], [65.999214, 27.145447], [65.912027, 27.139364], [65.827645, 27.307421], [65.778275, 27.357422], [65.592966, 27.417526], [65.710755, 27.528691], [65.691255, 27.582593], [65.809378, 27.812067], [65.960587, 27.938284], [66.130776, 27.961542], [66.258712, 28.052164], [66.499443, 28.167074], [66.519327, 28.285836], [66.428991, 28.428253], [66.517706, 28.550644], [66.627435, 28.583912], [66.774262, 28.815317], [67.274681, 28.856982], [67.236033, 28.715992]]]]}, "properties": {"objectid": 26, "province_territory": "Balochistan", "districts": "Khuzdar", "shape_leng": 9.862301, "shape_area": 2.82625, "district_agency": "Khuzdar", "status": "District", "cartodb_id": 24, "created_at": "2015-07-06T09:49:19Z", "updated_at": "2015-07-06T09:49:19Z"}}, {"type": "Feature", "geometry": {"type": "MultiPolygon", "coordinates": [[[[69.141242, 30.691128], [69.019783, 30.593817], [68.7677, 30.509683], [68.644232, 30.574993], [68.461364, 30.534365], [68.364401, 30.584704], [68.252892, 30.546674], [68.146863, 30.612501], [67.95798, 30.601921], [67.938171, 30.656721], [67.813631, 30.615515], [67.698959, 30.619195], [67.662469, 30.689112], [67.488748, 30.67098], [67.470063, 30.872263], [67.57322, 30.897973], [67.73904, 31.026098], [67.814866, 31.117515], [67.586086, 31.162939], [67.445102, 31.232998], [67.620421, 31.276394], [67.789847, 31.356621], [67.740937, 31.414784], [67.63378, 31.400688], [67.569563, 31.534694], [67.699768, 31.51939], [67.817394, 31.597377], [68.020705, 31.496145], [68.237725, 31.327022], [68.381057, 31.283446], [68.595489, 31.35574], [68.656121, 31.332252], [68.665634, 31.189421], [68.704318, 31.09766], [68.80246, 31.152321], [69.111479, 31.143227], [69.214577, 31.088527], [69.304001, 30.985998], [69.251815, 30.839299], [69.057008, 30.756782], [69.141242, 30.691128]]]]}, "properties": {"objectid": 28, "province_territory": "Balochistan", "districts": "Killa Saifullah", "shape_leng": 6.910679, "shape_area": 1.171068, "district_agency": "Killa Saifullah", "status": "District", "cartodb_id": 26, "created_at": "2015-07-06T09:49:19Z", "updated_at": "2015-07-06T09:49:19Z"}}, {"type": "Feature", "geometry": {"type": "MultiPolygon", "coordinates": [[[[67.320969, 25.640454], [67.243988, 25.523413], [67.163322, 25.45249], [67.162239, 25.395407], [67.089722, 25.241215], [67.008331, 25.162321], [67.007759, 25.100937], [66.915939, 25.013702], [66.789825, 24.968582], [66.702951, 24.892689], [66.704147, 25.082619], [66.737282, 25.196453], [66.678322, 25.271114], [66.563217, 25.350285], [66.5942, 25.425022], [66.558594, 25.531887], [66.450912, 25.607304], [66.399086, 25.583519], [66.300133, 25.62364], [66.210426, 25.602213], [66.131889, 25.538347], [66.12204, 25.474194], [66.34285, 25.551386], [66.49646, 25.458847], [66.505905, 25.405308], [66.321907, 25.466953], [66.125542, 25.450726], [65.954948, 25.413172], [65.816002, 25.413582], [65.640984, 25.350554], [65.371063, 25.390251], [65.268547, 25.385132], [65.238085, 25.344421], [65.204031, 25.400507], [65.203154, 25.557272], [65.338676, 25.591011], [65.465615, 25.66305], [65.537813, 25.556669], [65.544959, 25.43418], [65.749548, 25.515089], [65.909592, 25.496989], [66.01922, 25.453276], [66.069961, 25.476263], [66.196871, 25.692548], [66.260024, 25.849884], [66.201331, 26.161245], [66.162347, 26.275357], [66.251837, 26.479898], [66.471399, 26.42651], [66.753218, 26.466571], [66.779524, 26.330532], [66.829338, 26.253137], [66.902557, 25.988468], [66.998589, 25.734543], [67.09285, 25.745415], [67.134146, 25.852074], [67.118714, 25.992213], [67.146613, 26.274702], [66.985853, 26.506346], [66.978865, 26.584545], [67.123788, 26.653096], [67.177582, 26.471497], [67.265556, 26.346962], [67.359505, 26.149969], [67.413147, 26.087194], [67.402908, 25.792299], [67.320969, 25.640454]]]]}, "properties": {"objectid": 30, "province_territory": "Balochistan", "districts": "Lasbela", "shape_leng": 11.873281, "shape_area": 1.265273, "district_agency": "Lasbela", "status": "District", "cartodb_id": 28, "created_at": "2015-07-06T09:49:19Z", "updated_at": "2015-07-06T09:49:19Z"}}, {"type": "Feature", "geometry": {"type": "MultiPolygon", "coordinates": [[[[67.12471, 29.944251], [67.145967, 29.80121], [67.274589, 29.703205], [67.123682, 29.511815], [67.06221, 29.433002], [66.815781, 29.431656], [66.858665, 29.548733], [66.787309, 29.560847], [66.662805, 29.447796], [66.615921, 29.462429], [66.633897, 29.615648], [66.528449, 29.58829], [66.342102, 29.337097], [66.19278, 29.384238], [66.312456, 29.631904], [66.278083, 29.746906], [66.302855, 29.846395], [66.258048, 29.86062], [66.268061, 29.872807], [66.433611, 29.854051], [66.505341, 29.809851], [66.683349, 30.139668], [66.729951, 30.148308], [66.835037, 30.069267], [66.948196, 30.04723], [66.960689, 29.980051], [67.12471, 29.944251]]]]}, "properties": {"objectid": 32, "province_territory": "Balochistan", "districts": "Mastung", "shape_leng": 4.080624, "shape_area": 0.439416, "district_agency": "Mastung", "status": "District", "cartodb_id": 30, "created_at": "2015-07-06T09:49:19Z", "updated_at": "2015-07-06T09:49:19Z"}}, {"type": "Feature", "geometry": {"type": "MultiPolygon", "coordinates": [[[[70.287514, 31.165497], [70.252556, 30.882833], [70.215767, 30.790207], [70.088722, 30.697496], [70.085632, 30.59292], [69.997772, 30.445629], [69.96117, 30.322636], [69.801203, 30.291074], [69.739542, 30.358384], [69.561126, 30.448367], [69.527838, 30.53826], [69.468649, 30.540487], [69.530357, 30.663017], [69.531876, 30.74824], [69.635361, 30.846792], [69.718232, 30.984874], [69.696227, 31.181444], [69.719628, 31.273564], [69.823878, 31.293699], [69.930426, 31.247805], [70.028619, 31.303653], [70.052424, 31.398349], [70.260788, 31.507456], [70.278625, 31.397528], [70.262482, 31.201124], [70.287514, 31.165497]]]]}, "properties": {"objectid": 33, "province_territory": "Balochistan", "districts": "Musakhail", "shape_leng": 3.867313, "shape_area": 0.556523, "district_agency": "Musakhail", "status": "District", "cartodb_id": 31, "created_at": "2015-07-06T09:49:19Z", "updated_at": "2015-07-06T09:49:19Z"}}, {"type": "Feature", "geometry": {"type": "MultiPolygon", "coordinates": [[[[68.448179, 28.674008], [68.384051, 28.643699], [68.381938, 28.639945], [68.382586, 28.562721], [68.381791, 28.451633], [68.203729, 28.440881], [68.078896, 28.386445], [68.070969, 28.339895], [67.950822, 28.238216], [67.803623, 28.203558], [67.742617, 28.426691], [67.788458, 28.553726], [67.775944, 28.608114], [67.870696, 28.60882], [67.864647, 28.665362], [68.023734, 28.721252], [68.023457, 28.778324], [68.237928, 28.859768], [68.259453, 28.984258], [68.382867, 29.049495], [68.415521, 28.965868], [68.448179, 28.674008]]]]}, "properties": {"objectid": 34, "province_territory": "Balochistan", "districts": "Nasirabad", "shape_leng": 2.84252, "shape_area": 0.29747, "district_agency": "Nasirabad", "status": "District", "cartodb_id": 32, "created_at": "2015-07-06T09:49:19Z", "updated_at": "2015-07-06T09:49:19Z"}}, {"type": "Feature", "geometry": {"type": "MultiPolygon", "coordinates": [[[[66.163058, 29.329617], [66.09819, 29.349836], [66.009375, 29.197487], [65.866959, 29.128503], [65.745673, 29.144802], [65.588441, 29.030902], [65.476232, 29.032923], [65.261122, 29.413469], [65.129303, 29.551637], [65.781144, 29.723744], [66.258048, 29.86062], [66.302855, 29.846395], [66.278083, 29.746906], [66.312456, 29.631904], [66.19278, 29.384238], [66.163058, 29.329617]]]]}, "properties": {"objectid": 35, "province_territory": "Balochistan", "districts": "Nushki", "shape_leng": 3.308125, "shape_area": 0.545267, "district_agency": "Nushki", "status": "District", "cartodb_id": 33, "created_at": "2015-07-06T09:49:19Z", "updated_at": "2015-07-06T09:49:19Z"}}, {"type": "Feature", "geometry": {"type": "MultiPolygon", "coordinates": [[[[71.412308, 34.16589], [71.369667, 34.08699], [71.433548, 33.873829], [71.51799, 33.809361], [71.50301, 33.751187], [71.349451, 33.764073], [71.208656, 33.835918], [70.971205, 33.835861], [70.984425, 33.795315], [70.697776, 33.739364], [70.608814, 33.775461], [70.57056, 33.842143], [70.496121, 33.85248], [70.444377, 33.952014], [70.767937, 33.954857], [71.076286, 34.062509], [71.126076, 34.162427], [71.122056, 34.267208], [71.168814, 34.335873], [71.242232, 34.327836], [71.315186, 34.260221], [71.305992, 34.167137], [71.412308, 34.16589]]]]}, "properties": {"objectid": 52, "province_territory": "Federally Administered Tribal Areas", "districts": "Khyber Agency", "shape_leng": 3.448591, "shape_area": 0.267982, "district_agency": "Khyber Agency", "status": "Agency", "cartodb_id": 50, "created_at": "2015-07-06T09:49:19Z", "updated_at": "2015-07-06T09:49:19Z"}}, {"type": "Feature", "geometry": {"type": "MultiPolygon", "coordinates": [[[[64.500588, 27.155362], [64.500442, 27.153177], [64.495096, 27.112984], [64.693778, 27.004379], [65.014421, 27.182373], [65.084405, 27.032694], [65.181192, 27.022911], [65.280851, 26.888876], [65.336272, 26.895407], [65.298468, 26.803366], [65.1279, 26.630026], [64.914901, 26.450734], [64.918374, 26.367681], [64.445404, 26.365505], [64.444633, 26.229585], [64.365501, 26.265954], [64.244187, 26.168257], [64.072512, 26.148289], [63.888241, 26.302282], [63.812416, 26.315197], [63.605862, 26.263939], [63.592209, 26.35715], [63.410728, 26.504401], [63.195098, 26.439009], [63.091149, 26.520947], [63.129422, 26.579367], [63.071289, 26.640923], [63.169186, 26.647295], [63.192135, 26.843493], [63.275532, 26.864769], [63.255905, 27.082952], [63.317459, 27.138659], [63.248117, 27.208451], [63.419373, 27.194795], [63.723958, 27.235622], [63.73466, 27.236416], [63.743893, 27.238704], [63.825986, 27.256057], [63.903029, 27.14842], [63.996633, 27.088711], [64.124319, 27.070976], [64.328431, 27.238571], [64.426261, 27.287487], [64.484972, 27.200884], [64.499044, 27.165845], [64.500588, 27.155362]]]]}, "properties": {"objectid": 36, "province_territory": "Balochistan", "districts": "Panjgur", "shape_leng": 7.207113, "shape_area": 1.595175, "district_agency": "Panjgur", "status": "District", "cartodb_id": 34, "created_at": "2015-07-06T09:49:19Z", "updated_at": "2015-07-06T09:49:19Z"}}, {"type": "Feature", "geometry": {"type": "MultiPolygon", "coordinates": [[[[67.698959, 30.619195], [67.700951, 30.593492], [67.58879, 30.587318], [67.528002, 30.516242], [67.449594, 30.584963], [67.36722, 30.586382], [67.274797, 30.531756], [67.218833, 30.443753], [67.125118, 30.437859], [67.048737, 30.373517], [66.9643, 30.393663], [66.917165, 30.473528], [66.859528, 30.468665], [66.702752, 30.188717], [66.650282, 30.172488], [66.523571, 30.222329], [66.512907, 30.274155], [66.572372, 30.482201], [66.561772, 30.582859], [66.848974, 30.581435], [66.767393, 30.748975], [66.834167, 30.856514], [66.853896, 30.953354], [66.920605, 30.920556], [66.991996, 30.973238], [67.067663, 30.937978], [67.223081, 31.033737], [67.262018, 31.206941], [67.445102, 31.232998], [67.586086, 31.162939], [67.814866, 31.117515], [67.73904, 31.026098], [67.57322, 30.897973], [67.470063, 30.872263], [67.488748, 30.67098], [67.662469, 30.689112], [67.698959, 30.619195]]]]}, "properties": {"objectid": 37, "province_territory": "Balochistan", "districts": "Pishin", "shape_leng": 5.15591, "shape_area": 0.573222, "district_agency": "Pishin", "status": "District", "cartodb_id": 35, "created_at": "2015-07-06T09:49:19Z", "updated_at": "2015-07-06T09:49:19Z"}}, {"type": "Feature", "geometry": {"type": "MultiPolygon", "coordinates": [[[[67.218833, 30.443753], [67.192681, 30.368177], [67.280189, 30.332874], [67.277932, 30.207849], [67.412542, 30.176466], [67.432113, 30.051931], [67.354255, 30.004118], [67.376298, 29.921425], [67.277208, 29.928346], [67.237642, 29.977729], [67.12471, 29.944251], [66.960689, 29.980051], [66.948196, 30.04723], [66.835037, 30.069267], [66.729951, 30.148308], [66.683349, 30.139668], [66.505341, 29.809851], [66.433611, 29.854051], [66.268061, 29.872807], [66.358758, 29.974448], [66.239863, 30.086096], [66.350629, 30.185903], [66.468382, 30.158728], [66.523571, 30.222329], [66.650282, 30.172488], [66.702752, 30.188717], [66.859528, 30.468665], [66.917165, 30.473528], [66.9643, 30.393663], [67.048737, 30.373517], [67.125118, 30.437859], [67.218833, 30.443753]]]]}, "properties": {"objectid": 38, "province_territory": "Balochistan", "districts": "Quetta", "shape_leng": 4.383484, "shape_area": 0.351984, "district_agency": "Quetta", "status": "District", "cartodb_id": 36, "created_at": "2015-07-06T09:49:19Z", "updated_at": "2015-07-06T09:49:19Z"}}, {"type": "Feature", "geometry": {"type": "MultiPolygon", "coordinates": [[[[68.398278, 29.936395], [68.402556, 29.905695], [68.568138, 29.828848], [68.572435, 29.732542], [68.432077, 29.624041], [68.265642, 29.628489], [68.193679, 29.584566], [68.099067, 29.419155], [68.177276, 29.374453], [68.086494, 29.34207], [67.983825, 29.375398], [67.875161, 29.33211], [67.876114, 29.4298], [67.811311, 29.462404], [67.779047, 29.596661], [67.508729, 29.715349], [67.439553, 29.89796], [67.376298, 29.921425], [67.354255, 30.004118], [67.432113, 30.051931], [67.519449, 30.030998], [67.561974, 30.092829], [67.673239, 30.126033], [67.791458, 30.062614], [67.778579, 30.017627], [67.972519, 30.021892], [68.011057, 29.960087], [67.976456, 29.839889], [68.028618, 29.816669], [68.064437, 29.888434], [68.272744, 29.932131], [68.398278, 29.936395]]], [[[68.177276, 29.374453], [68.343291, 29.263837], [68.486501, 29.217451], [68.29664, 29.226202], [68.289491, 29.161114], [68.382867, 29.049495], [68.259453, 28.984258], [68.237928, 28.859768], [68.023457, 28.778324], [68.023734, 28.721252], [67.864647, 28.665362], [67.870696, 28.60882], [67.775944, 28.608114], [67.684816, 28.838171], [67.650184, 28.906473], [67.740752, 29.091061], [67.733557, 29.147618], [67.960066, 29.089203], [67.983361, 29.145546], [67.983825, 29.375398], [68.086494, 29.34207], [68.177276, 29.374453]]]]}, "properties": {"objectid": 41, "province_territory": "Balochistan", "districts": "Sibi", "shape_leng": 4.250401, "shape_area": 0.7674300000000001, "district_agency": "Sibi", "status": "District", "cartodb_id": 39, "created_at": "2015-07-06T09:49:19Z", "updated_at": "2015-07-06T09:49:19Z"}}, {"type": "Feature", "geometry": {"type": "MultiPolygon", "coordinates": [[[[70.444377, 33.952014], [70.496121, 33.85248], [70.57056, 33.842143], [70.608814, 33.775461], [70.618827, 33.685159], [70.750601, 33.645584], [70.75062, 33.584551], [70.74192, 33.483971], [70.628304, 33.47617], [70.499123, 33.414181], [70.540894, 33.348337], [70.32416, 33.332889], [70.3154, 33.395565], [70.173575, 33.525055], [70.197022, 33.633598], [70.13697, 33.715069], [70.005639, 33.733532], [69.865737, 33.926909], [69.913476, 34.037937], [70.04618, 34.036715], [70.238823, 33.973144], [70.444377, 33.952014]]]]}, "properties": {"objectid": 53, "province_territory": "Federally Administered Tribal Areas", "districts": "Kurram Agency", "shape_leng": 3.049083, "shape_area": 0.330521, "district_agency": "Kurram Agency", "status": "Agency", "cartodb_id": 51, "created_at": "2015-07-06T09:49:19Z", "updated_at": "2015-07-06T09:49:19Z"}}, {"type": "Feature", "geometry": {"type": "MultiPolygon", "coordinates": [[[[71.641803, 34.536344], [71.706197, 34.44665], [71.533447, 34.308689], [71.490546, 34.222641], [71.412308, 34.16589], [71.305992, 34.167137], [71.315186, 34.260221], [71.242232, 34.327836], [71.168814, 34.335873], [71.006812, 34.461118], [70.995558, 34.554772], [71.087088, 34.590458], [71.114526, 34.710463], [71.172779, 34.730993], [71.269181, 34.655157], [71.524728, 34.678196], [71.543323, 34.54428], [71.641803, 34.536344]]]]}, "properties": {"objectid": 54, "province_territory": "Federally Administered Tribal Areas", "districts": "Mohmand Agency", "shape_leng": 2.519534, "shape_area": 0.221933, "district_agency": "Mohmand Agency", "status": "Agency", "cartodb_id": 52, "created_at": "2015-07-06T09:49:19Z", "updated_at": "2015-07-06T09:49:19Z"}}, {"type": "Feature", "geometry": {"type": "MultiPolygon", "coordinates": [[[[63.73466, 27.236416], [63.723958, 27.235622], [63.419373, 27.194795], [63.248117, 27.208451], [63.184223, 27.241436], [63.058647, 27.233189], [62.977245, 27.19511], [62.821362, 27.21232], [62.781479, 27.251425], [62.855392, 27.465137], [62.801957, 27.888823], [62.868493, 27.930945], [62.887763, 27.949364], [62.897932, 27.961012], [62.898512, 27.961678], [62.934841, 28.001396], [63.0008, 28.056248], [63.015331, 28.069663], [63.020088, 28.073662], [63.032666, 28.083253], [63.056572, 28.101991], [63.065954, 28.109623], [63.205051, 28.182953], [63.26043, 28.276556], [63.823731, 28.305291], [63.923523, 28.379089], [64.006714, 28.382324], [64.126709, 28.467712], [64.407039, 28.523397], [64.498749, 28.61161], [64.811225, 28.695111], [64.91211, 28.682778], [64.913094, 28.682965], [64.913094, 28.682963], [64.912108, 28.682776], [64.925736, 28.673141], [64.940025, 28.655757], [64.961251, 28.618945], [64.998792, 28.448481], [65.063256, 28.464161], [65.211236, 28.508399], [65.278118, 28.405469], [65.280959, 28.208105], [65.35907, 28.110617], [65.452591, 28.180093], [65.733612, 28.313082], [65.738296, 28.314349], [65.74294, 28.315606], [65.889853, 28.357893], [65.831216, 28.214723], [65.90277, 28.172997], [65.885641, 28.067665], [65.964256, 28.041134], [65.960587, 27.938284], [65.809378, 27.812067], [65.691255, 27.582593], [65.710755, 27.528691], [65.592966, 27.417526], [65.538641, 27.257729], [65.347313, 26.983736], [65.336272, 26.895407], [65.280851, 26.888876], [65.181192, 27.022911], [65.084405, 27.032694], [65.014421, 27.182373], [64.693778, 27.004379], [64.495096, 27.112984], [64.500442, 27.153177], [64.500588, 27.155362], [64.499044, 27.165845], [64.484972, 27.200884], [64.426261, 27.287487], [64.328431, 27.238571], [64.124319, 27.070976], [63.996633, 27.088711], [63.903029, 27.14842], [63.825986, 27.256057], [63.743893, 27.238704], [63.73466, 27.236416]]]]}, "properties": {"objectid": 42, "province_territory": "Balochistan", "districts": "Washuk", "shape_leng": 10.025232, "shape_area": 3.573732, "district_agency": "Washuk", "status": "District", "cartodb_id": 40, "created_at": "2015-07-06T09:49:19Z", "updated_at": "2015-07-06T09:49:19Z"}}, {"type": "Feature", "geometry": {"type": "MultiPolygon", "coordinates": [[[[69.546152, 31.956688], [69.62171, 31.840328], [69.531311, 31.521212], [69.569398, 31.356721], [69.722992, 31.325514], [69.719628, 31.273564], [69.696227, 31.181444], [69.718232, 30.984874], [69.635361, 30.846792], [69.531876, 30.74824], [69.530357, 30.663017], [69.468649, 30.540487], [69.527838, 30.53826], [69.561126, 30.448367], [69.326238, 30.621048], [69.224618, 30.627064], [69.141242, 30.691128], [69.057008, 30.756782], [69.251815, 30.839299], [69.304001, 30.985998], [69.214577, 31.088527], [69.111479, 31.143227], [68.80246, 31.152321], [68.704318, 31.09766], [68.665634, 31.189421], [68.656121, 31.332252], [68.595489, 31.35574], [68.381057, 31.283446], [68.237725, 31.327022], [68.020705, 31.496145], [67.817394, 31.597377], [67.949922, 31.633414], [68.064086, 31.699399], [68.17749, 31.814499], [68.286606, 31.756998], [68.463677, 31.748125], [68.570143, 31.827966], [68.701844, 31.769878], [68.716987, 31.696645], [68.804938, 31.60998], [68.900636, 31.601245], [69.117943, 31.703262], [69.197607, 31.848397], [69.320921, 31.951891], [69.523117, 31.975599], [69.546152, 31.956688]]]]}, "properties": {"objectid": 43, "province_territory": "Balochistan", "districts": "Zhob", "shape_leng": 7.769499, "shape_area": 1.131691, "district_agency": "Zhob", "status": "District", "cartodb_id": 41, "created_at": "2015-07-06T09:49:19Z", "updated_at": "2015-07-06T09:49:19Z"}}, {"type": "Feature", "geometry": {"type": "MultiPolygon", "coordinates": [[[[67.700951, 30.593492], [67.780007, 30.503678], [67.949958, 30.487045], [68.034211, 30.542917], [68.226618, 30.529082], [68.241078, 30.457353], [68.56658, 30.292339], [68.462015, 30.189302], [68.333284, 30.163496], [68.208198, 30.173775], [68.098751, 30.261092], [67.868878, 30.34455], [67.757059, 30.355923], [67.583037, 30.27726], [67.489936, 30.315366], [67.280189, 30.332874], [67.192681, 30.368177], [67.218833, 30.443753], [67.274797, 30.531756], [67.36722, 30.586382], [67.449594, 30.584963], [67.528002, 30.516242], [67.58879, 30.587318], [67.700951, 30.593492]]]]}, "properties": {"objectid": 44, "province_territory": "Balochistan", "districts": "Ziarat", "shape_leng": 3.664366, "shape_area": 0.30705, "district_agency": "Ziarat", "status": "District", "cartodb_id": 42, "created_at": "2015-07-06T09:49:19Z", "updated_at": "2015-07-06T09:49:19Z"}}, {"type": "Feature", "geometry": {"type": "MultiPolygon", "coordinates": [[[[71.760085, 34.656015], [71.678886, 34.618912], [71.641803, 34.536344], [71.543323, 34.54428], [71.524728, 34.678196], [71.269181, 34.655157], [71.172779, 34.730993], [71.279456, 34.805015], [71.30986, 34.878825], [71.510321, 34.985021], [71.61241, 34.825474], [71.762458, 34.786801], [71.760085, 34.656015]]]]}, "properties": {"objectid": 45, "province_territory": "Federally Administered Tribal Areas", "districts": "Bajaur Agency", "shape_leng": 2.060383, "shape_area": 0.134514, "district_agency": "Bajaur Agency", "status": "Agency", "cartodb_id": 43, "created_at": "2015-07-06T09:49:19Z", "updated_at": "2015-07-06T09:49:19Z"}}, {"type": "Feature", "geometry": {"type": "MultiPolygon", "coordinates": [[[[71.728381, 32.198792], [71.778809, 32.138678], [71.769323, 32.046968], [71.623831, 31.850819], [71.715439, 31.812272], [71.754371, 31.695951], [71.988914, 31.531419], [72.023901, 31.331191], [71.990808, 31.253103], [71.87159, 31.263729], [71.76426, 31.157179], [71.538409, 31.242663], [71.443792, 31.152539], [71.305389, 31.149479], [71.192918, 31.312401], [71.196671, 31.36348], [71.09376, 31.381534], [70.835406, 31.383013], [70.892647, 31.437344], [70.882538, 31.63785], [71.060623, 31.881832], [71.11216, 32.160915], [71.174308, 32.204968], [71.321124, 32.173933], [71.33589, 32.202236], [71.52389, 32.22156], [71.728381, 32.198792]]]]}, "properties": {"objectid": 94, "province_territory": "Punjab", "districts": "Bhakkar", "shape_leng": 4.689864, "shape_area": 0.805751, "district_agency": "Bhakkar", "status": "District", "cartodb_id": 92, "created_at": "2015-07-06T09:49:19Z", "updated_at": "2015-07-06T09:49:19Z"}}, {"type": "Feature", "geometry": {"type": "MultiPolygon", "coordinates": [[[[70.540894, 33.348337], [70.626948, 33.260249], [70.518988, 33.191247], [70.414935, 33.057547], [70.320916, 32.785417], [70.261391, 32.730044], [70.146276, 32.731273], [70.050921, 32.668512], [69.980541, 32.703562], [69.841406, 32.657407], [69.717965, 32.713783], [69.601538, 32.641507], [69.610925, 32.590325], [69.504242, 32.560094], [69.410386, 32.606323], [69.451232, 32.663176], [69.395211, 32.78159], [69.530539, 32.861173], [69.492035, 32.942687], [69.507103, 33.029037], [69.580055, 33.097569], [69.721723, 33.093028], [69.786531, 33.127544], [69.875533, 33.095702], [70.023077, 33.14327], [70.067283, 33.213516], [70.155737, 33.221195], [70.32416, 33.332889], [70.540894, 33.348337]]]]}, "properties": {"objectid": 55, "province_territory": "Federally Administered Tribal Areas", "districts": "North Waziristan Agency", "shape_leng": 3.885018, "shape_area": 0.475396, "district_agency": "North Waziristan Agency", "status": "Agency", "cartodb_id": 53, "created_at": "2015-07-06T09:49:19Z", "updated_at": "2015-07-06T09:49:19Z"}}, {"type": "Feature", "geometry": {"type": "MultiPolygon", "coordinates": [[[[70.3857, 32.765611], [70.372559, 32.707602], [70.283912, 32.639262], [70.199596, 32.625983], [70.112023, 32.52449], [70.058842, 32.238407], [70.096254, 32.216172], [70.124367, 32.024391], [70.182985, 32.006411], [70.211977, 31.815433], [69.956453, 31.894506], [69.855827, 31.892056], [69.880524, 31.981709], [69.800369, 32.022572], [69.852486, 32.100616], [69.679548, 32.072944], [69.546152, 31.956688], [69.523117, 31.975599], [69.320921, 31.951891], [69.272841, 32.151006], [69.280837, 32.356386], [69.240699, 32.461389], [69.285208, 32.532982], [69.410386, 32.606323], [69.504242, 32.560094], [69.610925, 32.590325], [69.601538, 32.641507], [69.717965, 32.713783], [69.841406, 32.657407], [69.980541, 32.703562], [70.050921, 32.668512], [70.146276, 32.731273], [70.261391, 32.730044], [70.3857, 32.765611]]]]}, "properties": {"objectid": 57, "province_territory": "Federally Administered Tribal Areas", "districts": "South Waziristan Agency", "shape_leng": 4.831869, "shape_area": 0.596064, "district_agency": "South Waziristan Agency", "status": "Agency", "cartodb_id": 55, "created_at": "2015-07-06T09:49:19Z", "updated_at": "2015-07-06T09:49:19Z"}}, {"type": "Feature", "geometry": {"type": "MultiPolygon", "coordinates": [[[[74.739098, 35.720865], [74.86878, 35.699098], [74.834412, 35.600806], [75.166979, 35.334741], [75.170309, 35.226665], [75.211792, 35.190015], [75.211188, 34.951386], [75.104334, 34.900668], [75.234839, 34.803513], [75.256767, 34.68816], [75.207354, 34.646329], [75.018744, 34.641499], [74.864879, 34.679933], [74.722771, 34.860939], [74.603249, 34.919315], [74.574615, 35.018665], [74.437629, 35.1312], [74.485234, 35.21726], [74.638286, 35.258959], [74.731537, 35.384288], [74.704501, 35.478227], [74.615986, 35.624154], [74.64768, 35.70895], [74.623164, 35.790975], [74.736807, 35.852608], [74.739098, 35.720865]]]]}, "properties": {"objectid": 58, "province_territory": "Gilgit-Baltistan", "districts": "Astor", "shape_leng": 4.400488, "shape_area": 0.507672, "district_agency": "Astor", "status": "District", "cartodb_id": 56, "created_at": "2015-07-06T09:49:19Z", "updated_at": "2015-07-06T09:49:19Z"}}, {"type": "Feature", "geometry": {"type": "MultiPolygon", "coordinates": [[[[75.949325, 36.073856], [75.979841, 36.032256], [76.101071, 36.019376], [76.161813, 35.909537], [76.144139, 35.83409], [76.428895, 35.852392], [76.546356, 35.920073], [76.594978, 35.896682], [76.591124, 35.773023], [76.690515, 35.748444], [76.758621, 35.656711], [76.846336, 35.669006], [76.900217, 35.619099], [76.843695, 35.585366], [76.72953, 35.422006], [76.654377, 35.529082], [76.445842, 35.687721], [76.228475, 35.59396], [76.156215, 35.522771], [76.016436, 35.46305], [75.996394, 35.35953], [75.913577, 35.225411], [75.988657, 35.150513], [76.394694, 35.013443], [76.483917, 34.793132], [76.316139, 34.731627], [76.157914, 34.643411], [76.036461, 34.670266], [75.749208, 34.515832], [75.394974, 34.54881], [75.207354, 34.646329], [75.256767, 34.68816], [75.234839, 34.803513], [75.104334, 34.900668], [75.211188, 34.951386], [75.211792, 35.190015], [75.170309, 35.226665], [75.166979, 35.334741], [74.834412, 35.600806], [74.86878, 35.699098], [74.739098, 35.720865], [74.830883, 35.758421], [74.966542, 35.864726], [74.893695, 36.00427], [74.915218, 36.040457], [75.144417, 36.068798], [75.193908, 36.191573], [75.33272, 36.245229], [75.485858, 36.140655], [75.683023, 36.139166], [75.778947, 36.016868], [75.865725, 36.019421], [75.949325, 36.073856]]]]}, "properties": {"objectid": 59, "province_territory": "Gilgit-Baltistan", "districts": "Skardu", "shape_leng": 9.022782, "shape_area": 1.834008, "district_agency": "Skardu", "status": "District", "cartodb_id": 57, "created_at": "2015-07-06T09:49:19Z", "updated_at": "2015-07-06T09:49:19Z"}}, {"type": "Feature", "geometry": {"type": "MultiPolygon", "coordinates": [[[[73.945108, 35.849672], [74.16884, 35.71347], [74.233156, 35.629485], [74.382335, 35.572603], [74.535449, 35.573891], [74.615986, 35.624154], [74.704501, 35.478227], [74.731537, 35.384288], [74.638286, 35.258959], [74.485234, 35.21726], [74.437629, 35.1312], [74.375076, 35.061256], [74.248573, 35.03936], [74.115912, 35.12306], [73.959738, 35.181902], [73.781097, 35.240546], [73.730544, 35.219713], [73.701934, 35.394714], [73.705261, 35.40471], [73.803041, 35.50305], [73.547485, 35.553047], [73.534715, 35.553322], [73.295821, 35.607497], [73.117201, 35.738327], [73.12436, 35.837696], [73.253808, 35.86257], [73.26616, 35.939999], [73.329429, 35.94723], [73.406859, 35.884262], [73.517429, 35.858352], [73.83272, 35.878688], [73.945108, 35.849672]]]]}, "properties": {"objectid": 60, "province_territory": "Gilgit-Baltistan", "districts": "Diamir", "shape_leng": 4.906035, "shape_area": 0.692399, "district_agency": "Diamir", "status": "District", "cartodb_id": 58, "created_at": "2015-07-06T09:49:19Z", "updated_at": "2015-07-06T09:49:19Z"}}, {"type": "Feature", "geometry": {"type": "MultiPolygon", "coordinates": [[[[76.900217, 35.619099], [77.061493, 35.59643], [77.192918, 35.520083], [77.304853, 35.541303], [77.37697, 35.477885], [77.516139, 35.483019], [77.687975, 35.44921], [77.125984, 35.04299], [77.013788, 35.035121], [77.01014, 34.956288], [76.863153, 34.970836], [76.749368, 34.926598], [76.74469, 34.844731], [76.671639, 34.757421], [76.483917, 34.793132], [76.394694, 35.013443], [75.988657, 35.150513], [75.913577, 35.225411], [75.996394, 35.35953], [76.016436, 35.46305], [76.156215, 35.522771], [76.228475, 35.59396], [76.445842, 35.687721], [76.654377, 35.529082], [76.72953, 35.422006], [76.843695, 35.585366], [76.900217, 35.619099]]]]}, "properties": {"objectid": 61, "province_territory": "Gilgit-Baltistan", "districts": "Ghanchi", "shape_leng": 5.130986, "shape_area": 0.859157, "district_agency": "Ghanchi", "status": "District", "cartodb_id": 59, "created_at": "2015-07-06T09:49:19Z", "updated_at": "2015-07-06T09:49:19Z"}}, {"type": "Feature", "geometry": {"type": "MultiPolygon", "coordinates": [[[[74.045255, 36.828867], [74.203562, 36.675843], [74.316883, 36.627239], [74.128022, 36.522622], [74.080839, 36.377578], [74.031097, 36.260698], [74.118781, 36.136273], [74.082465, 35.9616], [74.006167, 35.947471], [73.945108, 35.849672], [73.83272, 35.878688], [73.517429, 35.858352], [73.406859, 35.884262], [73.329429, 35.94723], [73.26616, 35.939999], [73.253808, 35.86257], [73.12436, 35.837696], [72.811095, 35.857215], [72.732449, 35.831792], [72.570266, 35.848601], [72.516661, 35.896941], [72.514471, 35.898814], [72.566939, 36.007507], [72.521913, 36.072228], [72.538575, 36.186929], [72.539317, 36.196012], [72.567214, 36.2483], [72.663315, 36.259399], [72.746355, 36.318534], [72.754701, 36.322142], [72.850801, 36.375708], [72.875243, 36.452897], [72.954972, 36.469255], [73.07303, 36.605277], [73.047471, 36.671082], [73.141922, 36.718826], [73.230256, 36.709632], [73.37137, 36.749322], [73.854704, 36.7138], [73.840272, 36.791313], [73.696352, 36.846856], [73.639549, 36.903254], [73.846581, 36.898614], [74.045255, 36.828867]]]]}, "properties": {"objectid": 62, "province_territory": "Gilgit-Baltistan", "districts": "Ghizer", "shape_leng": 6.224834, "shape_area": 1.208744, "district_agency": "Ghizer", "status": "District", "cartodb_id": 60, "created_at": "2015-07-06T09:49:19Z", "updated_at": "2015-07-06T09:49:19Z"}}, {"type": "Feature", "geometry": {"type": "MultiPolygon", "coordinates": [[[[74.678229, 36.095801], [74.68225, 36.094146], [74.687453, 36.092963], [74.691711, 36.091781], [74.893695, 36.00427], [74.966542, 35.864726], [74.830883, 35.758421], [74.739098, 35.720865], [74.736807, 35.852608], [74.623164, 35.790975], [74.64768, 35.70895], [74.615986, 35.624154], [74.535449, 35.573891], [74.382335, 35.572603], [74.233156, 35.629485], [74.16884, 35.71347], [73.945108, 35.849672], [74.006167, 35.947471], [74.082465, 35.9616], [74.118781, 36.136273], [74.031097, 36.260698], [74.080839, 36.377578], [74.218714, 36.177107], [74.354035, 36.16844], [74.428094, 36.072715], [74.495456, 36.144016], [74.608694, 36.143814], [74.678229, 36.095801]]]]}, "properties": {"objectid": 63, "province_territory": "Gilgit-Baltistan", "districts": "Gilgit", "shape_leng": 3.826429, "shape_area": 0.400978, "district_agency": "Gilgit", "status": "District", "cartodb_id": 61, "created_at": "2015-07-06T09:49:19Z", "updated_at": "2015-07-06T09:49:19Z"}}, {"type": "Feature", "geometry": {"type": "MultiPolygon", "coordinates": [[[[75.949325, 36.073856], [75.865725, 36.019421], [75.778947, 36.016868], [75.683023, 36.139166], [75.485858, 36.140655], [75.33272, 36.245229], [75.193908, 36.191573], [75.144417, 36.068798], [74.915218, 36.040457], [74.893695, 36.00427], [74.691711, 36.091781], [74.687453, 36.092963], [74.68225, 36.094146], [74.678229, 36.095801], [74.608694, 36.143814], [74.495456, 36.144016], [74.428094, 36.072715], [74.354035, 36.16844], [74.218714, 36.177107], [74.080839, 36.377578], [74.128022, 36.522622], [74.316883, 36.627239], [74.203562, 36.675843], [74.045255, 36.828867], [74.127427, 36.848104], [74.152039, 36.909848], [74.263993, 36.904452], [74.427873, 36.997636], [74.517356, 36.998909], [74.70626, 37.084797], [74.736333, 37.028292], [74.9247, 36.978472], [75.168859, 37.014111], [75.241778, 36.963597], [75.410281, 36.954731], [75.422434, 36.779051], [75.455163, 36.721347], [75.534343, 36.77359], [75.720722, 36.751063], [75.93965, 36.600834], [76.031786, 36.409688], [75.988167, 36.352573], [76.052223, 36.25329], [76.013509, 36.166141], [75.93359, 36.135547], [75.949325, 36.073856]]]]}, "properties": {"objectid": 64, "province_territory": "Gilgit-Baltistan", "districts": "Hunza Nagar", "shape_leng": 6.910112, "shape_area": 1.452916, "district_agency": "Hunza Nagar", "status": "District", "cartodb_id": 62, "created_at": "2015-07-06T09:49:19Z", "updated_at": "2015-07-06T09:49:19Z"}}, {"type": "Feature", "geometry": {"type": "MultiPolygon", "coordinates": [[[[73.494405, 34.107015], [73.512008, 34.017673], [73.402634, 33.97599], [73.299973, 33.845631], [73.209337, 33.8161], [73.1955, 33.85348], [73.195604, 33.854192], [73.18473, 33.90147], [73.09679, 33.89329], [73.09597, 33.89349], [73.098073, 33.938691], [73.09854, 33.93998], [73.130349, 33.961911], [73.131015, 33.962691], [73.08412, 34.02844], [73.08232, 34.02911], [73.07295, 34.03204], [73.0722, 34.03241], [73.069095, 34.112265], [73.067635, 34.113725], [72.971793, 34.182993], [72.97161, 34.1836], [72.990078, 34.210414], [73.19611, 34.23567], [73.398158, 34.374062], [73.464707, 34.275269], [73.494405, 34.107015]]]]}, "properties": {"objectid": 66, "province_territory": "Khyber Pakhtunkhwa", "districts": "Abbottabad", "shape_leng": 2.52451, "shape_area": 0.160185, "district_agency": "Abbottabad", "status": "District", "cartodb_id": 64, "created_at": "2015-07-06T09:49:19Z", "updated_at": "2015-07-06T09:49:19Z"}}, {"type": "Feature", "geometry": {"type": "MultiPolygon", "coordinates": [[[[73.489565, 34.896128], [73.385506, 34.789871], [73.318214, 34.657382], [73.21994, 34.739252], [73.11058, 34.643677], [73.088761, 34.566907], [72.939094, 34.564987], [72.905293, 34.595659], [72.876408, 34.765226], [72.997619, 34.847866], [72.878057, 34.918533], [72.885861, 34.915699], [72.888319, 34.914854], [73.051508, 34.967313], [73.110737, 34.927909], [73.39864, 34.926766], [73.489565, 34.896128]]]]}, "properties": {"objectid": 68, "province_territory": "Khyber Pakhtunkhwa", "districts": "Batagram", "shape_leng": 2.27903, "shape_area": 0.146275, "district_agency": "Batagram", "status": "District", "cartodb_id": 66, "created_at": "2015-07-06T09:49:19Z", "updated_at": "2015-07-06T09:49:19Z"}}, {"type": "Feature", "geometry": {"type": "MultiPolygon", "coordinates": [[[[72.19991, 34.090939], [72.24668, 34.0868], [72.208679, 33.979241], [72.234527, 33.900535], [72.234299, 33.786308], [72.096123, 33.785351], [72.009993, 33.714644], [71.94709, 33.73329], [71.813217, 33.698059], [71.860191, 33.748581], [71.75225, 33.851821], [71.721054, 34.092898], [71.81656, 34.07471], [71.943674, 34.14077], [72.03521, 34.08043], [72.19991, 34.090939]]]]}, "properties": {"objectid": 83, "province_territory": "Khyber Pakhtunkhwa", "districts": "Nowshera", "shape_leng": 2.344644, "shape_area": 0.168261, "district_agency": "Nowshera", "status": "District", "cartodb_id": 81, "created_at": "2015-07-06T09:49:19Z", "updated_at": "2015-07-06T09:49:19Z"}}, {"type": "Feature", "geometry": {"type": "MultiPolygon", "coordinates": [[[[72.530776, 34.705422], [72.529755, 34.702947], [72.585019, 34.636126], [72.587281, 34.637104], [72.643755, 34.646795], [72.644538, 34.646874], [72.697001, 34.621536], [72.697579, 34.620427], [72.729778, 34.537191], [72.718785, 34.459269], [72.71774, 34.458127], [72.740834, 34.357191], [72.741327, 34.35595], [72.707353, 34.300965], [72.706972, 34.301059], [72.68694, 34.30056], [72.685458, 34.300645], [72.569962, 34.21324], [72.57286, 34.21154], [72.540676, 34.15072], [72.41512, 34.18623], [72.43809, 34.24564], [72.439328, 34.246532], [72.468934, 34.32005], [72.470371, 34.320509], [72.48426, 34.344867], [72.48431, 34.345827], [72.431853, 34.380565], [72.43031, 34.3812], [72.429386, 34.382583], [72.413898, 34.409556], [72.41243, 34.40949], [72.340268, 34.438467], [72.338389, 34.439074], [72.22356, 34.45434], [72.202853, 34.513187], [72.216578, 34.567888], [72.34877, 34.62279], [72.42424, 34.68933], [72.47157, 34.67442], [72.50026, 34.71153], [72.51934, 34.70595], [72.52599, 34.70621], [72.53039, 34.7058], [72.530776, 34.705422]]]]}, "properties": {"objectid": 69, "province_territory": "Khyber Pakhtunkhwa", "districts": "Buner", "shape_leng": 2.344769, "shape_area": 0.170621, "district_agency": "Buner", "status": "District", "cartodb_id": 67, "created_at": "2015-07-06T09:49:19Z", "updated_at": "2015-07-06T09:49:19Z"}}, {"type": "Feature", "geometry": {"type": "MultiPolygon", "coordinates": [[[[72.754701, 36.322142], [72.746355, 36.318534], [72.663315, 36.259399], [72.567214, 36.2483], [72.539317, 36.196012], [72.538575, 36.186929], [72.521913, 36.072228], [72.566939, 36.007507], [72.514471, 35.898814], [72.361735, 35.760095], [72.291521, 35.765325], [72.123057, 35.785724], [72.107378, 35.686551], [71.949081, 35.578106], [71.94805, 35.576634], [71.917134, 35.537064], [71.917134, 35.53571], [71.862664, 35.362538], [71.862493, 35.36158], [71.80963, 35.362917], [71.749895, 35.248502], [71.673294, 35.215422], [71.5558, 35.312853], [71.648947, 35.452468], [71.593398, 35.497517], [71.612237, 35.573236], [71.499481, 35.626418], [71.546669, 35.720227], [71.376725, 35.956122], [71.201416, 36.035779], [71.245444, 36.122768], [71.347444, 36.172559], [71.441643, 36.269517], [71.56874, 36.329487], [71.556137, 36.36914], [71.656196, 36.478223], [71.795791, 36.400595], [71.832069, 36.505457], [71.935304, 36.560879], [72.106233, 36.605736], [72.102913, 36.648546], [72.214461, 36.664235], [72.241364, 36.753483], [72.495225, 36.777558], [72.656167, 36.849842], [72.882636, 36.841081], [73.071746, 36.889041], [73.639549, 36.903254], [73.696352, 36.846856], [73.840272, 36.791313], [73.854704, 36.7138], [73.37137, 36.749322], [73.230256, 36.709632], [73.141922, 36.718826], [73.047471, 36.671082], [73.07303, 36.605277], [72.954972, 36.469255], [72.875243, 36.452897], [72.850801, 36.375708], [72.754701, 36.322142]]]]}, "properties": {"objectid": 71, "province_territory": "Khyber Pakhtunkhwa", "districts": "Chitral", "shape_leng": 8.32914, "shape_area": 1.472802, "district_agency": "Chitral", "status": "District", "cartodb_id": 69, "created_at": "2015-07-06T09:49:19Z", "updated_at": "2015-07-06T09:49:19Z"}}, {"type": "Feature", "geometry": {"type": "MultiPolygon", "coordinates": [[[[74.441927, 32.791917], [74.454871, 32.673749], [74.33622, 32.591939], [74.209755, 32.55367], [74.057803, 32.484228], [73.996348, 32.42472], [73.897081, 32.398323], [73.590277, 32.747462], [73.633391, 32.841688], [73.805817, 33.008887], [73.825441, 33.013348], [73.9422, 33.021935], [73.986375, 32.961664], [74.314989, 32.818887], [74.371665, 32.77111], [74.441927, 32.791917]]]]}, "properties": {"objectid": 100, "province_territory": "Punjab", "districts": "Gujrat", "shape_leng": 2.574443, "shape_area": 0.30476, "district_agency": "Gujrat", "status": "District", "cartodb_id": 98, "created_at": "2015-07-06T09:49:19Z", "updated_at": "2015-07-06T09:49:19Z"}}, {"type": "Feature", "geometry": {"type": "MultiPolygon", "coordinates": [[[[71.174308, 32.204968], [71.11216, 32.160915], [71.060623, 31.881832], [70.882538, 31.63785], [70.892647, 31.437344], [70.835406, 31.383013], [70.774742, 31.305745], [70.70475, 31.337978], [70.558418, 31.340155], [70.422729, 31.244942], [70.397537, 31.259741], [70.277733, 31.67893], [70.205406, 31.745781], [70.211977, 31.815433], [70.182985, 32.006411], [70.270459, 32.087346], [70.396969, 32.076452], [70.570911, 32.13519], [70.591182, 32.230031], [70.672906, 32.27452], [70.961177, 32.356564], [71.174991, 32.44469], [71.231963, 32.512041], [71.323479, 32.533955], [71.327126, 32.404701], [71.173027, 32.251572], [71.174308, 32.204968]]], [[[70.211977, 31.815433], [70.205406, 31.745781], [70.277733, 31.67893], [70.397537, 31.259741], [70.422729, 31.244942], [70.404541, 31.199835], [70.287514, 31.165497], [70.262482, 31.201124], [70.278625, 31.397528], [70.260788, 31.507456], [70.052424, 31.398349], [70.018135, 31.508099], [69.939713, 31.545603], [69.956453, 31.894506], [70.211977, 31.815433]]]]}, "properties": {"objectid": 72, "province_territory": "Khyber Pakhtunkhwa", "districts": "Dera Ismail Khan", "shape_leng": 4.671693, "shape_area": 0.8600080000000001, "district_agency": "Dera Ismail Khan", "status": "District", "cartodb_id": 70, "created_at": "2015-07-06T09:49:19Z", "updated_at": "2015-07-06T09:49:19Z"}}, {"type": "Feature", "geometry": {"type": "MultiPolygon", "coordinates": [[[[72.823769, 34.361953], [72.825191, 34.360577], [72.851552, 34.302857], [72.85176, 34.301547], [72.859796, 34.291044], [72.861956, 34.290423], [72.990078, 34.210414], [72.97161, 34.1836], [72.971793, 34.182993], [73.067635, 34.113725], [73.069095, 34.112265], [73.0722, 34.03241], [73.07295, 34.03204], [73.08232, 34.02911], [73.08412, 34.02844], [73.131015, 33.962691], [73.130349, 33.961911], [73.09854, 33.93998], [73.098073, 33.938691], [73.09597, 33.89349], [73.09679, 33.89329], [73.18473, 33.90147], [73.195604, 33.854192], [73.1955, 33.85348], [73.209337, 33.8161], [73.168472, 33.804508], [73.13105, 33.79887], [73.125, 33.793011], [72.91642, 33.72937], [72.886292, 33.75964], [72.888412, 33.76194], [72.870132, 33.81744], [72.871834, 33.825909], [72.8219, 33.829083], [72.832619, 33.874931], [72.833763, 33.878948], [72.832741, 33.887291], [72.81692, 33.888243], [72.808838, 33.888729], [72.805733, 33.88522], [72.772118, 33.94809], [72.768646, 33.94952], [72.644142, 33.85751], [72.614891, 33.950218], [72.606857, 33.95282], [72.549178, 33.993831], [72.61858, 34.00936], [72.619761, 34.009922], [72.674842, 34.055897], [72.681108, 34.061227], [72.69758, 34.08149], [72.69911, 34.08434], [72.751286, 34.137145], [72.75145, 34.14279], [72.74861, 34.29111], [72.748859, 34.295223], [72.707569, 34.300912], [72.707353, 34.300965], [72.741327, 34.35595], [72.74136, 34.355867], [72.820505, 34.366616], [72.823769, 34.361953]]]]}, "properties": {"objectid": 74, "province_territory": "Khyber Pakhtunkhwa", "districts": "Haripur", "shape_leng": 3.286533, "shape_area": 0.194115, "district_agency": "Haripur", "status": "District", "cartodb_id": 72, "created_at": "2015-07-06T09:49:19Z", "updated_at": "2015-07-06T09:49:19Z"}}, {"type": "Feature", "geometry": {"type": "MultiPolygon", "coordinates": [[[[71.44458, 33.240429], [71.407043, 33.19381], [71.469627, 33.051529], [71.432213, 33.004002], [71.318237, 33.016701], [71.165489, 32.960201], [71.110291, 32.810032], [71.00003, 32.81362], [70.954883, 32.871172], [70.915501, 33.01377], [70.84123, 33.02656], [70.795443, 33.095975], [70.878273, 33.181992], [70.750381, 33.217209], [70.77941, 33.33819], [70.88344, 33.30839], [70.904911, 33.354332], [71.041036, 33.361976], [71.062416, 33.394995], [71.107402, 33.367997], [71.31314, 33.34346], [71.44819, 33.29851], [71.44458, 33.240429]]]]}, "properties": {"objectid": 75, "province_territory": "Khyber Pakhtunkhwa", "districts": "Karak", "shape_leng": 2.843576, "shape_area": 0.255925, "district_agency": "Karak", "status": "District", "cartodb_id": 73, "created_at": "2015-07-06T09:49:19Z", "updated_at": "2015-07-06T09:49:19Z"}}, {"type": "Feature", "geometry": {"type": "MultiPolygon", "coordinates": [[[[71.395179, 33.651446], [71.601994, 33.603451], [71.604156, 33.54129], [71.833203, 33.609583], [71.779347, 33.680114], [71.813217, 33.698059], [71.94709, 33.73329], [72.009993, 33.714644], [71.967087, 33.536591], [71.832352, 33.409142], [71.735649, 33.365452], [71.705093, 33.284908], [71.761414, 33.185471], [71.718483, 33.05983], [71.63726, 33.085491], [71.555977, 33.227341], [71.44458, 33.240429], [71.44819, 33.29851], [71.31314, 33.34346], [71.107402, 33.367997], [71.062416, 33.394995], [71.14966, 33.5086], [71.130175, 33.596791], [71.122952, 33.736998], [71.212173, 33.72216], [71.331123, 33.625851], [71.395179, 33.651446]]], [[[71.50301, 33.751187], [71.54357, 33.727919], [71.584288, 33.679056], [71.689879, 33.657184], [71.779347, 33.680114], [71.833203, 33.609583], [71.604156, 33.54129], [71.601994, 33.603451], [71.395179, 33.651446], [71.349451, 33.764073], [71.50301, 33.751187]]]]}, "properties": {"objectid": 76, "province_territory": "Khyber Pakhtunkhwa", "districts": "Kohat", "shape_leng": 4.332318, "shape_area": 0.333568, "district_agency": "Kohat", "status": "District", "cartodb_id": 74, "created_at": "2015-07-06T09:49:19Z", "updated_at": "2015-07-06T09:49:19Z"}}, {"type": "Feature", "geometry": {"type": "MultiPolygon", "coordinates": [[[[73.534715, 35.553322], [73.547485, 35.553047], [73.803041, 35.50305], [73.705261, 35.40471], [73.701934, 35.394714], [73.730544, 35.219713], [73.781097, 35.240546], [73.959738, 35.181902], [73.91251, 35.098429], [73.846358, 35.086279], [73.817302, 35.003521], [73.710818, 35.02742], [73.662487, 34.98087], [73.562495, 34.979764], [73.489565, 34.896128], [73.39864, 34.926766], [73.110737, 34.927909], [73.051508, 34.967313], [72.888319, 34.914854], [72.885861, 34.915699], [72.878057, 34.918533], [72.905855, 34.970706], [72.810126, 34.995053], [72.79616, 35.1105], [72.722838, 35.158827], [72.68754, 35.19156], [72.68828, 35.19286], [72.750062, 35.260309], [72.786108, 35.376597], [72.727608, 35.401562], [72.725485, 35.401597], [72.720987, 35.417515], [72.721392, 35.418713], [72.815247, 35.578537], [72.800184, 35.674642], [72.708416, 35.762027], [72.732449, 35.831792], [72.811095, 35.857215], [73.12436, 35.837696], [73.117201, 35.738327], [73.295821, 35.607497], [73.534715, 35.553322]]]]}, "properties": {"objectid": 77, "province_territory": "Khyber Pakhtunkhwa", "districts": "Kohistan", "shape_leng": 4.834159, "shape_area": 0.747198, "district_agency": "Kohistan", "status": "District", "cartodb_id": 75, "created_at": "2015-07-06T09:49:19Z", "updated_at": "2015-07-06T09:49:19Z"}}, {"type": "Feature", "geometry": {"type": "MultiPolygon", "coordinates": [[[[70.954883, 32.871172], [71.00003, 32.81362], [71.110291, 32.810032], [71.163933, 32.599079], [71.231963, 32.512041], [71.174991, 32.44469], [70.961177, 32.356564], [70.672906, 32.27452], [70.711508, 32.349636], [70.597405, 32.435043], [70.604599, 32.475122], [70.499952, 32.6022], [70.400101, 32.72879], [70.519034, 32.760444], [70.535514, 32.806446], [70.685352, 32.842473], [70.733054, 32.796735], [70.874135, 32.878455], [70.954883, 32.871172]]], [[[70.499952, 32.6022], [70.357173, 32.574946], [70.283912, 32.639262], [70.372559, 32.707602], [70.400101, 32.72879], [70.499952, 32.6022]]]]}, "properties": {"objectid": 78, "province_territory": "Khyber Pakhtunkhwa", "districts": "Lakki Marwat", "shape_leng": 2.932319, "shape_area": 0.320826, "district_agency": "Lakki Marwat", "status": "District", "cartodb_id": 76, "created_at": "2015-07-06T09:49:19Z", "updated_at": "2015-07-06T09:49:19Z"}}, {"type": "Feature", "geometry": {"type": "MultiPolygon", "coordinates": [[[[72.127923, 34.866849], [72.171637, 34.831657], [72.172027, 34.831423], [72.192832, 34.801894], [72.192956, 34.801386], [72.187269, 34.7895], [72.186985, 34.788622], [72.093149, 34.669529], [72.01112, 34.62152], [71.8346, 34.61342], [71.760085, 34.656015], [71.762458, 34.786801], [71.61241, 34.825474], [71.510321, 34.985021], [71.554585, 35.029538], [71.725677, 35.027371], [71.821153, 35.068952], [71.926459, 34.987297], [71.91833, 34.924793], [72.067565, 34.8335], [72.127923, 34.866849]]]]}, "properties": {"objectid": 79, "province_territory": "Khyber Pakhtunkhwa", "districts": "Lower Dir", "shape_leng": 2.100559, "shape_area": 0.15815, "district_agency": "Lower Dir", "status": "District", "cartodb_id": 77, "created_at": "2015-07-06T09:49:19Z", "updated_at": "2015-07-06T09:49:19Z"}}, {"type": "Feature", "geometry": {"type": "MultiPolygon", "coordinates": [[[[72.135108, 34.66421], [72.134238, 34.662645], [72.15267, 34.57285], [72.216578, 34.567888], [72.202853, 34.513187], [72.09029, 34.49298], [72.01816, 34.52944], [71.95257, 34.43893], [71.832378, 34.364372], [71.75624, 34.45503], [71.706197, 34.44665], [71.641803, 34.536344], [71.678886, 34.618912], [71.760085, 34.656015], [71.8346, 34.61342], [72.01112, 34.62152], [72.093149, 34.669529], [72.135108, 34.66421]]]]}, "properties": {"objectid": 80, "province_territory": "Khyber Pakhtunkhwa", "districts": "Malakand", "shape_leng": 1.842116, "shape_area": 0.088939, "district_agency": "Malakand", "status": "District", "cartodb_id": 78, "created_at": "2015-07-06T09:49:19Z", "updated_at": "2015-07-06T09:49:19Z"}}, {"type": "Feature", "geometry": {"type": "MultiPolygon", "coordinates": [[[[73.897081, 32.398323], [73.676618, 32.339903], [73.514178, 32.265822], [73.435545, 32.185091], [73.308027, 32.122105], [73.217052, 32.264362], [73.157673, 32.23819], [73.07553, 32.45428], [73.142153, 32.45803], [73.194558, 32.574548], [73.49224, 32.670193], [73.590277, 32.747462], [73.897081, 32.398323]]]]}, "properties": {"objectid": 110, "province_territory": "Punjab", "districts": "Mandi Bahauddin", "shape_leng": 2.680468, "shape_area": 0.262889, "district_agency": "Mandi Bahauddin", "status": "District", "cartodb_id": 108, "created_at": "2015-07-06T09:49:19Z", "updated_at": "2015-07-06T09:49:19Z"}}, {"type": "Feature", "geometry": {"type": "MultiPolygon", "coordinates": [[[[74.115912, 35.12306], [74.089538, 35.024071], [73.986375, 34.870544], [73.76027, 34.799439], [73.661102, 34.684158], [73.644512, 34.57099], [73.581664, 34.58777], [73.44275, 34.554992], [73.398158, 34.374062], [73.19611, 34.23567], [72.990078, 34.210414], [72.861956, 34.290423], [72.859796, 34.291044], [72.85176, 34.301547], [72.851552, 34.302857], [72.825191, 34.360577], [72.823769, 34.361953], [72.820505, 34.366616], [72.939094, 34.564987], [73.088761, 34.566907], [73.11058, 34.643677], [73.21994, 34.739252], [73.318214, 34.657382], [73.385506, 34.789871], [73.489565, 34.896128], [73.562495, 34.979764], [73.662487, 34.98087], [73.710818, 35.02742], [73.817302, 35.003521], [73.846358, 35.086279], [73.91251, 35.098429], [73.959738, 35.181902], [74.115912, 35.12306]]]]}, "properties": {"objectid": 81, "province_territory": "Khyber Pakhtunkhwa", "districts": "Mansehra", "shape_leng": 4.441027, "shape_area": 0.396497, "district_agency": "Mansehra", "status": "District", "cartodb_id": 79, "created_at": "2015-07-06T09:49:19Z", "updated_at": "2015-07-06T09:49:19Z"}}, {"type": "Feature", "geometry": {"type": "MultiPolygon", "coordinates": [[[[72.878057, 34.918533], [72.997619, 34.847866], [72.876408, 34.765226], [72.811848, 34.741249], [72.78561, 34.536446], [72.729778, 34.537191], [72.697579, 34.620427], [72.697001, 34.621536], [72.644538, 34.646874], [72.643755, 34.646795], [72.587281, 34.637104], [72.585019, 34.636126], [72.529755, 34.702947], [72.530792, 34.70546], [72.579755, 34.798092], [72.58059, 34.800047], [72.590958, 34.903176], [72.589753, 34.905587], [72.588078, 34.923692], [72.58824, 34.927042], [72.576404, 34.988653], [72.576764, 34.989634], [72.577322, 35.010487], [72.578776, 35.011525], [72.623786, 35.060434], [72.624047, 35.060931], [72.722838, 35.158827], [72.79616, 35.1105], [72.810126, 34.995053], [72.905855, 34.970706], [72.878057, 34.918533]]]]}, "properties": {"objectid": 85, "province_territory": "Khyber Pakhtunkhwa", "districts": "Shangla", "shape_leng": 2.266357, "shape_area": 0.136431, "district_agency": "Shangla", "status": "District", "cartodb_id": 83, "created_at": "2015-07-06T09:49:19Z", "updated_at": "2015-07-06T09:49:19Z"}}, {"type": "Feature", "geometry": {"type": "MultiPolygon", "coordinates": [[[[72.48431, 34.345827], [72.48426, 34.344867], [72.470371, 34.320509], [72.468934, 34.32005], [72.439328, 34.246532], [72.43809, 34.24564], [72.41512, 34.18623], [72.540676, 34.15072], [72.57286, 34.21154], [72.569962, 34.21324], [72.685458, 34.300645], [72.68694, 34.30056], [72.706972, 34.301059], [72.707569, 34.300912], [72.748859, 34.295223], [72.74861, 34.29111], [72.75145, 34.14279], [72.751286, 34.137145], [72.69911, 34.08434], [72.69758, 34.08149], [72.681108, 34.061227], [72.674842, 34.055897], [72.619761, 34.009922], [72.61858, 34.00936], [72.549178, 33.993831], [72.489662, 34.00145], [72.234527, 33.900535], [72.208679, 33.979241], [72.24668, 34.0868], [72.19991, 34.090939], [72.20556, 34.20557], [72.431853, 34.380565], [72.48431, 34.345827]]]]}, "properties": {"objectid": 86, "province_territory": "Khyber Pakhtunkhwa", "districts": "Swabi", "shape_leng": 2.406221, "shape_area": 0.144698, "district_agency": "Swabi", "status": "District", "cartodb_id": 84, "created_at": "2015-07-06T09:49:19Z", "updated_at": "2015-07-06T09:49:19Z"}}, {"type": "Feature", "geometry": {"type": "MultiPolygon", "coordinates": [[[[73.80561, 31.984445], [73.691309, 31.892341], [73.485184, 31.829492], [73.291951, 31.765306], [73.229995, 31.787032], [73.166939, 31.891298], [73.227562, 32.029134], [73.308027, 32.122105], [73.435545, 32.185091], [73.514178, 32.265822], [73.676618, 32.339903], [73.726981, 32.209555], [73.803097, 32.138608], [73.80561, 31.984445]]]]}, "properties": {"objectid": 101, "province_territory": "Punjab", "districts": "Hafizabad", "shape_leng": 2.187459, "shape_area": 0.217407, "district_agency": "Hafizabad", "status": "District", "cartodb_id": 99, "created_at": "2015-07-06T09:49:19Z", "updated_at": "2015-07-06T09:49:19Z"}}, {"type": "Feature", "geometry": {"type": "MultiPolygon", "coordinates": [[[[72.732449, 35.831792], [72.708416, 35.762027], [72.800184, 35.674642], [72.815247, 35.578537], [72.721392, 35.418713], [72.720987, 35.417515], [72.725485, 35.401597], [72.727608, 35.401562], [72.786108, 35.376597], [72.750062, 35.260309], [72.68828, 35.19286], [72.68754, 35.19156], [72.722838, 35.158827], [72.624047, 35.060931], [72.623786, 35.060434], [72.578776, 35.011525], [72.577322, 35.010487], [72.576764, 34.989634], [72.576404, 34.988653], [72.58824, 34.927042], [72.588078, 34.923692], [72.589753, 34.905587], [72.590958, 34.903176], [72.58059, 34.800047], [72.579755, 34.798092], [72.530792, 34.70546], [72.530776, 34.705422], [72.53039, 34.7058], [72.52599, 34.70621], [72.51934, 34.70595], [72.50026, 34.71153], [72.47157, 34.67442], [72.42424, 34.68933], [72.34877, 34.62279], [72.216578, 34.567888], [72.15267, 34.57285], [72.134238, 34.662645], [72.135108, 34.66421], [72.093149, 34.669529], [72.186985, 34.788622], [72.187269, 34.7895], [72.192956, 34.801386], [72.192832, 34.801894], [72.172027, 34.831423], [72.171637, 34.831657], [72.127923, 34.866849], [72.151334, 34.902134], [72.153616, 34.903067], [72.180849, 35.001325], [72.181409, 35.002004], [72.210883, 35.037943], [72.211355, 35.038336], [72.190102, 35.10783], [72.266063, 35.153738], [72.266977, 35.154738], [72.285562, 35.179503], [72.28614, 35.179636], [72.319938, 35.215801], [72.318371, 35.215982], [72.282183, 35.261446], [72.360347, 35.347969], [72.360525, 35.348414], [72.368128, 35.3686], [72.368394, 35.369711], [72.369736, 35.500038], [72.207825, 35.622932], [72.291521, 35.765325], [72.361735, 35.760095], [72.514471, 35.898814], [72.516661, 35.896941], [72.570266, 35.848601], [72.732449, 35.831792]]]]}, "properties": {"objectid": 87, "province_territory": "Khyber Pakhtunkhwa", "districts": "Swat", "shape_leng": 4.617585, "shape_area": 0.529658, "district_agency": "Swat", "status": "District", "cartodb_id": 85, "created_at": "2015-07-06T09:49:19Z", "updated_at": "2015-07-06T09:49:19Z"}}, {"type": "Feature", "geometry": {"type": "MultiPolygon", "coordinates": [[[[70.604599, 32.475122], [70.597405, 32.435043], [70.711508, 32.349636], [70.672906, 32.27452], [70.591182, 32.230031], [70.570911, 32.13519], [70.396969, 32.076452], [70.270459, 32.087346], [70.182985, 32.006411], [70.124367, 32.024391], [70.096254, 32.216172], [70.211029, 32.315639], [70.301689, 32.30154], [70.483124, 32.514729], [70.604599, 32.475122]]], [[[70.283912, 32.639262], [70.357173, 32.574946], [70.499952, 32.6022], [70.604599, 32.475122], [70.483124, 32.514729], [70.301689, 32.30154], [70.211029, 32.315639], [70.096254, 32.216172], [70.058842, 32.238407], [70.112023, 32.52449], [70.199596, 32.625983], [70.283912, 32.639262]]]]}, "properties": {"objectid": 88, "province_territory": "Khyber Pakhtunkhwa", "districts": "Tank", "shape_leng": 2.056924, "shape_area": 0.269977, "district_agency": "Tank", "status": "District", "cartodb_id": 86, "created_at": "2015-07-06T09:49:19Z", "updated_at": "2015-07-06T09:49:19Z"}}, {"type": "Feature", "geometry": {"type": "MultiPolygon", "coordinates": [[[[72.876408, 34.765226], [72.905293, 34.595659], [72.939094, 34.564987], [72.820505, 34.366616], [72.74136, 34.355867], [72.740834, 34.357191], [72.71774, 34.458127], [72.718785, 34.459269], [72.729778, 34.537191], [72.78561, 34.536446], [72.811848, 34.741249], [72.876408, 34.765226]]]]}, "properties": {"objectid": 89, "province_territory": "Khyber Pakhtunkhwa", "districts": "Tor Ghar", "shape_leng": 1.325066, "shape_area": 0.04463, "district_agency": "Tor Ghar", "status": "District", "cartodb_id": 87, "created_at": "2015-07-06T09:49:19Z", "updated_at": "2015-07-06T09:49:19Z"}}, {"type": "Feature", "geometry": {"type": "MultiPolygon", "coordinates": [[[[72.652652, 32.594811], [72.66018, 32.423988], [72.343819, 32.23024], [72.326602, 32.061301], [72.269093, 31.972381], [72.211558, 31.759199], [72.145641, 31.749953], [71.988914, 31.531419], [71.754371, 31.695951], [71.715439, 31.812272], [71.623831, 31.850819], [71.769323, 32.046968], [71.778809, 32.138678], [71.728381, 32.198792], [71.725613, 32.27414], [71.844161, 32.40625], [71.786681, 32.459647], [71.881418, 32.54375], [71.950631, 32.533884], [71.986247, 32.58052], [72.120209, 32.633902], [72.164511, 32.703417], [72.34092, 32.694751], [72.41552, 32.615711], [72.47673, 32.664762], [72.567203, 32.661997], [72.652652, 32.594811]]]]}, "properties": {"objectid": 106, "province_territory": "Punjab", "districts": "Khushab", "shape_leng": 4.260851, "shape_area": 0.631147, "district_agency": "Khushab", "status": "District", "cartodb_id": 104, "created_at": "2015-07-06T09:49:19Z", "updated_at": "2015-07-06T09:49:19Z"}}, {"type": "Feature", "geometry": {"type": "MultiPolygon", "coordinates": [[[[72.291521, 35.765325], [72.207825, 35.622932], [72.369736, 35.500038], [72.368394, 35.369711], [72.368128, 35.3686], [72.360525, 35.348414], [72.360347, 35.347969], [72.282183, 35.261446], [72.318371, 35.215982], [72.319938, 35.215801], [72.28614, 35.179636], [72.285562, 35.179503], [72.266977, 35.154738], [72.266063, 35.153738], [72.190102, 35.10783], [72.211355, 35.038336], [72.210883, 35.037943], [72.181409, 35.002004], [72.180849, 35.001325], [72.153616, 34.903067], [72.151334, 34.902134], [72.127923, 34.866849], [72.067565, 34.8335], [71.91833, 34.924793], [71.926459, 34.987297], [71.821153, 35.068952], [71.725677, 35.027371], [71.554585, 35.029538], [71.530068, 35.072348], [71.673294, 35.215422], [71.749895, 35.248502], [71.80963, 35.362917], [71.862493, 35.36158], [71.862664, 35.362538], [71.917134, 35.53571], [71.917134, 35.537064], [71.94805, 35.576634], [71.949081, 35.578106], [72.107378, 35.686551], [72.123057, 35.785724], [72.291521, 35.765325]]]]}, "properties": {"objectid": 90, "province_territory": "Khyber Pakhtunkhwa", "districts": "Upper Dir", "shape_leng": 3.608329, "shape_area": 0.369738, "district_agency": "Upper Dir", "status": "District", "cartodb_id": 88, "created_at": "2015-07-06T09:49:19Z", "updated_at": "2015-07-06T09:49:19Z"}}, {"type": "Feature", "geometry": {"type": "MultiPolygon", "coordinates": [[[[72.549178, 33.993831], [72.606857, 33.95282], [72.614891, 33.950218], [72.644142, 33.85751], [72.768646, 33.94952], [72.772118, 33.94809], [72.805733, 33.88522], [72.808838, 33.888729], [72.81692, 33.888243], [72.832741, 33.887291], [72.833763, 33.878948], [72.832619, 33.874931], [72.8219, 33.829083], [72.748541, 33.865001], [72.684919, 33.80821], [72.743023, 33.636442], [72.92083, 33.48642], [72.77431, 33.44256], [72.662965, 33.274495], [72.63627, 33.19018], [72.53934, 33.21255], [72.47086, 33.14316], [72.09277, 33.12318], [71.96468, 33.09663], [71.804182, 33.004868], [71.718483, 33.05983], [71.761414, 33.185471], [71.705093, 33.284908], [71.735649, 33.365452], [71.832352, 33.409142], [71.967087, 33.536591], [72.009993, 33.714644], [72.096123, 33.785351], [72.234299, 33.786308], [72.234527, 33.900535], [72.489662, 34.00145], [72.549178, 33.993831]]]]}, "properties": {"objectid": 91, "province_territory": "Punjab", "districts": "Attock", "shape_leng": 5.198711, "shape_area": 0.670373, "district_agency": "Attock", "status": "District", "cartodb_id": 89, "created_at": "2015-07-06T09:49:19Z", "updated_at": "2015-07-06T09:49:19Z"}}, {"type": "Feature", "geometry": {"type": "MultiPolygon", "coordinates": [[[[72.434512, 31.662671], [72.459024, 31.540491], [72.70642, 31.365013], [72.811711, 31.375419], [72.804865, 31.331805], [72.682259, 31.237608], [72.497161, 31.223656], [72.483574, 31.125678], [72.379821, 31.022252], [72.354162, 30.947942], [72.244708, 30.848], [72.340907, 30.79599], [72.338261, 30.714143], [72.227283, 30.716687], [72.052817, 30.718605], [71.992367, 30.668622], [71.875804, 30.681927], [71.726695, 30.578204], [71.655661, 30.620229], [71.667091, 30.682452], [71.782464, 30.791832], [71.823462, 30.929452], [71.776166, 30.969336], [71.815382, 31.054549], [71.76426, 31.157179], [71.87159, 31.263729], [71.990808, 31.253103], [72.023901, 31.331191], [71.988914, 31.531419], [72.145641, 31.749953], [72.211558, 31.759199], [72.358442, 31.713352], [72.242639, 31.59472], [72.258173, 31.56581], [72.434512, 31.662671]]]]}, "properties": {"objectid": 102, "province_territory": "Punjab", "districts": "Jhang", "shape_leng": 5.240132, "shape_area": 0.600341, "district_agency": "Jhang", "status": "District", "cartodb_id": 100, "created_at": "2015-07-06T09:49:19Z", "updated_at": "2015-07-06T09:49:19Z"}}, {"type": "Feature", "geometry": {"type": "MultiPolygon", "coordinates": [[[[73.924266, 30.329612], [73.965257, 30.191304], [73.803909, 30.069858], [73.578216, 30.010117], [73.396522, 29.939012], [73.274811, 29.556159], [73.096604, 29.255376], [73.005739, 29.156774], [72.94442, 29.034097], [72.730193, 28.950124], [72.490003, 28.814387], [72.426373, 28.986419], [72.360143, 29.08883], [72.27555, 29.094817], [72.279297, 29.219623], [72.46515, 29.202749], [72.613051, 29.241569], [72.683764, 29.205308], [72.635408, 29.408358], [72.726316, 29.466011], [72.719423, 29.561749], [72.643414, 29.684301], [72.568752, 29.731843], [72.562521, 29.808659], [72.779441, 29.978251], [72.85495, 29.949711], [72.886706, 29.995479], [72.970986, 29.963129], [73.01931, 30.037788], [73.083423, 30.02438], [73.162147, 30.07793], [73.351857, 30.104734], [73.443557, 30.157648], [73.463657, 30.22286], [73.625501, 30.278191], [73.731855, 30.266625], [73.774022, 30.316359], [73.924266, 30.329612]]]]}, "properties": {"objectid": 92, "province_territory": "Punjab", "districts": "Bahawalnagar", "shape_leng": 7.205736, "shape_area": 0.798843, "district_agency": "Bahawalnagar", "status": "District", "cartodb_id": 90, "created_at": "2015-07-06T09:49:19Z", "updated_at": "2015-07-06T09:49:19Z"}}, {"type": "Feature", "geometry": {"type": "MultiPolygon", "coordinates": [[[[72.562521, 29.808659], [72.568752, 29.731843], [72.643414, 29.684301], [72.719423, 29.561749], [72.726316, 29.466011], [72.635408, 29.408358], [72.683764, 29.205308], [72.613051, 29.241569], [72.46515, 29.202749], [72.279297, 29.219623], [72.27555, 29.094817], [72.360143, 29.08883], [72.426373, 28.986419], [72.490003, 28.814387], [72.411422, 28.786222], [72.301957, 28.664815], [72.184427, 28.358005], [71.992026, 28.203559], [71.922273, 28.113967], [71.899573, 27.964196], [71.674882, 27.885524], [71.352523, 27.866082], [71.105801, 27.793129], [71.090669, 27.90236], [70.967603, 28.288382], [70.952578, 28.577331], [71.046518, 28.818722], [71.042251, 28.993659], [71.087428, 29.067913], [70.951868, 29.105008], [70.914927, 29.241291], [70.935198, 29.347631], [71.037426, 29.386695], [71.061052, 29.442772], [71.230675, 29.479914], [71.354545, 29.423225], [71.47866, 29.39769], [71.629561, 29.471798], [71.81868, 29.534088], [72.073271, 29.556513], [72.092711, 29.601771], [72.164472, 29.620639], [72.209156, 29.759323], [72.395551, 29.86336], [72.562521, 29.808659]]]]}, "properties": {"objectid": 93, "province_territory": "Punjab", "districts": "Bahawalpur", "shape_leng": 9.36768, "shape_area": 2.215686, "district_agency": "Bahawalpur", "status": "District", "cartodb_id": 91, "created_at": "2015-07-06T09:49:19Z", "updated_at": "2015-07-06T09:49:19Z"}}, {"type": "Feature", "geometry": {"type": "MultiPolygon", "coordinates": [[[[68.66154, 28.148378], [68.664454, 28.14739], [68.668184, 28.146067], [68.672291, 28.144482], [68.882706, 28.08272], [68.929099, 28.088205], [69.006278, 28.085208], [69.064693, 28.025353], [68.85798, 27.882134], [68.815116, 27.797111], [68.689745, 27.776428], [68.462309, 27.684954], [68.343919, 27.74998], [68.244869, 27.924168], [68.311245, 27.930353], [68.32354, 28.120235], [68.400955, 28.113573], [68.533716, 28.160024], [68.66154, 28.148378]]]]}, "properties": {"objectid": 143, "province_territory": "Sindh", "districts": "Shikarpur", "shape_leng": 2.311923, "shape_area": 0.233996, "district_agency": "Shikarpur", "status": "District", "cartodb_id": 141, "created_at": "2015-07-06T09:49:19Z", "updated_at": "2015-07-06T09:49:19Z"}}, {"type": "Feature", "geometry": {"type": "MultiPolygon", "coordinates": [[[[72.63627, 33.19018], [72.710073, 33.212687], [72.812009, 33.1589], [72.928058, 33.165761], [73.025866, 33.066446], [73.085947, 33.105255], [73.210261, 33.092751], [73.214648, 32.984929], [73.122107, 32.823586], [73.220807, 32.814973], [73.247695, 32.759853], [73.157431, 32.739451], [73.069723, 32.671961], [72.860619, 32.641611], [72.774979, 32.6951], [72.742769, 32.619642], [72.652652, 32.594811], [72.567203, 32.661997], [72.47673, 32.664762], [72.41552, 32.615711], [72.34092, 32.694751], [72.164511, 32.703417], [72.120209, 32.633902], [71.986247, 32.58052], [71.950631, 32.533884], [71.892851, 32.660971], [71.892661, 32.756073], [71.97407, 32.804566], [71.91677, 32.858012], [71.87825, 32.983099], [71.804182, 33.004868], [71.96468, 33.09663], [72.09277, 33.12318], [72.47086, 33.14316], [72.53934, 33.21255], [72.63627, 33.19018]]]]}, "properties": {"objectid": 95, "province_territory": "Punjab", "districts": "Chakwal", "shape_leng": 5.047478, "shape_area": 0.625231, "district_agency": "Chakwal", "status": "District", "cartodb_id": 93, "created_at": "2015-07-06T09:49:19Z", "updated_at": "2015-07-06T09:49:19Z"}}, {"type": "Feature", "geometry": {"type": "MultiPolygon", "coordinates": [[[[70.774742, 31.305745], [70.790411, 31.154223], [70.788819, 30.878269], [70.743213, 30.776201], [70.794778, 30.754201], [70.795492, 30.653509], [70.792671, 30.491052], [70.833094, 30.396616], [70.804217, 30.238871], [70.885897, 30.054951], [70.865839, 30.013889], [70.867029, 30.008458], [70.842249, 29.842071], [70.721819, 29.666317], [70.683778, 29.78801], [70.608209, 29.803702], [70.538027, 29.670311], [70.43451, 29.619741], [70.347074, 29.733233], [70.1615, 29.753063], [70.061267, 29.824499], [69.908159, 29.861639], [69.877683, 29.89879], [69.97966, 30.076746], [69.997131, 30.179012], [70.076202, 30.262419], [69.96117, 30.322636], [69.997772, 30.445629], [70.085632, 30.59292], [70.088722, 30.697496], [70.215767, 30.790207], [70.252556, 30.882833], [70.287514, 31.165497], [70.404541, 31.199835], [70.422729, 31.244942], [70.558418, 31.340155], [70.70475, 31.337978], [70.774742, 31.305745]]]]}, "properties": {"objectid": 97, "province_territory": "Punjab", "districts": "Dera Ghazi Khan", "shape_leng": 5.677864, "shape_area": 1.104619, "district_agency": "Dera Ghazi Khan", "status": "District", "cartodb_id": 95, "created_at": "2015-07-06T09:49:19Z", "updated_at": "2015-07-06T09:49:19Z"}}, {"type": "Feature", "geometry": {"type": "MultiPolygon", "coordinates": [[[[73.291951, 31.765306], [73.374291, 31.659282], [73.445518, 31.631589], [73.509581, 31.428551], [73.653589, 31.459281], [73.680648, 31.38696], [73.645465, 31.281369], [73.5195, 31.185202], [73.451729, 31.16872], [73.39002, 31.022447], [73.267525, 30.938636], [73.173399, 30.898682], [73.139273, 30.829448], [72.94419, 30.756543], [72.906302, 30.674869], [72.783428, 30.680161], [72.738571, 30.742502], [72.77296, 30.839755], [72.704131, 30.877103], [72.768941, 30.944317], [72.817257, 31.067249], [72.767462, 31.101011], [72.773741, 31.196939], [72.852811, 31.287583], [72.804865, 31.331805], [72.811711, 31.375419], [72.884222, 31.492698], [73.053663, 31.588601], [73.134146, 31.70593], [73.229995, 31.787032], [73.291951, 31.765306]]]]}, "properties": {"objectid": 98, "province_territory": "Punjab", "districts": "Faisalabad", "shape_leng": 4.712262, "shape_area": 0.563082, "district_agency": "Faisalabad", "status": "District", "cartodb_id": 96, "created_at": "2015-07-06T09:49:19Z", "updated_at": "2015-07-06T09:49:19Z"}}, {"type": "Feature", "geometry": {"type": "MultiPolygon", "coordinates": [[[[74.472614, 32.153045], [74.475762, 32.153713], [74.558801, 32.044721], [74.475492, 32.001138], [74.358257, 31.888709], [74.204149, 31.884712], [74.134019, 31.82189], [73.896112, 31.842583], [73.80561, 31.984445], [73.803097, 32.138608], [73.726981, 32.209555], [73.676618, 32.339903], [73.897081, 32.398323], [73.996348, 32.42472], [74.057803, 32.484228], [74.209755, 32.55367], [74.197471, 32.456901], [74.256474, 32.2624], [74.322969, 32.24633], [74.378933, 32.165973], [74.472614, 32.153045]]]]}, "properties": {"objectid": 99, "province_territory": "Punjab", "districts": "Gujranwala", "shape_leng": 3.163331, "shape_area": 0.345989, "district_agency": "Gujranwala", "status": "District", "cartodb_id": 97, "created_at": "2015-07-06T09:49:19Z", "updated_at": "2015-07-06T09:49:19Z"}}, {"type": "Feature", "geometry": {"type": "MultiPolygon", "coordinates": [[[[73.805817, 33.008887], [73.633391, 32.841688], [73.590277, 32.747462], [73.49224, 32.670193], [73.194558, 32.574548], [73.085549, 32.576585], [72.875571, 32.50387], [72.848318, 32.46283], [72.66018, 32.423988], [72.652652, 32.594811], [72.742769, 32.619642], [72.774979, 32.6951], [72.860619, 32.641611], [73.069723, 32.671961], [73.157431, 32.739451], [73.247695, 32.759853], [73.220807, 32.814973], [73.122107, 32.823586], [73.214648, 32.984929], [73.210261, 33.092751], [73.342941, 33.111363], [73.457985, 33.2467], [73.53898, 33.22237], [73.623603, 33.255273], [73.667061, 33.215308], [73.628311, 33.09471], [73.805817, 33.008887]]]]}, "properties": {"objectid": 103, "province_territory": "Punjab", "districts": "Jhelum", "shape_leng": 4.149911, "shape_area": 0.343704, "district_agency": "Jhelum", "status": "District", "cartodb_id": 101, "created_at": "2015-07-06T09:49:19Z", "updated_at": "2015-07-06T09:49:19Z"}}, {"type": "Feature", "geometry": {"type": "MultiPolygon", "coordinates": [[[[74.571215, 31.344453], [74.545317, 31.13361], [74.671776, 31.10005], [74.649161, 31.026836], [74.553444, 31.0626], [74.548477, 30.992843], [74.47059, 30.965989], [74.319641, 30.843567], [74.282463, 30.734576], [74.161758, 30.641612], [74.06794, 30.792248], [73.9449, 30.854883], [73.858187, 30.862239], [73.762281, 30.992488], [73.662209, 31.080368], [73.662446, 31.0815], [73.653935, 31.138573], [73.742584, 31.19566], [73.904412, 31.234505], [73.936663, 31.291535], [74.034661, 31.31171], [74.073862, 31.275129], [74.432129, 31.292972], [74.451632, 31.35127], [74.571215, 31.344453]]]]}, "properties": {"objectid": 104, "province_territory": "Punjab", "districts": "Kasur", "shape_leng": 3.492153, "shape_area": 0.376719, "district_agency": "Kasur", "status": "District", "cartodb_id": 102, "created_at": "2015-07-06T09:49:19Z", "updated_at": "2015-07-06T09:49:19Z"}}, {"type": "Feature", "geometry": {"type": "MultiPolygon", "coordinates": [[[[72.227283, 30.716687], [72.152072, 30.57302], [72.304801, 30.535671], [72.335202, 30.5737], [72.497224, 30.578091], [72.393366, 30.293221], [72.398822, 30.217998], [72.322428, 30.215989], [72.187435, 30.15884], [72.100969, 30.066829], [71.990007, 30.090695], [71.732161, 29.95232], [71.634741, 29.90814], [71.586936, 29.962088], [71.71651, 30.049264], [71.834549, 30.251297], [71.777472, 30.303151], [71.650259, 30.334988], [71.650758, 30.336932], [71.611468, 30.412179], [71.529855, 30.433827], [71.726695, 30.578204], [71.875804, 30.681927], [71.992367, 30.668622], [72.052817, 30.718605], [72.227283, 30.716687]]]]}, "properties": {"objectid": 105, "province_territory": "Punjab", "districts": "Khanewal", "shape_leng": 4.341348, "shape_area": 0.408744, "district_agency": "Khanewal", "status": "District", "cartodb_id": 103, "created_at": "2015-07-06T09:49:19Z", "updated_at": "2015-07-06T09:49:19Z"}}, {"type": "Feature", "geometry": {"type": "MultiPolygon", "coordinates": [[[[71.76426, 31.157179], [71.815382, 31.054549], [71.776166, 30.969336], [71.823462, 30.929452], [71.782464, 30.791832], [71.667091, 30.682452], [71.655661, 30.620229], [71.532144, 30.583374], [71.423803, 30.641791], [71.312799, 30.74413], [71.172552, 30.766012], [71.152762, 30.677037], [71.037068, 30.641152], [70.954659, 30.672328], [70.795492, 30.653509], [70.794778, 30.754201], [70.743213, 30.776201], [70.788819, 30.878269], [70.790411, 31.154223], [70.774742, 31.305745], [70.835406, 31.383013], [71.09376, 31.381534], [71.196671, 31.36348], [71.192918, 31.312401], [71.305389, 31.149479], [71.443792, 31.152539], [71.538409, 31.242663], [71.76426, 31.157179]]]]}, "properties": {"objectid": 108, "province_territory": "Punjab", "districts": "Layyah", "shape_leng": 4.112288, "shape_area": 0.605496, "district_agency": "Layyah", "status": "District", "cartodb_id": 106, "created_at": "2015-07-06T09:49:19Z", "updated_at": "2015-07-06T09:49:19Z"}}, {"type": "Feature", "geometry": {"type": "MultiPolygon", "coordinates": [[[[71.732161, 29.95232], [71.884239, 29.905882], [71.96753, 29.787068], [71.929955, 29.757149], [72.092711, 29.601771], [72.073271, 29.556513], [71.81868, 29.534088], [71.629561, 29.471798], [71.47866, 29.39769], [71.354545, 29.423225], [71.386482, 29.477082], [71.35717, 29.55744], [71.42035, 29.614441], [71.429818, 29.808533], [71.547567, 29.877712], [71.586936, 29.962088], [71.634741, 29.90814], [71.732161, 29.95232]]]]}, "properties": {"objectid": 109, "province_territory": "Punjab", "districts": "Lodhran", "shape_leng": 3.694975, "shape_area": 0.248495, "district_agency": "Lodhran", "status": "District", "cartodb_id": 107, "created_at": "2015-07-06T09:49:19Z", "updated_at": "2015-07-06T09:49:19Z"}}, {"type": "Feature", "geometry": {"type": "MultiPolygon", "coordinates": [[[[71.718483, 33.05983], [71.804182, 33.004868], [71.87825, 32.983099], [71.91677, 32.858012], [71.97407, 32.804566], [71.892661, 32.756073], [71.892851, 32.660971], [71.950631, 32.533884], [71.881418, 32.54375], [71.786681, 32.459647], [71.844161, 32.40625], [71.725613, 32.27414], [71.728381, 32.198792], [71.52389, 32.22156], [71.33589, 32.202236], [71.321124, 32.173933], [71.174308, 32.204968], [71.173027, 32.251572], [71.327126, 32.404701], [71.323479, 32.533955], [71.231963, 32.512041], [71.163933, 32.599079], [71.110291, 32.810032], [71.165489, 32.960201], [71.318237, 33.016701], [71.432213, 33.004002], [71.469627, 33.051529], [71.407043, 33.19381], [71.44458, 33.240429], [71.555977, 33.227341], [71.63726, 33.085491], [71.718483, 33.05983]]]]}, "properties": {"objectid": 111, "province_territory": "Punjab", "districts": "Mianwali", "shape_leng": 4.506156, "shape_area": 0.572989, "district_agency": "Mianwali", "status": "District", "cartodb_id": 109, "created_at": "2015-07-06T09:49:19Z", "updated_at": "2015-07-06T09:49:19Z"}}, {"type": "Feature", "geometry": {"type": "MultiPolygon", "coordinates": [[[[71.529855, 30.433827], [71.611468, 30.412179], [71.650758, 30.336932], [71.650259, 30.334988], [71.777472, 30.303151], [71.834549, 30.251297], [71.71651, 30.049264], [71.586936, 29.962088], [71.547567, 29.877712], [71.429818, 29.808533], [71.42035, 29.614441], [71.35717, 29.55744], [71.386482, 29.477082], [71.354545, 29.423225], [71.230675, 29.479914], [71.061052, 29.442772], [71.005816, 29.54781], [71.063993, 29.672371], [71.181199, 29.701539], [71.172552, 29.878509], [71.210131, 29.979742], [71.276091, 30.002759], [71.295661, 30.168378], [71.394362, 30.278268], [71.413472, 30.34453], [71.529855, 30.433827]]]]}, "properties": {"objectid": 112, "province_territory": "Punjab", "districts": "Multan", "shape_leng": 4.226099, "shape_area": 0.340893, "district_agency": "Multan", "status": "District", "cartodb_id": 110, "created_at": "2015-07-06T09:49:19Z", "updated_at": "2015-07-06T09:49:19Z"}}, {"type": "Feature", "geometry": {"type": "MultiPolygon", "coordinates": [[[[71.655661, 30.620229], [71.726695, 30.578204], [71.529855, 30.433827], [71.413472, 30.34453], [71.394362, 30.278268], [71.295661, 30.168378], [71.276091, 30.002759], [71.210131, 29.979742], [71.172552, 29.878509], [71.181199, 29.701539], [71.063993, 29.672371], [71.005816, 29.54781], [71.061052, 29.442772], [71.037426, 29.386695], [70.935198, 29.347631], [70.914927, 29.241291], [70.790701, 29.248971], [70.75058, 29.159419], [70.546059, 29.017031], [70.619772, 29.286378], [70.622599, 29.391081], [70.721819, 29.666317], [70.842249, 29.842071], [70.867029, 30.008458], [70.865839, 30.013889], [70.885897, 30.054951], [70.804217, 30.238871], [70.833094, 30.396616], [70.792671, 30.491052], [70.795492, 30.653509], [70.954659, 30.672328], [71.037068, 30.641152], [71.152762, 30.677037], [71.172552, 30.766012], [71.312799, 30.74413], [71.423803, 30.641791], [71.532144, 30.583374], [71.655661, 30.620229]]]]}, "properties": {"objectid": 113, "province_territory": "Punjab", "districts": "Muzaffargarh", "shape_leng": 6.292793, "shape_area": 0.719198, "district_agency": "Muzaffargarh", "status": "District", "cartodb_id": 111, "created_at": "2015-07-06T09:49:19Z", "updated_at": "2015-07-06T09:49:19Z"}}, {"type": "Feature", "geometry": {"type": "MultiPolygon", "coordinates": [[[[74.018649, 31.372305], [74.034661, 31.31171], [73.936663, 31.291535], [73.904412, 31.234505], [73.742584, 31.19566], [73.653935, 31.138573], [73.611199, 31.097689], [73.479738, 31.090022], [73.39002, 31.022447], [73.451729, 31.16872], [73.5195, 31.185202], [73.645465, 31.281369], [73.680648, 31.38696], [73.653589, 31.459281], [73.509581, 31.428551], [73.445518, 31.631589], [73.374291, 31.659282], [73.291951, 31.765306], [73.485184, 31.829492], [73.470054, 31.776031], [73.520341, 31.639798], [73.579023, 31.697532], [73.66902, 31.611667], [73.991388, 31.555048], [73.944057, 31.472594], [74.02201, 31.453729], [74.018649, 31.372305]]]]}, "properties": {"objectid": 114, "province_territory": "Punjab", "districts": "Nankana Sahib", "shape_leng": 4.179815, "shape_area": 0.208192, "district_agency": "Nankana Sahib", "status": "District", "cartodb_id": 112, "created_at": "2015-07-06T09:49:19Z", "updated_at": "2015-07-06T09:49:19Z"}}, {"type": "Feature", "geometry": {"type": "MultiPolygon", "coordinates": [[[[74.693775, 31.918795], [74.588037, 32.060246], [74.75395, 32.160331], [74.77928, 32.297006], [74.85056, 32.303051], [74.93682, 32.465369], [75.082627, 32.480045], [75.33042, 32.331711], [75.374756, 32.224325], [75.239165, 32.08715], [74.998412, 32.028666], [74.932502, 32.060315], [74.807802, 31.949834], [74.693775, 31.918795]]]]}, "properties": {"objectid": 115, "province_territory": "Punjab", "districts": "Narowal", "shape_leng": 2.490748, "shape_area": 0.227294, "district_agency": "Narowal", "status": "District", "cartodb_id": 113, "created_at": "2015-07-06T09:49:19Z", "updated_at": "2015-07-06T09:49:19Z"}}, {"type": "Feature", "geometry": {"type": "MultiPolygon", "coordinates": [[[[73.662446, 31.0815], [73.662209, 31.080368], [73.762281, 30.992488], [73.858187, 30.862239], [73.9449, 30.854883], [74.06794, 30.792248], [74.161758, 30.641612], [73.935288, 30.462956], [73.871255, 30.368571], [73.924266, 30.329612], [73.774022, 30.316359], [73.731855, 30.266625], [73.625501, 30.278191], [73.636741, 30.476681], [73.466434, 30.550866], [73.304584, 30.540922], [73.371988, 30.636021], [73.363069, 30.77286], [73.291939, 30.780779], [73.267525, 30.938636], [73.39002, 31.022447], [73.479738, 31.090022], [73.611199, 31.097689], [73.653935, 31.138573], [73.662446, 31.0815]]]]}, "properties": {"objectid": 116, "province_territory": "Punjab", "districts": "Okara", "shape_leng": 4.235141, "shape_area": 0.417819, "district_agency": "Okara", "status": "District", "cartodb_id": 114, "created_at": "2015-07-06T09:49:19Z", "updated_at": "2015-07-06T09:49:19Z"}}, {"type": "Feature", "geometry": {"type": "MultiPolygon", "coordinates": [[[[73.625501, 30.278191], [73.463657, 30.22286], [73.443557, 30.157648], [73.351857, 30.104734], [73.162147, 30.07793], [73.083423, 30.02438], [73.01931, 30.037788], [72.970986, 29.963129], [72.93866, 30.052549], [72.962168, 30.268161], [72.848393, 30.31434], [72.844255, 30.373568], [72.972519, 30.442209], [73.010817, 30.401726], [73.23812, 30.542421], [73.304584, 30.540922], [73.466434, 30.550866], [73.636741, 30.476681], [73.625501, 30.278191]]]]}, "properties": {"objectid": 117, "province_territory": "Punjab", "districts": "Pakpattan", "shape_leng": 4.06506, "shape_area": 0.270477, "district_agency": "Pakpattan", "status": "District", "cartodb_id": 115, "created_at": "2015-07-06T09:49:19Z", "updated_at": "2015-07-06T09:49:19Z"}}, {"type": "Feature", "geometry": {"type": "MultiPolygon", "coordinates": [[[[69.649902, 28.346283], [69.661484, 28.337381], [69.670021, 28.330839], [69.674271, 28.325403], [69.67894, 28.320686], [69.71891, 28.292995], [69.662582, 28.220556], [69.597252, 28.245206], [69.588043, 28.349277], [69.649902, 28.346283]]], [[[71.105801, 27.793129], [70.905769, 27.710732], [70.757666, 27.717208], [70.678415, 27.839054], [70.672105, 27.914317], [70.56263, 28.019802], [70.366166, 28.00825], [70.180508, 27.854902], [70.000824, 27.937433], [69.844643, 28.135782], [69.857635, 28.19705], [69.75927, 28.390907], [69.754234, 28.397345], [69.751389, 28.402932], [69.86686, 28.456388], [69.96379, 28.455328], [70.206502, 28.670668], [70.287351, 28.813948], [70.409963, 28.866278], [70.546059, 29.017031], [70.75058, 29.159419], [70.790701, 29.248971], [70.914927, 29.241291], [70.951868, 29.105008], [71.087428, 29.067913], [71.042251, 28.993659], [71.046518, 28.818722], [70.952578, 28.577331], [70.967603, 28.288382], [71.090669, 27.90236], [71.105801, 27.793129]]]]}, "properties": {"objectid": 118, "province_territory": "Punjab", "districts": "Rahim Yar Khan", "shape_leng": 7.231248, "shape_area": 1.183237, "district_agency": "Rahim Yar Khan", "status": "District", "cartodb_id": 116, "created_at": "2015-07-06T09:49:19Z", "updated_at": "2015-07-06T09:49:19Z"}}, {"type": "Feature", "geometry": {"type": "MultiPolygon", "coordinates": [[[[70.721819, 29.666317], [70.622599, 29.391081], [70.619772, 29.286378], [70.546059, 29.017031], [70.409963, 28.866278], [70.287351, 28.813948], [70.206502, 28.670668], [69.96379, 28.455328], [69.86686, 28.456388], [69.751389, 28.402932], [69.748512, 28.405102], [69.521278, 28.484463], [69.363762, 28.445637], [69.324692, 28.554907], [69.420921, 28.597683], [69.532913, 28.773094], [69.489601, 28.891567], [69.574341, 28.953979], [69.650574, 29.065708], [69.706306, 29.089659], [69.744019, 29.236422], [69.638832, 29.319206], [69.667633, 29.362459], [69.563515, 29.458612], [69.591469, 29.626049], [69.628899, 29.668725], [69.646005, 29.685261], [69.789001, 29.768806], [69.877683, 29.89879], [69.908159, 29.861639], [70.061267, 29.824499], [70.1615, 29.753063], [70.347074, 29.733233], [70.43451, 29.619741], [70.538027, 29.670311], [70.608209, 29.803702], [70.683778, 29.78801], [70.721819, 29.666317]]]]}, "properties": {"objectid": 119, "province_territory": "Punjab", "districts": "Rajanpur", "shape_leng": 6.405749, "shape_area": 1.16711, "district_agency": "Rajanpur", "status": "District", "cartodb_id": 117, "created_at": "2015-07-06T09:49:19Z", "updated_at": "2015-07-06T09:49:19Z"}}, {"type": "Feature", "geometry": {"type": "MultiPolygon", "coordinates": [[[[73.512008, 34.017673], [73.574204, 33.909608], [73.571439, 33.82414], [73.595449, 33.685186], [73.568878, 33.624162], [73.626923, 33.568887], [73.626474, 33.46025], [73.570541, 33.372217], [73.623603, 33.255273], [73.53898, 33.22237], [73.457985, 33.2467], [73.342941, 33.111363], [73.210261, 33.092751], [73.085947, 33.105255], [73.025866, 33.066446], [72.928058, 33.165761], [72.812009, 33.1589], [72.710073, 33.212687], [72.63627, 33.19018], [72.662965, 33.274495], [72.77431, 33.44256], [72.92083, 33.48642], [72.743023, 33.636442], [72.684919, 33.80821], [72.748541, 33.865001], [72.8219, 33.829083], [72.871834, 33.825909], [72.870132, 33.81744], [72.888412, 33.76194], [72.886292, 33.75964], [72.91642, 33.72937], [72.813881, 33.701403], [72.914215, 33.572632], [73.088201, 33.664189], [73.199729, 33.489711], [73.295952, 33.587742], [73.352844, 33.707104], [73.267189, 33.775764], [73.168472, 33.804508], [73.209337, 33.8161], [73.299973, 33.845631], [73.402634, 33.97599], [73.512008, 34.017673]]]]}, "properties": {"objectid": 120, "province_territory": "Punjab", "districts": "Rawalpindi", "shape_leng": 6.211592, "shape_area": 0.506857, "district_agency": "Rawalpindi", "status": "District", "cartodb_id": 118, "created_at": "2015-07-06T09:49:19Z", "updated_at": "2015-07-06T09:49:19Z"}}, {"type": "Feature", "geometry": {"type": "MultiPolygon", "coordinates": [[[[73.304584, 30.540922], [73.23812, 30.542421], [73.010817, 30.401726], [72.972519, 30.442209], [72.844255, 30.373568], [72.665102, 30.309058], [72.600841, 30.246834], [72.54134, 30.27075], [72.461733, 30.162422], [72.398822, 30.217998], [72.393366, 30.293221], [72.497224, 30.578091], [72.714808, 30.578943], [72.783428, 30.680161], [72.906302, 30.674869], [72.94419, 30.756543], [73.139273, 30.829448], [73.173399, 30.898682], [73.267525, 30.938636], [73.291939, 30.780779], [73.363069, 30.77286], [73.371988, 30.636021], [73.304584, 30.540922]]]]}, "properties": {"objectid": 121, "province_territory": "Punjab", "districts": "Sahiwal", "shape_leng": 5.071174, "shape_area": 0.303529, "district_agency": "Sahiwal", "status": "District", "cartodb_id": 119, "created_at": "2015-07-06T09:49:19Z", "updated_at": "2015-07-06T09:49:19Z"}}, {"type": "Feature", "geometry": {"type": "MultiPolygon", "coordinates": [[[[73.194558, 32.574548], [73.142153, 32.45803], [73.07553, 32.45428], [73.157673, 32.23819], [73.217052, 32.264362], [73.308027, 32.122105], [73.227562, 32.029134], [73.166939, 31.891298], [72.995793, 31.965689], [72.895312, 31.873762], [72.663152, 31.782619], [72.559298, 31.761121], [72.434512, 31.662671], [72.258173, 31.56581], [72.242639, 31.59472], [72.358442, 31.713352], [72.211558, 31.759199], [72.269093, 31.972381], [72.326602, 32.061301], [72.343819, 32.23024], [72.66018, 32.423988], [72.848318, 32.46283], [72.875571, 32.50387], [73.085549, 32.576585], [73.194558, 32.574548]]]]}, "properties": {"objectid": 122, "province_territory": "Punjab", "districts": "Sargodha", "shape_leng": 4.953184, "shape_area": 0.558525, "district_agency": "Sargodha", "status": "District", "cartodb_id": 120, "created_at": "2015-07-06T09:49:19Z", "updated_at": "2015-07-06T09:49:19Z"}}, {"type": "Feature", "geometry": {"type": "MultiPolygon", "coordinates": [[[[74.693775, 31.918795], [74.543824, 31.822298], [74.520376, 31.716573], [74.404314, 31.64338], [74.291838, 31.667958], [74.245632, 31.569686], [74.071658, 31.3729], [74.018649, 31.372305], [74.02201, 31.453729], [73.944057, 31.472594], [73.991388, 31.555048], [73.66902, 31.611667], [73.579023, 31.697532], [73.520341, 31.639798], [73.470054, 31.776031], [73.485184, 31.829492], [73.691309, 31.892341], [73.80561, 31.984445], [73.896112, 31.842583], [74.134019, 31.82189], [74.204149, 31.884712], [74.358257, 31.888709], [74.475492, 32.001138], [74.558801, 32.044721], [74.588037, 32.060246], [74.693775, 31.918795]]]]}, "properties": {"objectid": 123, "province_territory": "Punjab", "districts": "Sheikhupura", "shape_leng": 4.742158, "shape_area": 0.345331, "district_agency": "Sheikhupura", "status": "District", "cartodb_id": 121, "created_at": "2015-07-06T09:49:19Z", "updated_at": "2015-07-06T09:49:19Z"}}, {"type": "Feature", "geometry": {"type": "MultiPolygon", "coordinates": [[[[74.93682, 32.465369], [74.85056, 32.303051], [74.77928, 32.297006], [74.75395, 32.160331], [74.588037, 32.060246], [74.558801, 32.044721], [74.475762, 32.153713], [74.472614, 32.153045], [74.378933, 32.165973], [74.322969, 32.24633], [74.256474, 32.2624], [74.197471, 32.456901], [74.209755, 32.55367], [74.33622, 32.591939], [74.454871, 32.673749], [74.441927, 32.791917], [74.461669, 32.791691], [74.531533, 32.740729], [74.65014, 32.718412], [74.642197, 32.611045], [74.686736, 32.493069], [74.856424, 32.492667], [74.93682, 32.465369]]]]}, "properties": {"objectid": 124, "province_territory": "Punjab", "districts": "Sialkot", "shape_leng": 3.121247, "shape_area": 0.294125, "district_agency": "Sialkot", "status": "District", "cartodb_id": 122, "created_at": "2015-07-06T09:49:19Z", "updated_at": "2015-07-06T09:49:19Z"}}, {"type": "Feature", "geometry": {"type": "MultiPolygon", "coordinates": [[[[72.783428, 30.680161], [72.714808, 30.578943], [72.497224, 30.578091], [72.335202, 30.5737], [72.304801, 30.535671], [72.152072, 30.57302], [72.227283, 30.716687], [72.338261, 30.714143], [72.340907, 30.79599], [72.244708, 30.848], [72.354162, 30.947942], [72.379821, 31.022252], [72.483574, 31.125678], [72.497161, 31.223656], [72.682259, 31.237608], [72.804865, 31.331805], [72.852811, 31.287583], [72.773741, 31.196939], [72.767462, 31.101011], [72.817257, 31.067249], [72.768941, 30.944317], [72.704131, 30.877103], [72.77296, 30.839755], [72.738571, 30.742502], [72.783428, 30.680161]]]]}, "properties": {"objectid": 125, "province_territory": "Punjab", "districts": "Toba Tek Singh", "shape_leng": 4.066464, "shape_area": 0.290667, "district_agency": "Toba Tek Singh", "status": "District", "cartodb_id": 123, "created_at": "2015-07-06T09:49:19Z", "updated_at": "2015-07-06T09:49:19Z"}}, {"type": "Feature", "geometry": {"type": "MultiPolygon", "coordinates": [[[[72.970986, 29.963129], [72.886706, 29.995479], [72.85495, 29.949711], [72.779441, 29.978251], [72.562521, 29.808659], [72.395551, 29.86336], [72.209156, 29.759323], [72.164472, 29.620639], [72.092711, 29.601771], [71.929955, 29.757149], [71.96753, 29.787068], [71.884239, 29.905882], [71.732161, 29.95232], [71.990007, 30.090695], [72.100969, 30.066829], [72.187435, 30.15884], [72.322428, 30.215989], [72.398822, 30.217998], [72.461733, 30.162422], [72.54134, 30.27075], [72.600841, 30.246834], [72.665102, 30.309058], [72.844255, 30.373568], [72.848393, 30.31434], [72.962168, 30.268161], [72.93866, 30.052549], [72.970986, 29.963129]]]]}, "properties": {"objectid": 126, "province_territory": "Punjab", "districts": "Vehari", "shape_leng": 5.242434, "shape_area": 0.420731, "district_agency": "Vehari", "status": "District", "cartodb_id": 124, "created_at": "2015-07-06T09:49:19Z", "updated_at": "2015-07-06T09:49:19Z"}}, {"type": "Feature", "geometry": {"type": "MultiPolygon", "coordinates": [[[[69.32388, 24.800674], [69.246461, 24.74768], [69.18886, 24.540581], [69.079942, 24.462139], [69.053879, 24.366396], [69.070036, 24.260204], [68.970566, 24.23753], [68.938996, 24.290866], [68.764215, 24.284278], [68.728195, 24.377335], [68.561087, 24.362633], [68.445909, 24.395264], [68.407273, 24.44484], [68.354057, 24.757201], [68.527621, 24.887594], [68.579707, 24.866768], [68.686104, 24.920395], [68.708286, 24.830457], [68.820946, 24.83269], [68.847062, 24.870719], [68.784669, 24.960773], [68.571131, 25.082781], [68.61593, 25.164362], [68.73227, 25.257166], [68.771415, 25.210099], [68.884981, 25.228717], [68.96585, 25.298619], [68.975107, 25.151264], [69.07265, 25.078903], [69.171601, 24.954164], [69.273079, 24.958206], [69.326384, 24.885396], [69.32388, 24.800674]]]]}, "properties": {"objectid": 127, "province_territory": "Sindh", "districts": "Badin", "shape_leng": 5.007686, "shape_area": 0.586687, "district_agency": "Badin", "status": "District", "cartodb_id": 125, "created_at": "2015-07-06T09:49:19Z", "updated_at": "2015-07-06T09:49:19Z"}}, {"type": "Feature", "geometry": {"type": "MultiPolygon", "coordinates": [[[[67.995428, 27.292389], [67.950369, 27.196566], [67.951839, 27.195632], [68.048249, 27.129024], [68.004457, 27.069695], [67.910058, 27.042596], [67.921096, 26.921892], [67.834083, 26.855806], [67.869338, 26.660819], [67.807595, 26.597237], [67.631697, 26.555658], [67.625009, 26.42521], [67.624843, 26.423473], [67.571328, 26.331079], [67.499359, 26.338513], [67.481882, 26.162815], [67.413147, 26.087194], [67.359505, 26.149969], [67.265556, 26.346962], [67.177582, 26.471497], [67.123788, 26.653096], [67.146553, 26.768429], [67.133766, 26.878033], [67.160606, 27.065964], [67.126862, 27.270029], [67.175163, 27.447197], [67.314248, 27.367136], [67.375773, 27.383053], [67.50046, 27.319235], [67.657926, 27.302336], [67.868201, 27.317668], [67.995428, 27.292389]]]]}, "properties": {"objectid": 128, "province_territory": "Sindh", "districts": "Dadu", "shape_leng": 4.366533, "shape_area": 0.728184, "district_agency": "Dadu", "status": "District", "cartodb_id": 126, "created_at": "2015-07-06T09:49:19Z", "updated_at": "2015-07-06T09:49:19Z"}}, {"type": "Feature", "geometry": {"type": "MultiPolygon", "coordinates": [[[[70.180508, 27.854902], [70.10781, 27.766871], [70.016267, 27.555994], [69.936249, 27.502108], [69.770384, 27.328915], [69.446816, 27.512478], [69.339247, 27.539654], [69.240908, 27.646137], [69.274973, 27.709819], [69.1837, 27.913863], [69.186455, 27.993323], [69.226317, 28.092621], [69.479244, 28.203709], [69.514613, 28.24078], [69.597252, 28.245206], [69.662582, 28.220556], [69.71891, 28.292995], [69.67894, 28.320686], [69.674271, 28.325403], [69.670021, 28.330839], [69.661484, 28.337381], [69.650773, 28.345614], [69.657334, 28.347488], [69.665544, 28.348202], [69.673396, 28.352485], [69.694811, 28.383537], [69.749675, 28.404225], [69.751389, 28.402932], [69.754234, 28.397345], [69.75927, 28.390907], [69.857635, 28.19705], [69.844643, 28.135782], [70.000824, 27.937433], [70.180508, 27.854902]]]]}, "properties": {"objectid": 129, "province_territory": "Sindh", "districts": "Ghotki", "shape_leng": 4.126686, "shape_area": 0.583194, "district_agency": "Ghotki", "status": "District", "cartodb_id": 127, "created_at": "2015-07-06T09:49:19Z", "updated_at": "2015-07-06T09:49:19Z"}}, {"type": "Feature", "geometry": {"type": "MultiPolygon", "coordinates": [[[[68.617028, 25.292164], [68.590711, 25.17907], [68.487912, 25.159375], [68.365243, 25.182029], [68.344188, 25.218938], [68.342683, 25.294118], [68.331097, 25.323562], [68.329561, 25.32563], [68.305864, 25.44403], [68.305055, 25.448846], [68.378854, 25.552675], [68.586466, 25.435811], [68.617028, 25.292164]]]]}, "properties": {"objectid": 130, "province_territory": "Sindh", "districts": "Hyderabad", "shape_leng": 1.526741, "shape_area": 0.091366, "district_agency": "Hyderabad", "status": "District", "cartodb_id": 128, "created_at": "2015-07-06T09:49:19Z", "updated_at": "2015-07-06T09:49:19Z"}}, {"type": "Feature", "geometry": {"type": "MultiPolygon", "coordinates": [[[[68.920075, 28.43022], [68.928955, 28.313613], [68.90341, 28.188445], [68.929099, 28.088205], [68.882706, 28.08272], [68.672291, 28.144482], [68.668184, 28.146067], [68.664454, 28.14739], [68.66154, 28.148378], [68.533716, 28.160024], [68.400955, 28.113573], [68.32354, 28.120235], [68.311245, 27.930353], [68.244869, 27.924168], [68.120066, 27.93466], [68.086052, 27.980796], [67.912964, 27.994295], [68.017784, 28.092047], [68.019669, 28.093897], [68.054146, 28.120869], [68.073785, 28.136724], [68.209, 28.242517], [68.293785, 28.267128], [68.311232, 28.271797], [68.374435, 28.323849], [68.382332, 28.340269], [68.434211, 28.409013], [68.503708, 28.431644], [68.517845, 28.4314], [68.708549, 28.430006], [68.724205, 28.430216], [68.826332, 28.430761], [68.839531, 28.430696], [68.920075, 28.43022]]]]}, "properties": {"objectid": 131, "province_territory": "Sindh", "districts": "Jacobabad", "shape_leng": 3.019249, "shape_area": 0.247358, "district_agency": "Jacobabad", "status": "District", "cartodb_id": 129, "created_at": "2015-07-06T09:49:19Z", "updated_at": "2015-07-06T09:49:19Z"}}, {"type": "Feature", "geometry": {"type": "MultiPolygon", "coordinates": [[[[69.294305, 25.54657], [69.290125, 25.545945], [69.185615, 25.566382], [69.182833, 25.455808], [69.309606, 25.367493], [69.359097, 25.302107], [69.401071, 25.052735], [69.46153, 24.986083], [69.479621, 24.882568], [69.32388, 24.800674], [69.326384, 24.885396], [69.273079, 24.958206], [69.171601, 24.954164], [69.07265, 25.078903], [68.975107, 25.151264], [68.96585, 25.298619], [68.957429, 25.396951], [68.883911, 25.542767], [68.880254, 25.702714], [68.923324, 25.750751], [68.981782, 25.704826], [69.096353, 25.755562], [69.100538, 25.813074], [69.232884, 25.802402], [69.304519, 25.760161], [69.323565, 25.615409], [69.294305, 25.54657]]]]}, "properties": {"objectid": 139, "province_territory": "Sindh", "districts": "Mirpurkhas", "shape_leng": 3.506961, "shape_area": 0.310544, "district_agency": "Mirpurkhas", "status": "District", "cartodb_id": 137, "created_at": "2015-07-06T09:49:19Z", "updated_at": "2015-07-06T09:49:19Z"}}, {"type": "Feature", "geometry": {"type": "MultiPolygon", "coordinates": [[[[67.911361, 26.549148], [67.881553, 26.273005], [68.020782, 26.188441], [68.031021, 26.140656], [68.173446, 26.001184], [68.277465, 25.992664], [68.23534, 25.92627], [68.318419, 25.855446], [68.316286, 25.734047], [68.461523, 25.674156], [68.353299, 25.598439], [68.378854, 25.552675], [68.305055, 25.448846], [68.305864, 25.44403], [68.329561, 25.32563], [68.331097, 25.323562], [68.342683, 25.294118], [68.17041, 25.301525], [68.105056, 25.396454], [67.996549, 25.443835], [67.906572, 25.360182], [67.905954, 25.301457], [67.82032, 25.214172], [67.806433, 25.09432], [67.712943, 25.004797], [67.517968, 24.984755], [67.462934, 25.098676], [67.274089, 25.186469], [67.359208, 25.308682], [67.41288, 25.454445], [67.377118, 25.64312], [67.320969, 25.640454], [67.402908, 25.792299], [67.413147, 26.087194], [67.481882, 26.162815], [67.499359, 26.338513], [67.571328, 26.331079], [67.624843, 26.423473], [67.625009, 26.42521], [67.631697, 26.555658], [67.807595, 26.597237], [67.911361, 26.549148]]]]}, "properties": {"objectid": 132, "province_territory": "Sindh", "districts": "Jamshoro", "shape_leng": 5.594898, "shape_area": 1.010348, "district_agency": "Jamshoro", "status": "District", "cartodb_id": 130, "created_at": "2015-07-06T09:49:19Z", "updated_at": "2015-07-06T09:49:19Z"}}, {"type": "Feature", "geometry": {"type": "MultiPolygon", "coordinates": [[[[68.120066, 27.93466], [68.188056, 27.821902], [68.193922, 27.72294], [68.017086, 27.43265], [68.014081, 27.428591], [67.995428, 27.292389], [67.868201, 27.317668], [67.657926, 27.302336], [67.50046, 27.319235], [67.375773, 27.383053], [67.314248, 27.367136], [67.175163, 27.447197], [67.182884, 27.532305], [67.248726, 27.647995], [67.337395, 27.725449], [67.394241, 27.909676], [67.425896, 27.89275], [67.670678, 27.934242], [67.912964, 27.994295], [68.086052, 27.980796], [68.120066, 27.93466]]]]}, "properties": {"objectid": 133, "province_territory": "Sindh", "districts": "Kambar-Shahdadkot", "shape_leng": 3.255755, "shape_area": 0.511803, "district_agency": "Kambar-Shahdadkot", "status": "District", "cartodb_id": 131, "created_at": "2015-07-06T09:49:19Z", "updated_at": "2015-07-06T09:49:19Z"}}, {"type": "Feature", "geometry": {"type": "MultiPolygon", "coordinates": [[[[69.748512, 28.405102], [69.749675, 28.404225], [69.694811, 28.383537], [69.673396, 28.352485], [69.665544, 28.348202], [69.657334, 28.347488], [69.650773, 28.345614], [69.649902, 28.346283], [69.588043, 28.349277], [69.597252, 28.245206], [69.514613, 28.24078], [69.479244, 28.203709], [69.226317, 28.092621], [69.186455, 27.993323], [69.064693, 28.025353], [69.006278, 28.085208], [68.929099, 28.088205], [68.90341, 28.188445], [68.928955, 28.313613], [68.920075, 28.43022], [69.127503, 28.440611], [69.363762, 28.445637], [69.521278, 28.484463], [69.748512, 28.405102]]]]}, "properties": {"objectid": 135, "province_territory": "Sindh", "districts": "Kashmore", "shape_leng": 2.880124, "shape_area": 0.240492, "district_agency": "Kashmore", "status": "District", "cartodb_id": 133, "created_at": "2015-07-06T09:49:19Z", "updated_at": "2015-07-06T09:49:19Z"}}, {"type": "Feature", "geometry": {"type": "MultiPolygon", "coordinates": [[[[68.689745, 27.776428], [68.774977, 27.728083], [68.830413, 27.616992], [68.798974, 27.509278], [68.891849, 27.413495], [68.837478, 27.292771], [69.008163, 27.201561], [69.106418, 27.208286], [69.328001, 27.156872], [69.535582, 27.065614], [69.483735, 26.806233], [69.522416, 26.736008], [69.855554, 26.582918], [70.024849, 26.598712], [70.167741, 26.550745], [70.183899, 26.48683], [70.172668, 26.245078], [70.127146, 26.140463], [69.837068, 26.205551], [69.570053, 26.200212], [69.235159, 26.237742], [69.11673, 26.22236], [68.952462, 26.371475], [68.919107, 26.469196], [68.847156, 26.436826], [68.804107, 26.562345], [68.758277, 26.586907], [68.356758, 26.630058], [68.288498, 26.655704], [68.327354, 26.873575], [68.446011, 27.036334], [68.437828, 27.088305], [68.337044, 27.206159], [68.187713, 27.228785], [68.223639, 27.333754], [68.347489, 27.378388], [68.272225, 27.492602], [68.33651, 27.524372], [68.351721, 27.609084], [68.497162, 27.641417], [68.462309, 27.684954], [68.689745, 27.776428]]]]}, "properties": {"objectid": 136, "province_territory": "Sindh", "districts": "Khairpur", "shape_leng": 7.183996, "shape_area": 1.453221, "district_agency": "Khairpur", "status": "District", "cartodb_id": 134, "created_at": "2015-07-06T09:49:19Z", "updated_at": "2015-07-06T09:49:19Z"}}, {"type": "Feature", "geometry": {"type": "MultiPolygon", "coordinates": [[[[68.244869, 27.924168], [68.343919, 27.74998], [68.462309, 27.684954], [68.497162, 27.641417], [68.351721, 27.609084], [68.33651, 27.524372], [68.272225, 27.492602], [68.347489, 27.378388], [68.223639, 27.333754], [68.187713, 27.228785], [68.098471, 27.193992], [68.048249, 27.129024], [67.951839, 27.195632], [67.950369, 27.196566], [67.995428, 27.292389], [68.014081, 27.428591], [68.017086, 27.43265], [68.193922, 27.72294], [68.188056, 27.821902], [68.120066, 27.93466], [68.244869, 27.924168]]]]}, "properties": {"objectid": 137, "province_territory": "Sindh", "districts": "Larkana", "shape_leng": 2.857692, "shape_area": 0.175483, "district_agency": "Larkana", "status": "District", "cartodb_id": 135, "created_at": "2015-07-06T09:49:19Z", "updated_at": "2015-07-06T09:49:19Z"}}, {"type": "Feature", "geometry": {"type": "MultiPolygon", "coordinates": [[[[68.667815, 25.669913], [68.667055, 25.590386], [68.600862, 25.531847], [68.586466, 25.435811], [68.378854, 25.552675], [68.353299, 25.598439], [68.461523, 25.674156], [68.316286, 25.734047], [68.318419, 25.855446], [68.23534, 25.92627], [68.277465, 25.992664], [68.337245, 26.05758], [68.337986, 26.059519], [68.432752, 26.071324], [68.502959, 26.030888], [68.443426, 25.909214], [68.541254, 25.772057], [68.667815, 25.669913]]]]}, "properties": {"objectid": 138, "province_territory": "Sindh", "districts": "Matiari", "shape_leng": 2.353773, "shape_area": 0.131188, "district_agency": "Matiari", "status": "District", "cartodb_id": 136, "created_at": "2015-07-06T09:49:19Z", "updated_at": "2015-07-06T09:49:19Z"}}, {"type": "Feature", "geometry": {"type": "MultiPolygon", "coordinates": [[[[68.356758, 26.630058], [68.153024, 26.598145], [68.105143, 26.569043], [68.027692, 26.604367], [67.911361, 26.549148], [67.807595, 26.597237], [67.869338, 26.660819], [67.834083, 26.855806], [67.921096, 26.921892], [67.910058, 27.042596], [68.004457, 27.069695], [68.048249, 27.129024], [68.098471, 27.193992], [68.187713, 27.228785], [68.337044, 27.206159], [68.437828, 27.088305], [68.446011, 27.036334], [68.327354, 26.873575], [68.288498, 26.655704], [68.356758, 26.630058]]]]}, "properties": {"objectid": 140, "province_territory": "Sindh", "districts": "Naushehro Feroze", "shape_leng": 2.756205, "shape_area": 0.275845, "district_agency": "Naushehro Feroze", "status": "District", "cartodb_id": 138, "created_at": "2015-07-06T09:49:19Z", "updated_at": "2015-07-06T09:49:19Z"}}, {"type": "Feature", "geometry": {"type": "MultiPolygon", "coordinates": [[[[70.127146, 26.140463], [70.080451, 26.058237], [70.091302, 25.965158], [70.23264, 25.78267], [70.092165, 25.768446], [69.977767, 25.722747], [69.922187, 25.750377], [69.787687, 25.645468], [69.727179, 25.547598], [69.625574, 25.490236], [69.550819, 25.5051], [69.517897, 25.576423], [69.444986, 25.541613], [69.299036, 25.547276], [69.294305, 25.54657], [69.323565, 25.615409], [69.304519, 25.760161], [69.232884, 25.802402], [69.100538, 25.813074], [69.096353, 25.755562], [68.981782, 25.704826], [68.923324, 25.750751], [68.880254, 25.702714], [68.736306, 25.752586], [68.667815, 25.669913], [68.541254, 25.772057], [68.443426, 25.909214], [68.502959, 26.030888], [68.432752, 26.071324], [68.441821, 26.159462], [68.568898, 26.184872], [68.647061, 26.168686], [68.639518, 26.298294], [68.747931, 26.314957], [68.847156, 26.436826], [68.919107, 26.469196], [68.952462, 26.371475], [69.11673, 26.22236], [69.235159, 26.237742], [69.570053, 26.200212], [69.837068, 26.205551], [70.127146, 26.140463]]]]}, "properties": {"objectid": 141, "province_territory": "Sindh", "districts": "Sanghar", "shape_leng": 6.550566, "shape_area": 0.915531, "district_agency": "Sanghar", "status": "District", "cartodb_id": 139, "created_at": "2015-07-06T09:49:19Z", "updated_at": "2015-07-06T09:49:19Z"}}, {"type": "Feature", "geometry": {"type": "MultiPolygon", "coordinates": [[[[68.847156, 26.436826], [68.747931, 26.314957], [68.639518, 26.298294], [68.647061, 26.168686], [68.568898, 26.184872], [68.441821, 26.159462], [68.432752, 26.071324], [68.337986, 26.059519], [68.337245, 26.05758], [68.277465, 25.992664], [68.173446, 26.001184], [68.031021, 26.140656], [68.020782, 26.188441], [67.881553, 26.273005], [67.911361, 26.549148], [68.027692, 26.604367], [68.105143, 26.569043], [68.153024, 26.598145], [68.356758, 26.630058], [68.758277, 26.586907], [68.804107, 26.562345], [68.847156, 26.436826]]]]}, "properties": {"objectid": 142, "province_territory": "Sindh", "districts": "Shaheed Benazirabad", "shape_leng": 3.235958, "shape_area": 0.414373, "district_agency": "Shaheed Benazirabad", "status": "District", "cartodb_id": 140, "created_at": "2015-07-06T09:49:19Z", "updated_at": "2015-07-06T09:49:19Z"}}, {"type": "Feature", "geometry": {"type": "MultiPolygon", "coordinates": [[[[69.186455, 27.993323], [69.1837, 27.913863], [69.274973, 27.709819], [69.240908, 27.646137], [69.339247, 27.539654], [69.446816, 27.512478], [69.770384, 27.328915], [69.586662, 27.177984], [69.535582, 27.065614], [69.328001, 27.156872], [69.106418, 27.208286], [69.008163, 27.201561], [68.837478, 27.292771], [68.891849, 27.413495], [68.798974, 27.509278], [68.830413, 27.616992], [68.774977, 27.728083], [68.689745, 27.776428], [68.815116, 27.797111], [68.85798, 27.882134], [69.064693, 28.025353], [69.186455, 27.993323]]]]}, "properties": {"objectid": 144, "province_territory": "Sindh", "districts": "Sukkur", "shape_leng": 3.889808, "shape_area": 0.472977, "district_agency": "Sukkur", "status": "District", "cartodb_id": 142, "created_at": "2015-07-06T09:49:19Z", "updated_at": "2015-07-06T09:49:19Z"}}, {"type": "Feature", "geometry": {"type": "MultiPolygon", "coordinates": [[[[68.880254, 25.702714], [68.883911, 25.542767], [68.957429, 25.396951], [68.96585, 25.298619], [68.884981, 25.228717], [68.771415, 25.210099], [68.73227, 25.257166], [68.617028, 25.292164], [68.586466, 25.435811], [68.600862, 25.531847], [68.667055, 25.590386], [68.667815, 25.669913], [68.736306, 25.752586], [68.880254, 25.702714]]]]}, "properties": {"objectid": 145, "province_territory": "Sindh", "districts": "Tando Allah Yar", "shape_leng": 1.792012, "shape_area": 0.138611, "district_agency": "Tando Allah Yar", "status": "District", "cartodb_id": 143, "created_at": "2015-07-06T09:49:19Z", "updated_at": "2015-07-06T09:49:19Z"}}, {"type": "Feature", "geometry": {"type": "MultiPolygon", "coordinates": [[[[68.73227, 25.257166], [68.61593, 25.164362], [68.571131, 25.082781], [68.784669, 24.960773], [68.847062, 24.870719], [68.820946, 24.83269], [68.708286, 24.830457], [68.686104, 24.920395], [68.579707, 24.866768], [68.527621, 24.887594], [68.354057, 24.757201], [68.26202, 24.885968], [68.310123, 24.937782], [68.258735, 24.988537], [68.286585, 25.127162], [68.338077, 25.125508], [68.344188, 25.218938], [68.365243, 25.182029], [68.487912, 25.159375], [68.590711, 25.17907], [68.617028, 25.292164], [68.73227, 25.257166]]]]}, "properties": {"objectid": 146, "province_territory": "Sindh", "districts": "Tando Muhammad Khan", "shape_leng": 2.961682, "shape_area": 0.149958, "district_agency": "Tando Muhammad Khan", "status": "District", "cartodb_id": 144, "created_at": "2015-07-06T09:49:19Z", "updated_at": "2015-07-06T09:49:19Z"}}, {"type": "Feature", "geometry": {"type": "MultiPolygon", "coordinates": [[[[69.070036, 24.260204], [69.053879, 24.366396], [69.079942, 24.462139], [69.18886, 24.540581], [69.246461, 24.74768], [69.32388, 24.800674], [69.479621, 24.882568], [69.631783, 25.045552], [69.740403, 25.0061], [69.727974, 25.161773], [69.890395, 25.243072], [69.99292, 25.19843], [70.269424, 25.225746], [70.30493, 25.270264], [70.229813, 25.434849], [70.291908, 25.553826], [70.289321, 25.55527], [70.154183, 25.648343], [70.265243, 25.723872], [70.374649, 25.681277], [70.640015, 25.71543], [70.672433, 25.661416], [70.665894, 25.395965], [70.752503, 25.271719], [70.881247, 25.145932], [70.962509, 24.887317], [71.086053, 24.693365], [70.989387, 24.603155], [71.000709, 24.448898], [71.107368, 24.433192], [71.050149, 24.36209], [70.980857, 24.363373], [70.872718, 24.304945], [70.904084, 24.265141], [70.805764, 24.222724], [70.655305, 24.225088], [70.572426, 24.264928], [70.574868, 24.420314], [70.110099, 24.284898], [70.024086, 24.169355], [69.72458, 24.175098], [69.590103, 24.286764], [69.504211, 24.263013], [69.310272, 24.276689], [69.190018, 24.235742], [69.070036, 24.260204]]]]}, "properties": {"objectid": 147, "province_territory": "Sindh", "districts": "Tharparkar", "shape_leng": 8.072219, "shape_area": 1.757143, "district_agency": "Tharparkar", "status": "District", "cartodb_id": 145, "created_at": "2015-07-06T09:49:19Z", "updated_at": "2015-07-06T09:49:19Z"}}, {"type": "Feature", "geometry": {"type": "MultiPolygon", "coordinates": [[[[68.342683, 25.294118], [68.344188, 25.218938], [68.338077, 25.125508], [68.286585, 25.127162], [68.258735, 24.988537], [68.125945, 24.961477], [68.029894, 24.837057], [68.02886, 24.767136], [67.963426, 24.669996], [67.997044, 24.553975], [67.94762, 24.485583], [67.964974, 24.419332], [67.841753, 24.415138], [67.863057, 24.359412], [67.72301, 24.167973], [67.537444, 24.153548], [67.564729, 24.058397], [67.487449, 24.029319], [67.484549, 23.973396], [67.434769, 23.982853], [67.299919, 24.285534], [67.398376, 24.421528], [67.370171, 24.530397], [67.31546, 24.57535], [67.406876, 24.635765], [67.443901, 24.781853], [67.570388, 24.78821], [67.517968, 24.984755], [67.712943, 25.004797], [67.806433, 25.09432], [67.82032, 25.214172], [67.905954, 25.301457], [67.906572, 25.360182], [67.996549, 25.443835], [68.105056, 25.396454], [68.17041, 25.301525], [68.342683, 25.294118]]]]}, "properties": {"objectid": 148, "province_territory": "Sindh", "districts": "Thatta", "shape_leng": 11.229195, "shape_area": 0.680928, "district_agency": "Thatta", "status": "District", "cartodb_id": 146, "created_at": "2015-07-06T09:49:19Z", "updated_at": "2015-07-06T09:49:19Z"}}, {"type": "Feature", "geometry": {"type": "MultiPolygon", "coordinates": [[[[68.185768, 23.837412], [68.149979, 23.698627], [68.035103, 23.72134], [68.117653, 23.831362], [68.185768, 23.837412]]], [[[68.354057, 24.757201], [68.407273, 24.44484], [68.445909, 24.395264], [68.561087, 24.362633], [68.728195, 24.377335], [68.764215, 24.284278], [68.749244, 23.962047], [68.334939, 23.965439], [68.188934, 23.850088], [68.075989, 23.833206], [67.996254, 23.786734], [67.871964, 23.858652], [67.834175, 23.819492], [67.652008, 23.794531], [67.632683, 23.833725], [67.493637, 23.899981], [67.484549, 23.973396], [67.487449, 24.029319], [67.564729, 24.058397], [67.537444, 24.153548], [67.72301, 24.167973], [67.863057, 24.359412], [67.841753, 24.415138], [67.964974, 24.419332], [67.94762, 24.485583], [67.997044, 24.553975], [67.963426, 24.669996], [68.02886, 24.767136], [68.029894, 24.837057], [68.125945, 24.961477], [68.258735, 24.988537], [68.310123, 24.937782], [68.26202, 24.885968], [68.354057, 24.757201]]]]}, "properties": {"objectid": 151, "province_territory": "Sindh", "districts": "Sajawal", "shape_leng": 6.703949, "shape_area": 0.772314, "district_agency": "Sajawal", "status": "District", "cartodb_id": 147, "created_at": "2015-07-06T09:49:19Z", "updated_at": "2015-07-06T09:49:19Z"}}, {"type": "Feature", "geometry": {"type": "MultiPolygon", "coordinates": [[[[70.23264, 25.78267], [70.265243, 25.723872], [70.154183, 25.648343], [70.289321, 25.55527], [70.291908, 25.553826], [70.229813, 25.434849], [70.30493, 25.270264], [70.269424, 25.225746], [69.99292, 25.19843], [69.890395, 25.243072], [69.727974, 25.161773], [69.740403, 25.0061], [69.631783, 25.045552], [69.479621, 24.882568], [69.46153, 24.986083], [69.401071, 25.052735], [69.359097, 25.302107], [69.309606, 25.367493], [69.182833, 25.455808], [69.185615, 25.566382], [69.290125, 25.545945], [69.299036, 25.547276], [69.444986, 25.541613], [69.517897, 25.576423], [69.550819, 25.5051], [69.625574, 25.490236], [69.727179, 25.547598], [69.787687, 25.645468], [69.922187, 25.750377], [69.977767, 25.722747], [70.092165, 25.768446], [70.23264, 25.78267]]]]}, "properties": {"objectid": 155, "province_territory": "Sindh", "districts": "Umerkot", "shape_leng": 4.812043, "shape_area": 0.492425, "district_agency": "Umerkot", "status": "District", "cartodb_id": 148, "created_at": "2015-07-06T09:49:19Z", "updated_at": "2015-07-06T09:49:19Z"}}, {"type": "Feature", "geometry": {"type": "Polygon", "coordinates": [[[67.06441084400007, 24.90673304200004], [67.06437153200005, 24.90658219200003], [67.06436728500006, 24.906569447000038], [67.06429267400006, 24.906390673000033], [67.06428453100006, 24.90637504800003], [67.06427757400007, 24.906365305000065], [67.06410690600006, 24.906152261000045], [67.06383577300005, 24.90570920600004], [67.06337953600007, 24.904673032000062], [67.06310761800006, 24.90405547000006], [67.06305567200008, 24.903936617000056], [67.06250651300007, 24.902680124000028], [67.06211770300007, 24.90180390300003], [67.06203374900008, 24.90159374500007], [67.06190039600006, 24.901259929000048], [67.06186813800008, 24.90116749200007], [67.06178643300007, 24.900933357000042], [67.06171572400007, 24.900748649000036], [67.06170726000005, 24.90073174300005], [67.06162828200007, 24.900604263000048], [67.06162144200005, 24.900594574000024], [67.06152085600007, 24.900467520000063], [67.06151127900006, 24.90045691100005], [67.06137452900003, 24.90032364700005], [67.06136349900004, 24.900314190000074], [67.06121216700006, 24.900201778000053], [67.06102515700007, 24.900071479000076], [67.06079837600004, 24.89990583900004], [67.06065327500005, 24.899788916000034], [67.06014830400005, 24.899382007000042], [67.05983375100004, 24.899131605000036], [67.05974711300007, 24.899045306000062], [67.05968855400005, 24.89898697600006], [67.05963865300004, 24.898937271000023], [67.05962740100006, 24.898927443000048], [67.05961269200003, 24.898917827000048], [67.05943222000008, 24.898817914000063], [67.05941999200007, 24.898812147000058], [67.05921438600006, 24.89872870800008], [67.05920303800008, 24.898724724000033], [67.05877262500007, 24.898596276000035], [67.05804070800008, 24.89835256200007], [67.05716296100007, 24.898134129000027], [67.05696570300006, 24.898086319000072], [67.05695582400006, 24.898084331000064], [67.05694558000005, 24.898083099000075], [67.05693525900006, 24.898082686000066], [67.05677949100004, 24.89808290700006], [67.05667277200007, 24.89809002900006], [67.05658045700005, 24.89807993200003], [67.05639845900004, 24.898043587000075], [67.05622670000008, 24.897997901000053], [67.05595750300006, 24.897908490000077], [67.05565306200003, 24.897793922000062], [67.05538137900004, 24.897694383000044], [67.05537118000007, 24.897691130000055], [67.05502069000005, 24.89759556200005], [67.05432663200008, 24.89744261800007], [67.05376150400008, 24.897294543000044], [67.05374933400003, 24.897291977000066], [67.05373900300003, 24.897290740000074], [67.05353994700005, 24.897274947000028], [67.05334878300005, 24.897253182000043], [67.05313596300005, 24.897169896000037], [67.05290896700006, 24.89705831400005], [67.05274273200007, 24.89698678900004], [67.05273121100004, 24.896982500000036], [67.05249895000003, 24.896911697000064], [67.05238139400007, 24.89688047900006], [67.05202936700005, 24.896787173000064], [67.05168916400004, 24.89671555600006], [67.05167740000007, 24.896713642000066], [67.05154308100003, 24.896698103000062], [67.05141786300004, 24.896676746000026], [67.05130720900007, 24.896636539000042], [67.05107074400007, 24.896502227000042], [67.05031856100004, 24.89608778300004], [67.04911573400005, 24.895471790000045], [67.04810172600008, 24.894990235000023], [67.04773335100003, 24.894802688000027], [67.04738088200008, 24.894579042000032], [67.04688179300007, 24.894303887000035], [67.04595950700008, 24.893886261000034], [67.04523434800006, 24.89353330800003], [67.04465387000005, 24.89329970600005], [67.04442813300005, 24.893182006000075], [67.04414130700007, 24.892995839000037], [67.04400657500008, 24.892905057000064], [67.04399539000008, 24.892898374000026], [67.04398619900007, 24.89289400900003], [67.04397165600005, 24.892888855000024], [67.04388852700004, 24.892864995000025], [67.04387350100006, 24.89286164500004], [67.04385652300004, 24.89286005100007], [67.04371211500006, 24.892856004000066], [67.04369970400006, 24.892856249000033], [67.04357935600007, 24.89286437000004], [67.04351568700008, 24.89286898000006], [67.04336880500006, 24.89288920200005], [67.04316708700003, 24.89291704200008], [67.04275481900004, 24.892990481000027], [67.04263047400008, 24.893014137000023], [67.04241631800005, 24.893054878000044], [67.04223914300007, 24.893088584000054], [67.04162237900005, 24.89315474500006], [67.04052139300006, 24.89320796900006], [67.03995390900008, 24.893252993000033], [67.03940208100005, 24.893282085000067], [67.03894328300004, 24.893247062000057], [67.03848669700005, 24.893180935000032], [67.03812249300006, 24.893087553000043], [67.03782797700006, 24.89298432000004], [67.03748775300005, 24.892820680000057], [67.03739620300007, 24.89278179400003], [67.03717882200004, 24.892689462000078], [67.03715000100004, 24.892677220000053], [67.03680268000005, 24.892535762000023], [67.03678957100004, 24.89253124800007], [67.03649660700006, 24.89244803300005], [67.03632690400008, 24.892368825000062], [67.03611993200008, 24.892272223000077], [67.03573764100008, 24.89206187700006], [67.03536614700005, 24.891822027000046], [67.03499046300004, 24.89157954500007], [67.03404609900008, 24.891011994000053], [67.03366089500008, 24.890814566000074], [67.03364548600007, 24.89080794700004], [67.03324527900003, 24.890667044000054], [67.03323530000006, 24.890664077000054], [67.03272607100007, 24.890535360000058], [67.03251770300005, 24.890482691000045], [67.03196940200007, 24.89031921700007], [67.03186776400008, 24.89028914100004], [67.03175970000007, 24.89026368100008], [67.03146609000004, 24.890194506000057], [67.03134367000007, 24.89016566400005], [67.03122846900004, 24.890138523000076], [67.03080788000005, 24.890021827000055], [67.03002720600006, 24.889797491000024], [67.02962249400008, 24.889656503000026], [67.02960502100007, 24.889651911000044], [67.02903041100006, 24.88954364700004], [67.02837976600006, 24.889372232000028], [67.02776304200006, 24.88916454200006], [67.02728336000007, 24.888987089000068], [67.02697954700005, 24.888816940000027], [67.02669259500004, 24.888600206000035], [67.02655850800005, 24.88867917300007], [67.02648872700007, 24.888720268000043], [67.02647161400006, 24.88874478300005], [67.02636662500004, 24.888895175000073], [67.02623119300006, 24.889255857000023], [67.02621537000005, 24.88929799400006], [67.02620298200003, 24.889355697000042], [67.02614616500006, 24.88962034800005], [67.02613548500005, 24.889759620000063], [67.02612653500006, 24.889876325000046], [67.02610932200008, 24.890100782000047], [67.02609974700005, 24.890225649000058], [67.02609951300008, 24.89054810600004], [67.02607596000007, 24.890678429000047], [67.02606873600007, 24.890718399000036], [67.02605208900007, 24.890738105000025], [67.02594468700005, 24.89086524700008], [67.02551537700003, 24.89109785900007], [67.02492178700004, 24.891349857000023], [67.02480722000007, 24.891398493000054], [67.02451857100004, 24.89156115800006], [67.02443888100004, 24.891606066000065], [67.02433913600004, 24.89168947400003], [67.02413983700006, 24.89185612800003], [67.02374371200005, 24.89226302900005], [67.02360791600006, 24.892402520000076], [67.02338806800003, 24.89259247900003], [67.02321843400006, 24.892739051000035], [67.02306958600008, 24.892900349000058], [67.02280814700003, 24.89318365400004], [67.02256523400007, 24.893499054000074], [67.02234700900004, 24.893782400000077], [67.02230685300003, 24.893840769000064], [67.02191423300008, 24.894411473000048], [67.02188246400004, 24.894455597000047], [67.02184514700008, 24.894507427000065], [67.02167856000005, 24.894738803000052], [67.02160817100008, 24.894801915000073], [67.02140999800008, 24.894979601000045], [67.02120377600005, 24.895225277000065], [67.02102351400003, 24.895464968000056], [67.02088542000007, 24.895677809000063], [67.02083934100006, 24.895809850000035], [67.02083157100003, 24.895949073000054], [67.02086476700003, 24.896265569000036], [67.02086776100003, 24.896286043000032], [67.02088990300007, 24.89640580400004], [67.02090081400007, 24.89646481400007], [67.02090720900003, 24.896499403000064], [67.02092685400004, 24.896605660000034], [67.02099614800005, 24.89680660500005], [67.02105227900006, 24.89696937900004], [67.02112119400005, 24.897169225000027], [67.02114262400005, 24.897246598000038], [67.02122053600004, 24.89752790400007], [67.02123157800008, 24.897588039000027], [67.02126576900008, 24.897774240000047], [67.02129971900007, 24.89795912900007], [67.02133518900007, 24.898405979000074], [67.02135284700006, 24.898628441000028], [67.02137461800004, 24.899018690000048], [67.02140168500006, 24.899503866000032], [67.02140664300003, 24.899592735000056], [67.02140953700007, 24.899644616000046], [67.02144443700007, 24.899965518000045], [67.02146532000006, 24.900157540000066], [67.02147276600004, 24.900442509000072], [67.02146582000006, 24.900554474000046], [67.02145575500003, 24.900716715000044], [67.02142234200005, 24.901255341000024], [67.02142074800008, 24.901281914000037], [67.02140453300007, 24.901552222000078], [67.02139517400008, 24.90170825900003], [67.02138724600007, 24.901793498000075], [67.02135654800003, 24.90212355400007], [67.02135353800003, 24.90225851300005], [67.02135257200007, 24.902301855000076], [67.02135656300004, 24.90233601500006], [67.02137694800007, 24.902510514000028], [67.02138302300006, 24.902562513000078], [67.02142232300008, 24.90276552200004], [67.02143767000007, 24.902844798000046], [67.02145161000004, 24.902916808000043], [67.02148995300007, 24.903114870000024], [67.02149370100005, 24.90313423200007], [67.02158032300008, 24.903405685000052], [67.02160592300004, 24.903455310000027], [67.02169509900006, 24.903628173000072], [67.02170702700005, 24.903659314000038], [67.02172449700004, 24.903704919000063], [67.02177647200006, 24.903840605000028], [67.02181082900006, 24.904007438000065], [67.02181405800007, 24.90405243300006], [67.02182081300003, 24.90414654700004], [67.02182978500008, 24.904271567000023], [67.02182973300006, 24.90434074500007], [67.02182960400006, 24.904510164000044], [67.02182956900003, 24.90455653500004], [67.02183063800004, 24.904569140000035], [67.02184796800003, 24.904773548000037], [67.02185371700006, 24.904841350000027], [67.02185615100007, 24.904870062000043], [67.02186342000005, 24.905012810000073], [67.02186418800005, 24.90502790000005], [67.02186747700006, 24.905092483000033], [67.02184822100003, 24.905221495000035], [67.02183589700007, 24.905253196000047], [67.02181372400008, 24.905310228000076], [67.02177527900005, 24.90540911200003], [67.02165188500004, 24.905609747000028], [67.02141039100007, 24.905814633000034], [67.02132022300003, 24.905875732000027], [67.02124547200003, 24.905926384000054], [67.02090680000003, 24.906155873000046], [67.02083302700004, 24.90620192600005], [67.02067921200006, 24.906297945000063], [67.02053081000008, 24.906390586000043], [67.02042972300006, 24.906453690000035], [67.02024979600003, 24.906525258000045], [67.02015778500004, 24.906605125000056], [67.01990468800005, 24.90692117900005], [67.01966520500008, 24.90710961700006], [67.01957344100003, 24.90718182200004], [67.01952483400004, 24.907219145000056], [67.01922076900007, 24.907452625000076], [67.01911622700004, 24.907547111000042], [67.01902418800006, 24.90766519600004], [67.01884433700008, 24.90795664500007], [67.01870070100006, 24.90824486500003], [67.01861995400003, 24.908479070000055], [67.01857015000007, 24.908623526000042], [67.01845706500006, 24.908923110000046], [67.01834944600006, 24.90913316500007], [67.01819987900006, 24.909327657000063], [67.01813759400005, 24.909440844000073], [67.01810974200004, 24.90949145600007], [67.01809671000007, 24.909524730000044], [67.01800225000005, 24.90976590300005], [67.01797934900003, 24.909884790000035], [67.01795219900004, 24.910025736000023], [67.01795141600007, 24.910082827000053], [67.01794817100006, 24.910319299000037], [67.01795215800007, 24.910342188000072], [67.01797993600007, 24.91050166200006], [67.01799774900007, 24.910603928000057], [67.01805121100006, 24.910896210000033], [67.01806259100005, 24.910958424000057], [67.01808092200008, 24.911033108000026], [67.01814183200008, 24.91128125800003], [67.01824123100005, 24.91154565100004], [67.01835398200006, 24.911738736000075], [67.01848792700008, 24.911949485000036], [67.01856527100006, 24.912105523000037], [67.01859392200004, 24.912163323000073], [67.01863592600006, 24.912337080000043], [67.01862808200008, 24.91256640000006], [67.01861914100004, 24.912608138000053], [67.01853579300007, 24.912997204000078], [67.01847800900003, 24.913321778000068], [67.01844188500007, 24.91352469000003], [67.01843019800003, 24.913768309000034], [67.01842993800005, 24.91409898300003], [67.01844378500004, 24.914320260000068], [67.01844554400003, 24.91434836700006], [67.01844885600008, 24.91440129600005], [67.01845867800006, 24.914486614000054], [67.01846902300008, 24.914576476000036], [67.01847484000007, 24.91462700200003], [67.01848341400006, 24.91470147900003], [67.01848475600008, 24.91471314000006], [67.01849071300006, 24.914764886000057], [67.01849066800008, 24.91482176100004], [67.01849062700006, 24.914873514000078], [67.01849058700003, 24.914924554000038], [67.01849057900006, 24.914934903000074], [67.01849055100007, 24.914970953000022], [67.01849050100003, 24.915034485000035], [67.01849043400006, 24.915119425000057], [67.01849033700006, 24.915241640000033], [67.01848596200006, 24.915273461000027], [67.01847458200007, 24.91535622600003], [67.01847208500004, 24.915374391000057], [67.01845291900008, 24.915513786000076], [67.01844185500005, 24.91559425300005], [67.01843735800003, 24.915626961000044], [67.01842449400004, 24.915720520000036], [67.01841214900003, 24.91581030800006], [67.01840556900004, 24.915858164000042], [67.01840314100008, 24.915945058000034], [67.01839937900007, 24.916079663000062], [67.01839558800003, 24.91621529300005], [67.01839323400003, 24.916299525000056], [67.01839063800003, 24.916392399000074], [67.01838980000008, 24.916422408000074], [67.01837239500003, 24.916593598000077], [67.01834355000005, 24.916877329000044], [67.01832558900003, 24.917053992000035], [67.01831643600008, 24.917144019000034], [67.01830245800005, 24.917242017000035], [67.01829683300008, 24.917281450000075], [67.01826786400005, 24.917484547000072], [67.01824986000008, 24.917610767000042], [67.01821614200003, 24.917847152000036], [67.01819780000005, 24.91805468800004], [67.01818841500005, 24.918160898000053], [67.01817079700004, 24.91836025400005], [67.01816964400007, 24.918373302000077], [67.01813400800006, 24.918596816000047], [67.01811305400008, 24.918728240000064], [67.01810362000003, 24.91878740800007], [67.01803026800008, 24.919091982000054], [67.01802458500003, 24.91914504300007], [67.01800308600008, 24.919345752000027], [67.01799123300003, 24.919456401000048], [67.01799348200007, 24.919546697000044], [67.01799916900006, 24.919775091000076], [67.01800136800006, 24.919863376000023], [67.01799569800005, 24.91995929500007], [67.01798933800006, 24.92006688200007], [67.01796253300006, 24.920520329000055], [67.01795985800004, 24.920547428000077], [67.01794251300004, 24.920723102000068], [67.01789875400004, 24.921166311000036], [67.01789301800005, 24.921224401000075], [67.01788922200006, 24.92160855800006], [67.01788885400003, 24.921645758000068], [67.01789988900003, 24.92181621900005], [67.01790777700006, 24.92193805200003], [67.01793434700005, 24.922090102000027], [67.01796498400006, 24.922265425000035], [67.01803273000007, 24.92245698200003], [67.01808397500008, 24.922601883000027], [67.01815283400003, 24.922730485000045], [67.01826387400007, 24.92280699500003], [67.01844766400006, 24.922928717000048], [67.01857270400006, 24.92299863200003], [67.01862742500003, 24.923029229000065], [67.01869632300003, 24.923102233000066], [67.01873451100005, 24.923255122000057], [67.01873545400008, 24.923320946000047], [67.01874066700003, 24.923684921000074], [67.01874177900004, 24.923762529000044], [67.01874053400007, 24.923797842000056], [67.01873738100005, 24.923887293000064], [67.01872845500003, 24.924140484000077], [67.01872701300005, 24.924181402000045], [67.01872457800005, 24.92425048900003], [67.01872023300007, 24.92439936900007], [67.01871983900003, 24.924412869000037], [67.01871528300006, 24.92456898300003], [67.01871276700007, 24.924655206000068], [67.01869049700008, 24.924736301000053], [67.01866678300007, 24.92482265500007], [67.01862058800003, 24.924959528000045], [67.01860900100007, 24.925081116000058], [67.01862802200003, 24.925251358000025], [67.01869827500008, 24.92540123300006], [67.01871598300005, 24.92543900900006], [67.01873900400005, 24.925464963000024], [67.01882697500008, 24.92556414200004], [67.01904549300008, 24.92567973200005], [67.01918495600006, 24.925743081000064], [67.01921398400003, 24.925756266000064], [67.01932341000008, 24.925822525000058], [67.01935182300008, 24.925839729000074], [67.01937731900006, 24.925875870000027], [67.01942441900007, 24.92594263600006], [67.01944571300004, 24.925995320000027], [67.01956638900003, 24.926293888000032], [67.01963234100003, 24.926550064000025], [67.01965676700007, 24.926642118000075], [67.01968581200003, 24.926751582000065], [67.01972401500007, 24.926883616000055], [67.01978523500003, 24.926977454000053], [67.01988439800004, 24.92704672900004], [67.02006861800004, 24.927123551000022], [67.02020875600005, 24.927154226000027], [67.02035429700004, 24.92720296300007], [67.02045385500003, 24.927262088000077], [67.02051507900006, 24.927352453000026], [67.02053415500006, 24.927453211000056], [67.02053063700004, 24.92750525100007], [67.02052640500006, 24.927567848000024], [67.02045844100007, 24.92782987100003], [67.02043803300006, 24.92790858400008], [67.02036360600005, 24.928164022000033], [67.02035439000008, 24.928177730000073], [67.02033808300007, 24.928201986000033], [67.02030991100008, 24.928243889000044], [67.02016038500005, 24.928396649000035], [67.01979755400004, 24.928685810000047], [67.01967820400006, 24.92878733300006], [67.01942242100006, 24.92900491000006], [67.01935186000003, 24.929076563000024], [67.01912044300008, 24.929311557000062], [67.01911218300006, 24.929322712000044], [67.01890376700004, 24.92960415600004], [67.01882944900007, 24.929704515000026], [67.01869579000004, 24.929843814000037], [67.01852152800006, 24.930025429000068], [67.01849102300008, 24.930072302000042], [67.01837821400005, 24.930245641000056], [67.01829337600003, 24.93037600100007], [67.01827978100005, 24.930399418000036], [67.01826803800003, 24.93041964400004], [67.01824593500004, 24.930457715000045], [67.01822395500005, 24.930495575000066], [67.01816491800008, 24.930597264000028], [67.01812667800004, 24.93069397000005], [67.01809349900003, 24.93077787900006], [67.01803980200003, 24.930861212000025], [67.01803007100006, 24.930870653000056], [67.01798613400007, 24.930913281000073], [67.01782134100006, 24.93100349100007], [67.01755314500008, 24.93107626400007], [67.01729266100006, 24.93109693400004], [67.01727102300003, 24.931093591000035], [67.01706732700006, 24.931062116000078], [67.01693710600006, 24.931044675000066], [67.01686513700008, 24.931060942000045], [67.01678387200008, 24.93107931000003], [67.01666689100006, 24.93113642000003], [67.01650595300003, 24.93123355700004], [67.01642923700007, 24.93128424200006], [67.01636416400004, 24.931327236000072], [67.01632447400004, 24.93134673900005], [67.01625213800008, 24.93138228500004], [67.01623005300007, 24.931393137000043], [67.01616107800004, 24.931431298000064], [67.01609211100003, 24.93145903900006], [67.01603466300003, 24.931452054000033], [67.01596574900003, 24.931413801000076], [67.01585475300004, 24.93131995300007], [67.01574523100004, 24.93123038400006], [67.0157, 24.931307], [67.01567650100003, 24.931355677000056], [67.015658, 24.931394], [67.01562525300005, 24.931474957000034], [67.01561271300005, 24.931482481000046], [67.01550805400007, 24.93177552700007], [67.01542432600007, 24.932047642000043], [67.01540339500008, 24.93222556300003], [67.01553945200004, 24.93228835800005], [67.01583249800007, 24.93242441500007], [67.01605228200003, 24.932518609000056], [67.01620927100004, 24.932550006000042], [67.01643952200004, 24.932550006000042], [67.01672210200007, 24.932529075000048], [67.01697328400007, 24.932508143000064], [67.01724539900005, 24.932445347000055], [67.01753844500007, 24.932445347000055], [67.01774776300005, 24.932591870000067], [67.01799894600003, 24.932895382000027], [67.01826059400008, 24.93318842800005], [67.01854317400006, 24.933429145000048], [67.01888855000004, 24.933669861000055], [67.01931765300003, 24.933962907000023], [67.01969442700005, 24.934172226000044], [67.02012353000003, 24.934465272000068], [67.02046890600008, 24.934674591000032], [67.02081428200006, 24.93486297800007], [67.02121198700007, 24.935082762000036], [67.02154689700006, 24.935250217000032], [67.02183994300003, 24.93543860400007], [67.02201786400008, 24.93562699100005], [67.02216438700003, 24.935752582000077], [67.02235277400007, 24.935920037000074], [67.02260395600007, 24.936171219000073], [67.02269815000005, 24.93633867400007], [67.02280280900004, 24.936443333000057], [67.02311678700005, 24.936694516000045], [67.02344123100005, 24.93691430000007], [67.02372381100008, 24.937081755000065], [67.02404825500008, 24.937165483000058], [67.02426804000004, 24.937301540000078], [67.02441013200007, 24.93747546000003], [67.02577666300004, 24.938814679000075], [67.02684742100007, 24.93976646400006], [67.02756125900004, 24.940432713000064], [67.02820371400003, 24.941003783000042], [67.02883427100005, 24.941574854000066], [67.02929826600007, 24.94202695200005], [67.02980985000005, 24.94257422800007], [67.03042851000004, 24.943145298000047], [67.03105906700006, 24.943787753000038], [67.03160634300008, 24.944335029000058], [67.03218931100008, 24.944870408000043], [67.03277227900003, 24.945548554000027], [67.03364078200008, 24.94659551700005], [67.03402149600004, 24.947059512000067], [67.03422375000008, 24.947333150000077], [67.03449738800003, 24.947618685000066], [67.03496138300005, 24.94807078300005], [67.03529450700006, 24.94843959900004], [67.03568711800006, 24.948915491000037], [67.03650803200003, 24.949926762000075], [67.03717428100003, 24.95083095700005], [67.03788812000005, 24.951723255000047], [67.03831642300008, 24.952341915000034], [67.03891128800007, 24.953150932000028], [67.03945856400003, 24.95391235900007], [67.03974409900007, 24.954316868000035], [67.04001773700003, 24.954828452000072], [67.04023188900004, 24.95524485800007], [67.04050552700005, 24.955613674000062], [67.04098141900005, 24.956303718000072], [67.04133833800006, 24.956803405000073], [67.04162387400004, 24.95733878300007], [67.04182612800008, 24.95764811300006], [67.04195699800005, 24.957862265000074], [67.04208786800007, 24.958016930000042], [67.04226632800004, 24.95821918400003], [67.04255186300003, 24.958659384000043], [67.04287309100005, 24.959289941000065], [67.04317052300007, 24.959849115000054], [67.04339657200006, 24.960348801000066], [67.04362973200006, 24.961000012000056], [67.04379428800007, 24.961316466000028], [67.04394618600003, 24.961481023000033], [67.04416137500004, 24.961594946000048], [67.04430061500005, 24.961759503000053], [67.04435124800005, 24.962012666000078], [67.04424998200005, 24.962341778000052], [67.04412340100004, 24.962481018000062], [67.04400947700003, 24.96256962600006], [67.04400947700003, 24.962759498000025], [67.04412478600005, 24.96332266400003], [67.04393352800008, 24.963455698000075], [67.04376897200007, 24.96360759600003], [67.04369302300006, 24.96378481000005], [67.04368735200006, 24.963971866000065], [67.04374057700005, 24.96516682400005], [67.04440540600007, 24.96519452600006], [67.04511114700006, 24.965223931000025], [67.04620569900004, 24.96521441400006], [67.04670893300005, 24.965309930000046], [67.04705306200003, 24.96535433400004], [67.04710856600008, 24.965432040000053], [67.04717517200004, 24.965543049000075], [67.04731948400007, 24.965543049000075], [67.04790783400006, 24.965265526000053], [67.04840737600006, 24.96488809400006], [67.05188196800003, 24.96483259000007], [67.053555, 24.96486127000003], [67.053555, 24.965193], [67.05353254600004, 24.965526563000026], [67.05320444300008, 24.96549535500003], [67.05284668000007, 24.965635349000024], [67.05250447300006, 24.96591533700007], [67.05197560700003, 24.966226434000077], [67.05188227800005, 24.96613310500004], [67.05177339400007, 24.96600866600005], [67.05122897300004, 24.965899782000065], [67.05028012600008, 24.965806453000027], [67.04922239400008, 24.965930892000074], [67.04884907700006, 24.96661530600005], [67.04889574200007, 24.96734638600003], [67.04903573600006, 24.96823301300003], [67.04886463200006, 24.968528556000024], [67.04884907700006, 24.969819611000048], [67.04882635500007, 24.970243754000023], [67.04880241300003, 24.970690684000033], [67.04889574200007, 24.97106400100006], [67.04923794900003, 24.971406208000076], [67.04930016900005, 24.97215284200007], [67.04939349800003, 24.972775037000076], [67.04958015600005, 24.97331945800005], [67.04951614400005, 24.97371633800003], [67.04950238200007, 24.97380165900006], [67.04944016200005, 24.97405053700004], [67.04965793100007, 24.975077159000023], [67.05001569300003, 24.976228220000053], [67.05049789400005, 24.97702151900006], [67.05087121100007, 24.977768153000056], [67.05090232100008, 24.978250354000068], [67.05063788800004, 24.978748110000026], [67.05021790600006, 24.97927697600005], [67.05006235800005, 24.979696957000044], [67.05010902200007, 24.980116939000027], [67.05034234500005, 24.980816909000055], [67.05037345500006, 24.981112451000058], [67.05032679000004, 24.981330220000075], [67.05017124200003, 24.98162576200008], [67.05007791200006, 24.982854597000028], [67.05007791200006, 24.98308792100005], [67.05018679700004, 24.983259024000063], [67.05012453600006, 24.98376956000004], [67.05010902200007, 24.983896774000073], [67.05021790600006, 24.984627853000063], [67.05043567500007, 24.985234494000053], [67.05082454600006, 24.98585668900006], [67.05138452200003, 24.986416664000046], [67.05191338800006, 24.98694553000007], [67.05222030600004, 24.987215246000062], [67.05273779600003, 24.98798770700006], [67.05300143600005, 24.988432127000067], [67.05328221700006, 24.988905444000068], [67.05381108300003, 24.990103170000054], [67.05409107100007, 24.991145347000042], [67.05423106400008, 24.99193864500006], [67.05449549700006, 24.992934157000036], [67.05448199200004, 24.993474382000045], [67.05447994200006, 24.99355635200004], [67.05441772300003, 24.993883005000043], [67.05438661300008, 24.994147438000027], [67.05421551000006, 24.994271877000074], [67.05404440600006, 24.994536310000058], [67.05395107700008, 24.994645194000043], [67.05362442400008, 24.994676304000052], [67.05317333300007, 24.995158505000063], [67.05283112600006, 24.995485157000076], [67.05239558900007, 24.996542889000068], [67.05214671100003, 24.997507291000034], [67.05206893700006, 24.997927273000073], [67.05216226600004, 24.998502803000065], [67.05180450400007, 24.99861168700005], [67.05161784500007, 24.998829456000067], [67.05131974800008, 24.999368520000075], [67.0512, 25.001512], [67.051083, 25.003321], [67.05106526200007, 25.00360062900006], [67.051049, 25.003857], [67.050939, 25.00555], [67.051008, 25.005687], [67.051163, 25.005733], [67.051315, 25.005791], [67.05151792000004, 25.005802988000028], [67.05158872700008, 25.00580717100007], [67.05210031100006, 25.005837394000025], [67.05215097900003, 25.005840387000035], [67.05286778300007, 25.005882734000068], [67.05294, 25.005887], [67.053802, 25.005934], [67.05386706100006, 25.005937349000078], [67.053938, 25.005941], [67.05483487400005, 25.005989407000072], [67.05642498100008, 25.006075231000068], [67.05692478900005, 25.006102207000026], [67.057625, 25.00614], [67.05912017600008, 25.00621986400006], [67.05919467400008, 25.006223844000033], [67.060246, 25.00628], [67.06109348400008, 25.006325247000063], [67.062119, 25.00638], [67.062746, 25.006409], [67.06299016200006, 25.006420597000044], [67.06329924400006, 25.006435277000037], [67.063525, 25.006446], [67.063597, 25.006453], [67.063668, 25.006466], [67.063738, 25.006485], [67.063806, 25.00651], [67.063872, 25.00654], [67.063936, 25.006576], [67.063996, 25.006616], [67.064053, 25.006661], [67.064075, 25.006695], [67.064117, 25.006745], [67.064133, 25.00676], [67.064167, 25.006787], [67.064223, 25.006821], [67.064283, 25.006846], [67.064347, 25.006861], [67.064412, 25.006867], [67.064477, 25.006861], [67.064541, 25.006846], [67.064601, 25.006821], [67.06465763700004, 25.006786223000063], [67.064691, 25.00676], [67.064707, 25.006745], [67.064749, 25.006695], [67.06478, 25.006645], [67.064793, 25.006619], [67.064808, 25.006579], [67.06498146100006, 25.00655555700007], [67.06511116000007, 25.006547928000032], [67.06551933300005, 25.006567001000064], [67.06558209200006, 25.006569454000044], [67.06625196500005, 25.00659563800008], [67.06629071100008, 25.00659715300003], [67.06630336100005, 25.006597647000035], [67.06657939100006, 25.006608437000068], [67.06669044500006, 25.006612778000033], [67.06684192800003, 25.006619586000056], [67.06699816200006, 25.006626608000033], [67.06708686300004, 25.006630594000057], [67.06710213800005, 25.006631281000068], [67.06737022700008, 25.00664333000003], [67.06770896900008, 25.00665855400007], [67.06785130100008, 25.006665372000043], [67.06834602400005, 25.00668907200003], [67.06906700100006, 25.006727219000027], [67.06912791900004, 25.006730641000047], [67.06960889200008, 25.00675766200004], [67.06987859700007, 25.006772814000044], [67.07008552600007, 25.006784439000057], [67.07019695000008, 25.006790704000025], [67.07081495400007, 25.006825451000054], [67.07103538500007, 25.006837845000064], [67.07129974800006, 25.006849129000045], [67.07166099500006, 25.006864548000067], [67.07224912000004, 25.006895882000038], [67.07255942300003, 25.006912415000045], [67.07259178200007, 25.00691413900006], [67.07285564800003, 25.006927671000028], [67.07300119600006, 25.00693513500005], [67.07317517100006, 25.006944057000055], [67.07333564800007, 25.006952286000057], [67.07376832500006, 25.006972478000023], [67.07426517800008, 25.006995664000044], [67.07434401900008, 25.006999343000075], [67.07448005700007, 25.007005692000064], [67.07456747100008, 25.00701014200007], [67.07531781100005, 25.00704834100003], [67.07538278300007, 25.00705164900006], [67.07552909900005, 25.007059097000024], [67.07607607500006, 25.007094446000053], [67.07648422800008, 25.007120824000026], [67.07665062000007, 25.007131577000052], [67.07679053300006, 25.007137482000076], [67.07697127600005, 25.007145111000057], [67.07735795300005, 25.007161432000032], [67.07771371200005, 25.007176448000052], [67.07782554600004, 25.007181168000045], [67.07804616100003, 25.007193424000036], [67.07823055100005, 25.007203668000045], [67.07907795700004, 25.007250746000068], [67.07940483100003, 25.007268906000036], [67.07941621800006, 25.007269638000025], [67.07944091400003, 25.007271226000057], [67.07976847100008, 25.007292283000027], [67.08100700400007, 25.007371902000045], [67.08133368600005, 25.00739308800007], [67.08155242200007, 25.00740727400006], [67.08169642900003, 25.007416613000032], [67.08283042900007, 25.007490158000053], [67.08289406400007, 25.007492506000062], [67.08329674100008, 25.00750736200007], [67.08386549900007, 25.007528345000026], [67.08457324900007, 25.007554456000037], [67.08479499800006, 25.007562637000035], [67.08504814800006, 25.007572784000047], [67.08621579000004, 25.007619589000058], [67.08660316500004, 25.007635117000063], [67.08685165600008, 25.00764445300007], [67.08792305000003, 25.007684708000056], [67.08815322400005, 25.007694913000023], [67.08947181700006, 25.007753372000025], [67.08976554900005, 25.007768631000033], [67.08990669300005, 25.00777626000007], [67.08999443100004, 25.00778389000004], [67.09006691000008, 25.007791519000023], [67.09017372100004, 25.007802963000074], [67.09026908900006, 25.007818222000026], [67.09040260300003, 25.007841110000072], [67.09058570900004, 25.007871628000032], [67.09069808200007, 25.007895148000046], [67.09074974100008, 25.007905960000073], [67.09089331100006, 25.007944352000038], [67.09098890700005, 25.007969915000047], [67.09113331200007, 25.00800853000004], [67.09147074800006, 25.008098764000067], [67.09158965800003, 25.008130562000076], [67.09162738300006, 25.00810405900006], [67.09159619300004, 25.00787267800007], [67.09159467700005, 25.007861430000048], [67.09158167100003, 25.007764946000066], [67.09156171900008, 25.00761692900005], [67.09154656200008, 25.007427377000056], [67.09153524700008, 25.007285876000026], [67.09153045300008, 25.006755379000026], [67.09153006100007, 25.006711978000055], [67.09153546300007, 25.006673369000055], [67.09159161600007, 25.006272031000037], [67.09161927600007, 25.00618280900005], [67.09162671600006, 25.006158810000045], [67.09173070600008, 25.005823382000074], [67.09181232500003, 25.005585161000056], [67.09188842300006, 25.005363053000053], [67.09190340100008, 25.005288504000077], [67.09190982100006, 25.00525655100006], [67.09190451200004, 25.00513846900003], [67.09185887100006, 25.00503169600006], [67.09182099700007, 25.004943092000076], [67.09168340400004, 25.004600375000052], [67.09165853500008, 25.004513778000046], [67.09156766800004, 25.00419736300006], [67.09155782200008, 25.004163078000033], [67.09155507000008, 25.004150911000067], [67.09148058400007, 25.003821639000023], [67.09145320400006, 25.003700602000038], [67.09135743400003, 25.003329997000037], [67.09134983900003, 25.00330060400006], [67.09127228900007, 25.003016124000055], [67.09119500100007, 25.00266201000005], [67.09119075500007, 25.002642553000044], [67.09118053800006, 25.002592995000043], [67.09111504700007, 25.002275316000066], [67.09109762600008, 25.00200493600005], [67.09111297100003, 25.001824987000077], [67.09113565200005, 25.001558999000054], [67.09119698900008, 25.001160404000075], [67.09126124000005, 25.000769364000064], [67.09132010100006, 25.000160656000048], [67.09133188600003, 25.000086431000057], [67.09137267300008, 24.999829557000055], [67.09144564700006, 24.999525692000077], [67.09146486000003, 24.99946239600007], [67.09146966900005, 24.999446555000077], [67.09148442700007, 24.999397937000026], [67.09156274400004, 24.999139933000038], [67.09162978400008, 24.998865446000025], [67.09171452000004, 24.99851850600004], [67.09179040100008, 24.998226182000053], [67.09213356100008, 24.997448140000074], [67.09213796200004, 24.997438163000027], [67.09231392800007, 24.997024112000076], [67.09247539600005, 24.99664417500003], [67.09257506900008, 24.99637602200005], [67.09275678200004, 24.99588715400006], [67.09298273300004, 24.995356078000043], [67.09301344200003, 24.99528390000006], [67.09318222600007, 24.994763937000073], [67.09320617900005, 24.994653722000066], [67.09324419400008, 24.99447767600003], [67.09326137900007, 24.994398095000065], [67.09330233700007, 24.994208422000042], [67.09334034800008, 24.99379777000007], [67.09333392900004, 24.993553663000057], [67.09332922900006, 24.993374927000048], [67.09332880100004, 24.99335865200004], [67.09329277000006, 24.992979852000076], [67.09324678900003, 24.992785540000057], [67.09316684300006, 24.99260163100007], [67.09314724400008, 24.992556544000024], [67.09309101100007, 24.992467757000043], [67.09294502200004, 24.99223725400003], [67.09292103500007, 24.992199381000034], [67.09279280500004, 24.99199059500006], [67.09265050000005, 24.991829902000063], [67.09255879600005, 24.99175689300006], [67.09240834300005, 24.991637034000064], [67.09189728300004, 24.991220629000054], [67.09188626600007, 24.991212591000078], [67.09186389800004, 24.99119627400006], [67.09150201800003, 24.990932274000045], [67.09144725100003, 24.990881295000065], [67.09128854900007, 24.990733566000074], [67.09117351300006, 24.990629659000035], [67.09108898800008, 24.99052922000004], [67.09098517400008, 24.99038874200005], [67.09095218000004, 24.990296499000067], [67.09094669600006, 24.990281166000045], [67.09093273500008, 24.990242136000063], [67.09090653500004, 24.99009414300008], [67.09085605700005, 24.989475585000037], [67.09083226400003, 24.989184038000076], [67.090815, 24.988979717000063], [67.09081015400005, 24.98892236000006], [67.09079134500007, 24.98869976700007], [67.09075670800007, 24.988289836000035], [67.09075009600008, 24.988109774000065], [67.09074476600006, 24.987964627000053], [67.09074304700005, 24.98791781500006], [67.09072777100005, 24.987501784000074], [67.09073432900004, 24.98724147100006], [67.09074094200008, 24.986978986000054], [67.09074357000003, 24.98687467900004], [67.09075135300003, 24.986565721000034], [67.09075713200008, 24.98631090200007], [67.09076247200005, 24.98607540300003], [67.09077201600007, 24.98565455000005], [67.09079264600007, 24.984953569000027], [67.09085136400006, 24.98456956900003], [67.09085302600005, 24.984558701000026], [67.09088832200007, 24.984327880000023], [67.09091974000006, 24.984208910000063], [67.09096256200007, 24.984123569000076], [67.09101109000005, 24.984035646000052], [67.09107103000008, 24.983950314000026], [67.09116452500007, 24.983847895000054], [67.09160080900006, 24.983454290000054], [67.09198374100004, 24.983108817000073], [67.09217832300004, 24.982913153000027], [67.09239614300003, 24.982694121000065], [67.09254538900007, 24.982544045000054], [67.09274430800008, 24.98237871300006], [67.09279569200004, 24.98229854300007], [67.09281853700003, 24.982231300000024], [67.09281821200005, 24.982114910000064], [67.09281005100007, 24.981935099000054], [67.09279327600007, 24.981818479000026], [67.09277017400007, 24.981657876000043], [67.09269892200007, 24.98134736800006], [67.09260069000004, 24.981047802000035], [67.09256426700006, 24.98095834700007], [67.09253626400005, 24.98088957300007], [67.09251160300005, 24.98082900600008], [67.09245171300006, 24.98072294900004], [67.09241971000006, 24.98068864800007], [67.09238895700008, 24.980655686000034], [67.09220882600005, 24.98055665800007], [67.09189262000007, 24.980381039000065], [67.09164877700005, 24.980214587000034], [67.09162728800004, 24.98019991800004], [67.09142630800005, 24.980052684000043], [67.09127510900004, 24.979912975000047], [67.09117542200005, 24.979800580000074], [67.09108415100008, 24.979655715000035], [67.09100291100003, 24.979480730000034], [67.09094088200004, 24.97926910600006], [67.090932, 24.979234], [67.09092722200006, 24.97921942200003], [67.09089054700007, 24.97906874100005], [67.09087917500005, 24.978923895000037], [67.09087640600006, 24.978611683000054], [67.09087548700006, 24.978533629000026], [67.09087007200003, 24.97807392200008], [67.09086525700008, 24.977665196000032], [67.09086053200008, 24.977527292000048], [67.09085054800005, 24.977235956000072], [67.09084502100006, 24.97707465700006], [67.09084261600003, 24.977004501000067], [67.09083965400004, 24.97698116400005], [67.09081346200003, 24.976774817000035], [67.09080275600007, 24.976690473000076], [67.09079149000007, 24.97665834600008], [67.09070680600007, 24.976416845000074], [67.09069417700005, 24.97638363300007], [67.09064544100005, 24.976255466000055], [67.09048697800006, 24.97583873700006], [67.09047240600006, 24.975800415000037], [67.09039021100006, 24.97554608400003], [67.09035266000006, 24.975429896000037], [67.09031965700007, 24.975281067000026], [67.09028141500005, 24.975108609000074], [67.09027266600003, 24.974971304000064], [67.09026635800006, 24.974872319000042], [67.09025767400004, 24.974736032000067], [67.09025517600003, 24.974696831000074], [67.09025451500008, 24.974645646000056], [67.09027415200006, 24.97442307600005], [67.09029304300003, 24.974208968000028], [67.09029397000006, 24.974198455000078], [67.09030166700006, 24.97411121500005], [67.09033624700004, 24.973915823000027], [67.09041618300006, 24.973464153000066], [67.09047657500008, 24.973198941000078], [67.09051617800003, 24.973025026000073], [67.09061782300006, 24.972724136000068], [67.09093186700005, 24.972067938000066], [67.09111849600004, 24.971661278000056], [67.09131272800005, 24.971238051000057], [67.09140323400004, 24.971024890000024], [67.09142694500008, 24.97096904500006], [67.09146123700003, 24.970790559000022], [67.09147159400004, 24.97061111800008], [67.09147320300008, 24.97058324300008], [67.09147326900006, 24.97034007900004], [67.09146884000006, 24.97021199200003], [67.09146821200005, 24.970193822000056], [67.09145911200005, 24.96993060500006], [67.09142211400007, 24.96956577000003], [67.09139014400006, 24.96933480900003], [67.09137981900005, 24.969260215000077], [67.09133134400008, 24.96912827400007], [67.09132532600006, 24.96911830600004], [67.09128808800006, 24.969056628000033], [67.09126573900005, 24.969019609000043], [67.09119049600008, 24.96890588100007], [67.09111380200005, 24.968777768000052], [67.09102537900003, 24.968627707000053], [67.09096263700008, 24.968480235000072], [67.09087984100006, 24.96815828800004], [67.09084400600005, 24.968042790000027], [67.09070509900005, 24.967595088000053], [67.09055114700004, 24.967056897000077], [67.09047193900005, 24.96674465800004], [67.09045366300006, 24.96655665700007], [67.09042640700005, 24.96627627600003], [67.09039227200003, 24.965877834000025], [67.090365, 24.965620217000037], [67.09035649500004, 24.965539877000026], [67.09027958300004, 24.965206472000034], [67.09026387400007, 24.96513837300006], [67.09016121600007, 24.96486411500007], [67.09003222800004, 24.964668433000043], [67.08971508500008, 24.964269245000025], [67.08956389600007, 24.964070005000053], [67.08937383300008, 24.963884146000055], [67.08913629300008, 24.96366344100005], [67.08901041800004, 24.963551076000044], [67.08892531300006, 24.963475106000033], [67.08875205500004, 24.963294173000065], [67.08865791800008, 24.96316220500006], [67.08855665300007, 24.96296207900008], [67.08845968000003, 24.962768014000062], [67.08842491500008, 24.962720469000033], [67.08834213900008, 24.962607262000063], [67.08829866100007, 24.96254779900005], [67.08805616800004, 24.962276082000074], [67.08761920200004, 24.961868261000063], [67.08728121700005, 24.961543238000047], [67.08707378600008, 24.961343761000023], [67.08670416900003, 24.960985906000076], [67.08663525700007, 24.960918497000023], [67.08643436500006, 24.960721986000067], [67.08632024300005, 24.960615876000077], [67.08618560500008, 24.960481644000026], [67.08608290400008, 24.96036001300007], [67.08602014200005, 24.96028496400004], [67.08594596100005, 24.960220262000064], [67.08581787100007, 24.960112967000043], [67.08568378000007, 24.959983565000073], [67.08566384900007, 24.95996145600003], [67.08557825800006, 24.95986651100003], [67.08550094100008, 24.95976146600003], [67.08549184100008, 24.959749102000046], [67.08541123700007, 24.959609756000077], [67.08534849800003, 24.959459672000037], [67.08529148400004, 24.95925007900007], [67.08526778900006, 24.95911754100007], [67.08525159700008, 24.959026969000035], [67.08518890600004, 24.958712726000044], [67.08516995500008, 24.958592602000067], [67.08516047400008, 24.958405689000074], [67.08517060800006, 24.958240235000062], [67.08518916800006, 24.957937230000027], [67.08526654600007, 24.95693422100004], [67.08531241200006, 24.956287271000065], [67.08533538200004, 24.955847367000047], [67.08534690800008, 24.95549920600007], [67.08537268100008, 24.955207633000043], [67.08542698400004, 24.954942317000075], [67.08550126800003, 24.954673902000025], [67.08554698100005, 24.954513488000032], [67.08557632100008, 24.954334086000074], [67.08557079200006, 24.95378102500007], [67.08554522700007, 24.953413113000067], [67.08551104600008, 24.953224225000042], [67.08546260700007, 24.953008647000047], [67.08535142600005, 24.95269806700003], [67.08520467700004, 24.95241902600003], [67.08514141400008, 24.95230605100005], [67.08507845900004, 24.95218463300006], [67.08502586700007, 24.95204940700006], [67.08495134100008, 24.951918152000076], [67.08488996700004, 24.95180678500003], [67.08479788700004, 24.951695408000035], [67.08470074900004, 24.951541865000024], [67.08463940200005, 24.951343001000055], [67.08447393500006, 24.95084293700006], [67.08432501600004, 24.950190983000027], [67.08426154100005, 24.949808914000073], [67.08423091700007, 24.94956488400004], [67.08425300100004, 24.949111467000023], [67.08426753400005, 24.94902505700003], [67.08428376700004, 24.948928538000075], [67.08431889800005, 24.948797313000057], [67.08444616600008, 24.94858348500003], [67.08462773400004, 24.94827758100007], [67.08494509500008, 24.94780899500006], [67.08549295600005, 24.94708859700006], [67.08553618600007, 24.94704315100006], [67.08567225700006, 24.946900107000033], [67.08583593300006, 24.946728043000064], [67.08584415700005, 24.946733796000046], [67.08585289900003, 24.94673887400006], [67.08586209400005, 24.946743237000078], [67.08587167000007, 24.946746854000025], [67.08588155600006, 24.94674969600004], [67.08589167600007, 24.94675174100007], [67.08590195200003, 24.946752975000038], [67.08591230800005, 24.946753387000058], [67.08592266500006, 24.946752975000038], [67.08593294100007, 24.94675174100007], [67.08594306100008, 24.94674969600004], [67.08595294800006, 24.946746854000025], [67.08596252400008, 24.946743237000078], [67.08597171800005, 24.94673887400006], [67.08598046100008, 24.946733796000046], [67.08598868400003, 24.946728043000064], [67.08600230600007, 24.946715787000073], [67.08627161400005, 24.946430946000078], [67.08666350900006, 24.946016447000034], [67.08684488700004, 24.945836499000052], [67.08698378000008, 24.945698700000037], [67.08727186600004, 24.945412884000064], [67.08728018800008, 24.945403655000064], [67.08775175400007, 24.944817492000027], [67.08776650100003, 24.944796248000046], [67.08834423800005, 24.943935604000046], [67.08834940900005, 24.943926790000035], [67.08874055100006, 24.94317727300006], [67.08891457600004, 24.94275208700003], [67.08907917100004, 24.942348811000045], [67.08942359600007, 24.941314589000058], [67.08964717500004, 24.94061395800003], [67.08976431700006, 24.94020152300004], [67.08986000300007, 24.939864471000078], [67.08990856600008, 24.93969340900003], [67.09016616900004, 24.93884949200003], [67.09025364600006, 24.938527685000054], [67.09033306400005, 24.93823552500004], [67.09041880700005, 24.93777834800005], [67.09043651500008, 24.937683566000032], [67.09054178700006, 24.937088938000045], [67.09058688400006, 24.93654569100005], [67.09060477600008, 24.936089091000042], [67.09058731200008, 24.93534867900007], [67.09053955200005, 24.93464797200005], [67.09053530500006, 24.93431797100004], [67.09053396600007, 24.93430298000004], [67.09043279700006, 24.933695882000052], [67.09023629400008, 24.932788049000067], [67.09012585500005, 24.93215310900007], [67.09001173100006, 24.931700773000046], [67.09000728700005, 24.93168726500005], [67.08980146000005, 24.931194422000033], [67.08962216800006, 24.93080893100006], [67.08942336300004, 24.930468318000067], [67.08921899700005, 24.930145278000055], [67.08920949800006, 24.93013247600004], [67.08901964000006, 24.929912256000023], [67.08878367500006, 24.929638667000063], [67.08855791500008, 24.92939754200006], [67.08855003000008, 24.92939102100007], [67.08826327100007, 24.92917723000005], [67.08816645200005, 24.929114119000076], [67.08796306600004, 24.928981544000067], [67.08770398700005, 24.928817191000064], [67.08746817500008, 24.928667663000056], [67.08699819800006, 24.928389], [67.08649999000005, 24.92809630000005], [67.08608137600004, 24.927835225000024], [67.08582821600004, 24.927672835000067], [67.08581818900007, 24.92766707100003], [67.08565086000004, 24.927583140000024], [67.08564091300008, 24.927578690000075], [67.08538517300008, 24.927477469000053], [67.08497510800004, 24.927320612000074], [67.08459095000006, 24.927203117000033], [67.08421443000003, 24.927059169000074], [67.08367280200008, 24.926812916000074], [67.08319711600006, 24.92658321400006], [67.08259146400007, 24.92629135800007], [67.08231890800005, 24.926152083000034], [67.08230634300003, 24.926146521000078], [67.08215680500007, 24.92608996900003], [67.08206581200005, 24.926040423000074], [67.08199826900005, 24.925982799000053], [67.08192555800008, 24.925924149000025], [67.08181961800005, 24.92581248600004], [67.08156228300004, 24.925578968000025], [67.08141758600004, 24.925442874000055], [67.08125913000003, 24.925289038000074], [67.08116431500008, 24.925181277000036], [67.08106310300008, 24.925079563000054], [67.08094326300005, 24.924941593000028], [67.08083877100006, 24.924824009000076], [67.08068299900003, 24.924587125000073], [67.08059109800007, 24.924427295000044], [67.08046887500007, 24.924197537000055], [67.08040569800005, 24.924085109000032], [67.08030399400008, 24.923890093000068], [67.08024358500006, 24.92376868100007], [67.08015532500008, 24.92358395800005], [67.08010039200008, 24.923407480000037], [67.08003148100005, 24.92320017800006], [67.07995956300005, 24.922903904000066], [67.07989492300004, 24.922622062000073], [67.07979122400008, 24.921967576000043], [67.07947828700003, 24.919753547000028], [67.07934022600006, 24.91894582900005], [67.07924804700008, 24.91840654500004], [67.07908086300006, 24.917428450000045], [67.07896311600007, 24.91663152900003], [67.07890568500005, 24.91624351400003], [67.07875545800005, 24.91547304200003], [67.07866746100007, 24.915142409000055], [67.07866172400003, 24.915126401000066], [67.07855882500007, 24.91490083800005], [67.07842792700006, 24.914649558000065], [67.07819228200003, 24.914287795000064], [67.07796322600007, 24.913986283000042], [67.07783607400006, 24.913842913000053], [67.07774031800005, 24.913743785000065], [67.07761580300007, 24.913627030000043], [67.07749252800005, 24.91352715000005], [67.07736573700004, 24.91342798100004], [67.07735610000003, 24.91342126400008], [67.07720927100007, 24.913329587000078], [67.07704405700008, 24.913238298000067], [67.07674791800008, 24.91310039700005], [67.07673861400008, 24.913096516000053], [67.07652012700004, 24.913015633000043], [67.07607645200005, 24.912868824000043], [67.07470220800008, 24.912521409000078], [67.07326520200007, 24.912146568000026], [67.07323007200006, 24.912137405000067], [67.07211902100005, 24.91181566100005], [67.07131925200008, 24.91160334700004], [67.07074696400008, 24.911478482000064], [67.07013816700004, 24.911345651000033], [67.06913850800004, 24.91107403700005], [67.06838496300003, 24.910806768000043], [67.06789369200004, 24.91059705400005], [67.06733444100007, 24.91030169900006], [67.06707950300006, 24.91014373300004], [67.06671059400003, 24.90991514800004], [67.06667451600003, 24.909887918000038], [67.06646393400007, 24.909728980000068], [67.06633028600004, 24.90962810800005], [67.06592581100006, 24.90925313500003], [67.06561588400007, 24.908930207000026], [67.06523389100005, 24.90847655400006], [67.06496731500005, 24.90813627700004], [67.06481561900006, 24.907942641000034], [67.06459542200008, 24.907655044000023], [67.06450604700007, 24.907464352000034], [67.06447189500005, 24.907303343000024], [67.06443946900004, 24.907150471000023], [67.06441821500005, 24.90697737200003], [67.06441351800004, 24.90674772400007], [67.06441084400007, 24.90673304200004]]]}, "properties": {"objectid": 156, "province_territory": "Sindh", "districts": "Karachi Central", "shape_leng": 0.366691, "shape_area": 0.005497, "district_agency": "Karachi Central", "status": "District", "cartodb_id": 149, "created_at": "2015-07-06T09:49:19Z", "updated_at": "2026-08-09T00:00:00Z"}}, {"type": "Feature", "geometry": {"type": "Polygon", "coordinates": [[[67.09198463800004, 24.84035281100006], [67.09191399800005, 24.840025781000065], [67.09183266900004, 24.83964927200003], [67.09149969100008, 24.838107757000046], [67.09152293200003, 24.83663959000006], [67.09153271500003, 24.836021652000056], [67.09160670100005, 24.835670813000036], [67.09194889100007, 24.834048161000055], [67.09104409000008, 24.83389863000008], [67.08936055600003, 24.833452989000023], [67.08307206100005, 24.832512191000035], [67.08308822400005, 24.830991769000036], [67.08244757500006, 24.830852078000078], [67.08055647800006, 24.830439734000038], [67.08042322800003, 24.829468914000074], [67.08033692500004, 24.83002017000007], [67.080001, 24.830131], [67.07974399300008, 24.83062739500008], [67.079578, 24.830948], [67.079593, 24.831031], [67.07966, 24.831172], [67.079869, 24.831585], [67.07987552400004, 24.831598780000036], [67.079967, 24.831792], [67.080128, 24.832135], [67.08034, 24.832535], [67.08059, 24.83303], [67.08083938400006, 24.833560872000078], [67.081025, 24.833956], [67.081218, 24.834422], [67.08149, 24.835369], [67.081831, 24.836645], [67.08194406900003, 24.83702980700008], [67.08198255000008, 24.837160770000025], [67.082317, 24.838299], [67.082797, 24.83994], [67.083327, 24.841493], [67.08345308900005, 24.841830462000075], [67.083636, 24.84232], [67.083889, 24.842863], [67.084312, 24.843545], [67.083922, 24.843557], [67.083807, 24.843327], [67.083402, 24.843297], [67.08324705600006, 24.843285210000033], [67.08253232800007, 24.843230825000035], [67.08205118100005, 24.84319421400005], [67.08180235400005, 24.843175280000025], [67.081089, 24.843121], [67.079385, 24.842945], [67.079028, 24.842908], [67.078863, 24.842891], [67.077901, 24.842791], [67.077771, 24.842637], [67.077805, 24.84247], [67.077834, 24.842283], [67.077844, 24.842083], [67.07784, 24.841891], [67.07784, 24.841830462000075], [67.07784, 24.841745], [67.07784109000005, 24.841658365000058], [67.077844, 24.841427], [67.077852, 24.841207], [67.077856, 24.841001], [67.077858, 24.840875], [67.077877, 24.84033], [67.077897, 24.840059], [67.077909, 24.839854], [67.077924, 24.839536], [67.077922, 24.83923], [67.077922, 24.839026], [67.077919, 24.838825], [67.077893, 24.838521], [67.077871, 24.838276], [67.077858, 24.838073], [67.077828, 24.837796], [67.077803, 24.837525], [67.077789, 24.837309], [67.07777364500004, 24.837160770000025], [67.077763, 24.837058], [67.07773, 24.836838], [67.07771, 24.836551], [67.077687, 24.836229], [67.077683, 24.836006], [67.077683, 24.835803], [67.077683, 24.835701], [67.077683, 24.835599], [67.077683, 24.835497], [67.077683, 24.835395], [67.077683, 24.835293], [67.077683, 24.835191], [67.077706, 24.835077], [67.07773, 24.834888], [67.077732, 24.834692], [67.077689, 24.834425], [67.077642, 24.834215], [67.077557, 24.834026], [67.077377, 24.833741], [67.077278, 24.833545], [67.077096, 24.83328], [67.076903, 24.833007], [67.076721, 24.832762], [67.07651490100005, 24.83244540000004], [67.07649895900005, 24.832422247000068], [67.076474, 24.832386], [67.075639, 24.832912], [67.075046, 24.833258], [67.074409, 24.8335], [67.073673, 24.833824], [67.07317, 24.834048], [67.072315, 24.834547], [67.071399, 24.835046], [67.07091, 24.835318], [67.071137, 24.835515], [67.071683, 24.836116], [67.071918, 24.836374], [67.072065, 24.836536], [67.072128, 24.836605], [67.072199, 24.836862], [67.071939, 24.83696], [67.072007, 24.837109], [67.072962, 24.838191], [67.073203, 24.838464], [67.07296455200003, 24.838910029000033], [67.072894, 24.839042], [67.072736, 24.839337], [67.072362, 24.83943], [67.072217, 24.839467], [67.072405, 24.840106], [67.071997, 24.840226], [67.072167, 24.840594], [67.072119, 24.840798], [67.072359, 24.841689], [67.072361, 24.84171], [67.072358, 24.841723], [67.072351, 24.841735], [67.072341, 24.841744], [67.07233, 24.841751], [67.072036, 24.841934], [67.071192, 24.842457], [67.070587, 24.842799], [67.070555, 24.842833], [67.070504, 24.842888], [67.070453, 24.842943], [67.070268, 24.843053], [67.069894, 24.843151], [67.069846, 24.843164], [67.069175, 24.84334], [67.068399, 24.843529], [67.068235, 24.843576], [67.067661, 24.843708], [67.067917, 24.844674], [67.068109, 24.844638], [67.068175, 24.844833], [67.0682, 24.844908], [67.068126, 24.844998], [67.06696642900005, 24.845278275000055], [67.06686, 24.845304], [67.066743, 24.845279], [67.066639, 24.845891], [67.066371, 24.847422], [67.066269, 24.848507], [67.066258, 24.848598], [67.065964, 24.848593], [67.064993, 24.848609], [67.064093, 24.848655], [67.063362, 24.848694], [67.063058, 24.848707], [67.062986, 24.848712], [67.0629, 24.848707], [67.062746, 24.848709], [67.062606, 24.848704], [67.062503, 24.848699], [67.062446, 24.848696], [67.062369, 24.848687], [67.062332, 24.848673], [67.06229, 24.848655], [67.062234, 24.848631], [67.062186, 24.848602], [67.062131, 24.848571], [67.062046, 24.848501], [67.061988, 24.848445], [67.061922, 24.848366], [67.061647, 24.848073], [67.06148735200003, 24.847898033000035], [67.061205, 24.847591], [67.061164, 24.847561], [67.061125, 24.847532], [67.060922, 24.847377], [67.060889, 24.847381], [67.06017849700004, 24.84746185000006], [67.059674, 24.847519], [67.058273, 24.847686], [67.057689, 24.84771], [67.057174, 24.84771], [67.056743, 24.847795], [67.055888, 24.847322], [67.054737, 24.847741], [67.054639, 24.847718], [67.05473272000006, 24.847900149000054], [67.05405129300004, 24.849594530000047], [67.05530813600006, 24.85037445200004], [67.05613736700008, 24.850889023000036], [67.05801444700006, 24.852053827000077], [67.05919289300004, 24.852785100000062], [67.05807026500008, 24.854560067000023], [67.05623461500005, 24.853558804000045], [67.05455067200006, 24.85604679100004], [67.05320048400006, 24.85823136600004], [67.05280604700005, 24.859202288000063], [67.05171376000004, 24.85877750900005], [67.05170963300003, 24.85910765400007], [67.05170847100004, 24.85920063700007], [67.05169858900007, 24.85999116200003], [67.05086420300006, 24.85962706600003], [67.05024220600006, 24.85933882300003], [67.04980225700007, 24.859156776000077], [67.04942299100003, 24.859035410000047], [67.04860377500006, 24.858428584000023], [67.04819416800007, 24.858929216000035], [67.04775421900007, 24.85933882300003], [67.04728392800007, 24.859657407000043], [67.04663159000006, 24.859900138000057], [67.04587305700005, 24.86003667400007], [67.04376433600004, 24.860613159000025], [67.04239897700006, 24.860916572000065], [67.03994133100008, 24.860992425000063], [67.03948621100005, 24.863025293000078], [67.03827255900006, 24.862661197000023], [67.03828820600006, 24.862966249000067], [67.03818989900003, 24.863146478000033], [67.03798431600006, 24.863146478000033], [67.03760077300007, 24.863502303000075], [67.03742508900007, 24.863146478000033], [67.03687293800004, 24.862523490000058], [67.03662310800007, 24.863146478000033], [67.03606981000007, 24.864430920000075], [67.03328518600006, 24.862985612000045], [67.03212946100007, 24.864430920000075], [67.03032242200004, 24.86822068300006], [67.03202907000008, 24.86945047300003], [67.03183619200007, 24.869612193000023], [67.031794, 24.869585], [67.030323, 24.870776], [67.028521, 24.872235], [67.028657, 24.872603], [67.02881, 24.873022], [67.02889047900004, 24.873190040000054], [67.028935, 24.873283], [67.028964, 24.873345], [67.029021, 24.873836], [67.02871, 24.874153], [67.028646, 24.874218], [67.028612, 24.874253], [67.02833, 24.874539], [67.028291, 24.874609], [67.028249, 24.874676], [67.028203, 24.874742], [67.028155, 24.874805], [67.028104, 24.874866], [67.02805, 24.874924], [67.027993, 24.87498], [67.027934, 24.875033], [67.027872, 24.875084], [67.027808, 24.875131], [67.027742, 24.875175], [67.027674, 24.875216], [67.027656, 24.875225], [67.02764, 24.875237], [67.027627, 24.875251], [67.027616, 24.875267], [67.027607, 24.875285], [67.027602, 24.875304], [67.0276, 24.875323], [67.027602, 24.875343], [67.027607, 24.875362], [67.027614, 24.87538], [67.027625, 24.875396], [67.027639, 24.87541], [67.027424, 24.875316], [67.027206, 24.875231], [67.026985, 24.875154], [67.026771, 24.875088], [67.026534, 24.875025], [67.026306, 24.874973], [67.026075, 24.87493], [67.025843, 24.874896], [67.025226, 24.874725], [67.024812, 24.874582], [67.024102, 24.874338], [67.022988, 24.873965], [67.02272768500006, 24.87349313800007], [67.022593, 24.873249], [67.022606, 24.873289], [67.022613, 24.87333], [67.022614, 24.873372], [67.022609, 24.873413], [67.022597, 24.873453], [67.02258, 24.873491], [67.022558, 24.873526], [67.02253, 24.873557], [67.022422, 24.873684], [67.02196531200008, 24.874284147000026], [67.021693, 24.874642], [67.02122228700006, 24.87525349400005], [67.02116224000008, 24.875331500000073], [67.02099717800007, 24.87553968700007], [67.02090007500004, 24.87572029200004], [67.02086036900005, 24.875622962000023], [67.02049, 24.875162], [67.019921, 24.874508], [67.019651, 24.874236], [67.01958298200003, 24.87416752000007], [67.019209, 24.873791], [67.018995, 24.873591], [67.01869950600008, 24.873311971000078], [67.018654, 24.873269], [67.018019, 24.872695], [67.01780274300006, 24.872508200000027], [67.017718, 24.872435], [67.017463, 24.872181], [67.017386, 24.872148], [67.01731894300008, 24.872075841000026], [67.01723971300004, 24.871990582000024], [67.017202, 24.87195], [67.01708874300004, 24.872075841000026], [67.01704, 24.87213], [67.017005, 24.872169], [67.016924, 24.872259], [67.016838, 24.872355], [67.016783, 24.872416], [67.01673882600005, 24.872465113000032], [67.01672119700004, 24.872484712000073], [67.016622, 24.872595], [67.016533, 24.872694], [67.016422, 24.872817], [67.016407, 24.872835], [67.016238, 24.873022], [67.016057, 24.873224], [67.016049, 24.873236], [67.016043, 24.873248], [67.016038, 24.873261], [67.016035, 24.873275], [67.016034, 24.873288], [67.016034, 24.873302], [67.016036, 24.873316], [67.016039, 24.873329], [67.016062, 24.87339], [67.016068, 24.873409], [67.016071, 24.873428], [67.016072, 24.873448], [67.01607, 24.873467], [67.016066, 24.873486], [67.01606, 24.873504], [67.016052, 24.873522], [67.016042, 24.873539], [67.016027, 24.873561], [67.01594884500008, 24.87365465700003], [67.015906, 24.873706], [67.01585251600005, 24.87377120700006], [67.015687, 24.873973], [67.015662, 24.874003], [67.01557119800003, 24.874113116000046], [67.0153, 24.874442], [67.015237, 24.874517], [67.015063, 24.874703], [67.014716, 24.875053], [67.014938, 24.875356], [67.01503, 24.875485], [67.015124, 24.875619], [67.015151, 24.875658], [67.015196, 24.875727], [67.015214, 24.875756], [67.015289, 24.875873], [67.01530952700006, 24.875905583000076], [67.015352, 24.875973], [67.015415, 24.876071], [67.015487, 24.876186], [67.01555, 24.876284], [67.015609, 24.876377], [67.015673, 24.876482], [67.015783, 24.87666], [67.01589, 24.876832], [67.015951, 24.876931], [67.016026, 24.877052], [67.016077, 24.877136], [67.016088, 24.877154], [67.016171, 24.877293], [67.016191, 24.877326], [67.016219, 24.877387], [67.01622523100008, 24.877400540000053], [67.016271, 24.8775], [67.016309, 24.877583], [67.016361, 24.877698], [67.01646, 24.877899], [67.01651977200004, 24.87801854500003], [67.016567, 24.878113], [67.016671, 24.878321], [67.016976, 24.878829], [67.017278, 24.879352], [67.017314, 24.879362], [67.017351, 24.879369], [67.017389, 24.879373], [67.017427, 24.879374], [67.01745165400007, 24.87937270200007], [67.01709356600003, 24.880176649000077], [67.01740815000005, 24.880414767000048], [67.01764954800007, 24.880581754000048], [67.01808644800008, 24.880883979000032], [67.01831114300006, 24.881061405000025], [67.01834104500006, 24.881085055000028], [67.01840046200005, 24.881133095000052], [67.01877754400005, 24.881430306000027], [67.01880326500003, 24.88145365500003], [67.01924336500008, 24.881861354000023], [67.01938912700007, 24.881979778000073], [67.01966995500004, 24.882207936000043], [67.02009965000008, 24.882482080000045], [67.02010792300007, 24.882487868000055], [67.02032866700006, 24.88268122900007], [67.02046008700006, 24.88279655200006], [67.02062635200008, 24.882942452000066], [67.02089170200003, 24.88311398600007], [67.02106205500007, 24.88322411000007], [67.02119357700008, 24.88331527400004], [67.02147471800004, 24.883510312000055], [67.02155952400005, 24.883569145000024], [67.02157258400007, 24.88357820500005], [67.02167507500008, 24.88364930700004], [67.02173850700007, 24.883685687000025], [67.02192607800004, 24.883793264000076], [67.02213853800004, 24.883915115000036], [67.02215166300005, 24.883923839000033], [67.02255476900007, 24.884271639000076], [67.02257129700007, 24.884285910000074], [67.02257884200003, 24.884293049000064], [67.02321220200008, 24.884950080000067], [67.02366177000005, 24.885416450000037], [67.02423665900005, 24.886061873000074], [67.02514047600005, 24.887076769000032], [67.02546285300008, 24.887412822000044], [67.02562665500005, 24.88758357200004], [67.02584122300004, 24.887790992000077], [67.02597431100008, 24.887919647000047], [67.02637705400008, 24.88830897400004], [67.02669259500004, 24.888600206000035], [67.02697954700005, 24.888816940000027], [67.02728336000007, 24.888987089000068], [67.02776304200006, 24.88916454200006], [67.02837976600006, 24.889372232000028], [67.02903041100006, 24.88954364700004], [67.02960502100007, 24.889651911000044], [67.02962249400008, 24.889656503000026], [67.03002720600006, 24.889797491000024], [67.03080788000005, 24.890021827000055], [67.03122846900004, 24.890138523000076], [67.03134367000007, 24.89016566400005], [67.03146609000004, 24.890194506000057], [67.03175970000007, 24.89026368100008], [67.03186776400008, 24.89028914100004], [67.03196940200007, 24.89031921700007], [67.03251770300005, 24.890482691000045], [67.03272607100007, 24.890535360000058], [67.03323530000006, 24.890664077000054], [67.03324527900003, 24.890667044000054], [67.03364548600007, 24.89080794700004], [67.03366089500008, 24.890814566000074], [67.03404609900008, 24.891011994000053], [67.03499046300004, 24.89157954500007], [67.03536614700005, 24.891822027000046], [67.03573764100008, 24.89206187700006], [67.03611993200008, 24.892272223000077], [67.03632690400008, 24.892368825000062], [67.03649660700006, 24.89244803300005], [67.03678957100004, 24.89253124800007], [67.03680268000005, 24.892535762000023], [67.03715000100004, 24.892677220000053], [67.03717882200004, 24.892689462000078], [67.03739620300007, 24.89278179400003], [67.03748775300005, 24.892820680000057], [67.03782797700006, 24.89298432000004], [67.03812249300006, 24.893087553000043], [67.03848669700005, 24.893180935000032], [67.03894328300004, 24.893247062000057], [67.03940208100005, 24.893282085000067], [67.03995390900008, 24.893252993000033], [67.04052139300006, 24.89320796900006], [67.04162237900005, 24.89315474500006], [67.04223914300007, 24.893088584000054], [67.04241631800005, 24.893054878000044], [67.04263047400008, 24.893014137000023], [67.04275481900004, 24.892990481000027], [67.04316708700003, 24.89291704200008], [67.04336880500006, 24.89288920200005], [67.04351568700008, 24.89286898000006], [67.04357935600007, 24.89286437000004], [67.04369970400006, 24.892856249000033], [67.04371211500006, 24.892856004000066], [67.04385652300004, 24.89286005100007], [67.04387350100006, 24.89286164500004], [67.04388852700004, 24.892864995000025], [67.04397165600005, 24.892888855000024], [67.04398619900007, 24.89289400900003], [67.04399539000008, 24.892898374000026], [67.04400657500008, 24.892905057000064], [67.04414130700007, 24.892995839000037], [67.04442813300005, 24.893182006000075], [67.04465387000005, 24.89329970600005], [67.04523434800006, 24.89353330800003], [67.04595950700008, 24.893886261000034], [67.04688179300007, 24.894303887000035], [67.04738088200008, 24.894579042000032], [67.04773335100003, 24.894802688000027], [67.04810172600008, 24.894990235000023], [67.04911573400005, 24.895471790000045], [67.05031856100004, 24.89608778300004], [67.05107074400007, 24.896502227000042], [67.05130720900007, 24.896636539000042], [67.05141786300004, 24.896676746000026], [67.05154308100003, 24.896698103000062], [67.05167740000007, 24.896713642000066], [67.05168916400004, 24.89671555600006], [67.05202936700005, 24.896787173000064], [67.05238139400007, 24.89688047900006], [67.05249895000003, 24.896911697000064], [67.05273121100004, 24.896982500000036], [67.05274273200007, 24.89698678900004], [67.05290896700006, 24.89705831400005], [67.05313596300005, 24.897169896000037], [67.05334878300005, 24.897253182000043], [67.05353994700005, 24.897274947000028], [67.05373900300003, 24.897290740000074], [67.05374933400003, 24.897291977000066], [67.05376150400008, 24.897294543000044], [67.05432663200008, 24.89744261800007], [67.05502069000005, 24.89759556200005], [67.05537118000007, 24.897691130000055], [67.05538137900004, 24.897694383000044], [67.05565306200003, 24.897793922000062], [67.05595750300006, 24.897908490000077], [67.05622670000008, 24.897997901000053], [67.05639845900004, 24.898043587000075], [67.05658045700005, 24.89807993200003], [67.05667277200007, 24.89809002900006], [67.05677949100004, 24.89808290700006], [67.05693525900006, 24.898082686000066], [67.05694558000005, 24.898083099000075], [67.05695582400006, 24.898084331000064], [67.05696570300006, 24.898086319000072], [67.05716296100007, 24.898134129000027], [67.05804070800008, 24.89835256200007], [67.05877262500007, 24.898596276000035], [67.05920303800008, 24.898724724000033], [67.05921438600006, 24.89872870800008], [67.05941999200007, 24.898812147000058], [67.05943222000008, 24.898817914000063], [67.05961269200003, 24.898917827000048], [67.05962740100006, 24.898927443000048], [67.05963865300004, 24.898937271000023], [67.05968855400005, 24.89898697600006], [67.05974711300007, 24.899045306000062], [67.05983375100004, 24.899131605000036], [67.06014830400005, 24.899382007000042], [67.06065327500005, 24.899788916000034], [67.06079837600004, 24.89990583900004], [67.06102515700007, 24.900071479000076], [67.06121216700006, 24.900201778000053], [67.06136349900004, 24.900314190000074], [67.06137452900003, 24.90032364700005], [67.06151127900006, 24.90045691100005], [67.06152085600007, 24.900467520000063], [67.06162144200005, 24.900594574000024], [67.06162828200007, 24.900604263000048], [67.06170726000005, 24.90073174300005], [67.06171572400007, 24.900748649000036], [67.06178643300007, 24.900933357000042], [67.06186813800008, 24.90116749200007], [67.06190039600006, 24.901259929000048], [67.06203374900008, 24.90159374500007], [67.06211770300007, 24.90180390300003], [67.06250651300007, 24.902680124000028], [67.06305567200008, 24.903936617000056], [67.06310761800006, 24.90405547000006], [67.06337953600007, 24.904673032000062], [67.06383577300005, 24.90570920600004], [67.06410690600006, 24.906152261000045], [67.06427757400007, 24.906365305000065], [67.06428453100006, 24.90637504800003], [67.06429267400006, 24.906390673000033], [67.06436728500006, 24.906569447000038], [67.06437153200005, 24.90658219200003], [67.06441084400007, 24.90673304200004], [67.06441351800004, 24.90674772400007], [67.06441821500005, 24.90697737200003], [67.06443946900004, 24.907150471000023], [67.06447189500005, 24.907303343000024], [67.06450604700007, 24.907464352000034], [67.06459542200008, 24.907655044000023], [67.06481561900006, 24.907942641000034], [67.06496731500005, 24.90813627700004], [67.06523389100005, 24.90847655400006], [67.06561588400007, 24.908930207000026], [67.06592581100006, 24.90925313500003], [67.06633028600004, 24.90962810800005], [67.06646393400007, 24.909728980000068], [67.06667451600003, 24.909887918000038], [67.06671059400003, 24.90991514800004], [67.06707950300006, 24.91014373300004], [67.06733444100007, 24.91030169900006], [67.06789369200004, 24.91059705400005], [67.06838496300003, 24.910806768000043], [67.06913850800004, 24.91107403700005], [67.07013816700004, 24.911345651000033], [67.07074696400008, 24.911478482000064], [67.07131925200008, 24.91160334700004], [67.07211902100005, 24.91181566100005], [67.07323007200006, 24.912137405000067], [67.07326520200007, 24.912146568000026], [67.07470220800008, 24.912521409000078], [67.07607645200005, 24.912868824000043], [67.07652012700004, 24.913015633000043], [67.07673861400008, 24.913096516000053], [67.07674791800008, 24.91310039700005], [67.07704405700008, 24.913238298000067], [67.07720927100007, 24.913329587000078], [67.07735610000003, 24.91342126400008], [67.07736573700004, 24.91342798100004], [67.07749252800005, 24.91352715000005], [67.07761580300007, 24.913627030000043], [67.07774031800005, 24.913743785000065], [67.07783607400006, 24.913842913000053], [67.07796322600007, 24.913986283000042], [67.07819228200003, 24.914287795000064], [67.07842792700006, 24.914649558000065], [67.07855882500007, 24.91490083800005], [67.07866172400003, 24.915126401000066], [67.07866746100007, 24.915142409000055], [67.07875545800005, 24.91547304200003], [67.07890568500005, 24.91624351400003], [67.07896311600007, 24.91663152900003], [67.07908086300006, 24.917428450000045], [67.07924804700008, 24.91840654500004], [67.07934022600006, 24.91894582900005], [67.07947828700003, 24.919753547000028], [67.07979122400008, 24.921967576000043], [67.07989492300004, 24.922622062000073], [67.07995956300005, 24.922903904000066], [67.08003148100005, 24.92320017800006], [67.08010039200008, 24.923407480000037], [67.08015532500008, 24.92358395800005], [67.08024358500006, 24.92376868100007], [67.08030399400008, 24.923890093000068], [67.08040569800005, 24.924085109000032], [67.08046887500007, 24.924197537000055], [67.08059109800007, 24.924427295000044], [67.08068299900003, 24.924587125000073], [67.08083877100006, 24.924824009000076], [67.08094326300005, 24.924941593000028], [67.08106310300008, 24.925079563000054], [67.08116431500008, 24.925181277000036], [67.08125913000003, 24.925289038000074], [67.08141758600004, 24.925442874000055], [67.08156228300004, 24.925578968000025], [67.08181961800005, 24.92581248600004], [67.08192555800008, 24.925924149000025], [67.08199826900005, 24.925982799000053], [67.08206581200005, 24.926040423000074], [67.08215680500007, 24.92608996900003], [67.08230634300003, 24.926146521000078], [67.08231890800005, 24.926152083000034], [67.08259146400007, 24.92629135800007], [67.08319711600006, 24.92658321400006], [67.08367280200008, 24.926812916000074], [67.08421443000003, 24.927059169000074], [67.08459095000006, 24.927203117000033], [67.08497510800004, 24.927320612000074], [67.08538517300008, 24.927477469000053], [67.08564091300008, 24.927578690000075], [67.08565086000004, 24.927583140000024], [67.08581818900007, 24.92766707100003], [67.08582821600004, 24.927672835000067], [67.08608137600004, 24.927835225000024], [67.08649999000005, 24.92809630000005], [67.08699819800006, 24.928389], [67.08746817500008, 24.928667663000056], [67.08770398700005, 24.928817191000064], [67.08796306600004, 24.928981544000067], [67.08816645200005, 24.929114119000076], [67.08826327100007, 24.92917723000005], [67.08855003000008, 24.92939102100007], [67.08855791500008, 24.92939754200006], [67.08878367500006, 24.929638667000063], [67.08901964000006, 24.929912256000023], [67.08920949800006, 24.93013247600004], [67.08921899700005, 24.930145278000055], [67.08942336300004, 24.930468318000067], [67.08962216800006, 24.93080893100006], [67.08980146000005, 24.931194422000033], [67.09000728700005, 24.93168726500005], [67.09001173100006, 24.931700773000046], [67.09012585500005, 24.93215310900007], [67.09023629400008, 24.932788049000067], [67.09043279700006, 24.933695882000052], [67.09053396600007, 24.93430298000004], [67.09053530500006, 24.93431797100004], [67.09053955200005, 24.93464797200005], [67.09058731200008, 24.93534867900007], [67.09060477600008, 24.936089091000042], [67.09058688400006, 24.93654569100005], [67.09054178700006, 24.937088938000045], [67.09043651500008, 24.937683566000032], [67.09041880700005, 24.93777834800005], [67.09033306400005, 24.93823552500004], [67.09025364600006, 24.938527685000054], [67.09016616900004, 24.93884949200003], [67.08990856600008, 24.93969340900003], [67.08986000300007, 24.939864471000078], [67.08976431700006, 24.94020152300004], [67.08964717500004, 24.94061395800003], [67.08942359600007, 24.941314589000058], [67.08907917100004, 24.942348811000045], [67.08891457600004, 24.94275208700003], [67.08874055100006, 24.94317727300006], [67.08834940900005, 24.943926790000035], [67.08834423800005, 24.943935604000046], [67.08776650100003, 24.944796248000046], [67.08783362300005, 24.944856978000075], [67.08821642600003, 24.945203323000044], [67.08881686200004, 24.945746575000044], [67.10079983600008, 24.956053693000058], [67.10627250300007, 24.960642977000077], [67.10816854600006, 24.962323560000073], [67.11058169000006, 24.964995256000066], [67.11948493100004, 24.974725548000038], [67.12669083700007, 24.982390876000068], [67.13183672300005, 24.973842854000054], [67.13360664200007, 24.970882262000032], [67.13380697700006, 24.970543364000036], [67.15080136800003, 24.941794807000065], [67.15186022800003, 24.94006969800006], [67.15253837500006, 24.938891865000073], [67.15283580700003, 24.93841597200003], [67.15295478000007, 24.93826130700006], [67.15312134200008, 24.938166129000024], [67.15345446700007, 24.93808284800008], [67.15419210000005, 24.937928183000054], [67.15551886200006, 24.93769380200007], [67.15582441000004, 24.937614094000025], [67.15651445400005, 24.937507018000076], [67.15743054600006, 24.93735235300005], [67.15845371500006, 24.937233380000066], [67.15931032100008, 24.93707871500004], [67.15963154800005, 24.936947845000077], [67.15973862400006, 24.93675748800007], [67.15966724000003, 24.936519542000042], [67.15948878000006, 24.936352980000038], [67.15909616900007, 24.93629349300005], [67.15863217400005, 24.936115034000068], [67.15834663900006, 24.935948471000074], [67.15814438500007, 24.935722423000072], [67.15794511800004, 24.935417079000047], [67.15703595200006, 24.93407662900006], [67.15476515300003, 24.93029328600005], [67.15347072700007, 24.928151771000046], [67.15263315600004, 24.926571809000052], [67.15218581800008, 24.925896042000034], [67.15202401400006, 24.92564857800005], [67.15191931800007, 24.925581953000062], [67.15177655000008, 24.92566761300003], [67.15028224900004, 24.92740937900004], [67.14995864200006, 24.92692396900003], [67.14949226800007, 24.926267238000037], [67.14909251800003, 24.92572472100005], [67.14877843000005, 24.92530593500004], [67.14853096600007, 24.92492522200007], [67.14841675100007, 24.924506437000048], [67.14816928800008, 24.924021026000048], [67.14774098500004, 24.923164421000024], [67.14751255600004, 24.922736118000046], [67.14730316400005, 24.922250707000046], [67.14721750300004, 24.92192710100005], [67.14727461000007, 24.921451209000054], [67.14725557500003, 24.92105145900007], [67.14694148600006, 24.92057556700007], [67.14677016400003, 24.92028051400007], [67.14661787900008, 24.92006160300008], [67.14647511100003, 24.91996642500004], [67.14626571900004, 24.919880764000027], [67.14612295100005, 24.919804622000072], [67.14591355900006, 24.91960474700005], [67.14565657700007, 24.91930969400005], [67.14543766600008, 24.91896705100004], [67.14526634500004, 24.918453088000035], [67.14508550600004, 24.917939124000043], [67.14494273800005, 24.91737757100003], [67.14477141700007, 24.91711107200007], [67.14451443500008, 24.91686360800003], [67.14420986400006, 24.91672084000004], [67.14389577600008, 24.916597108000076], [67.14356265100008, 24.916587590000063], [67.14339133000004, 24.916492412000025], [67.14319145500008, 24.91629253700006], [67.14313434800005, 24.91612121600008], [67.14310579500005, 24.915740502000062], [67.14301061600008, 24.915416895000078], [67.14287736600005, 24.915197985000077], [67.14275359200008, 24.915027026000075], [67.14318361600004, 24.91489975500008], [67.144997, 24.914438], [67.145091, 24.914334], [67.149096, 24.912462], [67.149168, 24.913018], [67.14949929300008, 24.913290198000027], [67.149538, 24.913322], [67.149853, 24.913581], [67.150111, 24.913793], [67.150641, 24.914229], [67.15088, 24.914421], [67.151123, 24.914625], [67.151399, 24.914853], [67.151657, 24.915064], [67.151717, 24.915113], [67.151917, 24.915278], [67.151983, 24.915333], [67.152672, 24.915908], [67.152906, 24.916104], [67.153263, 24.916403], [67.153548, 24.916641], [67.153818, 24.916867], [67.154212, 24.917196], [67.154348, 24.91731], [67.154632, 24.917548], [67.155007, 24.917861], [67.155451, 24.918233], [67.15551984600006, 24.918290372000058], [67.15574827500006, 24.918480729000066], [67.155817, 24.918538], [67.15614802400006, 24.918815516000052], [67.156182, 24.918844], [67.15626223800007, 24.918910937000078], [67.156556, 24.919156], [67.15698955600004, 24.919519627000057], [67.156956, 24.919567], [67.15674933200006, 24.919858930000032], [67.156605, 24.92006], [67.156506, 24.9202], [67.156465, 24.92027], [67.156333, 24.920495], [67.15626223800007, 24.92063026200003], [67.15622, 24.920711], [67.15614802400006, 24.920851261000053], [67.156103, 24.920939], [67.15604, 24.921065], [67.156042, 24.92108], [67.156123, 24.921792], [67.15614293900006, 24.92196081700007], [67.15614802400006, 24.922003870000026], [67.156153, 24.922046], [67.156194, 24.92241], [67.156201, 24.922466], [67.156216, 24.922522], [67.15626223800007, 24.922601472000053], [67.15628, 24.922632], [67.156416, 24.922863], [67.15644569600005, 24.922913950000066], [67.15651226700004, 24.923028164000073], [67.156518, 24.923038], [67.15666, 24.92328], [67.156914, 24.923714], [67.15692, 24.923724], [67.156932, 24.923732], [67.15729016500006, 24.923801250000054], [67.157544, 24.92385], [67.15757570100004, 24.923856639000064], [67.157926, 24.92393], [67.15819, 24.923986], [67.158584, 24.924066], [67.15958102800005, 24.92420086800007], [67.15982616400004, 24.924234064000075], [67.16017605900004, 24.924281446000066], [67.16035, 24.924305], [67.160364, 24.924304], [67.16055117400003, 24.92429581600004], [67.16082196000008, 24.924283976000027], [67.161073, 24.924273], [67.16123086200008, 24.924266129000046], [67.16159588100004, 24.924250242000028], [67.16192092200004, 24.924236096000072], [67.162038, 24.924231], [67.162164, 24.92421], [67.16225058600003, 24.924195612000062], [67.163169, 24.924043], [67.163187, 24.924254], [67.163418, 24.924154], [67.16501, 24.923461], [67.165521, 24.923232], [67.16597652400003, 24.923028164000073], [67.16623176500008, 24.922913950000066], [67.166254, 24.922904], [67.16626246300007, 24.922913950000066], [67.166328, 24.922991], [67.16635949500005, 24.923028164000073], [67.166828, 24.923581], [67.167443, 24.924307], [67.167462, 24.924329], [67.168773, 24.923743], [67.169264, 24.923522], [67.170078, 24.92317], [67.170355, 24.923051], [67.17042965700006, 24.923028164000073], [67.17044, 24.923025], [67.170506, 24.923014], [67.170593, 24.923004], [67.171392, 24.923004], [67.171432, 24.923007], [67.171482, 24.923016], [67.17151930300008, 24.923028164000073], [67.171598, 24.923059], [67.172414, 24.923376], [67.172466, 24.923398], [67.172504, 24.923417], [67.172541, 24.923429], [67.172611, 24.923455], [67.173107, 24.923596], [67.174125, 24.923874], [67.175154, 24.924154], [67.176006, 24.924396], [67.177087, 24.924705], [67.178409, 24.925068], [67.179547, 24.925389], [67.17987819000007, 24.925480822000054], [67.17988830200005, 24.925483626000073], [67.18007014900007, 24.925534043000027], [67.18012712900008, 24.925546329000042], [67.17968093500008, 24.926799902000027], [67.179567, 24.92712], [67.178989, 24.928688], [67.178731, 24.929435], [67.177924, 24.931679], [67.177243, 24.933543], [67.17703311000008, 24.934164699000064], [67.17831884500004, 24.93394982800004], [67.17965866500003, 24.933717888000047], [67.18113913000008, 24.933456340000077], [67.18229636000007, 24.933241672000065], [67.18368552900006, 24.932975189000047], [67.18455653600006, 24.932812338000076], [67.18571623300005, 24.93259273500007], [67.18650334700004, 24.93244468900008], [67.18824536000005, 24.932101715000044], [67.18833912300005, 24.93209184500006], [67.18842336300008, 24.932085163000067], [67.188449, 24.932017], [67.188447, 24.931905], [67.188439, 24.931831], [67.188418, 24.931763], [67.18835, 24.931645], [67.188298, 24.93154], [67.188282, 24.931494], [67.188271, 24.931456], [67.188261, 24.93141], [67.188259, 24.931247], [67.188259, 24.930794], [67.188259, 24.929844], [67.188258, 24.929103], [67.188258, 24.929016], [67.188257, 24.928446], [67.188256, 24.927901], [67.188256, 24.927074], [67.188254, 24.925801], [67.188254, 24.924946], [67.188252, 24.922827], [67.188249, 24.922011], [67.188239, 24.921934], [67.188216, 24.921799], [67.188184, 24.921689], [67.188132, 24.921539], [67.187926, 24.920961], [67.187906, 24.92088], [67.187905, 24.920849], [67.187908, 24.920819], [67.187927, 24.920756], [67.187958, 24.920703], [67.187984, 24.920673], [67.188003, 24.920657], [67.188055, 24.920625], [67.18812, 24.920606], [67.18778391800004, 24.917275131000054], [67.191851, 24.917277], [67.191883, 24.912278], [67.191882, 24.912234], [67.189165, 24.912298], [67.187365, 24.912327], [67.185235, 24.912367], [67.185117, 24.912323], [67.184979, 24.912289], [67.184909, 24.91221], [67.184728, 24.911783], [67.18455676700006, 24.911330563000035], [67.18422931900005, 24.911330563000035], [67.18316748800004, 24.913100281000027], [67.18244472300006, 24.91430489000004], [67.18095756000008, 24.907463939000024], [67.17917296400003, 24.90240758500005], [67.17798323300008, 24.898838393000062], [67.17560377200004, 24.895864067000048], [67.17828066600003, 24.894079471000055], [67.18155242500006, 24.893187173000058], [67.18274215500003, 24.890510280000058], [67.17947039700005, 24.88694108800007], [67.17857809900005, 24.885453925000036], [67.17924891200005, 24.884514786000068], [67.179225, 24.884506], [67.178863, 24.884392], [67.178498, 24.884295], [67.17816, 24.884251], [67.177265, 24.884137], [67.17722076800004, 24.884157689000062], [67.17710109900008, 24.884213663000025], [67.176955, 24.884282], [67.176777, 24.884352], [67.176658, 24.884391], [67.176573, 24.884415], [67.17649149700003, 24.884434498000076], [67.176364, 24.884465], [67.17624095300005, 24.884488220000037], [67.175744, 24.884582], [67.17538339600003, 24.88463601600006], [67.175041, 24.884682], [67.17387108200006, 24.88483634000005], [67.172297, 24.885044], [67.17082374600005, 24.885232770000073], [67.167786, 24.885622], [67.167057, 24.88573], [67.166618, 24.885913], [67.16628655000005, 24.886053437000044], [67.165209, 24.88651], [67.16497, 24.886614], [67.164508, 24.886805], [67.164405, 24.88684], [67.164164, 24.88692], [67.163998, 24.886953], [67.16372, 24.88699], [67.16327, 24.887004], [67.161956, 24.887027], [67.16160027200004, 24.88701592900003], [67.159514, 24.886951], [67.15940944200008, 24.88694943200005], [67.158914, 24.886942], [67.15809499000005, 24.886947], [67.15797799500007, 24.886945], [67.15780317700006, 24.886947511000074], [67.15731260200005, 24.88695455900006], [67.15649001500003, 24.886974558000077], [67.15609888800003, 24.88698406700007], [67.155896, 24.886989], [67.15576, 24.886994], [67.155161, 24.887009], [67.15466658700007, 24.887005002000024], [67.15293872900008, 24.886991030000047], [67.15269031000008, 24.886987264000027], [67.15229010500008, 24.88698119600008], [67.15178866400004, 24.886979066000038], [67.15020662100005, 24.88697234700004], [67.15015106600003, 24.886974147000046], [67.15007230300006, 24.886976700000048], [67.15002362100006, 24.886978278000072], [67.14878503700004, 24.886963969000078], [67.14859050900003, 24.886961722000024], [67.14671825300007, 24.88694009200003], [67.14570326100005, 24.886928366000063], [67.14560315800003, 24.886927209000078], [67.144806, 24.886918], [67.144533, 24.887966], [67.14450355700006, 24.88807919800007], [67.14431154700003, 24.88881741800003], [67.14428907100006, 24.888903834000075], [67.144005, 24.889996], [67.14398325400003, 24.890078532000075], [67.143878, 24.890478], [67.14376255500008, 24.890904595000052], [67.14362327500004, 24.891403833000027], [67.143455, 24.892007], [67.14329694600008, 24.892591243000027], [67.14324852000004, 24.892770247000044], [67.143086, 24.893371], [67.14307996300005, 24.893391216000055], [67.143074, 24.893416], [67.143072, 24.893432], [67.143072, 24.893451], [67.143073, 24.893464], [67.143075, 24.893481], [67.14307892000005, 24.893497660000037], [67.143087, 24.893509], [67.14309224500005, 24.893525227000055], [67.143094, 24.89354], [67.143093, 24.89355], [67.143091, 24.893562], [67.143086, 24.893573], [67.143075, 24.893588], [67.14306170000003, 24.893598100000077], [67.143046, 24.893606], [67.143035, 24.893608], [67.143025, 24.893609], [67.143004, 24.893606], [67.14267355200008, 24.894856490000052], [67.14264968800006, 24.894946794000077], [67.14041317300007, 24.895912562000035], [67.13627988600007, 24.896179225000026], [67.13604523300006, 24.892592308000076], [67.13594655600008, 24.889979294000057], [67.13561322600003, 24.88857930900008], [67.13501323300005, 24.887845984000023], [67.13421324200004, 24.88771265200006], [67.13341896800006, 24.887741361000053], [67.133569, 24.887509], [67.13369287500007, 24.887317884000026], [67.13318228400004, 24.88734041400005], [67.133169, 24.887341], [67.13256251100006, 24.88732901000003], [67.13149311900008, 24.88730786800005], [67.130994, 24.887298], [67.130599, 24.887278], [67.128965, 24.887206], [67.12810899400006, 24.887171641000066], [67.12773357100008, 24.887156572000038], [67.12678557700008, 24.887118521000048], [67.12632086800005, 24.887099868000064], [67.12557502300007, 24.887069938000025], [67.12550640700005, 24.887067185000035], [67.125128, 24.887052], [67.12472013600006, 24.887011892000032], [67.12482592100008, 24.886043164000057], [67.12356508300007, 24.885622885000032], [67.12374520300006, 24.884332027000028], [67.12527622000005, 24.883011149000026], [67.12662711800004, 24.883101208000028], [67.12902871500006, 24.87925865400007], [67.12887861500008, 24.881209951000073], [67.12857841500005, 24.883491468000045], [67.12998935300004, 24.883521488000042], [67.12992931300005, 24.884812346000047], [67.13125019100005, 24.88496244600003], [67.13248100900006, 24.884842366000044], [67.13281122900008, 24.884271987000034], [67.13287126900008, 24.883371388000057], [67.13251102900006, 24.882801009000048], [67.13203071000004, 24.881690271000025], [67.13189324000007, 24.881340347000048], [67.131802, 24.881462], [67.13153, 24.880993], [67.131417, 24.880793], [67.1313, 24.88052], [67.131213, 24.880223], [67.131175, 24.880069], [67.131174, 24.879917], [67.131205, 24.879587], [67.13123236100006, 24.87931106600007], [67.131264, 24.878992], [67.13128315100005, 24.878741382000044], [67.131322, 24.878233], [67.13134, 24.877926], [67.13140441100006, 24.87788009800005], [67.131427, 24.877864], [67.131489, 24.877799], [67.131592, 24.87769], [67.13163530000003, 24.87758436000007], [67.131733, 24.877346], [67.131802, 24.876794], [67.131883, 24.87664], [67.131716, 24.876584], [67.131497, 24.876547], [67.13148335900007, 24.876544557000045], [67.13143, 24.876535], [67.131366, 24.876524], [67.131305, 24.876515], [67.131271, 24.876508], [67.131244, 24.876496], [67.1312, 24.876455], [67.131155, 24.876389], [67.131104, 24.87632], [67.131035, 24.876241], [67.130958, 24.876166], [67.130895, 24.876114], [67.130821, 24.876078], [67.130733, 24.876043], [67.130603, 24.876012], [67.130478, 24.875982], [67.130382, 24.87596], [67.130272, 24.875926], [67.129808, 24.875799], [67.128775, 24.875548], [67.12781897500008, 24.875295761000075], [67.127085, 24.875091], [67.126448, 24.874894], [67.125983, 24.87475], [67.124885, 24.874202], [67.124758, 24.874307], [67.12414, 24.874068], [67.12319435300003, 24.873759878000044], [67.12251528300004, 24.87353861500003], [67.122007, 24.873373], [67.11985472300006, 24.872585582000056], [67.119219, 24.872353], [67.119098, 24.872309], [67.11864482300007, 24.872063479000076], [67.116453, 24.870876], [67.115426, 24.8703], [67.114617, 24.869777], [67.11310765300004, 24.868845102000023], [67.112309, 24.868352], [67.111999, 24.868017], [67.111765, 24.867784], [67.111451, 24.867512], [67.111419, 24.86749], [67.11138, 24.867469], [67.111342, 24.867452], [67.11131, 24.867441], [67.111276, 24.867431], [67.111238, 24.867424], [67.111199, 24.86742], [67.11097972700003, 24.86685912200005], [67.11338433000003, 24.866929008000056], [67.11370478700007, 24.86691837500007], [67.11610177400007, 24.866838838000035], [67.11804639400003, 24.86688429900005], [67.11922276700005, 24.866863557000045], [67.12019721600007, 24.866846375000023], [67.12076235800004, 24.866913010000076], [67.12211683500004, 24.867072712000038], [67.12393673900004, 24.867593095000075], [67.12401152800004, 24.867638337000074], [67.12496365400006, 24.868098188000033], [67.12522976000008, 24.868226709000055], [67.12555720100005, 24.868384854000055], [67.12647608300006, 24.868689260000053], [67.12712784700005, 24.868905176000055], [67.12717770800003, 24.868927797000026], [67.12732826100006, 24.868979615000057], [67.12862374300005, 24.869425499000045], [67.13020407200008, 24.86973551400007], [67.13022121900008, 24.86923612000004], [67.130233, 24.868893], [67.130245, 24.867976], [67.130241, 24.86779], [67.130207, 24.867496], [67.13013, 24.867079], [67.130096, 24.866875], [67.130058, 24.866596], [67.129997, 24.866144], [67.129937, 24.865704], [67.129924, 24.865611], [67.129835, 24.865408], [67.129811, 24.865338], [67.129797, 24.865207], [67.129774, 24.864992], [67.129785, 24.864858], [67.12981, 24.864574], [67.129832, 24.864256], [67.129837, 24.864179], [67.129837, 24.864158], [67.129835, 24.864133], [67.129831, 24.864115], [67.129826, 24.864094], [67.129822, 24.864082], [67.129813, 24.864061], [67.129797, 24.864034], [67.12978, 24.86401], [67.129729, 24.863945], [67.129673, 24.863875], [67.129638, 24.863831], [67.129562, 24.863734], [67.129503, 24.863656], [67.129406, 24.863528], [67.129254, 24.863327], [67.12898891600008, 24.862990297000067], [67.128969, 24.862965], [67.128635, 24.862542], [67.128294, 24.862108], [67.127709, 24.861353], [67.127178, 24.860677], [67.126998, 24.860501], [67.12697137300006, 24.860467193000034], [67.12599926900003, 24.860250046000033], [67.12379731900006, 24.859985495000046], [67.11832465700007, 24.85922110000007], [67.11326780700006, 24.85842660900005], [67.11187265900003, 24.857981], [67.11151926400004, 24.857868126000028], [67.10957643800003, 24.856898225000066], [67.10548717600005, 24.854405190000023], [67.10276749700006, 24.852759288000073], [67.09834438200005, 24.849895160000074], [67.09653160500005, 24.84807309100006], [67.09621029600004, 24.847657127000048], [67.09478367000008, 24.84581022900005], [67.09308471900005, 24.842829794000068], [67.09198463800004, 24.84035281100006]]]}, "properties": {"objectid": 157, "province_territory": "Sindh", "districts": "Karachi East", "shape_leng": 0.769604, "shape_area": 0.010505, "district_agency": "Karachi East", "status": "District", "cartodb_id": 150, "created_at": "2015-07-06T09:49:19Z", "updated_at": "2026-08-09T00:00:00Z"}}, {"type": "Feature", "geometry": {"type": "Polygon", "coordinates": [[[67.056743, 24.847795], [67.057174, 24.84771], [67.057689, 24.84771], [67.058273, 24.847686], [67.059674, 24.847519], [67.06017849700004, 24.84746185000006], [67.060889, 24.847381], [67.060922, 24.847377], [67.061125, 24.847532], [67.061164, 24.847561], [67.061205, 24.847591], [67.06148735200003, 24.847898033000035], [67.061647, 24.848073], [67.061922, 24.848366], [67.061988, 24.848445], [67.062046, 24.848501], [67.062131, 24.848571], [67.062186, 24.848602], [67.062234, 24.848631], [67.06229, 24.848655], [67.062332, 24.848673], [67.062369, 24.848687], [67.062446, 24.848696], [67.062503, 24.848699], [67.062606, 24.848704], [67.062746, 24.848709], [67.0629, 24.848707], [67.062986, 24.848712], [67.063058, 24.848707], [67.063362, 24.848694], [67.064093, 24.848655], [67.064993, 24.848609], [67.065964, 24.848593], [67.066258, 24.848598], [67.066269, 24.848507], [67.066371, 24.847422], [67.066639, 24.845891], [67.066743, 24.845279], [67.06686, 24.845304], [67.06696642900005, 24.845278275000055], [67.068126, 24.844998], [67.0682, 24.844908], [67.068175, 24.844833], [67.068109, 24.844638], [67.067917, 24.844674], [67.067661, 24.843708], [67.068235, 24.843576], [67.068399, 24.843529], [67.069175, 24.84334], [67.069846, 24.843164], [67.069894, 24.843151], [67.070268, 24.843053], [67.070453, 24.842943], [67.070504, 24.842888], [67.070555, 24.842833], [67.070587, 24.842799], [67.071192, 24.842457], [67.072036, 24.841934], [67.07233, 24.841751], [67.072341, 24.841744], [67.072351, 24.841735], [67.072358, 24.841723], [67.072361, 24.84171], [67.072359, 24.841689], [67.072119, 24.840798], [67.072167, 24.840594], [67.071997, 24.840226], [67.072405, 24.840106], [67.072217, 24.839467], [67.072362, 24.83943], [67.072736, 24.839337], [67.072894, 24.839042], [67.07296455200003, 24.838910029000033], [67.073203, 24.838464], [67.072962, 24.838191], [67.072007, 24.837109], [67.071939, 24.83696], [67.072199, 24.836862], [67.072128, 24.836605], [67.072065, 24.836536], [67.071918, 24.836374], [67.071683, 24.836116], [67.071137, 24.835515], [67.07091, 24.835318], [67.071399, 24.835046], [67.072315, 24.834547], [67.07317, 24.834048], [67.073673, 24.833824], [67.074409, 24.8335], [67.075046, 24.833258], [67.075639, 24.832912], [67.076474, 24.832386], [67.07649895900005, 24.832422247000068], [67.07651490100005, 24.83244540000004], [67.076721, 24.832762], [67.076903, 24.833007], [67.077096, 24.83328], [67.077278, 24.833545], [67.077377, 24.833741], [67.077557, 24.834026], [67.077642, 24.834215], [67.077689, 24.834425], [67.077732, 24.834692], [67.07773, 24.834888], [67.077706, 24.835077], [67.077683, 24.835191], [67.077683, 24.835293], [67.077683, 24.835395], [67.077683, 24.835497], [67.077683, 24.835599], [67.077683, 24.835701], [67.077683, 24.835803], [67.077683, 24.836006], [67.077687, 24.836229], [67.07771, 24.836551], [67.07773, 24.836838], [67.077763, 24.837058], [67.07777364500004, 24.837160770000025], [67.077789, 24.837309], [67.077803, 24.837525], [67.077828, 24.837796], [67.077858, 24.838073], [67.077871, 24.838276], [67.077893, 24.838521], [67.077919, 24.838825], [67.077922, 24.839026], [67.077922, 24.83923], [67.077924, 24.839536], [67.077909, 24.839854], [67.077897, 24.840059], [67.077877, 24.84033], [67.077858, 24.840875], [67.077856, 24.841001], [67.077852, 24.841207], [67.077844, 24.841427], [67.07784109000005, 24.841658365000058], [67.07784, 24.841745], [67.07784, 24.841830462000075], [67.07784, 24.841891], [67.077844, 24.842083], [67.077834, 24.842283], [67.077805, 24.84247], [67.077771, 24.842637], [67.077901, 24.842791], [67.078863, 24.842891], [67.079028, 24.842908], [67.079385, 24.842945], [67.081089, 24.843121], [67.08180235400005, 24.843175280000025], [67.08205118100005, 24.84319421400005], [67.08253232800007, 24.843230825000035], [67.08324705600006, 24.843285210000033], [67.083402, 24.843297], [67.083807, 24.843327], [67.083922, 24.843557], [67.084312, 24.843545], [67.083889, 24.842863], [67.083636, 24.84232], [67.08345308900005, 24.841830462000075], [67.083327, 24.841493], [67.082797, 24.83994], [67.082317, 24.838299], [67.08198255000008, 24.837160770000025], [67.08194406900003, 24.83702980700008], [67.081831, 24.836645], [67.08149, 24.835369], [67.081218, 24.834422], [67.081025, 24.833956], [67.08083938400006, 24.833560872000078], [67.08059, 24.83303], [67.08034, 24.832535], [67.080128, 24.832135], [67.079967, 24.831792], [67.07987552400004, 24.831598780000036], [67.079869, 24.831585], [67.07966, 24.831172], [67.079593, 24.831031], [67.079578, 24.830948], [67.07974399300008, 24.83062739500008], [67.080001, 24.830131], [67.08033692500004, 24.83002017000007], [67.08042322800003, 24.829468914000074], [67.07971876500005, 24.827675923000072], [67.07953303400006, 24.822695641000053], [67.08250736100007, 24.819423882000024], [67.08399452400005, 24.815854690000037], [67.08250736100007, 24.81079833600006], [67.08042533200006, 24.806039414000054], [67.08012790000004, 24.80038819400005], [67.08131763000006, 24.798008733000074], [67.08518425400007, 24.795331839000028], [67.09073638900003, 24.79214096100003], [67.09328460700004, 24.791393280000023], [67.09472889100005, 24.788504234000072], [67.09538316800007, 24.787195463000046], [67.0990291536464, 24.77990227983612], [67.0153482706984, 24.807570305683832], [66.97200835224318, 24.821900101711464], [66.97229147600007, 24.82331572000004], [66.97469382300005, 24.82667715100007], [66.97494051100006, 24.825692660000072], [66.97523168500004, 24.824530629000037], [66.97855938500004, 24.823074761000044], [66.97876736600006, 24.822398822000025], [66.97949530000005, 24.820942953000042], [66.98110715500007, 24.820267014000024], [66.98469483100007, 24.820111028000042], [66.99266942700007, 24.820188078000058], [66.994563, 24.818882], [66.995457, 24.818741], [66.996012, 24.818653], [66.996646, 24.818554], [66.997109, 24.818481], [66.997418, 24.818432], [66.997877, 24.81836], [66.998765, 24.81822], [66.999046, 24.818176], [67.000438, 24.817957], [67.000542, 24.81794], [67.000842, 24.817893], [67.001066, 24.817858], [67.001548, 24.817782], [67.001648, 24.817766], [67.002243, 24.817674], [67.002674, 24.817607], [67.004224, 24.817376], [67.00443365100006, 24.817346932000078], [67.004801, 24.817296], [67.005085, 24.817261], [67.005322, 24.817231], [67.005694, 24.817168], [67.00585, 24.817141], [67.006041, 24.817108], [67.006436, 24.817064], [67.006694, 24.817029], [67.006957, 24.816989], [67.007242, 24.816949], [67.00812643300003, 24.81678942900004], [67.008284, 24.816761], [67.0103, 24.816445], [67.011017, 24.81634], [67.011414, 24.816263], [67.011683, 24.816243], [67.011925, 24.816266], [67.012164, 24.816313], [67.013806, 24.816781], [67.014591, 24.81702], [67.015119, 24.817165], [67.015381, 24.817198], [67.015546, 24.817205], [67.015681, 24.817192], [67.015863, 24.817165], [67.016334, 24.81705], [67.016855, 24.816919], [67.017266, 24.816774], [67.01844477800006, 24.816345110000043], [67.01856580300006, 24.81630107600006], [67.018588, 24.816293], [67.020186, 24.815671], [67.020485, 24.815523], [67.02083408700008, 24.815597480000065], [67.020831, 24.815616], [67.020811, 24.815676], [67.020773, 24.815729], [67.020724, 24.815773], [67.020669, 24.815807], [67.020609, 24.815832], [67.020545, 24.815846], [67.020488, 24.815855], [67.020416, 24.815859], [67.020351, 24.815855], [67.020402, 24.815881], [67.02045, 24.815911], [67.020496, 24.815944], [67.02054, 24.815981], [67.020581, 24.816021], [67.020619, 24.816064], [67.020653, 24.816109], [67.020684, 24.816157], [67.021508, 24.817988], [67.021753, 24.81853], [67.02214, 24.819391], [67.02231187400008, 24.81977271100004], [67.02283601500005, 24.82093676200003], [67.023213, 24.821774], [67.02378946700003, 24.823054482000032], [67.024596, 24.824846], [67.02503338600008, 24.825816202000055], [67.02506815700008, 24.826082340000028], [67.02509162800004, 24.826213154000072], [67.02509745200007, 24.826341292000052], [67.02509446400006, 24.826445401000058], [67.02510910600006, 24.826586890000044], [67.02514727900007, 24.82672838800005], [67.02518548300003, 24.826803148000067], [67.02525583800008, 24.826909898000054], [67.025184, 24.826958], [67.025109, 24.826985], [67.02506707300006, 24.826995969000052], [67.02491076600006, 24.827016094000044], [67.02466832300007, 24.827047631000028], [67.02450246400008, 24.827071395000075], [67.02424000100007, 24.827131630000054], [67.023692, 24.827117], [67.023255, 24.827163], [67.023022, 24.827187], [67.022365, 24.827279], [67.022283, 24.827293], [67.022203, 24.827311], [67.022175, 24.827318], [67.022123, 24.827331], [67.022044, 24.827355], [67.021966, 24.827381], [67.021889, 24.82741], [67.021812, 24.827441], [67.021738, 24.827476], [67.021339, 24.827686], [67.020822, 24.827958], [67.020722, 24.828006], [67.020625, 24.82806], [67.020532, 24.828119], [67.020492, 24.828146], [67.020441, 24.828183], [67.020354, 24.828252], [67.020271, 24.828325], [67.020191, 24.828403], [67.020155, 24.828442], [67.01997914100008, 24.828630049000026], [67.01988895600005, 24.82872510900006], [67.01994511900006, 24.82883103000006], [67.01999157400007, 24.829574310000055], [67.01999157400007, 24.830348233000052], [67.02004944000004, 24.830363291000026], [67.02009411100005, 24.830444552000074], [67.02030070200004, 24.830825467000068], [67.02053286100005, 24.831207919000065], [67.02059668900006, 24.831313068000043], [67.02068612600004, 24.83137914400004], [67.02075000400004, 24.83169298100006], [67.02076845500005, 24.83195103500003], [67.02076815800007, 24.832253198000046], [67.02070813300003, 24.832467266000037], [67.02070058700008, 24.832494178000047], [67.02057338900005, 24.832504259000075], [67.02046785000005, 24.832536940000068], [67.02040501900007, 24.832644172000073], [67.02043145700003, 24.832744908000052], [67.02045307800006, 24.832836882000038], [67.02048191000006, 24.832957325000052], [67.02054940600004, 24.833012116000077], [67.02061051700008, 24.833051313000055], [67.02062632200006, 24.833230180000044], [67.02060478800007, 24.83346219300006], [67.02059390600004, 24.833694215000037], [67.02057066700007, 24.833757298000023], [67.02055118000004, 24.83381019600006], [67.02046579700004, 24.83396964600007], [67.02048161100004, 24.834031263000043], [67.02053249900007, 24.83407058800003], [67.02056814600007, 24.834072927000022], [67.02057322500008, 24.834086796000065], [67.02057828300008, 24.83412146200004], [67.02059094700007, 24.83419079600003], [67.02055526600003, 24.834223119000058], [67.02056793700007, 24.834285519000048], [67.02058624100005, 24.834375059000024], [67.02066443700005, 24.83447874500007], [67.02072961600004, 24.834546893000038], [67.02076864500003, 24.83466831000004], [67.02074897700004, 24.834763036000027], [67.02077826500005, 24.83483707700003], [67.02071952500006, 24.834854794000023], [67.02076840200004, 24.83491404700004], [67.02076507500004, 24.83497918100005], [67.02073240500005, 24.83502652800007], [67.02078450000005, 24.835130196000023], [67.02086613000006, 24.835296201000062], [67.02093063000007, 24.83537439500003], [67.02093976900005, 24.83545812400007], [67.02090281900007, 24.83550274600003], [67.02091496800006, 24.835650670000064], [67.02094862100006, 24.835820942000055], [67.02092390500007, 24.835929770000064], [67.02097921000006, 24.835982844000057], [67.02098828500004, 24.836136354000075], [67.02097273100003, 24.836216645000036], [67.02099202300008, 24.83627372600006], [67.02100160500004, 24.836365917000023], [67.02100872200003, 24.836504201000025], [67.02099410300008, 24.83660954900006], [67.02097451700007, 24.83667213800004], [67.02095770600005, 24.836725858000023], [67.02095641500006, 24.836858232000054], [67.02103775400008, 24.83696918000004], [67.02108052400007, 24.83706647500003], [67.02109117800006, 24.83712872700005], [67.02115325300008, 24.837206579000053], [67.02123673500006, 24.83730389400006], [67.02122381600003, 24.837364174000072], [67.02123875700005, 24.83742447700007], [67.02121941700005, 24.837476973000037], [67.02112081500007, 24.837498289000052], [67.02103691300005, 24.837498224000058], [67.02113389400006, 24.83802100300005], [67.02120668800006, 24.83817592400004], [67.02134388000007, 24.838480686000025], [67.02142641500006, 24.838665952000042], [67.02146152200004, 24.838744758000075], [67.02154831900003, 24.838947933000043], [67.02158472200006, 24.83905190300004], [67.02159034800007, 24.839211912000053], [67.02158638400005, 24.839285035000046], [67.02157453200005, 24.839503696000065], [67.02157350000004, 24.839522732000034], [67.02155129400006, 24.839932426000075], [67.02153958500003, 24.84016181100003], [67.02040985400004, 24.840267936000032], [67.01760373100007, 24.839898709000067], [67.01642220500008, 24.838569493000023], [67.01575759700006, 24.837535659000025], [67.01398530900008, 24.838052576000052], [67.01272993800006, 24.83938179200004], [67.01095765000008, 24.83997255500003], [67.00933305200004, 24.84144946200007], [67.00689615600004, 24.842926368000064], [67.00416387800004, 24.843517131000056], [67.00143160100004, 24.843886358000077], [66.99892085900007, 24.844329430000073], [66.99626242700003, 24.844329430000073], [66.99478552000005, 24.84425558500004], [66.99286554100007, 24.843886358000077], [66.99161017000006, 24.844477121000068], [66.99157269900007, 24.844614514000057], [66.991582, 24.844679], [66.991584, 24.844785], [66.991572, 24.844889], [66.991545, 24.844991], [66.991505, 24.845089], [66.991452, 24.84518], [66.99140151700004, 24.845296207000047], [66.99212644700003, 24.84567815500003], [66.992117, 24.845685], [66.99205, 24.845736], [66.991984, 24.845789], [66.991919, 24.845844], [66.991857, 24.8459], [66.991795, 24.845958], [66.991736, 24.846018], [66.991677, 24.846079], [66.991628, 24.846135], [66.991566, 24.846207], [66.991514, 24.846273], [66.991462, 24.84634], [66.991368, 24.846455], [66.991241, 24.846639], [66.99111469900004, 24.84682345600004], [66.990631, 24.847557], [66.990313, 24.848035], [66.989985, 24.848529], [66.989881, 24.848607], [66.98981282400007, 24.848720539000055], [66.989624, 24.849035], [66.989193, 24.849704], [66.98915599900005, 24.849761883000042], [66.989092, 24.849862], [66.988709, 24.850458], [66.988344, 24.851024], [66.988057, 24.851469], [66.987995, 24.851577], [66.987942, 24.851691], [66.9879, 24.851809], [66.987869, 24.85193], [66.987848, 24.852053], [66.987838, 24.852193], [66.987839, 24.852303], [66.987851, 24.852428], [66.987928, 24.852796], [66.988004, 24.853164], [66.98803597600005, 24.853306602000032], [66.98809479900007, 24.853607066000052], [66.98812491900003, 24.853760915000066], [66.98813543900008, 24.853986098000064], [66.98812389300008, 24.85407742900003], [66.98811733300005, 24.85410747000003], [66.98809474400008, 24.854210917000046], [66.98778753100004, 24.85424953100005], [66.98786073400004, 24.854342038000027], [66.98789242800007, 24.85440983700005], [66.98790778700004, 24.854479095000045], [66.98787330200008, 24.854613581000024], [66.98785386100008, 24.85470876100004], [66.98783283400007, 24.854787475000023], [66.98782325100007, 24.85495958000007], [66.987741, 24.855155], [66.987445, 24.855815], [66.98742059900007, 24.855876700000067], [66.98733785900004, 24.85608591400006], [66.987235, 24.856346], [66.987183, 24.856488], [66.987138, 24.856632], [66.9871, 24.856778], [66.987069, 24.856925], [66.987045, 24.857074], [66.987027, 24.857224], [66.987017, 24.857375], [66.987014, 24.857526], [66.98704513000007, 24.85836241900006], [66.987052, 24.858547], [66.98708577700006, 24.859446124000044], [66.987094, 24.859665], [66.98709, 24.860324], [66.987068, 24.86114], [66.986989, 24.861821], [66.986819, 24.862481], [66.986591, 24.863107], [66.986502, 24.863314], [66.98642608600005, 24.863471250000032], [66.986404, 24.863517], [66.986297, 24.863715], [66.986183, 24.863909], [66.98606, 24.864098], [66.985929, 24.864281], [66.98579, 24.864458], [66.98575539500007, 24.864499049000074], [66.985645, 24.86463], [66.98549, 24.864796], [66.985423, 24.864865], [66.985331, 24.864957], [66.985167, 24.865114], [66.984999, 24.865265], [66.984827, 24.865412], [66.98465, 24.865553], [66.984469, 24.86569], [66.984284, 24.86582], [66.984166, 24.865904], [66.98360906600004, 24.866265836000025], [66.98287, 24.866746], [66.98204763600006, 24.867260286000032], [66.981869, 24.867372], [66.981834, 24.867394], [66.980989, 24.86792], [66.979503, 24.868863], [66.979286, 24.868996], [66.978785, 24.869303], [66.97836756900006, 24.86955787100004], [66.978066, 24.869742], [66.97776578600008, 24.869950604000053], [66.97719788700005, 24.87016454600007], [66.97682571900003, 24.87030475100005], [66.97636408300008, 24.87057970500007], [66.97631693100004, 24.87060922300003], [66.97554626500005, 24.871091672000034], [66.97575070600004, 24.871354996000036], [66.97584038600007, 24.871470506000037], [66.97601458700007, 24.871694880000064], [66.97623775800008, 24.87191383100003], [66.97690114600005, 24.87245124100008], [66.97754219100005, 24.872856806000073], [66.97819541100006, 24.87322603100006], [66.97919148000005, 24.87367970400004], [66.98129271800008, 24.874572796000052], [66.98275237300004, 24.875218800000027], [66.98477393200005, 24.876113488000044], [66.98835175500005, 24.877696367000055], [66.99211810500003, 24.87931775800007], [66.99298182800004, 24.879718291000074], [66.99320457500005, 24.879821599000024], [66.99380024100003, 24.880097963000026], [66.99413996200008, 24.88022569700007], [66.99438419600006, 24.880317527000045], [66.99479646300006, 24.880440598000064], [66.99487779500004, 24.880464877000065], [66.99493270700003, 24.880476636000026], [66.99497857700004, 24.880486459000053], [66.99504402200006, 24.88050047400003], [66.99522119700003, 24.880538415000046], [66.99564625400006, 24.880629440000064], [66.99669721000004, 24.880872688000068], [66.99674953100003, 24.880884798000068], [66.99758927800008, 24.880996195000023], [66.99877923900004, 24.88107652000008], [66.99924832000005, 24.881108185000073], [66.99958260800008, 24.881130750000068], [67.00097008900008, 24.88116468000004], [67.00181263900004, 24.881187203000025], [67.00182760200005, 24.88118847100003], [67.00239619700005, 24.881270017000077], [67.00240632400005, 24.881271970000057], [67.00257502800008, 24.88132439000003], [67.00296347900007, 24.881445892000045], [67.00314793900003, 24.881518287000063], [67.00332072300006, 24.881539803000067], [67.00372651400005, 24.881567136000058], [67.00397312700005, 24.881583748000025], [67.00420576500005, 24.881599265000034], [67.00438593800004, 24.881588515000033], [67.00469943500008, 24.881527730000073], [67.00547741500003, 24.881320208000034], [67.00613795900006, 24.881066702000055], [67.00686232800007, 24.88072697800004], [67.00717791700004, 24.880578969000055], [67.00770896400007, 24.88030712400007], [67.00778900100005, 24.880266152000047], [67.00803075400006, 24.880142398000032], [67.00862069300007, 24.879773742000054], [67.00904532600003, 24.879496577000054], [67.00905505300005, 24.87949086100008], [67.00942241000007, 24.87931940900006], [67.00943584300006, 24.879314071000067], [67.00991999400003, 24.87919106700008], [67.00996027100007, 24.879180863000045], [67.01062185800004, 24.879036411000072], [67.01084067700003, 24.878988659000072], [67.01085306300007, 24.87898658200004], [67.01128029400007, 24.878936133000025], [67.01178728500008, 24.87890803500005], [67.01180314800007, 24.87890813200005], [67.01224857900007, 24.87893807100005], [67.01245592300006, 24.878952007000066], [67.01249209900004, 24.87895203200003], [67.01301678800007, 24.878952398000024], [67.01311629600008, 24.878952467000033], [67.01350974400003, 24.87896571500005], [67.01384004100004, 24.87897689600004], [67.01385484900004, 24.878978249000056], [67.01400659900008, 24.87900094400004], [67.01441594900007, 24.87906216400006], [67.01442788800006, 24.879064597000024], [67.01485346700008, 24.879172695000022], [67.01520749300005, 24.87926261800004], [67.01522303000007, 24.879267648000052], [67.01575555000005, 24.879479093000043], [67.01599534500008, 24.879581089000055], [67.01646136500005, 24.879779308000025], [67.01647055600006, 24.879783673000077], [67.01663205300008, 24.879876675000048], [67.01689914500008, 24.88003065600003], [67.01691153500008, 24.880038864000028], [67.01709356600003, 24.880176649000077], [67.01745165400007, 24.87937270200007], [67.017427, 24.879374], [67.017389, 24.879373], [67.017351, 24.879369], [67.017314, 24.879362], [67.017278, 24.879352], [67.016976, 24.878829], [67.016671, 24.878321], [67.016567, 24.878113], [67.01651977200004, 24.87801854500003], [67.01646, 24.877899], [67.016361, 24.877698], [67.016309, 24.877583], [67.016271, 24.8775], [67.01622523100008, 24.877400540000053], [67.016219, 24.877387], [67.016191, 24.877326], [67.016171, 24.877293], [67.016088, 24.877154], [67.016077, 24.877136], [67.016026, 24.877052], [67.015951, 24.876931], [67.01589, 24.876832], [67.015783, 24.87666], [67.015673, 24.876482], [67.015609, 24.876377], [67.01555, 24.876284], [67.015487, 24.876186], [67.015415, 24.876071], [67.015352, 24.875973], [67.01530952700006, 24.875905583000076], [67.015289, 24.875873], [67.015214, 24.875756], [67.015196, 24.875727], [67.015151, 24.875658], [67.015124, 24.875619], [67.01503, 24.875485], [67.014938, 24.875356], [67.014716, 24.875053], [67.015063, 24.874703], [67.015237, 24.874517], [67.0153, 24.874442], [67.01557119800003, 24.874113116000046], [67.015662, 24.874003], [67.015687, 24.873973], [67.01585251600005, 24.87377120700006], [67.015906, 24.873706], [67.01594884500008, 24.87365465700003], [67.016027, 24.873561], [67.016042, 24.873539], [67.016052, 24.873522], [67.01606, 24.873504], [67.016066, 24.873486], [67.01607, 24.873467], [67.016072, 24.873448], [67.016071, 24.873428], [67.016068, 24.873409], [67.016062, 24.87339], [67.016039, 24.873329], [67.016036, 24.873316], [67.016034, 24.873302], [67.016034, 24.873288], [67.016035, 24.873275], [67.016038, 24.873261], [67.016043, 24.873248], [67.016049, 24.873236], [67.016057, 24.873224], [67.016238, 24.873022], [67.016407, 24.872835], [67.016422, 24.872817], [67.016533, 24.872694], [67.016622, 24.872595], [67.01672119700004, 24.872484712000073], [67.01673882600005, 24.872465113000032], [67.016783, 24.872416], [67.016838, 24.872355], [67.016924, 24.872259], [67.017005, 24.872169], [67.01704, 24.87213], [67.01708874300004, 24.872075841000026], [67.017202, 24.87195], [67.01723971300004, 24.871990582000024], [67.01731894300008, 24.872075841000026], [67.017386, 24.872148], [67.017463, 24.872181], [67.017718, 24.872435], [67.01780274300006, 24.872508200000027], [67.018019, 24.872695], [67.018654, 24.873269], [67.01869950600008, 24.873311971000078], [67.018995, 24.873591], [67.019209, 24.873791], [67.01958298200003, 24.87416752000007], [67.019651, 24.874236], [67.019921, 24.874508], [67.02049, 24.875162], [67.02086036900005, 24.875622962000023], [67.02090007500004, 24.87572029200004], [67.02099717800007, 24.87553968700007], [67.02116224000008, 24.875331500000073], [67.02122228700006, 24.87525349400005], [67.021693, 24.874642], [67.02196531200008, 24.874284147000026], [67.022422, 24.873684], [67.02253, 24.873557], [67.022558, 24.873526], [67.02258, 24.873491], [67.022597, 24.873453], [67.022609, 24.873413], [67.022614, 24.873372], [67.022613, 24.87333], [67.022606, 24.873289], [67.022593, 24.873249], [67.02272768500006, 24.87349313800007], [67.022988, 24.873965], [67.024102, 24.874338], [67.024812, 24.874582], [67.025226, 24.874725], [67.025843, 24.874896], [67.026075, 24.87493], [67.026306, 24.874973], [67.026534, 24.875025], [67.026771, 24.875088], [67.026985, 24.875154], [67.027206, 24.875231], [67.027424, 24.875316], [67.027639, 24.87541], [67.027625, 24.875396], [67.027614, 24.87538], [67.027607, 24.875362], [67.027602, 24.875343], [67.0276, 24.875323], [67.027602, 24.875304], [67.027607, 24.875285], [67.027616, 24.875267], [67.027627, 24.875251], [67.02764, 24.875237], [67.027656, 24.875225], [67.027674, 24.875216], [67.027742, 24.875175], [67.027808, 24.875131], [67.027872, 24.875084], [67.027934, 24.875033], [67.027993, 24.87498], [67.02805, 24.874924], [67.028104, 24.874866], [67.028155, 24.874805], [67.028203, 24.874742], [67.028249, 24.874676], [67.028291, 24.874609], [67.02833, 24.874539], [67.028612, 24.874253], [67.028646, 24.874218], [67.02871, 24.874153], [67.029021, 24.873836], [67.028964, 24.873345], [67.028935, 24.873283], [67.02889047900004, 24.873190040000054], [67.02881, 24.873022], [67.028657, 24.872603], [67.028521, 24.872235], [67.030323, 24.870776], [67.031794, 24.869585], [67.03183619200007, 24.869612193000023], [67.03202907000008, 24.86945047300003], [67.03032242200004, 24.86822068300006], [67.03212946100007, 24.864430920000075], [67.03328518600006, 24.862985612000045], [67.03606981000007, 24.864430920000075], [67.03662310800007, 24.863146478000033], [67.03687293800004, 24.862523490000058], [67.03742508900007, 24.863146478000033], [67.03760077300007, 24.863502303000075], [67.03798431600006, 24.863146478000033], [67.03818989900003, 24.863146478000033], [67.03828820600006, 24.862966249000067], [67.03827255900006, 24.862661197000023], [67.03948621100005, 24.863025293000078], [67.03994133100008, 24.860992425000063], [67.04239897700006, 24.860916572000065], [67.04376433600004, 24.860613159000025], [67.04587305700005, 24.86003667400007], [67.04663159000006, 24.859900138000057], [67.04728392800007, 24.859657407000043], [67.04775421900007, 24.85933882300003], [67.04819416800007, 24.858929216000035], [67.04860377500006, 24.858428584000023], [67.04942299100003, 24.859035410000047], [67.04980225700007, 24.859156776000077], [67.05024220600006, 24.85933882300003], [67.05086420300006, 24.85962706600003], [67.05169858900007, 24.85999116200003], [67.05170847100004, 24.85920063700007], [67.05170963300003, 24.85910765400007], [67.05171376000004, 24.85877750900005], [67.05280604700005, 24.859202288000063], [67.05320048400006, 24.85823136600004], [67.05455067200006, 24.85604679100004], [67.05623461500005, 24.853558804000045], [67.05807026500008, 24.854560067000023], [67.05919289300004, 24.852785100000062], [67.05801444700006, 24.852053827000077], [67.05613736700008, 24.850889023000036], [67.05530813600006, 24.85037445200004], [67.05405129300004, 24.849594530000047], [67.05473272000006, 24.847900149000054], [67.054639, 24.847718], [67.054737, 24.847741], [67.055888, 24.847322], [67.056743, 24.847795]]]}, "properties": {"objectid": 158, "province_territory": "Sindh", "districts": "Karachi South", "shape_leng": 0.552061, "shape_area": 0.005307, "district_agency": "Karachi South", "status": "District", "cartodb_id": 151, "created_at": "2015-07-06T09:49:19Z", "updated_at": "2026-08-09T00:00:00Z"}}, {"type": "Feature", "geometry": {"type": "Polygon", "coordinates": [[[66.96460251000008, 24.966238730000043], [66.96508183600008, 24.96625497900004], [66.96552054000006, 24.966173737000076], [66.96614610100005, 24.966092496000044], [66.96653606000007, 24.965978757000073], [66.96677166100005, 24.965832523000074], [66.96701538600007, 24.965743157000077], [66.96805527800007, 24.96575940500003], [66.96758999200006, 24.96917135500007], [66.96733301000006, 24.97085601300006], [66.96750433100004, 24.97165551200004], [66.96829587900004, 24.97588714500006], [66.96924371000006, 24.980876729000045], [66.97706509400007, 24.98006352500005], [66.97702854500005, 24.982311259000028], [66.97939493600006, 24.982358310000052], [66.97959831100007, 24.982366223000042], [66.98132650400004, 24.982433468000067], [66.98108208600007, 24.984388814000056], [66.98088131400004, 24.98631797200005], [66.98521973800007, 24.986990122000066], [66.98478327700008, 24.988412985000025], [66.99069296000005, 24.989146240000025], [66.99064058500005, 24.984371355000064], [66.99362353900005, 24.98415161300005], [66.99472530500003, 24.984080740000024], [66.99602680600003, 24.984016309000026], [66.99682574700006, 24.983977650000043], [66.99714145800004, 24.98393899200005], [66.99724454700004, 24.983913220000034], [66.99724454700004, 24.983823017000077], [66.99725099000005, 24.983726371000046], [66.99735407900005, 24.983629724000025], [66.99748294100004, 24.98352019200007], [66.99761824500007, 24.98341710300008], [66.99775999300005, 24.983281798000064], [66.99785663900008, 24.983165823000036], [66.99789529800006, 24.98303696200003], [66.99790174100008, 24.98290810000003], [66.99789529800006, 24.982753466000077], [66.99788885500004, 24.982540845000074], [66.99783731000008, 24.982347553000068], [66.99779220800008, 24.98217359000006], [66.99777932200004, 24.98199962700005], [66.99779865100004, 24.981748347000064], [66.99777287900008, 24.98161304200005], [66.99772133500005, 24.981497067000078], [66.99765046100003, 24.98143907900004], [66.99759247300005, 24.981374648000042], [66.99756670100004, 24.981239344000073], [66.99757958700008, 24.98098162100007], [66.99762468800003, 24.98082054400004], [66.99769556200005, 24.980723898000065], [66.99780509500005, 24.980627252000033], [66.99788241100003, 24.980517720000023], [66.99794684200003, 24.980408187000023], [66.99794684200003, 24.980272883000055], [66.99792751300004, 24.980066704000023], [66.99791462700006, 24.979924957000037], [66.99786952500006, 24.979821868000045], [66.99778576500006, 24.97973166400004], [66.99770200500006, 24.979538372000036], [66.99763757500006, 24.979428840000026], [66.99758603000004, 24.979254877000074], [66.99758603000004, 24.979126015000077], [66.99768267600007, 24.978964939000036], [66.99779220800008, 24.978855406000037], [66.99792751300004, 24.978707216000032], [66.99795328500005, 24.97854613900006], [66.99791462700006, 24.978404391000026], [66.99785663900008, 24.978269087000058], [66.99777932200004, 24.978133782000043], [66.99772777800007, 24.97803713600007], [66.99765690400005, 24.977940490000037], [66.99763757500006, 24.97781162800004], [66.99763113200004, 24.977560348000054], [66.99766334700007, 24.977373499000066], [66.99770844800008, 24.977205979000075], [66.99771489200003, 24.97707067500005], [66.99766334700007, 24.97694825600007], [66.99759891600007, 24.97678718000003], [66.99757958700008, 24.976587444000074], [66.99755381500006, 24.976458583000067], [66.99745072500008, 24.97627173400008], [66.99732830700003, 24.976181531000066], [66.99725099000005, 24.97609777100007], [66.99725743300007, 24.975981795000052], [66.99732186400007, 24.975833605000048], [66.99737340900003, 24.975685414000054], [66.99741206700003, 24.97526017100006], [66.99745072500008, 24.974996005000037], [66.99748938400006, 24.974873586000058], [66.99754737200004, 24.974764054000048], [66.99759247300005, 24.97462230700006], [66.99757314400006, 24.974487002000046], [66.99755381500006, 24.974274381000043], [66.99753448500007, 24.974106861000053], [66.99744428200006, 24.974035987000036], [66.99730897800004, 24.97395222700004], [66.99718655900006, 24.973887796000042], [66.99707702700005, 24.973829808000062], [66.99704481200007, 24.97377182100007], [66.99713501500008, 24.973700947000054], [66.99720588900004, 24.97366873200008], [66.99723810400008, 24.973572085000058], [66.99721233200006, 24.97349476900007], [66.99716723000006, 24.97338523600007], [66.99716723000006, 24.97332080600006], [66.99727676200007, 24.973295033000056], [66.99743783900004, 24.97326926100004], [66.99755381500006, 24.973198387000025], [66.99762468800003, 24.973082412000053], [66.99765046100003, 24.97292777800004], [66.99762468800003, 24.97277314400003], [66.99757314400006, 24.972644283000022], [66.99752159900004, 24.97254119400003], [66.99750871300006, 24.972412332000033], [66.99755381500006, 24.972277027000075], [66.99757314400006, 24.972180381000044], [66.99756670100004, 24.972051520000036], [66.99752804200006, 24.971954874000062], [66.99745072500008, 24.97185178500007], [66.99734119300007, 24.971832455000026], [66.99725743300007, 24.971774468000035], [66.99726387600003, 24.97164560600004], [66.99734763600003, 24.971536074000028], [66.99745072500008, 24.971432985000035], [66.99750227000004, 24.971271908000062], [66.99750227000004, 24.97110438800007], [66.99750227000004, 24.970988413000043], [66.99758603000004, 24.970917539000027], [66.99766334700007, 24.970743576000075], [66.99764401800007, 24.970582499000045], [66.99758603000004, 24.970518068000047], [66.99748294100004, 24.97044719400003], [66.99741851000005, 24.97032477600004], [66.99743139600008, 24.97017014200003], [66.99749582700008, 24.970021951000035], [66.99753448500007, 24.969905976000064], [66.99752087500008, 24.96976772800008], [66.99738690200007, 24.969641636000063], [66.99735537900006, 24.969468259000053], [66.99741054400005, 24.969373690000054], [66.99752087500008, 24.96927124000007], [66.99756027900008, 24.96918455100007], [66.99754451700005, 24.969113624000045], [66.99745782900004, 24.969034816000033], [66.99737114000004, 24.96901117400006], [66.99733173700008, 24.968948128000022], [66.99737902100003, 24.968853559000024], [66.99745782900004, 24.968782632000057], [66.99748935200006, 24.96865653900005], [66.99747359100007, 24.968538328000022], [66.99737114000004, 24.968435877000047], [66.99732385600004, 24.96839647400003], [66.99733961700008, 24.968317666000075], [66.99741842500003, 24.96824673900005], [66.99753663700005, 24.96816005000005], [66.99758392100006, 24.96801819600006], [66.99755239800004, 24.967915746000074], [66.99746571000003, 24.96781329600003], [66.99733173700008, 24.967655681000053], [66.99725292900007, 24.967505946000074], [66.99725292900007, 24.967356211000038], [66.99734749800007, 24.96734045000005], [66.99754451700005, 24.967277404000072], [66.99766272900007, 24.967222238000033], [66.99779670200007, 24.96708826500003], [66.99788339100007, 24.966946411000038], [66.99789127200006, 24.96678879600006], [66.99783610600008, 24.966631180000036], [66.99768637100004, 24.966505088000076], [66.99754451700005, 24.966449922000038], [66.99740266400005, 24.966402638000034], [66.99729233300008, 24.966410518000032], [66.99723716700004, 24.96635535300004], [66.99726869000006, 24.966276545000028], [66.99736326000004, 24.966142572000024], [66.99731597500005, 24.96609528700003], [66.99732385600004, 24.966024360000063], [66.99747359100007, 24.965921910000077], [66.99783610600008, 24.965724891000036], [66.99802524500006, 24.965646083000024], [66.99809617200003, 24.96555939500007], [66.99809617200003, 24.965456945000028], [66.99804100600005, 24.965291448000073], [66.99797007900008, 24.96512595200005], [66.99793067500008, 24.965031383000053], [66.99787551000003, 24.964834363000023], [66.99791491400003, 24.964771317000043], [66.99800160200004, 24.96474767500007], [66.99810405200003, 24.964755556000057], [66.99835623700005, 24.96472403300004], [66.99845080700004, 24.96465310600007], [66.99859266100003, 24.964495490000047], [66.99871875300005, 24.964361517000043], [66.99872663400004, 24.964235424000037], [66.99873451400003, 24.964117213000065], [66.99870299100007, 24.96396747800003], [66.99864782600008, 24.96380986300005], [66.99853749500005, 24.96358132000006], [66.99843504500006, 24.963352778000058], [66.99840352200005, 24.963203043000078], [66.99841140300003, 24.963076951000062], [66.99847444900007, 24.96299814300005], [66.99861630300006, 24.96299814300005], [66.99883696500007, 24.963013904000036], [66.99914431500008, 24.962974501000076], [66.99926252600005, 24.96294297700007], [66.99934133400006, 24.962832647000027], [66.99938073800007, 24.962714435000066], [66.99946742700007, 24.962572581000074], [66.99956199600007, 24.962454369000056], [66.99965656500007, 24.962383442000032], [66.99969596900007, 24.962288873000034], [66.99968808800003, 24.962170661000073], [66.99969596900007, 24.962052450000044], [66.99976689600004, 24.961981523000077], [66.99989298800006, 24.961957881000046], [66.99999543800004, 24.961902715000065], [67.00006636500007, 24.96183178800004], [67.00009000800003, 24.96162688800007], [67.00009000800003, 24.961555961000045], [67.00022398100003, 24.961461392000047], [67.000421, 24.96128013400005], [67.00053133100005, 24.961114638000026], [67.00059437700008, 24.961004307000053], [67.00068894700007, 24.96092549900004], [67.00075987400004, 24.96083881100003], [67.00088596600006, 24.960712718000025], [67.00101993900006, 24.960657553000033], [67.00110662800006, 24.960555103000047], [67.00123272000008, 24.960444772000073], [67.00124060100006, 24.960334441000043], [67.00119331600007, 24.960263514000076], [67.00118543500008, 24.960168945000078], [67.00142185900006, 24.960098018000053], [67.00157947400004, 24.960074375000033], [67.00162675900003, 24.959948283000074], [67.00173709000006, 24.95984583300003], [67.00184742100004, 24.959751264000033], [67.00202867800004, 24.959672456000078], [67.00217841300008, 24.959633052000072], [67.00228086300007, 24.959546363000072], [67.00228874400005, 24.959404509000024], [67.00228086300007, 24.95931782100007], [67.00214689000006, 24.959160205000046], [67.00209172500007, 24.959081398000023], [67.00213112800003, 24.958986828000036], [67.00220993600004, 24.958963186000062], [67.00240695600007, 24.95874252400006], [67.00265126000005, 24.958553386000062], [67.00286404000008, 24.958403651000026], [67.00312410600003, 24.95823815500006], [67.00333688700005, 24.958119943000042], [67.00341569500006, 24.957946566000032], [67.00342357600005, 24.957781070000067], [67.00339993300008, 24.957639216000075], [67.00337629100005, 24.957473720000053], [67.00337629100005, 24.957347627000047], [67.00343145600004, 24.957268820000024], [67.00352602600003, 24.95733186600006], [67.00373092600006, 24.957465839000065], [67.00389642200008, 24.957528885000045], [67.00410132200005, 24.95748160000005], [67.00421953400007, 24.957434316000047], [67.00435350700008, 24.95733186600006], [67.00444807600007, 24.957213654000043], [67.00448748000008, 24.956977231000053], [67.00450324200006, 24.956740808000063], [67.00449536100007, 24.956449219000035], [67.00446383800005, 24.956236438000076], [67.00438503000004, 24.956039419000035], [67.00423529500006, 24.95591332600003], [67.00407768000008, 24.955842399000062], [67.00395158700007, 24.955802995000056], [67.00390430300007, 24.95573206800003], [67.00392006400006, 24.955605976000072], [67.00406979900004, 24.95550352600003], [67.00423529500006, 24.955472003000068], [67.00439291100008, 24.95550352600003], [67.00462145300008, 24.955605976000072], [67.00491304200006, 24.955802995000056], [67.00513370400006, 24.956031538000047], [67.00532284200006, 24.956157630000064], [67.00552774200008, 24.956157630000064], [67.00568535800005, 24.95611034600006], [67.00585873500006, 24.955976372000066], [67.00592178100004, 24.955834518000074], [67.00604787400005, 24.955519287000072], [67.00615820400003, 24.955274983000038], [67.00629217800008, 24.95518041400004], [67.00666257400007, 24.955085845000042], [67.00717482400006, 24.95500703700003], [67.00755310200003, 24.954967633000024], [67.00775012100007, 24.954904587000044], [67.00791561700004, 24.954762733000052], [67.00798654400006, 24.954612998000073], [67.00799442500005, 24.95439233700006], [67.00788409400008, 24.95419531700003], [67.00776588200006, 24.953998298000045], [67.00767919400005, 24.953872206000028], [67.00770283600008, 24.95383280200008], [67.00784469000007, 24.953880086000026], [67.00808899400005, 24.95398253600007], [67.00832541700004, 24.954140152000036], [67.00849091400005, 24.954250483000067], [67.00869581400008, 24.954282006000028], [67.00890859500004, 24.954289887000073], [67.00913713700004, 24.954282006000028], [67.00931839500004, 24.954203198000073], [67.00947601100006, 24.954108629000075], [67.00957058000006, 24.953880086000026], [67.00971243400005, 24.953651544000024], [67.00984640700005, 24.95357273600007], [67.01010647300006, 24.953470286000027], [67.01035077700004, 24.953352074000065], [67.01053203400005, 24.953257505000067], [67.01071329200005, 24.953123532000063], [67.01107580800004, 24.952855586000055], [67.01140680000003, 24.95269797000003], [67.01156441600006, 24.95255611600004], [67.01158805800003, 24.95238273900003], [67.01155653500007, 24.952185720000045], [67.01152501200005, 24.952067508000027], [67.01179295800006, 24.951980820000074], [67.01197421600006, 24.951949296000066], [67.01224216300005, 24.951949296000066], [67.01256527400005, 24.951925654000036], [67.01293567100004, 24.951838966000025], [67.01317997500007, 24.951768039000058], [67.01376315200008, 24.951665589000072], [67.01463791800006, 24.95147645000003], [67.01533930700003, 24.951334596000038], [67.01572546500006, 24.951303073000076], [67.01600129200006, 24.951342477000026], [67.01616678800008, 24.951444927000068], [67.01639533100007, 24.951547377000054], [67.01667903900005, 24.951657708000027], [67.01694698500006, 24.951704992000032], [67.01728585800004, 24.951720754000064], [67.01753016200007, 24.951768039000058], [67.01766413600006, 24.951838966000025], [67.01790055900005, 24.952020223000034], [67.01813698200004, 24.95213843500005], [67.01852314000007, 24.95225664700007], [67.01916148300006, 24.95237485800004], [67.01973677900008, 24.95246942800003], [67.02033571800007, 24.952532474000066], [67.02065883000006, 24.952516712000033], [67.02110803400006, 24.95237485800004], [67.02132961000007, 24.952223125000046], [67.02171508200007, 24.951994697000032], [67.02204344800003, 24.951709161000053], [67.02272873300006, 24.951295135000066], [67.02338546400006, 24.950938216000054], [67.02415640900006, 24.95040997600006], [67.02466264000003, 24.950071894000075], [67.02451987200004, 24.949891055000023], [67.02404398000004, 24.949319984000056], [67.02328255200007, 24.94835868200005], [67.02261630300006, 24.947530629000028], [67.02227366100004, 24.94703570200005], [67.02194053600005, 24.946559809000064], [67.02162644700007, 24.94611247100005], [67.02129332300007, 24.945503329000076], [67.02102682300006, 24.94483708000007], [67.02080791300006, 24.944189866000045], [67.02055093100006, 24.94323808200005], [67.01989188600004, 24.94106970000007], [67.01971188300007, 24.940553692000037], [67.01942387900004, 24.939599678000036], [67.01923787700008, 24.938975669000058], [67.01909987500005, 24.93850166200008], [67.01897987300003, 24.938243659000022], [67.01885387100003, 24.937943654000037], [67.01871586900006, 24.937799652000024], [67.01838586400004, 24.93736764600004], [67.01781138800004, 24.936511112000062], [67.01732487800007, 24.935792930000048], [67.01669936400003, 24.934912577000034], [67.01632096700007, 24.934333398000035], [67.01604296100004, 24.933955001000072], [67.01589623600006, 24.933700162000036], [67.01585762400003, 24.93356888200003], [67.01582673400003, 24.93352254800004], [67.01574178800007, 24.93351482500003], [67.01560278500006, 24.933483936000073], [67.01545606000008, 24.933414434000042], [67.01516260900007, 24.933252264000032], [67.01486143600005, 24.933097816000043], [67.01462976400006, 24.932943368000053], [67.01445987200003, 24.93281208800005], [67.01413553100008, 24.93275803100005], [67.01390386000003, 24.932727141000044], [67.01372624500004, 24.93275803100005], [67.01341734900006, 24.93292020100006], [67.01313934300003, 24.933097816000043], [67.01280728000006, 24.933344933000058], [67.01238254900005, 24.933692440000073], [67.01174159100003, 24.934248452000077], [67.01142497300003, 24.93458823700007], [67.01105429800003, 24.93494346700004], [67.01080718200006, 24.935136527000054], [67.01033611600008, 24.935383643000023], [67.00855224400004, 24.936333497000078], [67.00687803000005, 24.937333160000037], [67.00288053600008, 24.939436604000036], [67.00128153800006, 24.940321763000043], [66.99908291600008, 24.936981], [66.99768379300008, 24.93770435600004], [66.99552324200005, 24.93437311100007], [66.99699850800005, 24.933535540000037], [66.99953977300004, 24.93219352400007], [67.00010132500006, 24.93187943600003], [67.00015843200003, 24.931755704000068], [67.00014891500007, 24.931327401000033], [67.00015843200003, 24.930946687000073], [67.00025361100006, 24.930318509000074], [67.00050107500005, 24.92929058200008], [67.00081516400007, 24.928091334000044], [67.00092937800008, 24.927444120000075], [66.99870220200006, 24.926977746000034], [66.99874979200007, 24.92685401400007], [66.99887352400003, 24.926378122000074], [66.99897822000008, 24.926054515000033], [66.99894014800003, 24.92585464000007], [66.99885448800006, 24.925635730000067], [66.99863557700007, 24.92508369500007], [66.99840714900006, 24.925150320000057], [66.99793125700006, 24.92532164100004], [66.99745536500006, 24.92532164100004], [66.99723645400007, 24.925264534000064], [66.99693188300006, 24.925007552000068], [66.99594202800006, 24.923322894000023], [66.99471080800004, 24.92394329900003], [66.99366726300008, 24.924436482000033], [66.99366726300008, 24.924103357000035], [66.99339818100003, 24.92263067300007], [66.99335587200005, 24.922588363000045], [66.99313426400005, 24.92145739600005], [66.99285824600008, 24.92024863000006], [66.99279162100004, 24.920001166000077], [66.99279162100004, 24.919772738000063], [66.99289631700003, 24.919458649000035], [66.99289631700003, 24.91921118500005], [66.99284872800007, 24.91899227500005], [66.99278210300008, 24.918659150000053], [66.99276306800004, 24.918373615000064], [66.99280113900005, 24.918059526000036], [66.99284499200007, 24.91772757500007], [66.99283476500005, 24.917477017000067], [66.99273249600003, 24.91738497500006], [66.99236432800006, 24.91719066400003], [66.99182741600004, 24.91699635300006], [66.99159219800003, 24.916919651000057], [66.99142856800006, 24.916899197000077], [66.99127516400006, 24.916940105000037], [66.99116266800007, 24.916945218000023], [66.99097858400006, 24.916658865000045], [66.99084563500003, 24.916392966000046], [66.99074336600006, 24.916198655000073], [66.99066666400006, 24.916147521000028], [66.99044650000008, 24.91612581100003], [66.99030015600005, 24.91609096800005], [66.98994126600007, 24.916101421000064], [66.98973220300007, 24.91612232700004], [66.98959282800007, 24.91615368600003], [66.98947087500005, 24.916233827000042], [66.98919212500005, 24.916484702000048], [66.98905097100004, 24.916675242000053], [66.98862266800006, 24.917170170000077], [66.98831809700005, 24.917627027000037], [66.98779461600003, 24.918464597000025], [66.98754334500006, 24.91894477200003], [66.98729083700005, 24.91942478800007], [66.98722604000005, 24.919497686000057], [66.98716934200007, 24.919635380000045], [66.98715584300004, 24.920034964000024], [66.98714234300007, 24.92061274100007], [66.98715584300004, 24.920877331000042], [66.98716934200007, 24.921201318000044], [66.98721254000003, 24.921436208000046], [66.98725843900007, 24.92180879400007], [66.98734483500004, 24.92211658100007], [66.98736373400004, 24.92235957200006], [66.98734483500004, 24.922567463000064], [66.98730433700007, 24.922626861000026], [66.98718824100007, 24.922705158000042], [66.98707484600004, 24.92275105600004], [66.98689395300005, 24.922721357000057], [66.98659696500005, 24.922626861000026], [66.98641337200007, 24.92258636300005], [66.98628107800005, 24.922626861000026], [66.98598948900008, 24.92278885500008], [66.98536041400007, 24.92312904100004], [66.98488523300006, 24.923361232000047], [66.98419946000007, 24.923698718000026], [66.98354608600005, 24.924017306000053], [66.98324909800004, 24.92417389900004], [66.98306820600004, 24.924254896000036], [66.98293051100006, 24.924289995000038], [66.98286571400007, 24.92427109500005], [66.98266322200004, 24.924117202000048], [66.98224479200007, 24.92383867700005], [66.98143660000005, 24.923465666000027], [66.98065949300008, 24.92312373900006], [66.97920487500005, 24.922424969000076], [66.97849781400004, 24.92209255000006], [66.97831970700008, 24.922467190000077], [66.97784065800005, 24.92352969500007], [66.97768097500006, 24.92399031900004], [66.97749058400007, 24.92443865900003], [66.97699311100007, 24.92561785500004], [66.97648949600006, 24.926698785000042], [66.97594903100003, 24.928105222000056], [66.97542084900005, 24.929382685000064], [66.97497250900005, 24.930408340000042], [66.97483125100007, 24.93078298000006], [66.97481282600006, 24.93089353000005], [66.97504006700007, 24.930942663000053], [66.97542699100006, 24.931022505000044], [66.97627453800004, 24.931176046000076], [66.97704838600004, 24.931366437000065], [66.97732476000004, 24.931470845000035], [66.97734932600008, 24.931612103000077], [66.97726948500008, 24.931894619000047], [66.97718350200006, 24.93215256800005], [66.97710980200003, 24.93258862500005], [66.97682728600006, 24.933251923000057], [66.97656933700006, 24.934105612000053], [66.97635437900004, 24.934738201000073], [66.97617627200003, 24.935198825000043], [66.97594903100003, 24.935665590000042], [66.97581391400007, 24.936083222000036], [66.97577092300003, 24.936439438000036], [66.97571564800006, 24.936746520000042], [66.97571564800006, 24.937010611000062], [66.97572793100005, 24.937225569000077], [66.97582619800005, 24.937428243000056], [66.97601044700008, 24.937686192000058], [66.97612713800004, 24.937827450000043], [66.97664303700003, 24.93830035700006], [66.97699311100007, 24.938625864000073], [66.97734318500005, 24.93901278800007], [66.97758885100006, 24.939319870000077], [66.97796349100008, 24.93966380300003], [66.97831356500006, 24.93993403500008], [66.97892158800005, 24.940370092000023], [66.97958065100005, 24.940811395000026], [66.97987906100008, 24.941033780000055], [66.98009429100006, 24.941148471000076], [66.98070423700005, 24.941445419000047], [66.98116169800005, 24.941678162000073], [66.98150679900004, 24.941878802000076], [66.98164323400005, 24.942175750000047], [66.98172349100008, 24.94243257000005], [66.98173151600008, 24.94296226000006], [66.98169138800006, 24.943483925000066], [66.98165928600008, 24.943732719000025], [66.98149877300006, 24.944158077000054], [66.98139444000003, 24.944374769000035], [66.98096105700006, 24.94484828000003], [66.98039123800004, 24.945466252000074], [66.97977326600005, 24.946036071000037], [66.97951644600005, 24.94622868600004], [66.97908306300008, 24.946276840000053], [66.97889044800007, 24.946276840000053], [66.97870585900006, 24.94616448100004], [66.97827247600003, 24.945899636000036], [66.97771870800005, 24.945626765000043], [66.97744583700006, 24.945530457000075], [66.97690812100006, 24.94556256000004], [66.97656302000007, 24.945731098000067], [66.97613766200004, 24.94594778900006], [66.97597715000006, 24.94610027600004], [66.97592097000006, 24.946349070000053], [66.97586479100005, 24.94667009500006], [66.97580058600005, 24.94723991400008], [66.97576045800008, 24.94754488700005], [66.97564809900007, 24.947649220000073], [66.97531102400006, 24.94783380900003], [66.97482948700008, 24.948106680000024], [66.97458871800006, 24.948283244000038], [66.97431584700007, 24.948540063000053], [66.97414730900005, 24.948724653000056], [66.97406705300006, 24.948877139000047], [66.97393864300005, 24.949166061000028], [66.97380220800005, 24.949567342000023], [66.97377875100005, 24.949855971000034], [66.97374921200003, 24.950600594000036], [66.97377300700003, 24.95123115100006], [66.97383249300003, 24.95173083800006], [66.97393956900004, 24.952040167000064], [66.97420131000007, 24.95243277900005], [66.97454633200005, 24.95264693000007], [66.97498653200006, 24.95284918400006], [66.97537914300005, 24.953003849000027], [66.97578365100003, 24.95321800100004], [66.97604539200006, 24.953408358000047], [66.97606918700006, 24.95362250900007], [66.97600970000008, 24.953789071000074], [66.97585503500005, 24.953919942000027], [66.97562898700005, 24.95403891500007], [66.97495084000008, 24.954169785000033], [66.97404664500004, 24.954288758000075], [66.97342798500006, 24.954395834000024], [66.97305916900007, 24.954479115000026], [66.97266655800007, 24.954431526000064], [66.97235722800008, 24.954383937000046], [66.97211928200005, 24.954217374000052], [66.97195271900006, 24.954062709000027], [66.97158390300007, 24.953931839000063], [66.97106042100006, 24.95390804400006], [66.97021571300007, 24.954027017000044], [66.96924013400007, 24.954217374000052], [66.96878803600003, 24.95427686100004], [66.96837163000004, 24.95441962800004], [66.96807419800007, 24.95455049900005], [66.96774107300007, 24.95490741800006], [66.96718190000007, 24.955419002000042], [66.96696774800006, 24.95570453700003], [66.96675359700004, 24.955680743000073], [66.96659893200007, 24.95556177000003], [66.96634908900006, 24.955311926000036], [66.96608734800003, 24.955121569000028], [66.96586129900004, 24.955002596000043], [66.96558766100003, 24.954978802000028], [66.96538540700004, 24.95510967200005], [66.96511176900003, 24.95546659100006], [66.96494520700003, 24.955728332000035], [66.96483813100008, 24.956001970000045], [66.96468346600005, 24.955954381000026], [66.96231590200006, 24.95464567700003], [66.96168534500003, 24.955573667000067], [66.96088822600007, 24.95681098700004], [66.96059079300005, 24.957263084000033], [66.95992454400005, 24.95786984700004], [66.95892517000004, 24.958797837000077], [66.95787820700008, 24.959821005000038], [66.95749749400005, 24.960154129000045], [66.95734282900008, 24.960665714000072], [66.95695021800003, 24.962402720000057], [66.95666468200005, 24.963532964000024], [66.95655738800008, 24.963790604000053], [66.95644241600007, 24.964064767000025], [66.95632744400007, 24.964347774000032], [66.95630091200007, 24.96461309400007], [66.95627438000008, 24.964887257000044], [66.95625669200007, 24.965055292000045], [66.95609750100004, 24.96531176700006], [66.95574374200004, 24.965815874000043], [66.95540767100005, 24.96639957600007], [66.95497431700005, 24.967062874000078], [66.95462055800004, 24.967602356000043], [66.95442599000006, 24.967991491000078], [66.95431101900004, 24.96819490200005], [66.95620362900007, 24.969096988000047], [66.95703496200008, 24.969477278000056], [66.95728259300006, 24.969556874000034], [66.95745947300003, 24.969211959000063], [66.95754791200005, 24.968928952000056], [66.95771594800004, 24.968292186000042], [66.95777785600006, 24.968141839000054], [66.95932555100006, 24.968628257000034], [66.95952896200004, 24.96727512900003], [66.96081133800004, 24.967452009000056], [66.96104128100006, 24.965577087000042], [66.96320645100008, 24.965858775000072], [66.96396070200007, 24.966059999000038], [66.96460251000008, 24.966238730000043]]]}, "properties": {"objectid": 159, "province_territory": "Sindh", "districts": "Karachi West", "shape_leng": 0.308025, "shape_area": 0.002129, "district_agency": "Karachi West", "status": "District", "cartodb_id": 152, "created_at": "2015-07-06T09:49:19Z", "updated_at": "2026-08-09T00:00:00Z"}}, {"type": "Feature", "geometry": {"type": "Polygon", "coordinates": [[[66.69232135498595, 24.879631859979256], [66.69320944777317, 24.88072276676484], [66.69378639745399, 24.881431474605733], [66.69442207410039, 24.882212320905758], [66.6981219354228, 24.886757120593835], [66.70097089552931, 24.890256698517188], [66.702951, 24.892689], [66.78104813515338, 24.960914543640172], [66.789825, 24.968582], [66.82878430329131, 24.982520529937233], [66.86276267456364, 24.994677024155223], [66.90337258068662, 25.009206092809528], [66.91422392000004, 25.010621550000053], [66.91504, 25.010728], [66.91575980700003, 25.01127641200003], [66.91809925400008, 25.01305880800004], [66.92550221600004, 25.01869903200003], [66.92557875700004, 25.018757347000076], [66.92876608500006, 25.021183094000037], [66.93168500900003, 25.023404624000023], [66.93230730900007, 25.022575026000027], [66.93314542300004, 25.021700472000077], [66.93372845900006, 25.021481834000042], [66.93456657300004, 25.020898798000076], [66.93522248800008, 25.020206442000074], [66.93580552400005, 25.019113250000032], [66.93620636100007, 25.01831157600003], [66.93573264500003, 25.016380269000024], [66.93493097000004, 25.01295493300006], [66.93391065700007, 25.008072007000067], [66.93310898300007, 25.00493818900003], [66.93245306800003, 25.00133065400007], [66.93212511000007, 24.99987306400004], [66.93205223000007, 24.999144269000055], [66.93248950700007, 24.997686680000072], [66.93318186200008, 24.99396982600007], [66.93365557900006, 24.992111399000066], [66.93354626000007, 24.989086900000075], [66.93365557900006, 24.985187847000077], [66.93369201900003, 24.976515187000075], [66.93332762100005, 24.976005031000057], [66.93263526600003, 24.975421995000033], [66.93223442900006, 24.974401682000064], [66.93194291100008, 24.973527128000057], [66.93161495300006, 24.972834773000045], [66.93074040000005, 24.97225173700008], [66.93034626900004, 24.972049725000034], [66.93168180600003, 24.968584022000073], [66.93731511400006, 24.971824708000042], [66.93864068300007, 24.97263453200003], [66.93922870500006, 24.972963425000046], [66.94002602200004, 24.97328235200007], [66.94161068900007, 24.974109568000074], [66.94546771100005, 24.974548093000067], [66.94683311600005, 24.976062995000063], [66.94990278700004, 24.976292224000076], [66.95107883000003, 24.974418529000047], [66.95397907100005, 24.975823800000057], [66.95768659600003, 24.97795662300007], [66.95870317500004, 24.97727890400006], [66.95934102900003, 24.97698987600006], [66.96002871500008, 24.976740715000062], [66.96078616600005, 24.976571285000034], [66.96093566300004, 24.976501520000056], [66.96157351600004, 24.97553477300005], [66.96212167200008, 24.97460789200005], [66.96235090100004, 24.974119535000057], [66.96271966000006, 24.97370094300004], [66.96311831800006, 24.973182687000076], [66.96332761400004, 24.972933526000077], [66.96333758000003, 24.972803962000057], [66.96335751300006, 24.972594666000077], [66.96319805000007, 24.97226577300006], [66.96240406600003, 24.971051069000055], [66.96246053200008, 24.970750870000074], [66.96261999500007, 24.970372144000066], [66.96265986100008, 24.96979409000005], [66.96281932400007, 24.968707745000074], [66.96320645100008, 24.965858775000072], [66.96104128100006, 24.965577087000042], [66.96081133800004, 24.967452009000056], [66.95952896200004, 24.96727512900003], [66.95932555100006, 24.968628257000034], [66.95777785600006, 24.968141839000054], [66.95771594800004, 24.968292186000042], [66.95754791200005, 24.968928952000056], [66.95745947300003, 24.969211959000063], [66.95728259300006, 24.969556874000034], [66.95703496200008, 24.969477278000056], [66.95620362900007, 24.969096988000047], [66.95431101900004, 24.96819490200005], [66.95442599000006, 24.967991491000078], [66.95462055800004, 24.967602356000043], [66.95497431700005, 24.967062874000078], [66.95540767100005, 24.96639957600007], [66.95574374200004, 24.965815874000043], [66.95609750100004, 24.96531176700006], [66.95625669200007, 24.965055292000045], [66.95627438000008, 24.964887257000044], [66.95630091200007, 24.96461309400007], [66.95632744400007, 24.964347774000032], [66.95644241600007, 24.964064767000025], [66.95655738800008, 24.963790604000053], [66.95666468200005, 24.963532964000024], [66.95695021800003, 24.962402720000057], [66.95734282900008, 24.960665714000072], [66.95749749400005, 24.960154129000045], [66.95787820700008, 24.959821005000038], [66.95892517000004, 24.958797837000077], [66.95992454400005, 24.95786984700004], [66.96059079300005, 24.957263084000033], [66.96088822600007, 24.95681098700004], [66.96168534500003, 24.955573667000067], [66.96231590200006, 24.95464567700003], [66.96468346600005, 24.955954381000026], [66.96483813100008, 24.956001970000045], [66.96494520700003, 24.955728332000035], [66.96511176900003, 24.95546659100006], [66.96538540700004, 24.95510967200005], [66.96558766100003, 24.954978802000028], [66.96586129900004, 24.955002596000043], [66.96608734800003, 24.955121569000028], [66.96634908900006, 24.955311926000036], [66.96659893200007, 24.95556177000003], [66.96675359700004, 24.955680743000073], [66.96696774800006, 24.95570453700003], [66.96718190000007, 24.955419002000042], [66.96774107300007, 24.95490741800006], [66.96807419800007, 24.95455049900005], [66.96837163000004, 24.95441962800004], [66.96878803600003, 24.95427686100004], [66.96924013400007, 24.954217374000052], [66.97021571300007, 24.954027017000044], [66.97106042100006, 24.95390804400006], [66.97158390300007, 24.953931839000063], [66.97195271900006, 24.954062709000027], [66.97211928200005, 24.954217374000052], [66.97235722800008, 24.954383937000046], [66.97266655800007, 24.954431526000064], [66.97305916900007, 24.954479115000026], [66.97342798500006, 24.954395834000024], [66.97404664500004, 24.954288758000075], [66.97495084000008, 24.954169785000033], [66.97562898700005, 24.95403891500007], [66.97585503500005, 24.953919942000027], [66.97600970000008, 24.953789071000074], [66.97606918700006, 24.95362250900007], [66.97604539200006, 24.953408358000047], [66.97578365100003, 24.95321800100004], [66.97537914300005, 24.953003849000027], [66.97498653200006, 24.95284918400006], [66.97454633200005, 24.95264693000007], [66.97420131000007, 24.95243277900005], [66.97393956900004, 24.952040167000064], [66.97383249300003, 24.95173083800006], [66.97377300700003, 24.95123115100006], [66.97374921200003, 24.950600594000036], [66.97377875100005, 24.949855971000034], [66.97380220800005, 24.949567342000023], [66.97393864300005, 24.949166061000028], [66.97406705300006, 24.948877139000047], [66.97414730900005, 24.948724653000056], [66.97431584700007, 24.948540063000053], [66.97458871800006, 24.948283244000038], [66.97482948700008, 24.948106680000024], [66.97531102400006, 24.94783380900003], [66.97564809900007, 24.947649220000073], [66.97576045800008, 24.94754488700005], [66.97580058600005, 24.94723991400008], [66.97586479100005, 24.94667009500006], [66.97592097000006, 24.946349070000053], [66.97597715000006, 24.94610027600004], [66.97613766200004, 24.94594778900006], [66.97656302000007, 24.945731098000067], [66.97690812100006, 24.94556256000004], [66.97744583700006, 24.945530457000075], [66.97771870800005, 24.945626765000043], [66.97827247600003, 24.945899636000036], [66.97870585900006, 24.94616448100004], [66.97889044800007, 24.946276840000053], [66.97908306300008, 24.946276840000053], [66.97951644600005, 24.94622868600004], [66.97977326600005, 24.946036071000037], [66.98039123800004, 24.945466252000074], [66.98096105700006, 24.94484828000003], [66.98139444000003, 24.944374769000035], [66.98149877300006, 24.944158077000054], [66.98165928600008, 24.943732719000025], [66.98169138800006, 24.943483925000066], [66.98173151600008, 24.94296226000006], [66.98172349100008, 24.94243257000005], [66.98164323400005, 24.942175750000047], [66.98150679900004, 24.941878802000076], [66.98116169800005, 24.941678162000073], [66.98070423700005, 24.941445419000047], [66.98009429100006, 24.941148471000076], [66.97987906100008, 24.941033780000055], [66.97958065100005, 24.940811395000026], [66.97892158800005, 24.940370092000023], [66.97831356500006, 24.93993403500008], [66.97796349100008, 24.93966380300003], [66.97758885100006, 24.939319870000077], [66.97734318500005, 24.93901278800007], [66.97699311100007, 24.938625864000073], [66.97664303700003, 24.93830035700006], [66.97612713800004, 24.937827450000043], [66.97601044700008, 24.937686192000058], [66.97582619800005, 24.937428243000056], [66.97572793100005, 24.937225569000077], [66.97571564800006, 24.937010611000062], [66.97571564800006, 24.936746520000042], [66.97577092300003, 24.936439438000036], [66.97581391400007, 24.936083222000036], [66.97594903100003, 24.935665590000042], [66.97617627200003, 24.935198825000043], [66.97635437900004, 24.934738201000073], [66.97656933700006, 24.934105612000053], [66.97682728600006, 24.933251923000057], [66.97710980200003, 24.93258862500005], [66.97718350200006, 24.93215256800005], [66.97726948500008, 24.931894619000047], [66.97734932600008, 24.931612103000077], [66.97732476000004, 24.931470845000035], [66.97704838600004, 24.931366437000065], [66.97627453800004, 24.931176046000076], [66.97542699100006, 24.931022505000044], [66.97504006700007, 24.930942663000053], [66.97481282600006, 24.93089353000005], [66.97483125100007, 24.93078298000006], [66.97497250900005, 24.930408340000042], [66.97542084900005, 24.929382685000064], [66.97594903100003, 24.928105222000056], [66.97648949600006, 24.926698785000042], [66.97699311100007, 24.92561785500004], [66.97749058400007, 24.92443865900003], [66.97768097500006, 24.92399031900004], [66.97784065800005, 24.92352969500007], [66.97831970700008, 24.922467190000077], [66.97849781400004, 24.92209255000006], [66.97920487500005, 24.922424969000076], [66.98065949300008, 24.92312373900006], [66.98143660000005, 24.923465666000027], [66.98224479200007, 24.92383867700005], [66.98266322200004, 24.924117202000048], [66.98286571400007, 24.92427109500005], [66.98293051100006, 24.924289995000038], [66.98306820600004, 24.924254896000036], [66.98324909800004, 24.92417389900004], [66.98354608600005, 24.924017306000053], [66.98419946000007, 24.923698718000026], [66.98488523300006, 24.923361232000047], [66.98536041400007, 24.92312904100004], [66.98598948900008, 24.92278885500008], [66.98628107800005, 24.922626861000026], [66.98641337200007, 24.92258636300005], [66.98659696500005, 24.922626861000026], [66.98689395300005, 24.922721357000057], [66.98707484600004, 24.92275105600004], [66.98718824100007, 24.922705158000042], [66.98730433700007, 24.922626861000026], [66.98734483500004, 24.922567463000064], [66.98736373400004, 24.92235957200006], [66.98734483500004, 24.92211658100007], [66.98725843900007, 24.92180879400007], [66.98721254000003, 24.921436208000046], [66.98716934200007, 24.921201318000044], [66.98715584300004, 24.920877331000042], [66.98714234300007, 24.92061274100007], [66.98715584300004, 24.920034964000024], [66.98716934200007, 24.919635380000045], [66.98722604000005, 24.919497686000057], [66.98729083700005, 24.91942478800007], [66.98754334500006, 24.91894477200003], [66.98779461600003, 24.918464597000025], [66.98831809700005, 24.917627027000037], [66.98862266800006, 24.917170170000077], [66.98905097100004, 24.916675242000053], [66.98919212500005, 24.916484702000048], [66.98947087500005, 24.916233827000042], [66.98959282800007, 24.91615368600003], [66.98973220300007, 24.91612232700004], [66.98994126600007, 24.916101421000064], [66.99030015600005, 24.91609096800005], [66.99044650000008, 24.91612581100003], [66.99066666400006, 24.916147521000028], [66.99074336600006, 24.916198655000073], [66.99084563500003, 24.916392966000046], [66.99097858400006, 24.916658865000045], [66.99116266800007, 24.916945218000023], [66.99127516400006, 24.916940105000037], [66.99142856800006, 24.916899197000077], [66.99159219800003, 24.916919651000057], [66.99182741600004, 24.91699635300006], [66.99236432800006, 24.91719066400003], [66.99273249600003, 24.91738497500006], [66.99283476500005, 24.917477017000067], [66.99284499200007, 24.91772757500007], [66.99280113900005, 24.918059526000036], [66.99276306800004, 24.918373615000064], [66.99278210300008, 24.918659150000053], [66.99284872800007, 24.91899227500005], [66.99289631700003, 24.91921118500005], [66.99289631700003, 24.919458649000035], [66.99279162100004, 24.919772738000063], [66.99279162100004, 24.920001166000077], [66.99285824600008, 24.92024863000006], [66.99313426400005, 24.92145739600005], [66.99335587200005, 24.922588363000045], [66.99339818100003, 24.92263067300007], [66.99366726300008, 24.924103357000035], [66.99366726300008, 24.924436482000033], [66.99471080800004, 24.92394329900003], [66.99594202800006, 24.923322894000023], [66.99693188300006, 24.925007552000068], [66.99723645400007, 24.925264534000064], [66.99745536500006, 24.92532164100004], [66.99793125700006, 24.92532164100004], [66.99840714900006, 24.925150320000057], [66.99863557700007, 24.92508369500007], [66.99885448800006, 24.925635730000067], [66.99894014800003, 24.92585464000007], [66.99897822000008, 24.926054515000033], [66.99887352400003, 24.926378122000074], [66.99874979200007, 24.92685401400007], [66.99870220200006, 24.926977746000034], [67.00092937800008, 24.927444120000075], [67.00081516400007, 24.928091334000044], [67.00050107500005, 24.92929058200008], [67.00025361100006, 24.930318509000074], [67.00015843200003, 24.930946687000073], [67.00014891500007, 24.931327401000033], [67.00015843200003, 24.931755704000068], [67.00010132500006, 24.93187943600003], [66.99953977300004, 24.93219352400007], [66.99699850800005, 24.933535540000037], [66.99552324200005, 24.93437311100007], [66.99768379300008, 24.93770435600004], [66.99908291600008, 24.936981], [67.00128153800006, 24.940321763000043], [67.00288053600008, 24.939436604000036], [67.00687803000005, 24.937333160000037], [67.00855224400004, 24.936333497000078], [67.01033611600008, 24.935383643000023], [67.01080718200006, 24.935136527000054], [67.01105429800003, 24.93494346700004], [67.01142497300003, 24.93458823700007], [67.01174159100003, 24.934248452000077], [67.01238254900005, 24.933692440000073], [67.01280728000006, 24.933344933000058], [67.01313934300003, 24.933097816000043], [67.01341734900006, 24.93292020100006], [67.01372624500004, 24.93275803100005], [67.01390386000003, 24.932727141000044], [67.01413553100008, 24.93275803100005], [67.01445987200003, 24.93281208800005], [67.01462976400006, 24.932943368000053], [67.01486143600005, 24.933097816000043], [67.01516260900007, 24.933252264000032], [67.01545606000008, 24.933414434000042], [67.01560278500006, 24.933483936000073], [67.01574178800007, 24.93351482500003], [67.01582673400003, 24.93352254800004], [67.01585762400003, 24.93356888200003], [67.01589623600006, 24.933700162000036], [67.01604296100004, 24.933955001000072], [67.01632096700007, 24.934333398000035], [67.01669936400003, 24.934912577000034], [67.01732487800007, 24.935792930000048], [67.01781138800004, 24.936511112000062], [67.01838586400004, 24.93736764600004], [67.01871586900006, 24.937799652000024], [67.01885387100003, 24.937943654000037], [67.01897987300003, 24.938243659000022], [67.01909987500005, 24.93850166200008], [67.01923787700008, 24.938975669000058], [67.01942387900004, 24.939599678000036], [67.01971188300007, 24.940553692000037], [67.01989188600004, 24.94106970000007], [67.02055093100006, 24.94323808200005], [67.02080791300006, 24.944189866000045], [67.02102682300006, 24.94483708000007], [67.02129332300007, 24.945503329000076], [67.02162644700007, 24.94611247100005], [67.02194053600005, 24.946559809000064], [67.02227366100004, 24.94703570200005], [67.02261630300006, 24.947530629000028], [67.02328255200007, 24.94835868200005], [67.02404398000004, 24.949319984000056], [67.02451987200004, 24.949891055000023], [67.02466264000003, 24.950071894000075], [67.02484903500005, 24.950615114000072], [67.02536204100005, 24.95129078100007], [67.02605893600008, 24.95252335200007], [67.02686795300008, 24.953665494000063], [67.02735574300004, 24.954343640000047], [67.02804578600006, 24.955283527000063], [67.02849788400005, 24.955735625000045], [67.02890239200008, 24.95617582500006], [67.03242399500004, 24.95935240500006], [67.03372080100007, 24.96069680100004], [67.03435135800004, 24.961315461000027], [67.03499381200004, 24.962195861000055], [67.03573144500007, 24.963338003000047], [67.03676651100005, 24.965003625000065], [67.03814659800008, 24.967276011000024], [67.03896751200006, 24.968549022000047], [67.03931253400003, 24.969084401000032], [67.03944340400005, 24.969358039000042], [67.03944340400005, 24.969584088000033], [67.03946719900006, 24.969857726000043], [67.03952668600004, 24.969952904000024], [67.03964565900003, 24.97004808300005], [67.03985981000005, 24.97005998000003], [67.04006206400004, 24.96991721200004], [67.04035949700005, 24.969465115000048], [67.04131128100005, 24.967585340000028], [67.04148882300007, 24.967149961000075], [67.04204996400006, 24.966011662000028], [67.04270214400003, 24.96504033100007], [67.04307680000005, 24.96454078900007], [67.04328494300006, 24.96424938900003], [67.04346533300003, 24.964055123000037], [67.04368735200006, 24.963971866000065], [67.04369302300006, 24.96378481000005], [67.04376897200007, 24.96360759600003], [67.04393352800008, 24.963455698000075], [67.04412478600005, 24.96332266400003], [67.04400947700003, 24.962759498000025], [67.04400947700003, 24.96256962600006], [67.04412340100004, 24.962481018000062], [67.04424998200005, 24.962341778000052], [67.04435124800005, 24.962012666000078], [67.04430061500005, 24.961759503000053], [67.04416137500004, 24.961594946000048], [67.04394618600003, 24.961481023000033], [67.04379428800007, 24.961316466000028], [67.04362973200006, 24.961000012000056], [67.04339657200006, 24.960348801000066], [67.04317052300007, 24.959849115000054], [67.04287309100005, 24.959289941000065], [67.04255186300003, 24.958659384000043], [67.04226632800004, 24.95821918400003], [67.04208786800007, 24.958016930000042], [67.04195699800005, 24.957862265000074], [67.04182612800008, 24.95764811300006], [67.04162387400004, 24.95733878300007], [67.04133833800006, 24.956803405000073], [67.04098141900005, 24.956303718000072], [67.04050552700005, 24.955613674000062], [67.04023188900004, 24.95524485800007], [67.04001773700003, 24.954828452000072], [67.03974409900007, 24.954316868000035], [67.03945856400003, 24.95391235900007], [67.03891128800007, 24.953150932000028], [67.03831642300008, 24.952341915000034], [67.03788812000005, 24.951723255000047], [67.03717428100003, 24.95083095700005], [67.03650803200003, 24.949926762000075], [67.03568711800006, 24.948915491000037], [67.03529450700006, 24.94843959900004], [67.03496138300005, 24.94807078300005], [67.03449738800003, 24.947618685000066], [67.03422375000008, 24.947333150000077], [67.03402149600004, 24.947059512000067], [67.03364078200008, 24.94659551700005], [67.03277227900003, 24.945548554000027], [67.03218931100008, 24.944870408000043], [67.03160634300008, 24.944335029000058], [67.03105906700006, 24.943787753000038], [67.03042851000004, 24.943145298000047], [67.02980985000005, 24.94257422800007], [67.02929826600007, 24.94202695200005], [67.02883427100005, 24.941574854000066], [67.02820371400003, 24.941003783000042], [67.02756125900004, 24.940432713000064], [67.02684742100007, 24.93976646400006], [67.02577666300004, 24.938814679000075], [67.02441013200007, 24.93747546000003], [67.02426804000004, 24.937301540000078], [67.02404825500008, 24.937165483000058], [67.02372381100008, 24.937081755000065], [67.02344123100005, 24.93691430000007], [67.02311678700005, 24.936694516000045], [67.02280280900004, 24.936443333000057], [67.02269815000005, 24.93633867400007], [67.02260395600007, 24.936171219000073], [67.02235277400007, 24.935920037000074], [67.02216438700003, 24.935752582000077], [67.02201786400008, 24.93562699100005], [67.02183994300003, 24.93543860400007], [67.02154689700006, 24.935250217000032], [67.02121198700007, 24.935082762000036], [67.02081428200006, 24.93486297800007], [67.02046890600008, 24.934674591000032], [67.02012353000003, 24.934465272000068], [67.01969442700005, 24.934172226000044], [67.01931765300003, 24.933962907000023], [67.01888855000004, 24.933669861000055], [67.01854317400006, 24.933429145000048], [67.01826059400008, 24.93318842800005], [67.01799894600003, 24.932895382000027], [67.01774776300005, 24.932591870000067], [67.01753844500007, 24.932445347000055], [67.01724539900005, 24.932445347000055], [67.01697328400007, 24.932508143000064], [67.01672210200007, 24.932529075000048], [67.01643952200004, 24.932550006000042], [67.01620927100004, 24.932550006000042], [67.01605228200003, 24.932518609000056], [67.01583249800007, 24.93242441500007], [67.01553945200004, 24.93228835800005], [67.01540339500008, 24.93222556300003], [67.01542432600007, 24.932047642000043], [67.01550805400007, 24.93177552700007], [67.01561271300005, 24.931482481000046], [67.01562525300005, 24.931474957000034], [67.015658, 24.931394], [67.01567650100003, 24.931355677000056], [67.0157, 24.931307], [67.01574523100004, 24.93123038400006], [67.01585475300004, 24.93131995300007], [67.01596574900003, 24.931413801000076], [67.01603466300003, 24.931452054000033], [67.01609211100003, 24.93145903900006], [67.01616107800004, 24.931431298000064], [67.01623005300007, 24.931393137000043], [67.01625213800008, 24.93138228500004], [67.01632447400004, 24.93134673900005], [67.01636416400004, 24.931327236000072], [67.01642923700007, 24.93128424200006], [67.01650595300003, 24.93123355700004], [67.01666689100006, 24.93113642000003], [67.01678387200008, 24.93107931000003], [67.01686513700008, 24.931060942000045], [67.01693710600006, 24.931044675000066], [67.01706732700006, 24.931062116000078], [67.01727102300003, 24.931093591000035], [67.01729266100006, 24.93109693400004], [67.01755314500008, 24.93107626400007], [67.01782134100006, 24.93100349100007], [67.01798613400007, 24.930913281000073], [67.01803007100006, 24.930870653000056], [67.01803980200003, 24.930861212000025], [67.01809349900003, 24.93077787900006], [67.01812667800004, 24.93069397000005], [67.01816491800008, 24.930597264000028], [67.01822395500005, 24.930495575000066], [67.01824593500004, 24.930457715000045], [67.01826803800003, 24.93041964400004], [67.01827978100005, 24.930399418000036], [67.01829337600003, 24.93037600100007], [67.01837821400005, 24.930245641000056], [67.01849102300008, 24.930072302000042], [67.01852152800006, 24.930025429000068], [67.01869579000004, 24.929843814000037], [67.01882944900007, 24.929704515000026], [67.01890376700004, 24.92960415600004], [67.01911218300006, 24.929322712000044], [67.01912044300008, 24.929311557000062], [67.01935186000003, 24.929076563000024], [67.01942242100006, 24.92900491000006], [67.01967820400006, 24.92878733300006], [67.01979755400004, 24.928685810000047], [67.02016038500005, 24.928396649000035], [67.02030991100008, 24.928243889000044], [67.02033808300007, 24.928201986000033], [67.02035439000008, 24.928177730000073], [67.02036360600005, 24.928164022000033], [67.02043803300006, 24.92790858400008], [67.02045844100007, 24.92782987100003], [67.02052640500006, 24.927567848000024], [67.02053063700004, 24.92750525100007], [67.02053415500006, 24.927453211000056], [67.02051507900006, 24.927352453000026], [67.02045385500003, 24.927262088000077], [67.02035429700004, 24.92720296300007], [67.02020875600005, 24.927154226000027], [67.02006861800004, 24.927123551000022], [67.01988439800004, 24.92704672900004], [67.01978523500003, 24.926977454000053], [67.01972401500007, 24.926883616000055], [67.01968581200003, 24.926751582000065], [67.01965676700007, 24.926642118000075], [67.01963234100003, 24.926550064000025], [67.01956638900003, 24.926293888000032], [67.01944571300004, 24.925995320000027], [67.01942441900007, 24.92594263600006], [67.01937731900006, 24.925875870000027], [67.01935182300008, 24.925839729000074], [67.01932341000008, 24.925822525000058], [67.01921398400003, 24.925756266000064], [67.01918495600006, 24.925743081000064], [67.01904549300008, 24.92567973200005], [67.01882697500008, 24.92556414200004], [67.01873900400005, 24.925464963000024], [67.01871598300005, 24.92543900900006], [67.01869827500008, 24.92540123300006], [67.01862802200003, 24.925251358000025], [67.01860900100007, 24.925081116000058], [67.01862058800003, 24.924959528000045], [67.01866678300007, 24.92482265500007], [67.01869049700008, 24.924736301000053], [67.01871276700007, 24.924655206000068], [67.01871528300006, 24.92456898300003], [67.01871983900003, 24.924412869000037], [67.01872023300007, 24.92439936900007], [67.01872457800005, 24.92425048900003], [67.01872701300005, 24.924181402000045], [67.01872845500003, 24.924140484000077], [67.01873738100005, 24.923887293000064], [67.01874053400007, 24.923797842000056], [67.01874177900004, 24.923762529000044], [67.01874066700003, 24.923684921000074], [67.01873545400008, 24.923320946000047], [67.01873451100005, 24.923255122000057], [67.01869632300003, 24.923102233000066], [67.01862742500003, 24.923029229000065], [67.01857270400006, 24.92299863200003], [67.01844766400006, 24.922928717000048], [67.01826387400007, 24.92280699500003], [67.01815283400003, 24.922730485000045], [67.01808397500008, 24.922601883000027], [67.01803273000007, 24.92245698200003], [67.01796498400006, 24.922265425000035], [67.01793434700005, 24.922090102000027], [67.01790777700006, 24.92193805200003], [67.01789988900003, 24.92181621900005], [67.01788885400003, 24.921645758000068], [67.01788922200006, 24.92160855800006], [67.01789301800005, 24.921224401000075], [67.01789875400004, 24.921166311000036], [67.01794251300004, 24.920723102000068], [67.01795985800004, 24.920547428000077], [67.01796253300006, 24.920520329000055], [67.01798933800006, 24.92006688200007], [67.01799569800005, 24.91995929500007], [67.01800136800006, 24.919863376000023], [67.01799916900006, 24.919775091000076], [67.01799348200007, 24.919546697000044], [67.01799123300003, 24.919456401000048], [67.01800308600008, 24.919345752000027], [67.01802458500003, 24.91914504300007], [67.01803026800008, 24.919091982000054], [67.01810362000003, 24.91878740800007], [67.01811305400008, 24.918728240000064], [67.01813400800006, 24.918596816000047], [67.01816964400007, 24.918373302000077], [67.01817079700004, 24.91836025400005], [67.01818841500005, 24.918160898000053], [67.01819780000005, 24.91805468800004], [67.01821614200003, 24.917847152000036], [67.01824986000008, 24.917610767000042], [67.01826786400005, 24.917484547000072], [67.01829683300008, 24.917281450000075], [67.01830245800005, 24.917242017000035], [67.01831643600008, 24.917144019000034], [67.01832558900003, 24.917053992000035], [67.01834355000005, 24.916877329000044], [67.01837239500003, 24.916593598000077], [67.01838980000008, 24.916422408000074], [67.01839063800003, 24.916392399000074], [67.01839323400003, 24.916299525000056], [67.01839558800003, 24.91621529300005], [67.01839937900007, 24.916079663000062], [67.01840314100008, 24.915945058000034], [67.01840556900004, 24.915858164000042], [67.01841214900003, 24.91581030800006], [67.01842449400004, 24.915720520000036], [67.01843735800003, 24.915626961000044], [67.01844185500005, 24.91559425300005], [67.01845291900008, 24.915513786000076], [67.01847208500004, 24.915374391000057], [67.01847458200007, 24.91535622600003], [67.01848596200006, 24.915273461000027], [67.01849033700006, 24.915241640000033], [67.01849043400006, 24.915119425000057], [67.01849050100003, 24.915034485000035], [67.01849055100007, 24.914970953000022], [67.01849057900006, 24.914934903000074], [67.01849058700003, 24.914924554000038], [67.01849062700006, 24.914873514000078], [67.01849066800008, 24.91482176100004], [67.01849071300006, 24.914764886000057], [67.01848475600008, 24.91471314000006], [67.01848341400006, 24.91470147900003], [67.01847484000007, 24.91462700200003], [67.01846902300008, 24.914576476000036], [67.01845867800006, 24.914486614000054], [67.01844885600008, 24.91440129600005], [67.01844554400003, 24.91434836700006], [67.01844378500004, 24.914320260000068], [67.01842993800005, 24.91409898300003], [67.01843019800003, 24.913768309000034], [67.01844188500007, 24.91352469000003], [67.01847800900003, 24.913321778000068], [67.01853579300007, 24.912997204000078], [67.01861914100004, 24.912608138000053], [67.01862808200008, 24.91256640000006], [67.01863592600006, 24.912337080000043], [67.01859392200004, 24.912163323000073], [67.01856527100006, 24.912105523000037], [67.01848792700008, 24.911949485000036], [67.01835398200006, 24.911738736000075], [67.01824123100005, 24.91154565100004], [67.01814183200008, 24.91128125800003], [67.01808092200008, 24.911033108000026], [67.01806259100005, 24.910958424000057], [67.01805121100006, 24.910896210000033], [67.01799774900007, 24.910603928000057], [67.01797993600007, 24.91050166200006], [67.01795215800007, 24.910342188000072], [67.01794817100006, 24.910319299000037], [67.01795141600007, 24.910082827000053], [67.01795219900004, 24.910025736000023], [67.01797934900003, 24.909884790000035], [67.01800225000005, 24.90976590300005], [67.01809671000007, 24.909524730000044], [67.01810974200004, 24.90949145600007], [67.01813759400005, 24.909440844000073], [67.01819987900006, 24.909327657000063], [67.01834944600006, 24.90913316500007], [67.01845706500006, 24.908923110000046], [67.01857015000007, 24.908623526000042], [67.01861995400003, 24.908479070000055], [67.01870070100006, 24.90824486500003], [67.01884433700008, 24.90795664500007], [67.01902418800006, 24.90766519600004], [67.01911622700004, 24.907547111000042], [67.01922076900007, 24.907452625000076], [67.01952483400004, 24.907219145000056], [67.01957344100003, 24.90718182200004], [67.01966520500008, 24.90710961700006], [67.01990468800005, 24.90692117900005], [67.02015778500004, 24.906605125000056], [67.02024979600003, 24.906525258000045], [67.02042972300006, 24.906453690000035], [67.02053081000008, 24.906390586000043], [67.02067921200006, 24.906297945000063], [67.02083302700004, 24.90620192600005], [67.02090680000003, 24.906155873000046], [67.02124547200003, 24.905926384000054], [67.02132022300003, 24.905875732000027], [67.02141039100007, 24.905814633000034], [67.02165188500004, 24.905609747000028], [67.02177527900005, 24.90540911200003], [67.02181372400008, 24.905310228000076], [67.02183589700007, 24.905253196000047], [67.02184822100003, 24.905221495000035], [67.02186747700006, 24.905092483000033], [67.02186418800005, 24.90502790000005], [67.02186342000005, 24.905012810000073], [67.02185615100007, 24.904870062000043], [67.02185371700006, 24.904841350000027], [67.02184796800003, 24.904773548000037], [67.02183063800004, 24.904569140000035], [67.02182956900003, 24.90455653500004], [67.02182960400006, 24.904510164000044], [67.02182973300006, 24.90434074500007], [67.02182978500008, 24.904271567000023], [67.02182081300003, 24.90414654700004], [67.02181405800007, 24.90405243300006], [67.02181082900006, 24.904007438000065], [67.02177647200006, 24.903840605000028], [67.02172449700004, 24.903704919000063], [67.02170702700005, 24.903659314000038], [67.02169509900006, 24.903628173000072], [67.02160592300004, 24.903455310000027], [67.02158032300008, 24.903405685000052], [67.02149370100005, 24.90313423200007], [67.02148995300007, 24.903114870000024], [67.02145161000004, 24.902916808000043], [67.02143767000007, 24.902844798000046], [67.02142232300008, 24.90276552200004], [67.02138302300006, 24.902562513000078], [67.02137694800007, 24.902510514000028], [67.02135656300004, 24.90233601500006], [67.02135257200007, 24.902301855000076], [67.02135353800003, 24.90225851300005], [67.02135654800003, 24.90212355400007], [67.02138724600007, 24.901793498000075], [67.02139517400008, 24.90170825900003], [67.02140453300007, 24.901552222000078], [67.02142074800008, 24.901281914000037], [67.02142234200005, 24.901255341000024], [67.02145575500003, 24.900716715000044], [67.02146582000006, 24.900554474000046], [67.02147276600004, 24.900442509000072], [67.02146532000006, 24.900157540000066], [67.02144443700007, 24.899965518000045], [67.02140953700007, 24.899644616000046], [67.02140664300003, 24.899592735000056], [67.02140168500006, 24.899503866000032], [67.02137461800004, 24.899018690000048], [67.02135284700006, 24.898628441000028], [67.02133518900007, 24.898405979000074], [67.02129971900007, 24.89795912900007], [67.02126576900008, 24.897774240000047], [67.02123157800008, 24.897588039000027], [67.02122053600004, 24.89752790400007], [67.02114262400005, 24.897246598000038], [67.02112119400005, 24.897169225000027], [67.02105227900006, 24.89696937900004], [67.02099614800005, 24.89680660500005], [67.02092685400004, 24.896605660000034], [67.02090720900003, 24.896499403000064], [67.02090081400007, 24.89646481400007], [67.02088990300007, 24.89640580400004], [67.02086776100003, 24.896286043000032], [67.02086476700003, 24.896265569000036], [67.02083157100003, 24.895949073000054], [67.02083934100006, 24.895809850000035], [67.02088542000007, 24.895677809000063], [67.02102351400003, 24.895464968000056], [67.02120377600005, 24.895225277000065], [67.02140999800008, 24.894979601000045], [67.02160817100008, 24.894801915000073], [67.02167856000005, 24.894738803000052], [67.02184514700008, 24.894507427000065], [67.02188246400004, 24.894455597000047], [67.02191423300008, 24.894411473000048], [67.02230685300003, 24.893840769000064], [67.02234700900004, 24.893782400000077], [67.02256523400007, 24.893499054000074], [67.02280814700003, 24.89318365400004], [67.02306958600008, 24.892900349000058], [67.02321843400006, 24.892739051000035], [67.02338806800003, 24.89259247900003], [67.02360791600006, 24.892402520000076], [67.02374371200005, 24.89226302900005], [67.02413983700006, 24.89185612800003], [67.02433913600004, 24.89168947400003], [67.02443888100004, 24.891606066000065], [67.02451857100004, 24.89156115800006], [67.02480722000007, 24.891398493000054], [67.02492178700004, 24.891349857000023], [67.02551537700003, 24.89109785900007], [67.02594468700005, 24.89086524700008], [67.02605208900007, 24.890738105000025], [67.02606873600007, 24.890718399000036], [67.02607596000007, 24.890678429000047], [67.02609951300008, 24.89054810600004], [67.02609974700005, 24.890225649000058], [67.02610932200008, 24.890100782000047], [67.02612653500006, 24.889876325000046], [67.02613548500005, 24.889759620000063], [67.02614616500006, 24.88962034800005], [67.02620298200003, 24.889355697000042], [67.02621537000005, 24.88929799400006], [67.02623119300006, 24.889255857000023], [67.02636662500004, 24.888895175000073], [67.02647161400006, 24.88874478300005], [67.02648872700007, 24.888720268000043], [67.02655850800005, 24.88867917300007], [67.02669259500004, 24.888600206000035], [67.02637705400008, 24.88830897400004], [67.02597431100008, 24.887919647000047], [67.02584122300004, 24.887790992000077], [67.02562665500005, 24.88758357200004], [67.02546285300008, 24.887412822000044], [67.02514047600005, 24.887076769000032], [67.02423665900005, 24.886061873000074], [67.02366177000005, 24.885416450000037], [67.02321220200008, 24.884950080000067], [67.02257884200003, 24.884293049000064], [67.02257129700007, 24.884285910000074], [67.02255476900007, 24.884271639000076], [67.02215166300005, 24.883923839000033], [67.02213853800004, 24.883915115000036], [67.02192607800004, 24.883793264000076], [67.02173850700007, 24.883685687000025], [67.02167507500008, 24.88364930700004], [67.02157258400007, 24.88357820500005], [67.02155952400005, 24.883569145000024], [67.02147471800004, 24.883510312000055], [67.02119357700008, 24.88331527400004], [67.02106205500007, 24.88322411000007], [67.02089170200003, 24.88311398600007], [67.02062635200008, 24.882942452000066], [67.02046008700006, 24.88279655200006], [67.02032866700006, 24.88268122900007], [67.02010792300007, 24.882487868000055], [67.02009965000008, 24.882482080000045], [67.01966995500004, 24.882207936000043], [67.01938912700007, 24.881979778000073], [67.01924336500008, 24.881861354000023], [67.01880326500003, 24.88145365500003], [67.01877754400005, 24.881430306000027], [67.01840046200005, 24.881133095000052], [67.01834104500006, 24.881085055000028], [67.01831114300006, 24.881061405000025], [67.01808644800008, 24.880883979000032], [67.01764954800007, 24.880581754000048], [67.01740815000005, 24.880414767000048], [67.01709356600003, 24.880176649000077], [67.01691153500008, 24.880038864000028], [67.01689914500008, 24.88003065600003], [67.01663205300008, 24.879876675000048], [67.01647055600006, 24.879783673000077], [67.01646136500005, 24.879779308000025], [67.01599534500008, 24.879581089000055], [67.01575555000005, 24.879479093000043], [67.01522303000007, 24.879267648000052], [67.01520749300005, 24.87926261800004], [67.01485346700008, 24.879172695000022], [67.01442788800006, 24.879064597000024], [67.01441594900007, 24.87906216400006], [67.01400659900008, 24.87900094400004], [67.01385484900004, 24.878978249000056], [67.01384004100004, 24.87897689600004], [67.01350974400003, 24.87896571500005], [67.01311629600008, 24.878952467000033], [67.01301678800007, 24.878952398000024], [67.01249209900004, 24.87895203200003], [67.01245592300006, 24.878952007000066], [67.01224857900007, 24.87893807100005], [67.01180314800007, 24.87890813200005], [67.01178728500008, 24.87890803500005], [67.01128029400007, 24.878936133000025], [67.01085306300007, 24.87898658200004], [67.01084067700003, 24.878988659000072], [67.01062185800004, 24.879036411000072], [67.00996027100007, 24.879180863000045], [67.00991999400003, 24.87919106700008], [67.00943584300006, 24.879314071000067], [67.00942241000007, 24.87931940900006], [67.00905505300005, 24.87949086100008], [67.00904532600003, 24.879496577000054], [67.00862069300007, 24.879773742000054], [67.00803075400006, 24.880142398000032], [67.00778900100005, 24.880266152000047], [67.00770896400007, 24.88030712400007], [67.00717791700004, 24.880578969000055], [67.00686232800007, 24.88072697800004], [67.00613795900006, 24.881066702000055], [67.00547741500003, 24.881320208000034], [67.00469943500008, 24.881527730000073], [67.00438593800004, 24.881588515000033], [67.00420576500005, 24.881599265000034], [67.00397312700005, 24.881583748000025], [67.00372651400005, 24.881567136000058], [67.00332072300006, 24.881539803000067], [67.00314793900003, 24.881518287000063], [67.00296347900007, 24.881445892000045], [67.00257502800008, 24.88132439000003], [67.00240632400005, 24.881271970000057], [67.00239619700005, 24.881270017000077], [67.00182760200005, 24.88118847100003], [67.00181263900004, 24.881187203000025], [67.00097008900008, 24.88116468000004], [66.99958260800008, 24.881130750000068], [66.99924832000005, 24.881108185000073], [66.99877923900004, 24.88107652000008], [66.99758927800008, 24.880996195000023], [66.99674953100003, 24.880884798000068], [66.99669721000004, 24.880872688000068], [66.99564625400006, 24.880629440000064], [66.99522119700003, 24.880538415000046], [66.99504402200006, 24.88050047400003], [66.99497857700004, 24.880486459000053], [66.99493270700003, 24.880476636000026], [66.99487779500004, 24.880464877000065], [66.99479646300006, 24.880440598000064], [66.99438419600006, 24.880317527000045], [66.99413996200008, 24.88022569700007], [66.99380024100003, 24.880097963000026], [66.99320457500005, 24.879821599000024], [66.99298182800004, 24.879718291000074], [66.99211810500003, 24.87931775800007], [66.98835175500005, 24.877696367000055], [66.98477393200005, 24.876113488000044], [66.98275237300004, 24.875218800000027], [66.98129271800008, 24.874572796000052], [66.97919148000005, 24.87367970400004], [66.97819541100006, 24.87322603100006], [66.97754219100005, 24.872856806000073], [66.97690114600005, 24.87245124100008], [66.97623775800008, 24.87191383100003], [66.97601458700007, 24.871694880000064], [66.97584038600007, 24.871470506000037], [66.97575070600004, 24.871354996000036], [66.97554626500005, 24.871091672000034], [66.97631693100004, 24.87060922300003], [66.97636408300008, 24.87057970500007], [66.97682571900003, 24.87030475100005], [66.97719788700005, 24.87016454600007], [66.97776578600008, 24.869950604000053], [66.978066, 24.869742], [66.97836756900006, 24.86955787100004], [66.978785, 24.869303], [66.979286, 24.868996], [66.979503, 24.868863], [66.980989, 24.86792], [66.981834, 24.867394], [66.981869, 24.867372], [66.98204763600006, 24.867260286000032], [66.98287, 24.866746], [66.98360906600004, 24.866265836000025], [66.984166, 24.865904], [66.984284, 24.86582], [66.984469, 24.86569], [66.98465, 24.865553], [66.984827, 24.865412], [66.984999, 24.865265], [66.985167, 24.865114], [66.985331, 24.864957], [66.985423, 24.864865], [66.98549, 24.864796], [66.985645, 24.86463], [66.98575539500007, 24.864499049000074], [66.98579, 24.864458], [66.985929, 24.864281], [66.98606, 24.864098], [66.986183, 24.863909], [66.986297, 24.863715], [66.986404, 24.863517], [66.98642608600005, 24.863471250000032], [66.986502, 24.863314], [66.986591, 24.863107], [66.986819, 24.862481], [66.986989, 24.861821], [66.987068, 24.86114], [66.98709, 24.860324], [66.987094, 24.859665], [66.98708577700006, 24.859446124000044], [66.987052, 24.858547], [66.98704513000007, 24.85836241900006], [66.987014, 24.857526], [66.987017, 24.857375], [66.987027, 24.857224], [66.987045, 24.857074], [66.987069, 24.856925], [66.9871, 24.856778], [66.987138, 24.856632], [66.987183, 24.856488], [66.987235, 24.856346], [66.98733785900004, 24.85608591400006], [66.98742059900007, 24.855876700000067], [66.987445, 24.855815], [66.987741, 24.855155], [66.98782325100007, 24.85495958000007], [66.98783283400007, 24.854787475000023], [66.98785386100008, 24.85470876100004], [66.98787330200008, 24.854613581000024], [66.98790778700004, 24.854479095000045], [66.98789242800007, 24.85440983700005], [66.98786073400004, 24.854342038000027], [66.98778753100004, 24.85424953100005], [66.98809474400008, 24.854210917000046], [66.98811733300005, 24.85410747000003], [66.98812389300008, 24.85407742900003], [66.98813543900008, 24.853986098000064], [66.98812491900003, 24.853760915000066], [66.98809479900007, 24.853607066000052], [66.98803597600005, 24.853306602000032], [66.988004, 24.853164], [66.987928, 24.852796], [66.987851, 24.852428], [66.987839, 24.852303], [66.987838, 24.852193], [66.987848, 24.852053], [66.987869, 24.85193], [66.9879, 24.851809], [66.987942, 24.851691], [66.987995, 24.851577], [66.988057, 24.851469], [66.988344, 24.851024], [66.988709, 24.850458], [66.989092, 24.849862], [66.98915599900005, 24.849761883000042], [66.989193, 24.849704], [66.989624, 24.849035], [66.98981282400007, 24.848720539000055], [66.989881, 24.848607], [66.989985, 24.848529], [66.990313, 24.848035], [66.990631, 24.847557], [66.99111469900004, 24.84682345600004], [66.991241, 24.846639], [66.991368, 24.846455], [66.991462, 24.84634], [66.991514, 24.846273], [66.991566, 24.846207], [66.991628, 24.846135], [66.991677, 24.846079], [66.991736, 24.846018], [66.991795, 24.845958], [66.991857, 24.8459], [66.991919, 24.845844], [66.991984, 24.845789], [66.99205, 24.845736], [66.992117, 24.845685], [66.99212644700003, 24.84567815500003], [66.99140151700004, 24.845296207000047], [66.991452, 24.84518], [66.991505, 24.845089], [66.991545, 24.844991], [66.991572, 24.844889], [66.991584, 24.844785], [66.991582, 24.844679], [66.99157269900007, 24.844614514000057], [66.99161017000006, 24.844477121000068], [66.99286554100007, 24.843886358000077], [66.99478552000005, 24.84425558500004], [66.99626242700003, 24.844329430000073], [66.99892085900007, 24.844329430000073], [67.00143160100004, 24.843886358000077], [67.00416387800004, 24.843517131000056], [67.00689615600004, 24.842926368000064], [67.00933305200004, 24.84144946200007], [67.01095765000008, 24.83997255500003], [67.01272993800006, 24.83938179200004], [67.01398530900008, 24.838052576000052], [67.01575759700006, 24.837535659000025], [67.01642220500008, 24.838569493000023], [67.01760373100007, 24.839898709000067], [67.02040985400004, 24.840267936000032], [67.02153958500003, 24.84016181100003], [67.02155129400006, 24.839932426000075], [67.02157350000004, 24.839522732000034], [67.02157453200005, 24.839503696000065], [67.02158638400005, 24.839285035000046], [67.02159034800007, 24.839211912000053], [67.02158472200006, 24.83905190300004], [67.02154831900003, 24.838947933000043], [67.02146152200004, 24.838744758000075], [67.02142641500006, 24.838665952000042], [67.02134388000007, 24.838480686000025], [67.02120668800006, 24.83817592400004], [67.02113389400006, 24.83802100300005], [67.02103691300005, 24.837498224000058], [67.02112081500007, 24.837498289000052], [67.02121941700005, 24.837476973000037], [67.02123875700005, 24.83742447700007], [67.02122381600003, 24.837364174000072], [67.02123673500006, 24.83730389400006], [67.02115325300008, 24.837206579000053], [67.02109117800006, 24.83712872700005], [67.02108052400007, 24.83706647500003], [67.02103775400008, 24.83696918000004], [67.02095641500006, 24.836858232000054], [67.02095770600005, 24.836725858000023], [67.02097451700007, 24.83667213800004], [67.02099410300008, 24.83660954900006], [67.02100872200003, 24.836504201000025], [67.02100160500004, 24.836365917000023], [67.02099202300008, 24.83627372600006], [67.02097273100003, 24.836216645000036], [67.02098828500004, 24.836136354000075], [67.02097921000006, 24.835982844000057], [67.02092390500007, 24.835929770000064], [67.02094862100006, 24.835820942000055], [67.02091496800006, 24.835650670000064], [67.02090281900007, 24.83550274600003], [67.02093976900005, 24.83545812400007], [67.02093063000007, 24.83537439500003], [67.02086613000006, 24.835296201000062], [67.02078450000005, 24.835130196000023], [67.02073240500005, 24.83502652800007], [67.02076507500004, 24.83497918100005], [67.02076840200004, 24.83491404700004], [67.02071952500006, 24.834854794000023], [67.02077826500005, 24.83483707700003], [67.02074897700004, 24.834763036000027], [67.02076864500003, 24.83466831000004], [67.02072961600004, 24.834546893000038], [67.02066443700005, 24.83447874500007], [67.02058624100005, 24.834375059000024], [67.02056793700007, 24.834285519000048], [67.02055526600003, 24.834223119000058], [67.02059094700007, 24.83419079600003], [67.02057828300008, 24.83412146200004], [67.02057322500008, 24.834086796000065], [67.02056814600007, 24.834072927000022], [67.02053249900007, 24.83407058800003], [67.02048161100004, 24.834031263000043], [67.02046579700004, 24.83396964600007], [67.02055118000004, 24.83381019600006], [67.02057066700007, 24.833757298000023], [67.02059390600004, 24.833694215000037], [67.02060478800007, 24.83346219300006], [67.02062632200006, 24.833230180000044], [67.02061051700008, 24.833051313000055], [67.02054940600004, 24.833012116000077], [67.02048191000006, 24.832957325000052], [67.02045307800006, 24.832836882000038], [67.02043145700003, 24.832744908000052], [67.02040501900007, 24.832644172000073], [67.02046785000005, 24.832536940000068], [67.02057338900005, 24.832504259000075], [67.02070058700008, 24.832494178000047], [67.02070813300003, 24.832467266000037], [67.02076815800007, 24.832253198000046], [67.02076845500005, 24.83195103500003], [67.02075000400004, 24.83169298100006], [67.02068612600004, 24.83137914400004], [67.02059668900006, 24.831313068000043], [67.02053286100005, 24.831207919000065], [67.02030070200004, 24.830825467000068], [67.02009411100005, 24.830444552000074], [67.02004944000004, 24.830363291000026], [67.01999157400007, 24.830348233000052], [67.01999157400007, 24.829574310000055], [67.01994511900006, 24.82883103000006], [67.01988895600005, 24.82872510900006], [67.01997914100008, 24.828630049000026], [67.020155, 24.828442], [67.020191, 24.828403], [67.020271, 24.828325], [67.020354, 24.828252], [67.020441, 24.828183], [67.020492, 24.828146], [67.020532, 24.828119], [67.020625, 24.82806], [67.020722, 24.828006], [67.020822, 24.827958], [67.021339, 24.827686], [67.021738, 24.827476], [67.021812, 24.827441], [67.021889, 24.82741], [67.021966, 24.827381], [67.022044, 24.827355], [67.022123, 24.827331], [67.022175, 24.827318], [67.022203, 24.827311], [67.022283, 24.827293], [67.022365, 24.827279], [67.023022, 24.827187], [67.023255, 24.827163], [67.023692, 24.827117], [67.02424000100007, 24.827131630000054], [67.02450246400008, 24.827071395000075], [67.02466832300007, 24.827047631000028], [67.02491076600006, 24.827016094000044], [67.02506707300006, 24.826995969000052], [67.025109, 24.826985], [67.025184, 24.826958], [67.02525583800008, 24.826909898000054], [67.02518548300003, 24.826803148000067], [67.02514727900007, 24.82672838800005], [67.02510910600006, 24.826586890000044], [67.02509446400006, 24.826445401000058], [67.02509745200007, 24.826341292000052], [67.02509162800004, 24.826213154000072], [67.02506815700008, 24.826082340000028], [67.02503338600008, 24.825816202000055], [67.024596, 24.824846], [67.02378946700003, 24.823054482000032], [67.023213, 24.821774], [67.02283601500005, 24.82093676200003], [67.02231187400008, 24.81977271100004], [67.02214, 24.819391], [67.021753, 24.81853], [67.021508, 24.817988], [67.020684, 24.816157], [67.020653, 24.816109], [67.020619, 24.816064], [67.020581, 24.816021], [67.02054, 24.815981], [67.020496, 24.815944], [67.02045, 24.815911], [67.020402, 24.815881], [67.020351, 24.815855], [67.020416, 24.815859], [67.020488, 24.815855], [67.020545, 24.815846], [67.020609, 24.815832], [67.020669, 24.815807], [67.020724, 24.815773], [67.020773, 24.815729], [67.020811, 24.815676], [67.020831, 24.815616], [67.02083408700008, 24.815597480000065], [67.020485, 24.815523], [67.020186, 24.815671], [67.018588, 24.816293], [67.01856580300006, 24.81630107600006], [67.01844477800006, 24.816345110000043], [67.017266, 24.816774], [67.016855, 24.816919], [67.016334, 24.81705], [67.015863, 24.817165], [67.015681, 24.817192], [67.015546, 24.817205], [67.015381, 24.817198], [67.015119, 24.817165], [67.014591, 24.81702], [67.013806, 24.816781], [67.012164, 24.816313], [67.011925, 24.816266], [67.011683, 24.816243], [67.011414, 24.816263], [67.011017, 24.81634], [67.0103, 24.816445], [67.008284, 24.816761], [67.00812643300003, 24.81678942900004], [67.007242, 24.816949], [67.006957, 24.816989], [67.006694, 24.817029], [67.006436, 24.817064], [67.006041, 24.817108], [67.00585, 24.817141], [67.005694, 24.817168], [67.005322, 24.817231], [67.005085, 24.817261], [67.004801, 24.817296], [67.00443365100006, 24.817346932000078], [67.004224, 24.817376], [67.002674, 24.817607], [67.002243, 24.817674], [67.001648, 24.817766], [67.001548, 24.817782], [67.001066, 24.817858], [67.000842, 24.817893], [67.000542, 24.81794], [67.000438, 24.817957], [66.999046, 24.818176], [66.998765, 24.81822], [66.997877, 24.81836], [66.997418, 24.818432], [66.997109, 24.818481], [66.996646, 24.818554], [66.996012, 24.818653], [66.995457, 24.818741], [66.994563, 24.818882], [66.99266942700007, 24.820188078000058], [66.98469483100007, 24.820111028000042], [66.98110715500007, 24.820267014000024], [66.97949530000005, 24.820942953000042], [66.97876736600006, 24.822398822000025], [66.97855938500004, 24.823074761000044], [66.97523168500004, 24.824530629000037], [66.97494051100006, 24.825692660000072], [66.97469382300005, 24.82667715100007], [66.97229147600007, 24.82331572000004], [66.97200835224318, 24.821900101711464], [66.96688157081395, 24.82359520716569], [66.96602116547743, 24.823879689310857], [66.96265418112743, 24.824992940112505], [66.962654, 24.824993], [66.9548051301622, 24.856852883348186], [66.953781, 24.86101], [66.91509287834329, 24.856959780690275], [66.91426778653732, 24.856873402685306], [66.91381167534118, 24.856825652877486], [66.90022040357354, 24.855402796739742], [66.87993813357896, 24.853279466940844], [66.85903175623666, 24.851090799991347], [66.82523239260004, 24.847552379685705], [66.80131116259028, 24.845048090938953], [66.80103167013304, 24.84501883116363], [66.80100452607428, 24.845015989480288], [66.80078204242868, 24.8449926978983], [66.79014592264957, 24.843879213555685], [66.78949617443256, 24.84381119208909], [66.78933089345614, 24.84379388899518], [66.78901199500886, 24.843760503847655], [66.78841886121678, 24.843698409286453], [66.78657239836816, 24.843505105006898], [66.78575861103089, 24.843419910455022], [66.78392270137847, 24.843227710978628], [66.78168218877616, 24.842993154039263], [66.77614808363302, 24.84241379431455], [66.77496128935498, 24.842289550053113], [66.74262425147462, 24.83890421911344], [66.72947326457917, 24.837527455942084], [66.72566174921708, 24.83712843235402], [66.71984730272615, 24.836519723984516], [66.71624384453347, 24.83614248168562], [66.71545318762833, 24.836059708634682], [66.71150803370931, 24.835646694564772], [66.66115435931907, 24.830375220644676], [66.65139, 24.829353], [66.6563168322156, 24.835404974267497], [66.65731513634486, 24.836631261390153], [66.65896535183353, 24.83865833705181], [66.66092633444511, 24.841067149811202], [66.69232135498595, 24.879631859979256]]]}, "properties": {"objectid": 160, "province_territory": "Sindh", "districts": "Keamari", "shape_leng": 1.332701, "shape_area": 0.039103, "district_agency": "Keamari", "status": "District", "cartodb_id": 153, "created_at": "2015-07-06T09:49:19Z", "updated_at": "2026-08-09T00:00:00Z"}}, {"type": "Feature", "geometry": {"type": "Polygon", "coordinates": [[[67.09903, 24.779902], [67.0990291536464, 24.77990227983612], [67.09538316800007, 24.787195463000046], [67.09472889100005, 24.788504234000072], [67.09328460700004, 24.791393280000023], [67.09073638900003, 24.79214096100003], [67.08518425400007, 24.795331839000028], [67.08131763000006, 24.798008733000074], [67.08012790000004, 24.80038819400005], [67.08042533200006, 24.806039414000054], [67.08250736100007, 24.81079833600006], [67.08399452400005, 24.815854690000037], [67.08250736100007, 24.819423882000024], [67.07953303400006, 24.822695641000053], [67.07971876500005, 24.827675923000072], [67.08042322800003, 24.829468914000074], [67.08055647800006, 24.830439734000038], [67.08244757500006, 24.830852078000078], [67.08308822400005, 24.830991769000036], [67.08307206100005, 24.832512191000035], [67.08936055600003, 24.833452989000023], [67.09104409000008, 24.83389863000008], [67.09194889100007, 24.834048161000055], [67.09160670100005, 24.835670813000036], [67.09153271500003, 24.836021652000056], [67.09152293200003, 24.83663959000006], [67.09149969100008, 24.838107757000046], [67.09183266900004, 24.83964927200003], [67.09191399800005, 24.840025781000065], [67.09198463800004, 24.84035281100006], [67.09308471900005, 24.842829794000068], [67.09478367000008, 24.84581022900005], [67.09621029600004, 24.847657127000048], [67.09653160500005, 24.84807309100006], [67.09834438200005, 24.849895160000074], [67.10276749700006, 24.852759288000073], [67.10548717600005, 24.854405190000023], [67.10957643800003, 24.856898225000066], [67.11151926400004, 24.857868126000028], [67.11187265900003, 24.857981], [67.11326780700006, 24.85842660900005], [67.11832465700007, 24.85922110000007], [67.12379731900006, 24.859985495000046], [67.12599926900003, 24.860250046000033], [67.12697137300006, 24.860467193000034], [67.126998, 24.860501], [67.127178, 24.860677], [67.127709, 24.861353], [67.128294, 24.862108], [67.128635, 24.862542], [67.128969, 24.862965], [67.12898891600008, 24.862990297000067], [67.129254, 24.863327], [67.129406, 24.863528], [67.129503, 24.863656], [67.129562, 24.863734], [67.129638, 24.863831], [67.129673, 24.863875], [67.129729, 24.863945], [67.12978, 24.86401], [67.129797, 24.864034], [67.129813, 24.864061], [67.129822, 24.864082], [67.129826, 24.864094], [67.129831, 24.864115], [67.129835, 24.864133], [67.129837, 24.864158], [67.129837, 24.864179], [67.129832, 24.864256], [67.12981, 24.864574], [67.129785, 24.864858], [67.129774, 24.864992], [67.129797, 24.865207], [67.129811, 24.865338], [67.129835, 24.865408], [67.129924, 24.865611], [67.129937, 24.865704], [67.129997, 24.866144], [67.130058, 24.866596], [67.130096, 24.866875], [67.13013, 24.867079], [67.130207, 24.867496], [67.130241, 24.86779], [67.130245, 24.867976], [67.130233, 24.868893], [67.13022121900008, 24.86923612000004], [67.13020407200008, 24.86973551400007], [67.12862374300005, 24.869425499000045], [67.12732826100006, 24.868979615000057], [67.12717770800003, 24.868927797000026], [67.12712784700005, 24.868905176000055], [67.12647608300006, 24.868689260000053], [67.12555720100005, 24.868384854000055], [67.12522976000008, 24.868226709000055], [67.12496365400006, 24.868098188000033], [67.12401152800004, 24.867638337000074], [67.12393673900004, 24.867593095000075], [67.12211683500004, 24.867072712000038], [67.12076235800004, 24.866913010000076], [67.12019721600007, 24.866846375000023], [67.11922276700005, 24.866863557000045], [67.11804639400003, 24.86688429900005], [67.11610177400007, 24.866838838000035], [67.11370478700007, 24.86691837500007], [67.11338433000003, 24.866929008000056], [67.11097972700003, 24.86685912200005], [67.111199, 24.86742], [67.111238, 24.867424], [67.111276, 24.867431], [67.11131, 24.867441], [67.111342, 24.867452], [67.11138, 24.867469], [67.111419, 24.86749], [67.111451, 24.867512], [67.111765, 24.867784], [67.111999, 24.868017], [67.112309, 24.868352], [67.11310765300004, 24.868845102000023], [67.114617, 24.869777], [67.115426, 24.8703], [67.116453, 24.870876], [67.11864482300007, 24.872063479000076], [67.119098, 24.872309], [67.119219, 24.872353], [67.11985472300006, 24.872585582000056], [67.122007, 24.873373], [67.12251528300004, 24.87353861500003], [67.12319435300003, 24.873759878000044], [67.12414, 24.874068], [67.124758, 24.874307], [67.124885, 24.874202], [67.125983, 24.87475], [67.126448, 24.874894], [67.127085, 24.875091], [67.12781897500008, 24.875295761000075], [67.128775, 24.875548], [67.129808, 24.875799], [67.130272, 24.875926], [67.130382, 24.87596], [67.130478, 24.875982], [67.130603, 24.876012], [67.130733, 24.876043], [67.130821, 24.876078], [67.130895, 24.876114], [67.130958, 24.876166], [67.131035, 24.876241], [67.131104, 24.87632], [67.131155, 24.876389], [67.1312, 24.876455], [67.131244, 24.876496], [67.131271, 24.876508], [67.131305, 24.876515], [67.131366, 24.876524], [67.13143, 24.876535], [67.13148335900007, 24.876544557000045], [67.131497, 24.876547], [67.131716, 24.876584], [67.131883, 24.87664], [67.131802, 24.876794], [67.131733, 24.877346], [67.13163530000003, 24.87758436000007], [67.131592, 24.87769], [67.131489, 24.877799], [67.131427, 24.877864], [67.13140441100006, 24.87788009800005], [67.13134, 24.877926], [67.131322, 24.878233], [67.13128315100005, 24.878741382000044], [67.131264, 24.878992], [67.13123236100006, 24.87931106600007], [67.131205, 24.879587], [67.131174, 24.879917], [67.131175, 24.880069], [67.131213, 24.880223], [67.1313, 24.88052], [67.131417, 24.880793], [67.13153, 24.880993], [67.131802, 24.881462], [67.13189324000007, 24.881340347000048], [67.13203071000004, 24.881690271000025], [67.13251102900006, 24.882801009000048], [67.13287126900008, 24.883371388000057], [67.13281122900008, 24.884271987000034], [67.13248100900006, 24.884842366000044], [67.13125019100005, 24.88496244600003], [67.12992931300005, 24.884812346000047], [67.12998935300004, 24.883521488000042], [67.12857841500005, 24.883491468000045], [67.12887861500008, 24.881209951000073], [67.12902871500006, 24.87925865400007], [67.12662711800004, 24.883101208000028], [67.12527622000005, 24.883011149000026], [67.12374520300006, 24.884332027000028], [67.12356508300007, 24.885622885000032], [67.12482592100008, 24.886043164000057], [67.12472013600006, 24.887011892000032], [67.125128, 24.887052], [67.12550640700005, 24.887067185000035], [67.12557502300007, 24.887069938000025], [67.12632086800005, 24.887099868000064], [67.12678557700008, 24.887118521000048], [67.12773357100008, 24.887156572000038], [67.12810899400006, 24.887171641000066], [67.128965, 24.887206], [67.130599, 24.887278], [67.130994, 24.887298], [67.13149311900008, 24.88730786800005], [67.13256251100006, 24.88732901000003], [67.133169, 24.887341], [67.13318228400004, 24.88734041400005], [67.13369287500007, 24.887317884000026], [67.133569, 24.887509], [67.13341896800006, 24.887741361000053], [67.13421324200004, 24.88771265200006], [67.13501323300005, 24.887845984000023], [67.13561322600003, 24.88857930900008], [67.13594655600008, 24.889979294000057], [67.13604523300006, 24.892592308000076], [67.13627988600007, 24.896179225000026], [67.14041317300007, 24.895912562000035], [67.14264968800006, 24.894946794000077], [67.14267355200008, 24.894856490000052], [67.143004, 24.893606], [67.143025, 24.893609], [67.143035, 24.893608], [67.143046, 24.893606], [67.14306170000003, 24.893598100000077], [67.143075, 24.893588], [67.143086, 24.893573], [67.143091, 24.893562], [67.143093, 24.89355], [67.143094, 24.89354], [67.14309224500005, 24.893525227000055], [67.143087, 24.893509], [67.14307892000005, 24.893497660000037], [67.143075, 24.893481], [67.143073, 24.893464], [67.143072, 24.893451], [67.143072, 24.893432], [67.143074, 24.893416], [67.14307996300005, 24.893391216000055], [67.143086, 24.893371], [67.14324852000004, 24.892770247000044], [67.14329694600008, 24.892591243000027], [67.143455, 24.892007], [67.14362327500004, 24.891403833000027], [67.14376255500008, 24.890904595000052], [67.143878, 24.890478], [67.14398325400003, 24.890078532000075], [67.144005, 24.889996], [67.14428907100006, 24.888903834000075], [67.14431154700003, 24.88881741800003], [67.14450355700006, 24.88807919800007], [67.144533, 24.887966], [67.144806, 24.886918], [67.14560315800003, 24.886927209000078], [67.14570326100005, 24.886928366000063], [67.14671825300007, 24.88694009200003], [67.14859050900003, 24.886961722000024], [67.14878503700004, 24.886963969000078], [67.15002362100006, 24.886978278000072], [67.15007230300006, 24.886976700000048], [67.15015106600003, 24.886974147000046], [67.15020662100005, 24.88697234700004], [67.15178866400004, 24.886979066000038], [67.15229010500008, 24.88698119600008], [67.15269031000008, 24.886987264000027], [67.15293872900008, 24.886991030000047], [67.15466658700007, 24.887005002000024], [67.155161, 24.887009], [67.15576, 24.886994], [67.155896, 24.886989], [67.15609888800003, 24.88698406700007], [67.15649001500003, 24.886974558000077], [67.15731260200005, 24.88695455900006], [67.15780317700006, 24.886947511000074], [67.15797799500007, 24.886945], [67.15809499000005, 24.886947], [67.158914, 24.886942], [67.15940944200008, 24.88694943200005], [67.159514, 24.886951], [67.16160027200004, 24.88701592900003], [67.161956, 24.887027], [67.16327, 24.887004], [67.16372, 24.88699], [67.163998, 24.886953], [67.164164, 24.88692], [67.164405, 24.88684], [67.164508, 24.886805], [67.16497, 24.886614], [67.165209, 24.88651], [67.16628655000005, 24.886053437000044], [67.166618, 24.885913], [67.167057, 24.88573], [67.167786, 24.885622], [67.17082374600005, 24.885232770000073], [67.172297, 24.885044], [67.17387108200006, 24.88483634000005], [67.175041, 24.884682], [67.17538339600003, 24.88463601600006], [67.175744, 24.884582], [67.17624095300005, 24.884488220000037], [67.176364, 24.884465], [67.17649149700003, 24.884434498000076], [67.176573, 24.884415], [67.176658, 24.884391], [67.176777, 24.884352], [67.176955, 24.884282], [67.17710109900008, 24.884213663000025], [67.17722076800004, 24.884157689000062], [67.177265, 24.884137], [67.17809242700008, 24.883773003000044], [67.178902, 24.883436], [67.179243, 24.883317], [67.179657, 24.883186], [67.179979, 24.883077], [67.18037870300003, 24.882933078000065], [67.18054, 24.882875], [67.181066, 24.882678], [67.181623, 24.882469], [67.181976, 24.882323], [67.182162, 24.882238], [67.182288, 24.882179], [67.183339, 24.881654], [67.18376507300007, 24.881438840000044], [67.183941, 24.88135], [67.18456781100008, 24.881017058000054], [67.184711, 24.880941], [67.185065, 24.880747], [67.186218, 24.880094], [67.186791, 24.879743], [67.187532, 24.879278], [67.1879, 24.879061], [67.188131, 24.878936], [67.188358, 24.878819], [67.189023, 24.878522], [67.18922866900004, 24.878411404000076], [67.189659, 24.87818], [67.19042, 24.877706], [67.190785, 24.877446], [67.191131, 24.877183], [67.19123620400006, 24.877095274000055], [67.191444, 24.876922], [67.19167827500007, 24.876719038000033], [67.192267, 24.876209], [67.19251347400007, 24.87599874700004], [67.192825, 24.875733], [67.19337, 24.875275], [67.193729, 24.874987], [67.19446762400008, 24.87438585500007], [67.195142, 24.873837], [67.196298, 24.872908], [67.19654457900003, 24.87271111700005], [67.19711408700005, 24.872256390000075], [67.197335, 24.87208], [67.198415, 24.871188], [67.19896002000007, 24.870730216000027], [67.19944784100005, 24.870320476000074], [67.19961559200004, 24.870179576000055], [67.199727, 24.870086], [67.200358, 24.869581], [67.200673, 24.869284], [67.201117, 24.869004], [67.201756, 24.868595], [67.201984, 24.86844], [67.202299, 24.868203], [67.20235831900004, 24.868143882000027], [67.202594, 24.867909], [67.202738, 24.867747], [67.202846, 24.867598], [67.203173, 24.86711], [67.203388, 24.866795], [67.20343538700007, 24.866725314000064], [67.203604, 24.866466], [67.20368465400003, 24.866342115000066], [67.203729, 24.866274], [67.20483681000007, 24.86455081300005], [67.20528809200005, 24.863848847000042], [67.20467142400008, 24.863569464000022], [67.20333067800004, 24.863048840000033], [67.20285048200003, 24.86279214700005], [67.20334277300003, 24.861972691000062], [67.20453250300005, 24.86018809500007], [67.20534152000005, 24.858879391000073], [67.20643607200003, 24.857451715000025], [67.20722129400008, 24.856595109000068], [67.20850620300007, 24.855286405000072], [67.20931522000006, 24.854453594000063], [67.21093325400005, 24.852978328000063], [67.21217057300004, 24.852002749000064], [67.21355066100006, 24.851098554000032], [67.21478798000004, 24.85031333200004], [67.21616806800006, 24.849551904000066], [67.21764333400006, 24.848766682000075], [67.21957069700005, 24.847743514000058], [67.22104596300005, 24.847220032000052], [67.22268779100006, 24.846672756000032], [67.22409167300003, 24.846315837000077], [67.22563832300006, 24.84603030200003], [67.22678046400006, 24.845816150000076], [67.22670908000003, 24.84524508000004], [67.22644733900006, 24.843508073000066], [67.22609042000005, 24.841961424000033], [67.22590006300004, 24.84086687100006], [67.22573350100004, 24.83953437300005], [67.22552759300004, 24.838285065000036], [67.22551935000007, 24.837844956000026], [67.22606662600003, 24.837797367000064], [67.22777983700007, 24.837797367000064], [67.22932648700004, 24.83786875100003], [67.23149179700005, 24.83791634000005], [67.23341916000004, 24.83791634000005], [67.23570344300003, 24.83801151800003], [67.23703594100004, 24.837987724000072], [67.23846361700004, 24.83805910700005], [67.24024821300003, 24.83820187500004], [67.24162830100005, 24.83820187500004], [67.24169968400008, 24.83546549500005], [67.24169968400008, 24.831563179000057], [67.24172347900003, 24.829112334000058], [67.24179486300005, 24.82283055700003], [67.24177106800005, 24.82007038200004], [67.24129517600005, 24.819808642000055], [67.24070031100007, 24.819475517000058], [67.23986749900007, 24.81957069500004], [67.23834464400005, 24.81964207900006], [67.23441853400004, 24.819951409000055], [67.23289594200003, 24.820028308000076], [67.23206286700008, 24.82007038200004], [67.22870782700005, 24.820284534000052], [67.22430582400006, 24.820522480000022], [67.21885685900008, 24.82085560400003], [67.21581114900005, 24.82104596100004], [67.21345548200003, 24.821188729000028], [67.21219436800004, 24.82126011300005], [67.21159950300006, 24.821283907000065], [67.21074289700005, 24.820879399000034], [67.21033838800008, 24.820546274000037], [67.20936280900008, 24.820427301000052], [67.20795892700005, 24.820451096000056], [67.20767339200006, 24.821188729000028], [67.20726888400003, 24.82204533500004], [67.20762580300004, 24.822766347000027], [67.20824446300003, 24.82399649300004], [67.20855379300008, 24.824710331000063], [67.20855379300008, 24.82532899100005], [67.20822066800008, 24.825257607000026], [67.20772098100008, 24.82504345600006], [67.20377107600007, 24.82330644900003], [67.20273958000007, 24.822748466000064], [67.20137138900003, 24.822213087000023], [67.20012217200008, 24.82120181600004], [67.19780219800003, 24.819417220000048], [67.19503607500008, 24.817186476000074], [67.19438172300005, 24.81650238000003], [67.19363814100006, 24.81563982600005], [67.19295404600007, 24.814747528000055], [67.19108022100005, 24.812040891000038], [67.19042586900008, 24.811059363000027], [67.18971203100006, 24.81034552500006], [67.18902793600006, 24.809988606000047], [67.18721359600005, 24.809363997000048], [67.18602386600003, 24.809036822000053], [67.17975063000006, 24.81007582700005], [67.17611801900006, 24.809451472000035], [67.17262730600004, 24.80877035700007], [67.17004474600003, 24.808401420000052], [67.16641213500003, 24.80808924200005], [67.16451068900005, 24.807720305000032], [67.16482286700005, 24.805308024000055], [67.16346063800006, 24.805166125000028], [67.16187137000003, 24.804768808000063], [67.15999830500004, 24.803974174000075], [67.15840903700007, 24.803207920000034], [67.15735898500003, 24.802867363000075], [67.15650759200008, 24.80289574300008], [67.15460614700004, 24.802838983000072], [67.15321553800004, 24.80295250200004], [67.15242090400005, 24.80275384400005], [67.15151275100004, 24.801959210000064], [67.15159789000006, 24.801505134000024], [67.15182492800005, 24.80065374000003], [67.15060459800003, 24.80065374000003], [67.14864766100004, 24.800716196000053], [67.14793689900006, 24.80073888000004], [67.14677332800005, 24.800455082000042], [67.14262988000007, 24.798979333000034], [67.14104210800008, 24.801445383000043], [67.14109737200005, 24.802044350000074], [67.13990195400004, 24.800875306000023], [67.13871222400007, 24.795878438000045], [67.13561892400003, 24.791595408000035], [67.13623525210431, 24.780112477096814], [67.10738549944993, 24.779949268629217], [67.10272440373896, 24.779922899935613], [67.09903, 24.779902]]]}, "properties": {"objectid": 161, "province_territory": "Sindh", "districts": "Korangi", "shape_leng": 0.567194, "shape_area": 0.010081, "district_agency": "Korangi", "status": "District", "cartodb_id": 154, "created_at": "2015-07-06T09:49:19Z", "updated_at": "2026-08-09T00:00:00Z"}}, {"type": "Feature", "geometry": {"type": "Polygon", "coordinates": [[[67.00800100903109, 25.126908123015237], [67.0081282593632, 25.140563952361852], [67.008331, 25.162321], [67.01423489986684, 25.16804377372306], [67.089722, 25.241215], [67.09101785034672, 25.243970350561394], [67.12332914754892, 25.31267346208285], [67.14170236103467, 25.35174019862459], [67.14528184480258, 25.359351210678863], [67.14877441101929, 25.36677741101929], [67.162239, 25.395407], [67.16261867725845, 25.41541911167486], [67.163322, 25.45249], [67.17481245033929, 25.462592610882076], [67.18632820022454, 25.4727174655806], [67.18948666861037, 25.475494447869657], [67.19455082092487, 25.47994694179028], [67.23402821445116, 25.514656177169055], [67.243988, 25.523413], [67.25106537639705, 25.534173359191065], [67.26242470016194, 25.55144394040937], [67.27908437208232, 25.576773108142092], [67.320969, 25.640454], [67.32315248345053, 25.640557673562824], [67.3659344230116, 25.64258899470603], [67.377118, 25.64312], [67.3772186475157, 25.64258899865709], [67.38965463544432, 25.57697857355691], [67.39211043158224, 25.564022157911204], [67.39962795522327, 25.52436081981576], [67.410863969016, 25.465081280015255], [67.41288, 25.454445], [67.40741802530545, 25.439611309856126], [67.37735741679494, 25.357972383072767], [67.359208, 25.308682], [67.35719463954737, 25.305791237408854], [67.274089, 25.186469], [67.462934, 25.098676], [67.47105386897157, 25.081867779752336], [67.517968, 24.984755], [67.5184185139522, 24.983065830508657], [67.51929475736958, 24.97978041916816], [67.52086117815904, 24.97390723767135], [67.5212035341809, 24.972623598519927], [67.54369717127287, 24.888285332548143], [67.55696393678738, 24.838542554447194], [67.56992997645433, 24.78992732616905], [67.570388, 24.78821], [67.44390103576154, 24.78185300179731], [67.443901, 24.781853], [67.28912298878589, 24.780977391729433], [67.18114275997239, 24.78036652730066], [67.17517720475935, 24.780332779034726], [67.15043381078114, 24.78019280100917], [67.14458774537731, 24.780159728719525], [67.1387255691953, 24.78012656528818], [67.13623525210431, 24.780112477096814], [67.13561892400003, 24.791595408000035], [67.13871222400007, 24.795878438000045], [67.13990195400004, 24.800875306000023], [67.14109737200005, 24.802044350000074], [67.14104210800008, 24.801445383000043], [67.14262988000007, 24.798979333000034], [67.14677332800005, 24.800455082000042], [67.14793689900006, 24.80073888000004], [67.14864766100004, 24.800716196000053], [67.15060459800003, 24.80065374000003], [67.15182492800005, 24.80065374000003], [67.15159789000006, 24.801505134000024], [67.15151275100004, 24.801959210000064], [67.15242090400005, 24.80275384400005], [67.15321553800004, 24.80295250200004], [67.15460614700004, 24.802838983000072], [67.15650759200008, 24.80289574300008], [67.15735898500003, 24.802867363000075], [67.15840903700007, 24.803207920000034], [67.15999830500004, 24.803974174000075], [67.16187137000003, 24.804768808000063], [67.16346063800006, 24.805166125000028], [67.16482286700005, 24.805308024000055], [67.16451068900005, 24.807720305000032], [67.16641213500003, 24.80808924200005], [67.17004474600003, 24.808401420000052], [67.17262730600004, 24.80877035700007], [67.17611801900006, 24.809451472000035], [67.17975063000006, 24.81007582700005], [67.18602386600003, 24.809036822000053], [67.18721359600005, 24.809363997000048], [67.18902793600006, 24.809988606000047], [67.18971203100006, 24.81034552500006], [67.19042586900008, 24.811059363000027], [67.19108022100005, 24.812040891000038], [67.19295404600007, 24.814747528000055], [67.19363814100006, 24.81563982600005], [67.19438172300005, 24.81650238000003], [67.19503607500008, 24.817186476000074], [67.19780219800003, 24.819417220000048], [67.20012217200008, 24.82120181600004], [67.20137138900003, 24.822213087000023], [67.20273958000007, 24.822748466000064], [67.20377107600007, 24.82330644900003], [67.20772098100008, 24.82504345600006], [67.20822066800008, 24.825257607000026], [67.20855379300008, 24.82532899100005], [67.20855379300008, 24.824710331000063], [67.20824446300003, 24.82399649300004], [67.20762580300004, 24.822766347000027], [67.20726888400003, 24.82204533500004], [67.20767339200006, 24.821188729000028], [67.20795892700005, 24.820451096000056], [67.20936280900008, 24.820427301000052], [67.21033838800008, 24.820546274000037], [67.21074289700005, 24.820879399000034], [67.21159950300006, 24.821283907000065], [67.21219436800004, 24.82126011300005], [67.21345548200003, 24.821188729000028], [67.21581114900005, 24.82104596100004], [67.21885685900008, 24.82085560400003], [67.22430582400006, 24.820522480000022], [67.22870782700005, 24.820284534000052], [67.23206286700008, 24.82007038200004], [67.23289594200003, 24.820028308000076], [67.23441853400004, 24.819951409000055], [67.23834464400005, 24.81964207900006], [67.23986749900007, 24.81957069500004], [67.24070031100007, 24.819475517000058], [67.24129517600005, 24.819808642000055], [67.24177106800005, 24.82007038200004], [67.24179486300005, 24.82283055700003], [67.24172347900003, 24.829112334000058], [67.24169968400008, 24.831563179000057], [67.24169968400008, 24.83546549500005], [67.24162830100005, 24.83820187500004], [67.24024821300003, 24.83820187500004], [67.23846361700004, 24.83805910700005], [67.23703594100004, 24.837987724000072], [67.23570344300003, 24.83801151800003], [67.23341916000004, 24.83791634000005], [67.23149179700005, 24.83791634000005], [67.22932648700004, 24.83786875100003], [67.22777983700007, 24.837797367000064], [67.22606662600003, 24.837797367000064], [67.22551935000007, 24.837844956000026], [67.22552759300004, 24.838285065000036], [67.22573350100004, 24.83953437300005], [67.22590006300004, 24.84086687100006], [67.22609042000005, 24.841961424000033], [67.22644733900006, 24.843508073000066], [67.22670908000003, 24.84524508000004], [67.22678046400006, 24.845816150000076], [67.22563832300006, 24.84603030200003], [67.22409167300003, 24.846315837000077], [67.22268779100006, 24.846672756000032], [67.22104596300005, 24.847220032000052], [67.21957069700005, 24.847743514000058], [67.21764333400006, 24.848766682000075], [67.21616806800006, 24.849551904000066], [67.21478798000004, 24.85031333200004], [67.21355066100006, 24.851098554000032], [67.21217057300004, 24.852002749000064], [67.21093325400005, 24.852978328000063], [67.20931522000006, 24.854453594000063], [67.20850620300007, 24.855286405000072], [67.20722129400008, 24.856595109000068], [67.20643607200003, 24.857451715000025], [67.20534152000005, 24.858879391000073], [67.20453250300005, 24.86018809500007], [67.20334277300003, 24.861972691000062], [67.20285048200003, 24.86279214700005], [67.20333067800004, 24.863048840000033], [67.20467142400008, 24.863569464000022], [67.20528809200005, 24.863848847000042], [67.20483681000007, 24.86455081300005], [67.203729, 24.866274], [67.20368465400003, 24.866342115000066], [67.203604, 24.866466], [67.20343538700007, 24.866725314000064], [67.203388, 24.866795], [67.203173, 24.86711], [67.202846, 24.867598], [67.202738, 24.867747], [67.202594, 24.867909], [67.20235831900004, 24.868143882000027], [67.202299, 24.868203], [67.201984, 24.86844], [67.201756, 24.868595], [67.201117, 24.869004], [67.200673, 24.869284], [67.200358, 24.869581], [67.199727, 24.870086], [67.19961559200004, 24.870179576000055], [67.19944784100005, 24.870320476000074], [67.19896002000007, 24.870730216000027], [67.198415, 24.871188], [67.197335, 24.87208], [67.19711408700005, 24.872256390000075], [67.19654457900003, 24.87271111700005], [67.196298, 24.872908], [67.195142, 24.873837], [67.19446762400008, 24.87438585500007], [67.193729, 24.874987], [67.19337, 24.875275], [67.192825, 24.875733], [67.19251347400007, 24.87599874700004], [67.192267, 24.876209], [67.19167827500007, 24.876719038000033], [67.191444, 24.876922], [67.19123620400006, 24.877095274000055], [67.191131, 24.877183], [67.190785, 24.877446], [67.19042, 24.877706], [67.189659, 24.87818], [67.18922866900004, 24.878411404000076], [67.189023, 24.878522], [67.188358, 24.878819], [67.188131, 24.878936], [67.1879, 24.879061], [67.187532, 24.879278], [67.186791, 24.879743], [67.186218, 24.880094], [67.185065, 24.880747], [67.184711, 24.880941], [67.18456781100008, 24.881017058000054], [67.183941, 24.88135], [67.18376507300007, 24.881438840000044], [67.183339, 24.881654], [67.182288, 24.882179], [67.182162, 24.882238], [67.181976, 24.882323], [67.181623, 24.882469], [67.181066, 24.882678], [67.18054, 24.882875], [67.18037870300003, 24.882933078000065], [67.179979, 24.883077], [67.179657, 24.883186], [67.179243, 24.883317], [67.178902, 24.883436], [67.17809242700008, 24.883773003000044], [67.177265, 24.884137], [67.17816, 24.884251], [67.178498, 24.884295], [67.178863, 24.884392], [67.179225, 24.884506], [67.17924891200005, 24.884514786000068], [67.17857809900005, 24.885453925000036], [67.17947039700005, 24.88694108800007], [67.18274215500003, 24.890510280000058], [67.18155242500006, 24.893187173000058], [67.17828066600003, 24.894079471000055], [67.17560377200004, 24.895864067000048], [67.17798323300008, 24.898838393000062], [67.17917296400003, 24.90240758500005], [67.18095756000008, 24.907463939000024], [67.18244472300006, 24.91430489000004], [67.18316748800004, 24.913100281000027], [67.18422931900005, 24.911330563000035], [67.18455676700006, 24.911330563000035], [67.184728, 24.911783], [67.184909, 24.91221], [67.184979, 24.912289], [67.185117, 24.912323], [67.185235, 24.912367], [67.187365, 24.912327], [67.189165, 24.912298], [67.191882, 24.912234], [67.191883, 24.912278], [67.191851, 24.917277], [67.18778391800004, 24.917275131000054], [67.18812, 24.920606], [67.188055, 24.920625], [67.188003, 24.920657], [67.187984, 24.920673], [67.187958, 24.920703], [67.187927, 24.920756], [67.187908, 24.920819], [67.187905, 24.920849], [67.187906, 24.92088], [67.187926, 24.920961], [67.188132, 24.921539], [67.188184, 24.921689], [67.188216, 24.921799], [67.188239, 24.921934], [67.188249, 24.922011], [67.188252, 24.922827], [67.188254, 24.924946], [67.188254, 24.925801], [67.188256, 24.927074], [67.188256, 24.927901], [67.188257, 24.928446], [67.188258, 24.929016], [67.188258, 24.929103], [67.188259, 24.929844], [67.188259, 24.930794], [67.188259, 24.931247], [67.188261, 24.93141], [67.188271, 24.931456], [67.188282, 24.931494], [67.188298, 24.93154], [67.18835, 24.931645], [67.188418, 24.931763], [67.188439, 24.931831], [67.188447, 24.931905], [67.188449, 24.932017], [67.18842336300008, 24.932085163000067], [67.18833912300005, 24.93209184500006], [67.18824536000005, 24.932101715000044], [67.18650334700004, 24.93244468900008], [67.18571623300005, 24.93259273500007], [67.18455653600006, 24.932812338000076], [67.18368552900006, 24.932975189000047], [67.18229636000007, 24.933241672000065], [67.18113913000008, 24.933456340000077], [67.17965866500003, 24.933717888000047], [67.17831884500004, 24.93394982800004], [67.17703311000008, 24.934164699000064], [67.177243, 24.933543], [67.177924, 24.931679], [67.178731, 24.929435], [67.178989, 24.928688], [67.179567, 24.92712], [67.17968093500008, 24.926799902000027], [67.18012712900008, 24.925546329000042], [67.18007014900007, 24.925534043000027], [67.17988830200005, 24.925483626000073], [67.17987819000007, 24.925480822000054], [67.179547, 24.925389], [67.178409, 24.925068], [67.177087, 24.924705], [67.176006, 24.924396], [67.175154, 24.924154], [67.174125, 24.923874], [67.173107, 24.923596], [67.172611, 24.923455], [67.172541, 24.923429], [67.172504, 24.923417], [67.172466, 24.923398], [67.172414, 24.923376], [67.171598, 24.923059], [67.17151930300008, 24.923028164000073], [67.171482, 24.923016], [67.171432, 24.923007], [67.171392, 24.923004], [67.170593, 24.923004], [67.170506, 24.923014], [67.17044, 24.923025], [67.17042965700006, 24.923028164000073], [67.170355, 24.923051], [67.170078, 24.92317], [67.169264, 24.923522], [67.168773, 24.923743], [67.167462, 24.924329], [67.167443, 24.924307], [67.166828, 24.923581], [67.16635949500005, 24.923028164000073], [67.166328, 24.922991], [67.16626246300007, 24.922913950000066], [67.166254, 24.922904], [67.16623176500008, 24.922913950000066], [67.16597652400003, 24.923028164000073], [67.165521, 24.923232], [67.16501, 24.923461], [67.163418, 24.924154], [67.163187, 24.924254], [67.163169, 24.924043], [67.16225058600003, 24.924195612000062], [67.162164, 24.92421], [67.162038, 24.924231], [67.16192092200004, 24.924236096000072], [67.16159588100004, 24.924250242000028], [67.16123086200008, 24.924266129000046], [67.161073, 24.924273], [67.16082196000008, 24.924283976000027], [67.16055117400003, 24.92429581600004], [67.160364, 24.924304], [67.16035, 24.924305], [67.16017605900004, 24.924281446000066], [67.15982616400004, 24.924234064000075], [67.15958102800005, 24.92420086800007], [67.158584, 24.924066], [67.15819, 24.923986], [67.157926, 24.92393], [67.15757570100004, 24.923856639000064], [67.157544, 24.92385], [67.15729016500006, 24.923801250000054], [67.156932, 24.923732], [67.15692, 24.923724], [67.156914, 24.923714], [67.15666, 24.92328], [67.156518, 24.923038], [67.15651226700004, 24.923028164000073], [67.15644569600005, 24.922913950000066], [67.156416, 24.922863], [67.15628, 24.922632], [67.15626223800007, 24.922601472000053], [67.156216, 24.922522], [67.156201, 24.922466], [67.156194, 24.92241], [67.156153, 24.922046], [67.15614802400006, 24.922003870000026], [67.15614293900006, 24.92196081700007], [67.156123, 24.921792], [67.156042, 24.92108], [67.15604, 24.921065], [67.156103, 24.920939], [67.15614802400006, 24.920851261000053], [67.15622, 24.920711], [67.15626223800007, 24.92063026200003], [67.156333, 24.920495], [67.156465, 24.92027], [67.156506, 24.9202], [67.156605, 24.92006], [67.15674933200006, 24.919858930000032], [67.156956, 24.919567], [67.15698955600004, 24.919519627000057], [67.156556, 24.919156], [67.15626223800007, 24.918910937000078], [67.156182, 24.918844], [67.15614802400006, 24.918815516000052], [67.155817, 24.918538], [67.15574827500006, 24.918480729000066], [67.15551984600006, 24.918290372000058], [67.155451, 24.918233], [67.155007, 24.917861], [67.154632, 24.917548], [67.154348, 24.91731], [67.154212, 24.917196], [67.153818, 24.916867], [67.153548, 24.916641], [67.153263, 24.916403], [67.152906, 24.916104], [67.152672, 24.915908], [67.151983, 24.915333], [67.151917, 24.915278], [67.151717, 24.915113], [67.151657, 24.915064], [67.151399, 24.914853], [67.151123, 24.914625], [67.15088, 24.914421], [67.150641, 24.914229], [67.150111, 24.913793], [67.149853, 24.913581], [67.149538, 24.913322], [67.14949929300008, 24.913290198000027], [67.149168, 24.913018], [67.149096, 24.912462], [67.145091, 24.914334], [67.144997, 24.914438], [67.14318361600004, 24.91489975500008], [67.14275359200008, 24.915027026000075], [67.14287736600005, 24.915197985000077], [67.14301061600008, 24.915416895000078], [67.14310579500005, 24.915740502000062], [67.14313434800005, 24.91612121600008], [67.14319145500008, 24.91629253700006], [67.14339133000004, 24.916492412000025], [67.14356265100008, 24.916587590000063], [67.14389577600008, 24.916597108000076], [67.14420986400006, 24.91672084000004], [67.14451443500008, 24.91686360800003], [67.14477141700007, 24.91711107200007], [67.14494273800005, 24.91737757100003], [67.14508550600004, 24.917939124000043], [67.14526634500004, 24.918453088000035], [67.14543766600008, 24.91896705100004], [67.14565657700007, 24.91930969400005], [67.14591355900006, 24.91960474700005], [67.14612295100005, 24.919804622000072], [67.14626571900004, 24.919880764000027], [67.14647511100003, 24.91996642500004], [67.14661787900008, 24.92006160300008], [67.14677016400003, 24.92028051400007], [67.14694148600006, 24.92057556700007], [67.14725557500003, 24.92105145900007], [67.14727461000007, 24.921451209000054], [67.14721750300004, 24.92192710100005], [67.14730316400005, 24.922250707000046], [67.14751255600004, 24.922736118000046], [67.14774098500004, 24.923164421000024], [67.14816928800008, 24.924021026000048], [67.14841675100007, 24.924506437000048], [67.14853096600007, 24.92492522200007], [67.14877843000005, 24.92530593500004], [67.14909251800003, 24.92572472100005], [67.14949226800007, 24.926267238000037], [67.14995864200006, 24.92692396900003], [67.15028224900004, 24.92740937900004], [67.15177655000008, 24.92566761300003], [67.15191931800007, 24.925581953000062], [67.15202401400006, 24.92564857800005], [67.15218581800008, 24.925896042000034], [67.15263315600004, 24.926571809000052], [67.15347072700007, 24.928151771000046], [67.15476515300003, 24.93029328600005], [67.15703595200006, 24.93407662900006], [67.15794511800004, 24.935417079000047], [67.15814438500007, 24.935722423000072], [67.15834663900006, 24.935948471000074], [67.15863217400005, 24.936115034000068], [67.15909616900007, 24.93629349300005], [67.15948878000006, 24.936352980000038], [67.15966724000003, 24.936519542000042], [67.15973862400006, 24.93675748800007], [67.15963154800005, 24.936947845000077], [67.15931032100008, 24.93707871500004], [67.15845371500006, 24.937233380000066], [67.15743054600006, 24.93735235300005], [67.15651445400005, 24.937507018000076], [67.15582441000004, 24.937614094000025], [67.15551886200006, 24.93769380200007], [67.15419210000005, 24.937928183000054], [67.15345446700007, 24.93808284800008], [67.15312134200008, 24.938166129000024], [67.15295478000007, 24.93826130700006], [67.15283580700003, 24.93841597200003], [67.15253837500006, 24.938891865000073], [67.15186022800003, 24.94006969800006], [67.15080136800003, 24.941794807000065], [67.13380697700006, 24.970543364000036], [67.13360664200007, 24.970882262000032], [67.13183672300005, 24.973842854000054], [67.12669083700007, 24.982390876000068], [67.11948493100004, 24.974725548000038], [67.11058169000006, 24.964995256000066], [67.10816854600006, 24.962323560000073], [67.10627250300007, 24.960642977000077], [67.10079983600008, 24.956053693000058], [67.08881686200004, 24.945746575000044], [67.08821642600003, 24.945203323000044], [67.08783362300005, 24.944856978000075], [67.08776650100003, 24.944796248000046], [67.08775175400007, 24.944817492000027], [67.08728018800008, 24.945403655000064], [67.08727186600004, 24.945412884000064], [67.08698378000008, 24.945698700000037], [67.08684488700004, 24.945836499000052], [67.08666350900006, 24.946016447000034], [67.08627161400005, 24.946430946000078], [67.08600230600007, 24.946715787000073], [67.08598868400003, 24.946728043000064], [67.08598046100008, 24.946733796000046], [67.08597171800005, 24.94673887400006], [67.08596252400008, 24.946743237000078], [67.08595294800006, 24.946746854000025], [67.08594306100008, 24.94674969600004], [67.08593294100007, 24.94675174100007], [67.08592266500006, 24.946752975000038], [67.08591230800005, 24.946753387000058], [67.08590195200003, 24.946752975000038], [67.08589167600007, 24.94675174100007], [67.08588155600006, 24.94674969600004], [67.08587167000007, 24.946746854000025], [67.08586209400005, 24.946743237000078], [67.08585289900003, 24.94673887400006], [67.08584415700005, 24.946733796000046], [67.08583593300006, 24.946728043000064], [67.08567225700006, 24.946900107000033], [67.08553618600007, 24.94704315100006], [67.08549295600005, 24.94708859700006], [67.08494509500008, 24.94780899500006], [67.08462773400004, 24.94827758100007], [67.08444616600008, 24.94858348500003], [67.08431889800005, 24.948797313000057], [67.08428376700004, 24.948928538000075], [67.08426753400005, 24.94902505700003], [67.08425300100004, 24.949111467000023], [67.08423091700007, 24.94956488400004], [67.08426154100005, 24.949808914000073], [67.08432501600004, 24.950190983000027], [67.08447393500006, 24.95084293700006], [67.08463940200005, 24.951343001000055], [67.08470074900004, 24.951541865000024], [67.08479788700004, 24.951695408000035], [67.08488996700004, 24.95180678500003], [67.08495134100008, 24.951918152000076], [67.08502586700007, 24.95204940700006], [67.08507845900004, 24.95218463300006], [67.08514141400008, 24.95230605100005], [67.08520467700004, 24.95241902600003], [67.08535142600005, 24.95269806700003], [67.08546260700007, 24.953008647000047], [67.08551104600008, 24.953224225000042], [67.08554522700007, 24.953413113000067], [67.08557079200006, 24.95378102500007], [67.08557632100008, 24.954334086000074], [67.08554698100005, 24.954513488000032], [67.08550126800003, 24.954673902000025], [67.08542698400004, 24.954942317000075], [67.08537268100008, 24.955207633000043], [67.08534690800008, 24.95549920600007], [67.08533538200004, 24.955847367000047], [67.08531241200006, 24.956287271000065], [67.08526654600007, 24.95693422100004], [67.08518916800006, 24.957937230000027], [67.08517060800006, 24.958240235000062], [67.08516047400008, 24.958405689000074], [67.08516995500008, 24.958592602000067], [67.08518890600004, 24.958712726000044], [67.08525159700008, 24.959026969000035], [67.08526778900006, 24.95911754100007], [67.08529148400004, 24.95925007900007], [67.08534849800003, 24.959459672000037], [67.08541123700007, 24.959609756000077], [67.08549184100008, 24.959749102000046], [67.08550094100008, 24.95976146600003], [67.08557825800006, 24.95986651100003], [67.08566384900007, 24.95996145600003], [67.08568378000007, 24.959983565000073], [67.08581787100007, 24.960112967000043], [67.08594596100005, 24.960220262000064], [67.08602014200005, 24.96028496400004], [67.08608290400008, 24.96036001300007], [67.08618560500008, 24.960481644000026], [67.08632024300005, 24.960615876000077], [67.08643436500006, 24.960721986000067], [67.08663525700007, 24.960918497000023], [67.08670416900003, 24.960985906000076], [67.08707378600008, 24.961343761000023], [67.08728121700005, 24.961543238000047], [67.08761920200004, 24.961868261000063], [67.08805616800004, 24.962276082000074], [67.08829866100007, 24.96254779900005], [67.08834213900008, 24.962607262000063], [67.08842491500008, 24.962720469000033], [67.08845968000003, 24.962768014000062], [67.08855665300007, 24.96296207900008], [67.08865791800008, 24.96316220500006], [67.08875205500004, 24.963294173000065], [67.08892531300006, 24.963475106000033], [67.08901041800004, 24.963551076000044], [67.08913629300008, 24.96366344100005], [67.08937383300008, 24.963884146000055], [67.08956389600007, 24.964070005000053], [67.08971508500008, 24.964269245000025], [67.09003222800004, 24.964668433000043], [67.09016121600007, 24.96486411500007], [67.09026387400007, 24.96513837300006], [67.09027958300004, 24.965206472000034], [67.09035649500004, 24.965539877000026], [67.090365, 24.965620217000037], [67.09039227200003, 24.965877834000025], [67.09042640700005, 24.96627627600003], [67.09045366300006, 24.96655665700007], [67.09047193900005, 24.96674465800004], [67.09055114700004, 24.967056897000077], [67.09070509900005, 24.967595088000053], [67.09084400600005, 24.968042790000027], [67.09087984100006, 24.96815828800004], [67.09096263700008, 24.968480235000072], [67.09102537900003, 24.968627707000053], [67.09111380200005, 24.968777768000052], [67.09119049600008, 24.96890588100007], [67.09126573900005, 24.969019609000043], [67.09128808800006, 24.969056628000033], [67.09132532600006, 24.96911830600004], [67.09133134400008, 24.96912827400007], [67.09137981900005, 24.969260215000077], [67.09139014400006, 24.96933480900003], [67.09142211400007, 24.96956577000003], [67.09145911200005, 24.96993060500006], [67.09146821200005, 24.970193822000056], [67.09146884000006, 24.97021199200003], [67.09147326900006, 24.97034007900004], [67.09147320300008, 24.97058324300008], [67.09147159400004, 24.97061111800008], [67.09146123700003, 24.970790559000022], [67.09142694500008, 24.97096904500006], [67.09140323400004, 24.971024890000024], [67.09131272800005, 24.971238051000057], [67.09111849600004, 24.971661278000056], [67.09093186700005, 24.972067938000066], [67.09061782300006, 24.972724136000068], [67.09051617800003, 24.973025026000073], [67.09047657500008, 24.973198941000078], [67.09041618300006, 24.973464153000066], [67.09033624700004, 24.973915823000027], [67.09030166700006, 24.97411121500005], [67.09029397000006, 24.974198455000078], [67.09029304300003, 24.974208968000028], [67.09027415200006, 24.97442307600005], [67.09025451500008, 24.974645646000056], [67.09025517600003, 24.974696831000074], [67.09025767400004, 24.974736032000067], [67.09026635800006, 24.974872319000042], [67.09027266600003, 24.974971304000064], [67.09028141500005, 24.975108609000074], [67.09031965700007, 24.975281067000026], [67.09035266000006, 24.975429896000037], [67.09039021100006, 24.97554608400003], [67.09047240600006, 24.975800415000037], [67.09048697800006, 24.97583873700006], [67.09064544100005, 24.976255466000055], [67.09069417700005, 24.97638363300007], [67.09070680600007, 24.976416845000074], [67.09079149000007, 24.97665834600008], [67.09080275600007, 24.976690473000076], [67.09081346200003, 24.976774817000035], [67.09083965400004, 24.97698116400005], [67.09084261600003, 24.977004501000067], [67.09084502100006, 24.97707465700006], [67.09085054800005, 24.977235956000072], [67.09086053200008, 24.977527292000048], [67.09086525700008, 24.977665196000032], [67.09087007200003, 24.97807392200008], [67.09087548700006, 24.978533629000026], [67.09087640600006, 24.978611683000054], [67.09087917500005, 24.978923895000037], [67.09089054700007, 24.97906874100005], [67.09092722200006, 24.97921942200003], [67.090932, 24.979234], [67.09094088200004, 24.97926910600006], [67.09100291100003, 24.979480730000034], [67.09108415100008, 24.979655715000035], [67.09117542200005, 24.979800580000074], [67.09127510900004, 24.979912975000047], [67.09142630800005, 24.980052684000043], [67.09162728800004, 24.98019991800004], [67.09164877700005, 24.980214587000034], [67.09189262000007, 24.980381039000065], [67.09220882600005, 24.98055665800007], [67.09238895700008, 24.980655686000034], [67.09241971000006, 24.98068864800007], [67.09245171300006, 24.98072294900004], [67.09251160300005, 24.98082900600008], [67.09253626400005, 24.98088957300007], [67.09256426700006, 24.98095834700007], [67.09260069000004, 24.981047802000035], [67.09269892200007, 24.98134736800006], [67.09277017400007, 24.981657876000043], [67.09279327600007, 24.981818479000026], [67.09281005100007, 24.981935099000054], [67.09281821200005, 24.982114910000064], [67.09281853700003, 24.982231300000024], [67.09279569200004, 24.98229854300007], [67.09274430800008, 24.98237871300006], [67.09254538900007, 24.982544045000054], [67.09239614300003, 24.982694121000065], [67.09217832300004, 24.982913153000027], [67.09198374100004, 24.983108817000073], [67.09160080900006, 24.983454290000054], [67.09116452500007, 24.983847895000054], [67.09107103000008, 24.983950314000026], [67.09101109000005, 24.984035646000052], [67.09096256200007, 24.984123569000076], [67.09091974000006, 24.984208910000063], [67.09088832200007, 24.984327880000023], [67.09085302600005, 24.984558701000026], [67.09085136400006, 24.98456956900003], [67.09079264600007, 24.984953569000027], [67.09077201600007, 24.98565455000005], [67.09076247200005, 24.98607540300003], [67.09075713200008, 24.98631090200007], [67.09075135300003, 24.986565721000034], [67.09074357000003, 24.98687467900004], [67.09074094200008, 24.986978986000054], [67.09073432900004, 24.98724147100006], [67.09072777100005, 24.987501784000074], [67.09074304700005, 24.98791781500006], [67.09074476600006, 24.987964627000053], [67.09075009600008, 24.988109774000065], [67.09075670800007, 24.988289836000035], [67.09079134500007, 24.98869976700007], [67.09081015400005, 24.98892236000006], [67.090815, 24.988979717000063], [67.09083226400003, 24.989184038000076], [67.09085605700005, 24.989475585000037], [67.09090653500004, 24.99009414300008], [67.09093273500008, 24.990242136000063], [67.09094669600006, 24.990281166000045], [67.09095218000004, 24.990296499000067], [67.09098517400008, 24.99038874200005], [67.09108898800008, 24.99052922000004], [67.09117351300006, 24.990629659000035], [67.09128854900007, 24.990733566000074], [67.09144725100003, 24.990881295000065], [67.09150201800003, 24.990932274000045], [67.09186389800004, 24.99119627400006], [67.09188626600007, 24.991212591000078], [67.09189728300004, 24.991220629000054], [67.09240834300005, 24.991637034000064], [67.09255879600005, 24.99175689300006], [67.09265050000005, 24.991829902000063], [67.09279280500004, 24.99199059500006], [67.09292103500007, 24.992199381000034], [67.09294502200004, 24.99223725400003], [67.09309101100007, 24.992467757000043], [67.09314724400008, 24.992556544000024], [67.09316684300006, 24.99260163100007], [67.09324678900003, 24.992785540000057], [67.09329277000006, 24.992979852000076], [67.09332880100004, 24.99335865200004], [67.09332922900006, 24.993374927000048], [67.09333392900004, 24.993553663000057], [67.09334034800008, 24.99379777000007], [67.09330233700007, 24.994208422000042], [67.09326137900007, 24.994398095000065], [67.09324419400008, 24.99447767600003], [67.09320617900005, 24.994653722000066], [67.09318222600007, 24.994763937000073], [67.09301344200003, 24.99528390000006], [67.09298273300004, 24.995356078000043], [67.09275678200004, 24.99588715400006], [67.09257506900008, 24.99637602200005], [67.09247539600005, 24.99664417500003], [67.09231392800007, 24.997024112000076], [67.09213796200004, 24.997438163000027], [67.09213356100008, 24.997448140000074], [67.09179040100008, 24.998226182000053], [67.09171452000004, 24.99851850600004], [67.09162978400008, 24.998865446000025], [67.09156274400004, 24.999139933000038], [67.09148442700007, 24.999397937000026], [67.09146966900005, 24.999446555000077], [67.09146486000003, 24.99946239600007], [67.09144564700006, 24.999525692000077], [67.09137267300008, 24.999829557000055], [67.09133188600003, 25.000086431000057], [67.09132010100006, 25.000160656000048], [67.09126124000005, 25.000769364000064], [67.09119698900008, 25.001160404000075], [67.09113565200005, 25.001558999000054], [67.09111297100003, 25.001824987000077], [67.09109762600008, 25.00200493600005], [67.09111504700007, 25.002275316000066], [67.09118053800006, 25.002592995000043], [67.09119075500007, 25.002642553000044], [67.09119500100007, 25.00266201000005], [67.09127228900007, 25.003016124000055], [67.09134983900003, 25.00330060400006], [67.09135743400003, 25.003329997000037], [67.09145320400006, 25.003700602000038], [67.09148058400007, 25.003821639000023], [67.09155507000008, 25.004150911000067], [67.09155782200008, 25.004163078000033], [67.09156766800004, 25.00419736300006], [67.09165853500008, 25.004513778000046], [67.09168340400004, 25.004600375000052], [67.09182099700007, 25.004943092000076], [67.09185887100006, 25.00503169600006], [67.09190451200004, 25.00513846900003], [67.09190982100006, 25.00525655100006], [67.09190340100008, 25.005288504000077], [67.09188842300006, 25.005363053000053], [67.09181232500003, 25.005585161000056], [67.09173070600008, 25.005823382000074], [67.09162671600006, 25.006158810000045], [67.09161927600007, 25.00618280900005], [67.09159161600007, 25.006272031000037], [67.09153546300007, 25.006673369000055], [67.09153006100007, 25.006711978000055], [67.09153045300008, 25.006755379000026], [67.09153524700008, 25.007285876000026], [67.09154656200008, 25.007427377000056], [67.09156171900008, 25.00761692900005], [67.09158167100003, 25.007764946000066], [67.09159467700005, 25.007861430000048], [67.09159619300004, 25.00787267800007], [67.09162738300006, 25.00810405900006], [67.09158965800003, 25.008130562000076], [67.09147074800006, 25.008098764000067], [67.09113331200007, 25.00800853000004], [67.09098890700005, 25.007969915000047], [67.09089331100006, 25.007944352000038], [67.09074974100008, 25.007905960000073], [67.09069808200007, 25.007895148000046], [67.09058570900004, 25.007871628000032], [67.09040260300003, 25.007841110000072], [67.09026908900006, 25.007818222000026], [67.09017372100004, 25.007802963000074], [67.09006691000008, 25.007791519000023], [67.08999443100004, 25.00778389000004], [67.08990669300005, 25.00777626000007], [67.08976554900005, 25.007768631000033], [67.08947181700006, 25.007753372000025], [67.08815322400005, 25.007694913000023], [67.08792305000003, 25.007684708000056], [67.08685165600008, 25.00764445300007], [67.08660316500004, 25.007635117000063], [67.08621579000004, 25.007619589000058], [67.08504814800006, 25.007572784000047], [67.08479499800006, 25.007562637000035], [67.08457324900007, 25.007554456000037], [67.08386549900007, 25.007528345000026], [67.08329674100008, 25.00750736200007], [67.08289406400007, 25.007492506000062], [67.08283042900007, 25.007490158000053], [67.08169642900003, 25.007416613000032], [67.08155242200007, 25.00740727400006], [67.08133368600005, 25.00739308800007], [67.08100700400007, 25.007371902000045], [67.07976847100008, 25.007292283000027], [67.07944091400003, 25.007271226000057], [67.07941621800006, 25.007269638000025], [67.07940483100003, 25.007268906000036], [67.07907795700004, 25.007250746000068], [67.07823055100005, 25.007203668000045], [67.07804616100003, 25.007193424000036], [67.07782554600004, 25.007181168000045], [67.07771371200005, 25.007176448000052], [67.07735795300005, 25.007161432000032], [67.07697127600005, 25.007145111000057], [67.07679053300006, 25.007137482000076], [67.07665062000007, 25.007131577000052], [67.07648422800008, 25.007120824000026], [67.07607607500006, 25.007094446000053], [67.07552909900005, 25.007059097000024], [67.07538278300007, 25.00705164900006], [67.07531781100005, 25.00704834100003], [67.07456747100008, 25.00701014200007], [67.07448005700007, 25.007005692000064], [67.07434401900008, 25.006999343000075], [67.07426517800008, 25.006995664000044], [67.07376832500006, 25.006972478000023], [67.07333564800007, 25.006952286000057], [67.07317517100006, 25.006944057000055], [67.07300119600006, 25.00693513500005], [67.07285564800003, 25.006927671000028], [67.07259178200007, 25.00691413900006], [67.07255942300003, 25.006912415000045], [67.07224912000004, 25.006895882000038], [67.07166099500006, 25.006864548000067], [67.07129974800006, 25.006849129000045], [67.07103538500007, 25.006837845000064], [67.07081495400007, 25.006825451000054], [67.07019695000008, 25.006790704000025], [67.07008552600007, 25.006784439000057], [67.06987859700007, 25.006772814000044], [67.06960889200008, 25.00675766200004], [67.06912791900004, 25.006730641000047], [67.06906700100006, 25.006727219000027], [67.06834602400005, 25.00668907200003], [67.06785130100008, 25.006665372000043], [67.06770896900008, 25.00665855400007], [67.06737022700008, 25.00664333000003], [67.06710213800005, 25.006631281000068], [67.06708686300004, 25.006630594000057], [67.06699816200006, 25.006626608000033], [67.06684192800003, 25.006619586000056], [67.06669044500006, 25.006612778000033], [67.06657939100006, 25.006608437000068], [67.06630336100005, 25.006597647000035], [67.06629071100008, 25.00659715300003], [67.06625196500005, 25.00659563800008], [67.06558209200006, 25.006569454000044], [67.06551933300005, 25.006567001000064], [67.06511116000007, 25.006547928000032], [67.06498146100006, 25.00655555700007], [67.064808, 25.006579], [67.064793, 25.006619], [67.06478, 25.006645], [67.064749, 25.006695], [67.064707, 25.006745], [67.064691, 25.00676], [67.06465763700004, 25.006786223000063], [67.064601, 25.006821], [67.064541, 25.006846], [67.064477, 25.006861], [67.064412, 25.006867], [67.064347, 25.006861], [67.064283, 25.006846], [67.064223, 25.006821], [67.064167, 25.006787], [67.064133, 25.00676], [67.064117, 25.006745], [67.064075, 25.006695], [67.064053, 25.006661], [67.063996, 25.006616], [67.063936, 25.006576], [67.063872, 25.00654], [67.063806, 25.00651], [67.063738, 25.006485], [67.063668, 25.006466], [67.063597, 25.006453], [67.063525, 25.006446], [67.06329924400006, 25.006435277000037], [67.06299016200006, 25.006420597000044], [67.062746, 25.006409], [67.062119, 25.00638], [67.06109348400008, 25.006325247000063], [67.060246, 25.00628], [67.05919467400008, 25.006223844000033], [67.05912017600008, 25.00621986400006], [67.057625, 25.00614], [67.05692478900005, 25.006102207000026], [67.05642498100008, 25.006075231000068], [67.05483487400005, 25.005989407000072], [67.053938, 25.005941], [67.05386706100006, 25.005937349000078], [67.053802, 25.005934], [67.05294, 25.005887], [67.05286778300007, 25.005882734000068], [67.05215097900003, 25.005840387000035], [67.05210031100006, 25.005837394000025], [67.05158872700008, 25.00580717100007], [67.05151792000004, 25.005802988000028], [67.051315, 25.005791], [67.051163, 25.005733], [67.051008, 25.005687], [67.050939, 25.00555], [67.051049, 25.003857], [67.05106526200007, 25.00360062900006], [67.051083, 25.003321], [67.0512, 25.001512], [67.05131974800008, 24.999368520000075], [67.05161784500007, 24.998829456000067], [67.05180450400007, 24.99861168700005], [67.05216226600004, 24.998502803000065], [67.05206893700006, 24.997927273000073], [67.05214671100003, 24.997507291000034], [67.05239558900007, 24.996542889000068], [67.05283112600006, 24.995485157000076], [67.05317333300007, 24.995158505000063], [67.05362442400008, 24.994676304000052], [67.05395107700008, 24.994645194000043], [67.05404440600006, 24.994536310000058], [67.05421551000006, 24.994271877000074], [67.05438661300008, 24.994147438000027], [67.05441772300003, 24.993883005000043], [67.05447994200006, 24.99355635200004], [67.05448199200004, 24.993474382000045], [67.05449549700006, 24.992934157000036], [67.05423106400008, 24.99193864500006], [67.05409107100007, 24.991145347000042], [67.05381108300003, 24.990103170000054], [67.05328221700006, 24.988905444000068], [67.05300143600005, 24.988432127000067], [67.05273779600003, 24.98798770700006], [67.05222030600004, 24.987215246000062], [67.05191338800006, 24.98694553000007], [67.05138452200003, 24.986416664000046], [67.05082454600006, 24.98585668900006], [67.05043567500007, 24.985234494000053], [67.05021790600006, 24.984627853000063], [67.05010902200007, 24.983896774000073], [67.05012453600006, 24.98376956000004], [67.05018679700004, 24.983259024000063], [67.05007791200006, 24.98308792100005], [67.05007791200006, 24.982854597000028], [67.05017124200003, 24.98162576200008], [67.05032679000004, 24.981330220000075], [67.05037345500006, 24.981112451000058], [67.05034234500005, 24.980816909000055], [67.05010902200007, 24.980116939000027], [67.05006235800005, 24.979696957000044], [67.05021790600006, 24.97927697600005], [67.05063788800004, 24.978748110000026], [67.05090232100008, 24.978250354000068], [67.05087121100007, 24.977768153000056], [67.05049789400005, 24.97702151900006], [67.05001569300003, 24.976228220000053], [67.04965793100007, 24.975077159000023], [67.04944016200005, 24.97405053700004], [67.04950238200007, 24.97380165900006], [67.04951614400005, 24.97371633800003], [67.04958015600005, 24.97331945800005], [67.04939349800003, 24.972775037000076], [67.04930016900005, 24.97215284200007], [67.04923794900003, 24.971406208000076], [67.04889574200007, 24.97106400100006], [67.04880241300003, 24.970690684000033], [67.04882635500007, 24.970243754000023], [67.04884907700006, 24.969819611000048], [67.04886463200006, 24.968528556000024], [67.04903573600006, 24.96823301300003], [67.04889574200007, 24.96734638600003], [67.04884907700006, 24.96661530600005], [67.04922239400008, 24.965930892000074], [67.05028012600008, 24.965806453000027], [67.05122897300004, 24.965899782000065], [67.05177339400007, 24.96600866600005], [67.05188227800005, 24.96613310500004], [67.05197560700003, 24.966226434000077], [67.05250447300006, 24.96591533700007], [67.05284668000007, 24.965635349000024], [67.05320444300008, 24.96549535500003], [67.05353254600004, 24.965526563000026], [67.053555, 24.965193], [67.053555, 24.96486127000003], [67.05188196800003, 24.96483259000007], [67.04840737600006, 24.96488809400006], [67.04790783400006, 24.965265526000053], [67.04731948400007, 24.965543049000075], [67.04717517200004, 24.965543049000075], [67.04710856600008, 24.965432040000053], [67.04705306200003, 24.96535433400004], [67.04670893300005, 24.965309930000046], [67.04620569900004, 24.96521441400006], [67.04511114700006, 24.965223931000025], [67.04440540600007, 24.96519452600006], [67.04374057700005, 24.96516682400005], [67.04368735200006, 24.963971866000065], [67.04346533300003, 24.964055123000037], [67.04328494300006, 24.96424938900003], [67.04307680000005, 24.96454078900007], [67.04270214400003, 24.96504033100007], [67.04204996400006, 24.966011662000028], [67.04148882300007, 24.967149961000075], [67.04131128100005, 24.967585340000028], [67.04035949700005, 24.969465115000048], [67.04006206400004, 24.96991721200004], [67.03985981000005, 24.97005998000003], [67.03964565900003, 24.97004808300005], [67.03952668600004, 24.969952904000024], [67.03946719900006, 24.969857726000043], [67.03944340400005, 24.969584088000033], [67.03944340400005, 24.969358039000042], [67.03931253400003, 24.969084401000032], [67.03896751200006, 24.968549022000047], [67.03814659800008, 24.967276011000024], [67.03676651100005, 24.965003625000065], [67.03573144500007, 24.963338003000047], [67.03499381200004, 24.962195861000055], [67.03435135800004, 24.961315461000027], [67.03372080100007, 24.96069680100004], [67.03242399500004, 24.95935240500006], [67.02890239200008, 24.95617582500006], [67.02849788400005, 24.955735625000045], [67.02804578600006, 24.955283527000063], [67.02735574300004, 24.954343640000047], [67.02686795300008, 24.953665494000063], [67.02605893600008, 24.95252335200007], [67.02536204100005, 24.95129078100007], [67.02484903500005, 24.950615114000072], [67.02466264000003, 24.950071894000075], [67.02415640900006, 24.95040997600006], [67.02338546400006, 24.950938216000054], [67.02272873300006, 24.951295135000066], [67.02204344800003, 24.951709161000053], [67.02171508200007, 24.951994697000032], [67.02132961000007, 24.952223125000046], [67.02110803400006, 24.95237485800004], [67.02065883000006, 24.952516712000033], [67.02033571800007, 24.952532474000066], [67.01973677900008, 24.95246942800003], [67.01916148300006, 24.95237485800004], [67.01852314000007, 24.95225664700007], [67.01813698200004, 24.95213843500005], [67.01790055900005, 24.952020223000034], [67.01766413600006, 24.951838966000025], [67.01753016200007, 24.951768039000058], [67.01728585800004, 24.951720754000064], [67.01694698500006, 24.951704992000032], [67.01667903900005, 24.951657708000027], [67.01639533100007, 24.951547377000054], [67.01616678800008, 24.951444927000068], [67.01600129200006, 24.951342477000026], [67.01572546500006, 24.951303073000076], [67.01533930700003, 24.951334596000038], [67.01463791800006, 24.95147645000003], [67.01376315200008, 24.951665589000072], [67.01317997500007, 24.951768039000058], [67.01293567100004, 24.951838966000025], [67.01256527400005, 24.951925654000036], [67.01224216300005, 24.951949296000066], [67.01197421600006, 24.951949296000066], [67.01179295800006, 24.951980820000074], [67.01152501200005, 24.952067508000027], [67.01155653500007, 24.952185720000045], [67.01158805800003, 24.95238273900003], [67.01156441600006, 24.95255611600004], [67.01140680000003, 24.95269797000003], [67.01107580800004, 24.952855586000055], [67.01071329200005, 24.953123532000063], [67.01053203400005, 24.953257505000067], [67.01035077700004, 24.953352074000065], [67.01010647300006, 24.953470286000027], [67.00984640700005, 24.95357273600007], [67.00971243400005, 24.953651544000024], [67.00957058000006, 24.953880086000026], [67.00947601100006, 24.954108629000075], [67.00931839500004, 24.954203198000073], [67.00913713700004, 24.954282006000028], [67.00890859500004, 24.954289887000073], [67.00869581400008, 24.954282006000028], [67.00849091400005, 24.954250483000067], [67.00832541700004, 24.954140152000036], [67.00808899400005, 24.95398253600007], [67.00784469000007, 24.953880086000026], [67.00770283600008, 24.95383280200008], [67.00767919400005, 24.953872206000028], [67.00776588200006, 24.953998298000045], [67.00788409400008, 24.95419531700003], [67.00799442500005, 24.95439233700006], [67.00798654400006, 24.954612998000073], [67.00791561700004, 24.954762733000052], [67.00775012100007, 24.954904587000044], [67.00755310200003, 24.954967633000024], [67.00717482400006, 24.95500703700003], [67.00666257400007, 24.955085845000042], [67.00629217800008, 24.95518041400004], [67.00615820400003, 24.955274983000038], [67.00604787400005, 24.955519287000072], [67.00592178100004, 24.955834518000074], [67.00585873500006, 24.955976372000066], [67.00568535800005, 24.95611034600006], [67.00552774200008, 24.956157630000064], [67.00532284200006, 24.956157630000064], [67.00513370400006, 24.956031538000047], [67.00491304200006, 24.955802995000056], [67.00462145300008, 24.955605976000072], [67.00439291100008, 24.95550352600003], [67.00423529500006, 24.955472003000068], [67.00406979900004, 24.95550352600003], [67.00392006400006, 24.955605976000072], [67.00390430300007, 24.95573206800003], [67.00395158700007, 24.955802995000056], [67.00407768000008, 24.955842399000062], [67.00423529500006, 24.95591332600003], [67.00438503000004, 24.956039419000035], [67.00446383800005, 24.956236438000076], [67.00449536100007, 24.956449219000035], [67.00450324200006, 24.956740808000063], [67.00448748000008, 24.956977231000053], [67.00444807600007, 24.957213654000043], [67.00435350700008, 24.95733186600006], [67.00421953400007, 24.957434316000047], [67.00410132200005, 24.95748160000005], [67.00389642200008, 24.957528885000045], [67.00373092600006, 24.957465839000065], [67.00352602600003, 24.95733186600006], [67.00343145600004, 24.957268820000024], [67.00337629100005, 24.957347627000047], [67.00337629100005, 24.957473720000053], [67.00339993300008, 24.957639216000075], [67.00342357600005, 24.957781070000067], [67.00341569500006, 24.957946566000032], [67.00333688700005, 24.958119943000042], [67.00312410600003, 24.95823815500006], [67.00286404000008, 24.958403651000026], [67.00265126000005, 24.958553386000062], [67.00240695600007, 24.95874252400006], [67.00220993600004, 24.958963186000062], [67.00213112800003, 24.958986828000036], [67.00209172500007, 24.959081398000023], [67.00214689000006, 24.959160205000046], [67.00228086300007, 24.95931782100007], [67.00228874400005, 24.959404509000024], [67.00228086300007, 24.959546363000072], [67.00217841300008, 24.959633052000072], [67.00202867800004, 24.959672456000078], [67.00184742100004, 24.959751264000033], [67.00173709000006, 24.95984583300003], [67.00162675900003, 24.959948283000074], [67.00157947400004, 24.960074375000033], [67.00142185900006, 24.960098018000053], [67.00118543500008, 24.960168945000078], [67.00119331600007, 24.960263514000076], [67.00124060100006, 24.960334441000043], [67.00123272000008, 24.960444772000073], [67.00110662800006, 24.960555103000047], [67.00101993900006, 24.960657553000033], [67.00088596600006, 24.960712718000025], [67.00075987400004, 24.96083881100003], [67.00068894700007, 24.96092549900004], [67.00059437700008, 24.961004307000053], [67.00053133100005, 24.961114638000026], [67.000421, 24.96128013400005], [67.00022398100003, 24.961461392000047], [67.00009000800003, 24.961555961000045], [67.00009000800003, 24.96162688800007], [67.00006636500007, 24.96183178800004], [66.99999543800004, 24.961902715000065], [66.99989298800006, 24.961957881000046], [66.99976689600004, 24.961981523000077], [66.99969596900007, 24.962052450000044], [66.99968808800003, 24.962170661000073], [66.99969596900007, 24.962288873000034], [66.99965656500007, 24.962383442000032], [66.99956199600007, 24.962454369000056], [66.99946742700007, 24.962572581000074], [66.99938073800007, 24.962714435000066], [66.99934133400006, 24.962832647000027], [66.99926252600005, 24.96294297700007], [66.99914431500008, 24.962974501000076], [66.99883696500007, 24.963013904000036], [66.99861630300006, 24.96299814300005], [66.99847444900007, 24.96299814300005], [66.99841140300003, 24.963076951000062], [66.99840352200005, 24.963203043000078], [66.99843504500006, 24.963352778000058], [66.99853749500005, 24.96358132000006], [66.99864782600008, 24.96380986300005], [66.99870299100007, 24.96396747800003], [66.99873451400003, 24.964117213000065], [66.99872663400004, 24.964235424000037], [66.99871875300005, 24.964361517000043], [66.99859266100003, 24.964495490000047], [66.99845080700004, 24.96465310600007], [66.99835623700005, 24.96472403300004], [66.99810405200003, 24.964755556000057], [66.99800160200004, 24.96474767500007], [66.99791491400003, 24.964771317000043], [66.99787551000003, 24.964834363000023], [66.99793067500008, 24.965031383000053], [66.99797007900008, 24.96512595200005], [66.99804100600005, 24.965291448000073], [66.99809617200003, 24.965456945000028], [66.99809617200003, 24.96555939500007], [66.99802524500006, 24.965646083000024], [66.99783610600008, 24.965724891000036], [66.99747359100007, 24.965921910000077], [66.99732385600004, 24.966024360000063], [66.99731597500005, 24.96609528700003], [66.99736326000004, 24.966142572000024], [66.99726869000006, 24.966276545000028], [66.99723716700004, 24.96635535300004], [66.99729233300008, 24.966410518000032], [66.99740266400005, 24.966402638000034], [66.99754451700005, 24.966449922000038], [66.99768637100004, 24.966505088000076], [66.99783610600008, 24.966631180000036], [66.99789127200006, 24.96678879600006], [66.99788339100007, 24.966946411000038], [66.99779670200007, 24.96708826500003], [66.99766272900007, 24.967222238000033], [66.99754451700005, 24.967277404000072], [66.99734749800007, 24.96734045000005], [66.99725292900007, 24.967356211000038], [66.99725292900007, 24.967505946000074], [66.99733173700008, 24.967655681000053], [66.99746571000003, 24.96781329600003], [66.99755239800004, 24.967915746000074], [66.99758392100006, 24.96801819600006], [66.99753663700005, 24.96816005000005], [66.99741842500003, 24.96824673900005], [66.99733961700008, 24.968317666000075], [66.99732385600004, 24.96839647400003], [66.99737114000004, 24.968435877000047], [66.99747359100007, 24.968538328000022], [66.99748935200006, 24.96865653900005], [66.99745782900004, 24.968782632000057], [66.99737902100003, 24.968853559000024], [66.99733173700008, 24.968948128000022], [66.99737114000004, 24.96901117400006], [66.99745782900004, 24.969034816000033], [66.99754451700005, 24.969113624000045], [66.99756027900008, 24.96918455100007], [66.99752087500008, 24.96927124000007], [66.99741054400005, 24.969373690000054], [66.99735537900006, 24.969468259000053], [66.99738690200007, 24.969641636000063], [66.99752087500008, 24.96976772800008], [66.99753448500007, 24.969905976000064], [66.99749582700008, 24.970021951000035], [66.99743139600008, 24.97017014200003], [66.99741851000005, 24.97032477600004], [66.99748294100004, 24.97044719400003], [66.99758603000004, 24.970518068000047], [66.99764401800007, 24.970582499000045], [66.99766334700007, 24.970743576000075], [66.99758603000004, 24.970917539000027], [66.99750227000004, 24.970988413000043], [66.99750227000004, 24.97110438800007], [66.99750227000004, 24.971271908000062], [66.99745072500008, 24.971432985000035], [66.99734763600003, 24.971536074000028], [66.99726387600003, 24.97164560600004], [66.99725743300007, 24.971774468000035], [66.99734119300007, 24.971832455000026], [66.99745072500008, 24.97185178500007], [66.99752804200006, 24.971954874000062], [66.99756670100004, 24.972051520000036], [66.99757314400006, 24.972180381000044], [66.99755381500006, 24.972277027000075], [66.99750871300006, 24.972412332000033], [66.99752159900004, 24.97254119400003], [66.99757314400006, 24.972644283000022], [66.99762468800003, 24.97277314400003], [66.99765046100003, 24.97292777800004], [66.99762468800003, 24.973082412000053], [66.99755381500006, 24.973198387000025], [66.99743783900004, 24.97326926100004], [66.99727676200007, 24.973295033000056], [66.99716723000006, 24.97332080600006], [66.99716723000006, 24.97338523600007], [66.99721233200006, 24.97349476900007], [66.99723810400008, 24.973572085000058], [66.99720588900004, 24.97366873200008], [66.99713501500008, 24.973700947000054], [66.99704481200007, 24.97377182100007], [66.99707702700005, 24.973829808000062], [66.99718655900006, 24.973887796000042], [66.99730897800004, 24.97395222700004], [66.99744428200006, 24.974035987000036], [66.99753448500007, 24.974106861000053], [66.99755381500006, 24.974274381000043], [66.99757314400006, 24.974487002000046], [66.99759247300005, 24.97462230700006], [66.99754737200004, 24.974764054000048], [66.99748938400006, 24.974873586000058], [66.99745072500008, 24.974996005000037], [66.99741206700003, 24.97526017100006], [66.99737340900003, 24.975685414000054], [66.99732186400007, 24.975833605000048], [66.99725743300007, 24.975981795000052], [66.99725099000005, 24.97609777100007], [66.99732830700003, 24.976181531000066], [66.99745072500008, 24.97627173400008], [66.99755381500006, 24.976458583000067], [66.99757958700008, 24.976587444000074], [66.99759891600007, 24.97678718000003], [66.99766334700007, 24.97694825600007], [66.99771489200003, 24.97707067500005], [66.99770844800008, 24.977205979000075], [66.99766334700007, 24.977373499000066], [66.99763113200004, 24.977560348000054], [66.99763757500006, 24.97781162800004], [66.99765690400005, 24.977940490000037], [66.99772777800007, 24.97803713600007], [66.99777932200004, 24.978133782000043], [66.99785663900008, 24.978269087000058], [66.99791462700006, 24.978404391000026], [66.99795328500005, 24.97854613900006], [66.99792751300004, 24.978707216000032], [66.99779220800008, 24.978855406000037], [66.99768267600007, 24.978964939000036], [66.99758603000004, 24.979126015000077], [66.99758603000004, 24.979254877000074], [66.99763757500006, 24.979428840000026], [66.99770200500006, 24.979538372000036], [66.99778576500006, 24.97973166400004], [66.99786952500006, 24.979821868000045], [66.99791462700006, 24.979924957000037], [66.99792751300004, 24.980066704000023], [66.99794684200003, 24.980272883000055], [66.99794684200003, 24.980408187000023], [66.99788241100003, 24.980517720000023], [66.99780509500005, 24.980627252000033], [66.99769556200005, 24.980723898000065], [66.99762468800003, 24.98082054400004], [66.99757958700008, 24.98098162100007], [66.99756670100004, 24.981239344000073], [66.99759247300005, 24.981374648000042], [66.99765046100003, 24.98143907900004], [66.99772133500005, 24.981497067000078], [66.99777287900008, 24.98161304200005], [66.99779865100004, 24.981748347000064], [66.99777932200004, 24.98199962700005], [66.99779220800008, 24.98217359000006], [66.99783731000008, 24.982347553000068], [66.99788885500004, 24.982540845000074], [66.99789529800006, 24.982753466000077], [66.99790174100008, 24.98290810000003], [66.99789529800006, 24.98303696200003], [66.99785663900008, 24.983165823000036], [66.99775999300005, 24.983281798000064], [66.99761824500007, 24.98341710300008], [66.99748294100004, 24.98352019200007], [66.99735407900005, 24.983629724000025], [66.99725099000005, 24.983726371000046], [66.99724454700004, 24.983823017000077], [66.99724454700004, 24.983913220000034], [66.99714145800004, 24.98393899200005], [66.99682574700006, 24.983977650000043], [66.99602680600003, 24.984016309000026], [66.99472530500003, 24.984080740000024], [66.99362353900005, 24.98415161300005], [66.99064058500005, 24.984371355000064], [66.99069296000005, 24.989146240000025], [66.98478327700008, 24.988412985000025], [66.98521973800007, 24.986990122000066], [66.98088131400004, 24.98631797200005], [66.98108208600007, 24.984388814000056], [66.98132650400004, 24.982433468000067], [66.97959831100007, 24.982366223000042], [66.97939493600006, 24.982358310000052], [66.97702854500005, 24.982311259000028], [66.97706509400007, 24.98006352500005], [66.96924371000006, 24.980876729000045], [66.96829587900004, 24.97588714500006], [66.96750433100004, 24.97165551200004], [66.96733301000006, 24.97085601300006], [66.96758999200006, 24.96917135500007], [66.96805527800007, 24.96575940500003], [66.96701538600007, 24.965743157000077], [66.96677166100005, 24.965832523000074], [66.96653606000007, 24.965978757000073], [66.96614610100005, 24.966092496000044], [66.96552054000006, 24.966173737000076], [66.96508183600008, 24.96625497900004], [66.96460251000008, 24.966238730000043], [66.96396070200007, 24.966059999000038], [66.96320645100008, 24.965858775000072], [66.96281932400007, 24.968707745000074], [66.96265986100008, 24.96979409000005], [66.96261999500007, 24.970372144000066], [66.96246053200008, 24.970750870000074], [66.96240406600003, 24.971051069000055], [66.96319805000007, 24.97226577300006], [66.96335751300006, 24.972594666000077], [66.96333758000003, 24.972803962000057], [66.96332761400004, 24.972933526000077], [66.96311831800006, 24.973182687000076], [66.96271966000006, 24.97370094300004], [66.96235090100004, 24.974119535000057], [66.96212167200008, 24.97460789200005], [66.96157351600004, 24.97553477300005], [66.96093566300004, 24.976501520000056], [66.96078616600005, 24.976571285000034], [66.96002871500008, 24.976740715000062], [66.95934102900003, 24.97698987600006], [66.95870317500004, 24.97727890400006], [66.95768659600003, 24.97795662300007], [66.95397907100005, 24.975823800000057], [66.95107883000003, 24.974418529000047], [66.94990278700004, 24.976292224000076], [66.94683311600005, 24.976062995000063], [66.94546771100005, 24.974548093000067], [66.94161068900007, 24.974109568000074], [66.94002602200004, 24.97328235200007], [66.93922870500006, 24.972963425000046], [66.93864068300007, 24.97263453200003], [66.93731511400006, 24.971824708000042], [66.93168180600003, 24.968584022000073], [66.93034626900004, 24.972049725000034], [66.93074040000005, 24.97225173700008], [66.93161495300006, 24.972834773000045], [66.93194291100008, 24.973527128000057], [66.93223442900006, 24.974401682000064], [66.93263526600003, 24.975421995000033], [66.93332762100005, 24.976005031000057], [66.93369201900003, 24.976515187000075], [66.93365557900006, 24.985187847000077], [66.93354626000007, 24.989086900000075], [66.93365557900006, 24.992111399000066], [66.93318186200008, 24.99396982600007], [66.93248950700007, 24.997686680000072], [66.93205223000007, 24.999144269000055], [66.93212511000007, 24.99987306400004], [66.93245306800003, 25.00133065400007], [66.93310898300007, 25.00493818900003], [66.93391065700007, 25.008072007000067], [66.93493097000004, 25.01295493300006], [66.93573264500003, 25.016380269000024], [66.93620636100007, 25.01831157600003], [66.93580552400005, 25.019113250000032], [66.93522248800008, 25.020206442000074], [66.93456657300004, 25.020898798000076], [66.93372845900006, 25.021481834000042], [66.93314542300004, 25.021700472000077], [66.93230730900007, 25.022575026000027], [66.93168500900003, 25.023404624000023], [66.92876608500006, 25.021183094000037], [66.92557875700004, 25.018757347000076], [66.92550221600004, 25.01869903200003], [66.91809925400008, 25.01305880800004], [66.91575980700003, 25.01127641200003], [66.91504, 25.010728], [66.91422392000004, 25.010621550000053], [66.90337258068662, 25.009206092809528], [66.915939, 25.013702], [67.007759, 25.100937], [67.00800100903109, 25.126908123015237]]]}, "properties": {"objectid": 162, "province_territory": "Sindh", "districts": "Malir", "shape_leng": 3.32305, "shape_area": 0.257818, "district_agency": "Malir", "status": "District", "cartodb_id": 155, "created_at": "2015-07-06T09:49:19Z", "updated_at": "2026-08-09T00:00:00Z"}}]}