path,bytes,sha256,identity_status,dataset_ids,roles
../Adaad/data/pk-health-access/MICS reports and data/Balochistan 2019 MICS.pdf,15505541,,metadata_only,health_access,inputs
../Adaad/data/pk-health-access/MICS reports and data/MICS Punjab 2018 SFR_Final_English.pdf,28798718,,metadata_only,health_access,inputs
../Adaad/data/pk-health-access/MICS reports and data/MICS_Datasets.zip,190135626,,metadata_only,health_access,inputs
../Adaad/data/pk-health-access/MICS reports and data/MICS_Datasets/PAK(Balochistan)_2010_MICS4_v01_M/PAK(Balochistan)_2010_MICS4_Datasets/Pakistan (Balochistan) 2010 MICS_Datasets.zip,3655486,,metadata_only,health_access,inputs
../Adaad/data/pk-health-access/MICS reports and data/MICS_Datasets/PAK(Balochistan)_2019_MICS6_v01_M/PAK(Balochistan)_2019_MICS6_Datasets/Pakistan (Balochistan) MICS6 Datasets.zip,21938583,,metadata_only,health_access,inputs
../Adaad/data/pk-health-access/MICS reports and data/MICS_Datasets/PAK(Gilgit-Baltistan)_2016_MICS5_v01_M/PAK(Gilgit-Baltistan)_2016_MICS5_Datasets/Pakistan (Gilgit Baltistan)_MICS5_Datasets.zip,3278259,,metadata_only,health_access,inputs
../Adaad/data/pk-health-access/MICS reports and data/MICS_Datasets/PAK(Khyber Pakhtunkhwa)_2016_MICS5_v01_M/PAK(Khyber Pakhtunkhwa)_2016_MICS5_Datasets/Pakistan_(Khyber_Pakhtunkhwa)_MICS5_Datasets.zip,11503152,,metadata_only,health_access,inputs
../Adaad/data/pk-health-access/MICS reports and data/MICS_Datasets/PAK(Khyber Pakhtunkhwa)_2019_MICS6_v01_M/PAK(Khyber Pakhtunkhwa)_2019_MICS6_Datasets/Pakistan Khyber Pakhtunkhwa MICS6 Datasets.zip,23917035,,metadata_only,health_access,inputs
../Adaad/data/pk-health-access/MICS reports and data/MICS_Datasets/PAK(Punjab)_2011_MICS4_v01_M/PAK(Punjab)_2011_MICS4_Datasets/Pakistan (Punjab) 2011 MICS_Datasets.zip,32349795,,metadata_only,health_access,inputs
../Adaad/data/pk-health-access/MICS reports and data/MICS_Datasets/PAK(Punjab)_2014_MICS5_v01_M/PAK(Punjab)_2014_MICS5_Datasets/Pakistan (Punjab)_MICS5_Datasets.zip,16072652,,metadata_only,health_access,inputs
../Adaad/data/pk-health-access/MICS reports and data/MICS_Datasets/PAK(Punjab)_2017_MICS6_v01_M/PAK(Punjab)_2017_MICS6_Datasets/Pakistan Punjab MICS6 Datasets.zip,51812723,,metadata_only,health_access,inputs
../Adaad/data/pk-health-access/MICS reports and data/MICS_Datasets/PAK(Sindh)_2014_MICS5_v01_M/PAK(Sindh)_2014_MICS5_Datasets/Pakistan (Sindh)_MICS5_Datasets.zip,9019690,,metadata_only,health_access,inputs
../Adaad/data/pk-health-access/MICS reports and data/MICS_Datasets/PAK(Sindh)_2018_MICS6_v01_M/PAK(Sindh)_2018_MICS6_Datasets/Pakistan Sindh MICS6 Datasets.zip,19246043,,metadata_only,health_access,inputs
../Adaad/data/pk-health-access/MICS reports and data/Pakistan (AJK) 2020-21 MICS Survey Findings Report.pdf,22525874,,metadata_only,health_access,inputs
../Adaad/data/pk-health-access/MICS reports and data/Pakistan (Gilgit-Baltistan) 2024-25 MICS Key Findings Report.pdf,812915,,metadata_only,health_access,inputs
../Adaad/data/pk-health-access/MICS reports and data/Pakistan (Punjab) 2011 MICS_English.zip,70971200,,metadata_only,health_access,inputs
../Adaad/data/pk-health-access/MICS reports and data/Pakistan (Punjab) 2014 MICS_English.pdf,16074054,,metadata_only,health_access,inputs
../Adaad/data/pk-health-access/MICS reports and data/Pakistan (Sindh) 2014 MICS_English.pdf,14431633,,metadata_only,health_access,inputs
../Adaad/data/pk-health-access/MICS reports and data/Pakistan 1995 MICS_English.zip,90327582,,metadata_only,health_access,inputs
../Adaad/data/pk-health-access/MICS reports and data/Pakistan 2016-17 MICS (Gilgit-Baltistan)_English.pdf,3811922,,metadata_only,health_access,inputs
../Adaad/data/pk-health-access/MICS reports and data/Pakistan 2016-17 MICS (Khyber Pakhtunkhwa) Final Report_English.pdf,32866837,,metadata_only,health_access,inputs
../Adaad/data/pk-health-access/MICS reports and data/Pakistan 2018-19 MICS (Sindh)_English.pdf,20121626,,metadata_only,health_access,inputs
../Adaad/data/pk-health-access/MICS reports and data/Pakistan 2019 MICS (Khyber Pakhtunkhwa) [2022-08-02]_English.pdf,15974830,,metadata_only,health_access,inputs
../Adaad/data/pk-health-access/MICS reports and data/Pakistan 2024 MICS (Punjab) KFR.pdf,18550373,,metadata_only,health_access,inputs
../Adaad/data/pk-health-access/README.md,7966,,metadata_only,health_access,inputs
../Adaad/data/pk-health-access/analyze_outcomes.py,8447,,metadata_only,health_access,inputs
../Adaad/data/pk-health-access/build.py,6833,,metadata_only,health_access,inputs|pipeline
../Adaad/data/pk-health-access/build_tehsils.py,4023,,metadata_only,health_access,inputs|pipeline
../Adaad/data/pk-health-access/district_access_mpi.csv,43943,,metadata_only,health_access,inputs
../Adaad/data/pk-health-access/district_outcomes_merged.csv,67911,,metadata_only,health_access,inputs
../Adaad/data/pk-health-access/district_travel_time_stats.csv,40263,,metadata_only,health_access,inputs
../Adaad/data/pk-health-access/fig_burden_concentration.png,140245,,metadata_only,health_access,inputs
../Adaad/data/pk-health-access/fig_ccdf_tail.png,133390,,metadata_only,health_access,inputs
../Adaad/data/pk-health-access/fig_mpi_vs_access.png,157632,,metadata_only,health_access,inputs
../Adaad/data/pk-health-access/fig_outcomes.png,221395,,metadata_only,health_access,inputs
../Adaad/data/pk-health-access/fig_quintile_access.png,60575,,metadata_only,health_access,inputs
../Adaad/data/pk-health-access/fig_travel_time_maps.png,553997,,metadata_only,health_access,inputs
../Adaad/data/pk-health-access/figures/_assets.js,928359,,metadata_only,health_access,inputs
../Adaad/data/pk-health-access/figures/_template.html,25561,,metadata_only,health_access,inputs
../Adaad/data/pk-health-access/figures/build_page.py,1066,,metadata_only,health_access,inputs
../Adaad/data/pk-health-access/figures/figdata.json,27014,,metadata_only,health_access,inputs
../Adaad/data/pk-health-access/figures/map_motorised.png,152332,,metadata_only,health_access,inputs
../Adaad/data/pk-health-access/figures/map_walking.png,94947,,metadata_only,health_access,inputs
../Adaad/data/pk-health-access/figures/unequal-road-figures.html,381537,,metadata_only,health_access,inputs
../Adaad/data/pk-health-access/make_charts.py,8143,,metadata_only,health_access,inputs
../Adaad/data/pk-health-access/outcome_regressions.txt,2430,,metadata_only,health_access,inputs
../Adaad/data/pk-health-access/pak_motorized_tt_healthcare_2019.tif,4260937,,metadata_only,health_access,inputs
../Adaad/data/pk-health-access/pak_walking_tt_healthcare_2020.tif,1742470,,metadata_only,health_access,inputs
../Adaad/data/pk-health-access/travel_time_tehsils.csv,66258,,metadata_only,health_access,inputs
../Adaad/data/pk-mics-districts/DOWNLOAD.md,3328,,metadata_only,mics,inputs
../Adaad/data/pk-mics-districts/NOTES.md,4767,,metadata_only,mics,inputs
../Adaad/data/pk-mics-districts/README.md,26848,,metadata_only,mics,inputs
../Adaad/data/pk-mics-districts/SPECIFICATION.md,13334,,metadata_only,mics,inputs
../Adaad/data/pk-mics-districts/ajk_district_panel.csv,1794,,metadata_only,mics,inputs
../Adaad/data/pk-mics-districts/ajk_sfr_tables.json,1327425,,metadata_only,mics,inputs
../Adaad/data/pk-mics-districts/analyze_access.py,7595,,metadata_only,mics,inputs
../Adaad/data/pk-mics-districts/analyze_careseeking.py,7441,,metadata_only,mics,inputs
../Adaad/data/pk-mics-districts/analyze_casemix.py,7067,,metadata_only,mics,inputs
../Adaad/data/pk-mics-districts/analyze_cells.py,8530,,metadata_only,mics,inputs
../Adaad/data/pk-mics-districts/analyze_facility_type.py,4777,,metadata_only,mics,inputs
../Adaad/data/pk-mics-districts/analyze_mediation.py,11996,,metadata_only,mics,inputs
../Adaad/data/pk-mics-districts/analyze_mortality.py,8207,,metadata_only,mics,inputs
../Adaad/data/pk-mics-districts/build_ajk_panel.py,8157,,metadata_only,mics,inputs
../Adaad/data/pk-mics-districts/build_cells.py,4621,,metadata_only,mics,inputs
../Adaad/data/pk-mics-districts/build_gb_panel.py,19797,,metadata_only,mics,inputs
../Adaad/data/pk-mics-districts/build_mics6_indicators.py,14859,,metadata_only,mics,inputs
../Adaad/data/pk-mics-districts/build_panel.py,8243,,metadata_only,mics,inputs
../Adaad/data/pk-mics-districts/build_panel_cells.py,5302,,metadata_only,mics,inputs
../Adaad/data/pk-mics-districts/careseeking_results.txt,1440,,metadata_only,mics,inputs
../Adaad/data/pk-mics-districts/casemix_results.txt,756,,metadata_only,mics,inputs
../Adaad/data/pk-mics-districts/cell_regressions.txt,4020,,metadata_only,mics,inputs
../Adaad/data/pk-mics-districts/combine_panels.py,4887,,metadata_only,mics,inputs
../Adaad/data/pk-mics-districts/correlations.txt,675,,metadata_only,mics,inputs
../Adaad/data/pk-mics-districts/darbar_mics_district.py,9796,,metadata_only,mics,inputs
../Adaad/data/pk-mics-districts/darbar_mics_district_indicators.json,95757,,metadata_only,mics,inputs
../Adaad/data/pk-mics-districts/district_urbanrural_travel.csv,28350,,metadata_only,mics,inputs
../Adaad/data/pk-mics-districts/facility_type_results.txt,952,,metadata_only,mics,inputs
../Adaad/data/pk-mics-districts/fig_correlations.py,6615,,metadata_only,mics,inputs
../Adaad/data/pk-mics-districts/fig_mics_access.png,315172,,metadata_only,mics,inputs
../Adaad/data/pk-mics-districts/fig_mortality_correlation.png,206621,,metadata_only,mics,inputs
../Adaad/data/pk-mics-districts/fig_within_district.png,160130,,metadata_only,mics,inputs
../Adaad/data/pk-mics-districts/gb_boundary_panel.csv,6290,,metadata_only,mics,inputs
../Adaad/data/pk-mics-districts/gb_district_panel.csv,15193,,metadata_only,mics,inputs
../Adaad/data/pk-mics-districts/inspect_raw.py,2924,,metadata_only,mics,inputs
../Adaad/data/pk-mics-districts/mediation_results.txt,6949,,metadata_only,mics,inputs
../Adaad/data/pk-mics-districts/mics6_district_indicators.csv,114904,,metadata_only,mics,inputs
../Adaad/data/pk-mics-districts/mics_access_merged.csv,69319,,metadata_only,mics,inputs
../Adaad/data/pk-mics-districts/mics_access_regressions.txt,3754,,metadata_only,mics,inputs
../Adaad/data/pk-mics-districts/mics_all_districts.csv,82764,,metadata_only,mics,inputs
../Adaad/data/pk-mics-districts/mics_cell_panel.csv,47304,,metadata_only,mics,inputs
../Adaad/data/pk-mics-districts/mics_children_fever.csv,2313250,,metadata_only,mics,inputs
../Adaad/data/pk-mics-districts/mics_district_panel.csv,26603,,metadata_only,mics,inputs
../Adaad/data/pk-mics-districts/mortality_regressions.txt,10836,,metadata_only,mics,inputs
../Adaad/data/pk-mics-districts/parse_ajk_sfr.py,7877,,metadata_only,mics,inputs
../Adaad/data/pk-mics-districts/sindh_2018_19_divisions.csv,570,,metadata_only,mics,inputs
../Adaad/data/pk-school-access/.~lock.how-far-is-the-girls-school-chart-data.xlsx#,115,,metadata_only,school_access|school_registers,inputs
../Adaad/data/pk-school-access/CODE-README.md,4282,,metadata_only,school_access|school_registers,inputs
../Adaad/data/pk-school-access/METHOD.md,7082,,metadata_only,school_access|school_registers,inputs
../Adaad/data/pk-school-access/PK.txt,27512024,,metadata_only,school_access|school_registers,inputs
../Adaad/data/pk-school-access/PK.zip,6235517,,metadata_only,school_access|school_registers,inputs
../Adaad/data/pk-school-access/README.md,29766,,metadata_only,school_access|school_registers,inputs
../Adaad/data/pk-school-access/_kpema_validation_sample.csv,8367,,metadata_only,school_access|school_registers,inputs
../Adaad/data/pk-school-access/ajk_ict_osm_places.csv,25829,,metadata_only,school_access|school_registers,inputs
../Adaad/data/pk-school-access/ajk_kotli_board_roster.csv,44649,,metadata_only,school_access|school_registers,inputs
../Adaad/data/pk-school-access/ajk_mirpur_board_roster.csv,43405,,metadata_only,school_access|school_registers,inputs
../Adaad/data/pk-school-access/ajk_two_districts_distance.csv,394,,metadata_only,school_access|school_registers,inputs
../Adaad/data/pk-school-access/ajk_two_districts_geocoded.csv,111983,,metadata_only,school_access|school_registers,inputs
../Adaad/data/pk-school-access/analyse_enrolment_vs_access.py,5976,,metadata_only,school_access|school_registers,inputs
../Adaad/data/pk-school-access/analyse_gap_on_gap.py,8172,,metadata_only,school_access|school_registers,inputs
../Adaad/data/pk-school-access/analyse_logged.py,11060,,metadata_only,school_access|school_registers,inputs
../Adaad/data/pk-school-access/balochistan_friction_motorized_2020.tif,6291908,,metadata_only,school_access|school_registers,inputs
../Adaad/data/pk-school-access/balochistan_friction_walking_2020.tif,6291908,,metadata_only,school_access|school_registers,inputs
../Adaad/data/pk-school-access/balochistan_travel_time_stats.csv,50917,,metadata_only,school_access|school_registers,inputs
../Adaad/data/pk-school-access/balochistan_tt_gap_walking_primary.tif,1569959,,metadata_only,school_access|school_registers,inputs
../Adaad/data/pk-school-access/becs_schools.csv,163910,,metadata_only,school_access|school_registers,inputs
../Adaad/data/pk-school-access/build.py,10235,,metadata_only,school_access|school_registers,inputs
../Adaad/data/pk-school-access/build_balochistan.py,8058,,metadata_only,school_access|school_registers,inputs
../Adaad/data/pk-school-access/build_census_enrolment.py,6748,,metadata_only,school_access|school_registers,inputs
../Adaad/data/pk-school-access/build_district_access.py,7624,,metadata_only,school_access|school_registers,inputs
../Adaad/data/pk-school-access/build_gb.py,7162,,metadata_only,school_access|school_registers,inputs
../Adaad/data/pk-school-access/build_gb_distance.py,3716,,metadata_only,school_access|school_registers,inputs
../Adaad/data/pk-school-access/build_kp.py,7893,,metadata_only,school_access|school_registers,inputs
../Adaad/data/pk-school-access/build_map_figdata.py,5336,,metadata_only,school_access|school_registers,inputs
../Adaad/data/pk-school-access/build_national.py,13343,,metadata_only,school_access|school_registers,inputs
../Adaad/data/pk-school-access/build_punjab.py,7371,,metadata_only,school_access|school_registers,inputs
../Adaad/data/pk-school-access/build_sindh.py,7139,,metadata_only,school_access|school_registers,inputs
../Adaad/data/pk-school-access/census2023_enrolment_by_sex.csv,9795,,metadata_only,school_access|school_registers,inputs
../Adaad/data/pk-school-access/chart_data/coverage_ledger.csv,1897,,metadata_only,school_access|school_registers,inputs
../Adaad/data/pk-school-access/chart_data/fig1_district_gap_map.csv,4000,,metadata_only,school_access|school_registers,inputs
../Adaad/data/pk-school-access/chart_data/fig2_province_comparison.csv,1267,,metadata_only,school_access|school_registers,inputs
../Adaad/data/pk-school-access/chart_data/fig3_reasons_left_school.csv,119,,metadata_only,school_access|school_registers,inputs
../Adaad/data/pk-school-access/chart_data/fig4_enrolment_gap_map.csv,9816,,metadata_only,school_access|school_registers,inputs
../Adaad/data/pk-school-access/chart_data/fig5_enrolment_vs_distance.csv,5109,,metadata_only,school_access|school_registers,inputs
../Adaad/data/pk-school-access/chart_data/fig6_gap_on_gap.csv,4361,,metadata_only,school_access|school_registers,inputs
../Adaad/data/pk-school-access/chart_data/fig7_supply_vs_enrolment.csv,4852,,metadata_only,school_access|school_registers,inputs
../Adaad/data/pk-school-access/chart_data/fig8_villages_without_girls_school.csv,807,,metadata_only,school_access|school_registers,inputs
../Adaad/data/pk-school-access/compare_metrics.py,4613,,metadata_only,school_access|school_registers,inputs
../Adaad/data/pk-school-access/confound.png,228019,,metadata_only,school_access|school_registers,inputs
../Adaad/data/pk-school-access/coverage_ledger.csv,1904,,metadata_only,school_access|school_registers,inputs
../Adaad/data/pk-school-access/district_access.csv,23285,,metadata_only,school_access|school_registers,inputs
../Adaad/data/pk-school-access/district_school_counts.csv,3060,,metadata_only,school_access|school_registers,inputs
../Adaad/data/pk-school-access/enrolment_gap_map_data.csv,1910,,metadata_only,school_access|school_registers,inputs
../Adaad/data/pk-school-access/enrolment_vs_access.csv,33497,,metadata_only,school_access|school_registers,inputs
../Adaad/data/pk-school-access/fig10_enrolgapmap_adaad.png,339496,,metadata_only,school_access|school_registers,inputs
../Adaad/data/pk-school-access/fig1_gradient_adaad.png,76816,,metadata_only,school_access|school_registers,inputs
../Adaad/data/pk-school-access/fig2_gapmap_adaad.png,373672,,metadata_only,school_access|school_registers,inputs
../Adaad/data/pk-school-access/fig3_reasons_adaad.png,49510,,metadata_only,school_access|school_registers,inputs
../Adaad/data/pk-school-access/fig4_confound_adaad.png,228019,,metadata_only,school_access|school_registers,inputs
../Adaad/data/pk-school-access/fig5_parity_adaad.png,185844,,metadata_only,school_access|school_registers,inputs
../Adaad/data/pk-school-access/fig6_gaps_adaad.png,166881,,metadata_only,school_access|school_registers,inputs
../Adaad/data/pk-school-access/fig7_gapongap_adaad.png,239694,,metadata_only,school_access|school_registers,inputs
../Adaad/data/pk-school-access/fig8_gapongap_log_adaad.png,240879,,metadata_only,school_access|school_registers,inputs
../Adaad/data/pk-school-access/fig9_levels_log_adaad.png,236466,,metadata_only,school_access|school_registers,inputs
../Adaad/data/pk-school-access/fig_balochistan_tt_maps.png,320676,,metadata_only,school_access|school_registers,inputs
../Adaad/data/pk-school-access/fig_balochistan_tt_summary.png,57228,,metadata_only,school_access|school_registers,inputs
../Adaad/data/pk-school-access/fig_district_access_4panel.png,746592,,metadata_only,school_access|school_registers,inputs
../Adaad/data/pk-school-access/fig_dropout_reasons.png,44994,,metadata_only,school_access|school_registers,inputs
../Adaad/data/pk-school-access/fig_enrolment_gap.png,40104,,metadata_only,school_access|school_registers,inputs
../Adaad/data/pk-school-access/fig_enrolment_vs_access.png,360662,,metadata_only,school_access|school_registers,inputs
../Adaad/data/pk-school-access/fig_kp_tt_maps.png,201550,,metadata_only,school_access|school_registers,inputs
../Adaad/data/pk-school-access/fig_kp_tt_summary.png,58145,,metadata_only,school_access|school_registers,inputs
../Adaad/data/pk-school-access/fig_map_primary_supply.png,192989,,metadata_only,school_access|school_registers,inputs
../Adaad/data/pk-school-access/fig_metric_comparison.png,111583,,metadata_only,school_access|school_registers,inputs
../Adaad/data/pk-school-access/fig_mouza_supply.png,63647,,metadata_only,school_access|school_registers,inputs
../Adaad/data/pk-school-access/fig_national_distance_map.png,225106,,metadata_only,school_access|school_registers,inputs
../Adaad/data/pk-school-access/fig_national_gap_bars.png,116036,,metadata_only,school_access|school_registers,inputs
../Adaad/data/pk-school-access/fig_national_gap_map.png,207471,,metadata_only,school_access|school_registers,inputs
../Adaad/data/pk-school-access/fig_national_traveltime_map.png,388778,,metadata_only,school_access|school_registers,inputs
../Adaad/data/pk-school-access/fig_punjab_tt_maps.png,423818,,metadata_only,school_access|school_registers,inputs
../Adaad/data/pk-school-access/fig_selection.png,57572,,metadata_only,school_access|school_registers,inputs
../Adaad/data/pk-school-access/fig_sindh_tt_maps.png,223218,,metadata_only,school_access|school_registers,inputs
../Adaad/data/pk-school-access/fig_sindh_tt_summary.png,55432,,metadata_only,school_access|school_registers,inputs
../Adaad/data/pk-school-access/fill-2026-09/Filling the KP and Sindh gaps - 13 September 2026.md,8419,,metadata_only,school_access|school_registers,inputs
../Adaad/data/pk-school-access/fill-2026-09/_to_delete/district_indicators.parquet,167889,,metadata_only,school_access|school_registers,inputs
../Adaad/data/pk-school-access/fill-2026-09/_to_delete/mpi_districts.parquet,9876,,metadata_only,school_access|school_registers,inputs
../Adaad/data/pk-school-access/fill-2026-09/_to_delete/pak_ppp_2020_1km_Aggregated_UNadj.tif,5316386,,metadata_only,school_access|school_registers,inputs
../Adaad/data/pk-school-access/fill-2026-09/_to_delete/pakistan_districts_province_boundries.geojson,427889,,metadata_only,school_access|school_registers,inputs
../Adaad/data/pk-school-access/fill-2026-09/build_kp_filled.py,3307,,metadata_only,school_access|school_registers,inputs
../Adaad/data/pk-school-access/fill-2026-09/build_sindh_filled.py,6301,,metadata_only,school_access|school_registers,inputs
../Adaad/data/pk-school-access/fill-2026-09/kp_schools_filled_2026-09.csv,3005932,,metadata_only,school_access|school_registers,inputs
../Adaad/data/pk-school-access/fill-2026-09/kpema_details_2026-09.tsv,628143,,metadata_only,school_access|school_registers,inputs
../Adaad/data/pk-school-access/fill-2026-09/kpema_roster_2026-09.tsv,878131,,metadata_only,school_access|school_registers,inputs
../Adaad/data/pk-school-access/fill-2026-09/sindh_multilateration/coverage_check.py,1226,,metadata_only,school_access|school_registers,inputs
../Adaad/data/pk-school-access/fill-2026-09/sindh_multilateration/diagnose_seeds.py,1558,,metadata_only,school_access|school_registers,inputs
../Adaad/data/pk-school-access/fill-2026-09/sindh_multilateration/kml_vs_checker_frame_2026-09.csv,1674129,,metadata_only,school_access|school_registers,inputs
../Adaad/data/pk-school-access/fill-2026-09/sindh_multilateration/multilaterate4.py,6158,,metadata_only,school_access|school_registers,inputs
../Adaad/data/pk-school-access/fill-2026-09/sindh_multilateration/seed_quality.csv,14922,,metadata_only,school_access|school_registers,inputs
../Adaad/data/pk-school-access/fill-2026-09/sindh_multilateration/seeds2.json,1833,,metadata_only,school_access|school_registers,inputs
../Adaad/data/pk-school-access/fill-2026-09/sindh_multilateration/seeds3.json,1222,,metadata_only,school_access|school_registers,inputs
../Adaad/data/pk-school-access/fill-2026-09/sindh_multilateration/seeds4.json,416,,metadata_only,school_access|school_registers,inputs
../Adaad/data/pk-school-access/fill-2026-09/sindh_multilateration/seld_checker_distances_2026-09.tsv.gz,8723705,,metadata_only,school_access|school_registers,inputs
../Adaad/data/pk-school-access/fill-2026-09/sindh_multilateration/sindh_checker_frame_positions_2026-09.csv,2241616,,metadata_only,school_access|school_registers,inputs
../Adaad/data/pk-school-access/fill-2026-09/sindh_rsu_kml_all_layers.tsv,4836557,,metadata_only,school_access|school_registers,inputs
../Adaad/data/pk-school-access/fill-2026-09/sindh_schools_filled_2026-09.csv,13649503,,metadata_only,school_access|school_registers,inputs
../Adaad/data/pk-school-access/fill-2026-09/sindh_seld_checker_roster.tsv,10259131,,metadata_only,school_access|school_registers,inputs
../Adaad/data/pk-school-access/fill-2026-09/sindh_seld_checker_roster_parsed.csv,11678287,,metadata_only,school_access|school_registers,inputs
../Adaad/data/pk-school-access/gap_on_gap.csv,26793,,metadata_only,school_access|school_registers,inputs
../Adaad/data/pk-school-access/gb_ajk_osm_schools.csv,29288,,metadata_only,school_access|school_registers,inputs
../Adaad/data/pk-school-access/gb_build.log,1374,,metadata_only,school_access|school_registers,inputs
../Adaad/data/pk-school-access/gb_distance_stats.csv,5991,,metadata_only,school_access|school_registers,inputs
../Adaad/data/pk-school-access/gb_emis_schools.csv,210852,,metadata_only,school_access|school_registers,inputs
../Adaad/data/pk-school-access/gb_friction_motorized_2020.tif,1442212,,metadata_only,school_access|school_registers,inputs
../Adaad/data/pk-school-access/gb_friction_walking_2020.tif,1442212,,metadata_only,school_access|school_registers,inputs
../Adaad/data/pk-school-access/gb_schools_geocoded.csv,350826,,metadata_only,school_access|school_registers,inputs
../Adaad/data/pk-school-access/gb_travel_time_stats_REJECTED_see_README.csv,12657,,metadata_only,school_access|school_registers,inputs
../Adaad/data/pk-school-access/gb_tt_gap_walking_primary.tif,115870,,metadata_only,school_access|school_registers,inputs
../Adaad/data/pk-school-access/geocode_ajk_ict.py,7020,,metadata_only,school_access|school_registers,inputs
../Adaad/data/pk-school-access/geocode_gb.py,10969,,metadata_only,school_access|school_registers,inputs
../Adaad/data/pk-school-access/geocode_punjab.py,18162,,metadata_only,school_access|school_registers,inputs
../Adaad/data/pk-school-access/gradient.png,76816,,metadata_only,school_access|school_registers,inputs
../Adaad/data/pk-school-access/hies_distance_attendees.csv,2726,,metadata_only,school_access|school_registers,inputs
../Adaad/data/pk-school-access/hies_enrolment_by_sex.csv,1168,,metadata_only,school_access|school_registers,inputs
../Adaad/data/pk-school-access/hies_exclusion_reasons.csv,6387,,metadata_only,school_access|school_registers,inputs
../Adaad/data/pk-school-access/how-far-is-the-girls-school-chart-data.xlsx,48126,,metadata_only,school_access|school_registers,inputs
../Adaad/data/pk-school-access/ict_osm_schools.csv,28358,,metadata_only,school_access|school_registers,inputs
../Adaad/data/pk-school-access/ict_schools_combined.csv,81028,,metadata_only,school_access|school_registers,inputs
../Adaad/data/pk-school-access/kp_friction_motorized_2020.tif,4194740,,metadata_only,school_access|school_registers,inputs
../Adaad/data/pk-school-access/kp_friction_walking_2020.tif,4194740,,metadata_only,school_access|school_registers,inputs
../Adaad/data/pk-school-access/kp_jsims_schools.csv,1875787,,metadata_only,school_access|school_registers,inputs
../Adaad/data/pk-school-access/kp_jsims_schools_all.csv,2138978,,metadata_only,school_access|school_registers,inputs
../Adaad/data/pk-school-access/kp_jsims_upper_schools.csv,263260,,metadata_only,school_access|school_registers,inputs
../Adaad/data/pk-school-access/kp_travel_time_stats.csv,33008,,metadata_only,school_access|school_registers,inputs
../Adaad/data/pk-school-access/kp_tt_gap_walking_primary.tif,429951,,metadata_only,school_access|school_registers,inputs
../Adaad/data/pk-school-access/kpema_district_facilities.csv,3930,,metadata_only,school_access|school_registers,inputs
../Adaad/data/pk-school-access/kpema_validation.csv,17502,,metadata_only,school_access|school_registers,inputs
../Adaad/data/pk-school-access/make_chart_gap_on_gap.py,3378,,metadata_only,school_access|school_registers,inputs
../Adaad/data/pk-school-access/make_charts.py,8148,,metadata_only,school_access|school_registers,inputs
../Adaad/data/pk-school-access/make_charts_balochistan.py,2593,,metadata_only,school_access|school_registers,inputs
../Adaad/data/pk-school-access/make_charts_enrolment_sex.py,6578,,metadata_only,school_access|school_registers,inputs
../Adaad/data/pk-school-access/make_map_enrolment_gap.py,5902,,metadata_only,school_access|school_registers,inputs
../Adaad/data/pk-school-access/metric_comparison.csv,1795,,metadata_only,school_access|school_registers,inputs
../Adaad/data/pk-school-access/metric_comparison_gaps.csv,1136,,metadata_only,school_access|school_registers,inputs
../Adaad/data/pk-school-access/mouza2020_district_education.csv,12544,,metadata_only,school_access|school_registers,inputs
../Adaad/data/pk-school-access/mouza2020_district_education_notexist.csv,3528,,metadata_only,school_access|school_registers,inputs
../Adaad/data/pk-school-access/mouza_district_gender_gap.csv,35754,,metadata_only,school_access|school_registers,inputs
../Adaad/data/pk-school-access/mouza_villages_without_girls_school.csv,807,,metadata_only,school_access|school_registers,inputs
../Adaad/data/pk-school-access/national_distance_stats.csv,154714,,metadata_only,school_access|school_registers,inputs
../Adaad/data/pk-school-access/pes_vs_mapped_networks_2026-09-14.csv,888,,metadata_only,school_access|school_registers,inputs
../Adaad/data/pk-school-access/pslm_district_schooling.csv,52372,,metadata_only,school_access|school_registers,inputs
../Adaad/data/pk-school-access/pslm_enrolment_by_sex_district.csv,6335,,metadata_only,school_access|school_registers,inputs
../Adaad/data/pk-school-access/punjab_friction_motorized_2020.tif,4194740,,metadata_only,school_access|school_registers,inputs
../Adaad/data/pk-school-access/punjab_friction_walking_2020.tif,4194740,,metadata_only,school_access|school_registers,inputs
../Adaad/data/pk-school-access/punjab_gap_table.csv,797,,metadata_only,school_access|school_registers,inputs
../Adaad/data/pk-school-access/punjab_osm_places.csv,570269,,metadata_only,school_access|school_registers,inputs
../Adaad/data/pk-school-access/punjab_schools_geocoded.csv,4925640,,metadata_only,school_access|school_registers,inputs
../Adaad/data/pk-school-access/punjab_sed_school_counts_2024_25.csv,175,,metadata_only,school_access|school_registers,inputs
../Adaad/data/pk-school-access/punjab_sis_schools_roster.csv,5381289,,metadata_only,school_access|school_registers,inputs
../Adaad/data/pk-school-access/punjab_tier_sensitivity.csv,495,,metadata_only,school_access|school_registers,inputs
../Adaad/data/pk-school-access/punjab_travel_time_stats.csv,189799,,metadata_only,school_access|school_registers,inputs
../Adaad/data/pk-school-access/reasons.png,49510,,metadata_only,school_access|school_registers,inputs
../Adaad/data/pk-school-access/rerun-2026-09/Girls or mixed network - 13 September 2026.md,4974,,metadata_only,school_access|school_registers,inputs
../Adaad/data/pk-school-access/rerun-2026-09/Rerun with the filled layers - 13 September 2026.md,8457,,metadata_only,school_access|school_registers,inputs
../Adaad/data/pk-school-access/rerun-2026-09/Response to the independent review - 13 September 2026.md,10518,,metadata_only,school_access|school_registers,inputs
../Adaad/data/pk-school-access/rerun-2026-09/analyse_gap_on_gap.py,9530,,metadata_only,school_access|school_registers,inputs
../Adaad/data/pk-school-access/rerun-2026-09/august_baseline/chart_data/fig1_district_gap_map.csv,3972,,metadata_only,school_access|school_registers,inputs
../Adaad/data/pk-school-access/rerun-2026-09/august_baseline/chart_data/fig2_province_comparison.csv,1248,,metadata_only,school_access|school_registers,inputs
../Adaad/data/pk-school-access/rerun-2026-09/august_baseline/chart_data/fig5_enrolment_vs_distance.csv,5195,,metadata_only,school_access|school_registers,inputs
../Adaad/data/pk-school-access/rerun-2026-09/august_baseline/chart_data/fig6_gap_on_gap.csv,4434,,metadata_only,school_access|school_registers,inputs
../Adaad/data/pk-school-access/rerun-2026-09/august_baseline/chart_data/fig7_supply_vs_enrolment.csv,4933,,metadata_only,school_access|school_registers,inputs
../Adaad/data/pk-school-access/rerun-2026-09/august_baseline/district_access.csv,22776,,metadata_only,school_access|school_registers,inputs
../Adaad/data/pk-school-access/rerun-2026-09/august_baseline/district_school_counts.csv,3060,,metadata_only,school_access|school_registers,inputs
../Adaad/data/pk-school-access/rerun-2026-09/august_baseline/gap_on_gap.csv,24330,,metadata_only,school_access|school_registers,inputs
../Adaad/data/pk-school-access/rerun-2026-09/august_baseline/national_distance_stats.csv,154626,,metadata_only,school_access|school_registers,inputs
../Adaad/data/pk-school-access/rerun-2026-09/august_baseline/region_stats.csv,1436,,metadata_only,school_access|school_registers,inputs
../Adaad/data/pk-school-access/rerun-2026-09/august_baseline_lcc/chart_data/fig1_district_gap_map.csv,3977,,metadata_only,school_access|school_registers,inputs
../Adaad/data/pk-school-access/rerun-2026-09/august_baseline_lcc/chart_data/fig2_province_comparison.csv,1246,,metadata_only,school_access|school_registers,inputs
../Adaad/data/pk-school-access/rerun-2026-09/august_baseline_lcc/chart_data/fig4_enrolment_gap_map.csv,9483,,metadata_only,school_access|school_registers,inputs
../Adaad/data/pk-school-access/rerun-2026-09/august_baseline_lcc/chart_data/fig5_enrolment_vs_distance.csv,5288,,metadata_only,school_access|school_registers,inputs
../Adaad/data/pk-school-access/rerun-2026-09/august_baseline_lcc/chart_data/fig6_gap_on_gap.csv,4523,,metadata_only,school_access|school_registers,inputs
../Adaad/data/pk-school-access/rerun-2026-09/august_baseline_lcc/chart_data/fig7_supply_vs_enrolment.csv,5020,,metadata_only,school_access|school_registers,inputs
../Adaad/data/pk-school-access/rerun-2026-09/august_baseline_lcc/chart_data/fig8_villages_without_girls_school.csv,7728,,metadata_only,school_access|school_registers,inputs
../Adaad/data/pk-school-access/rerun-2026-09/august_baseline_lcc/district_access.csv,22831,,metadata_only,school_access|school_registers,inputs
../Adaad/data/pk-school-access/rerun-2026-09/august_baseline_lcc/district_school_counts.csv,3065,,metadata_only,school_access|school_registers,inputs
../Adaad/data/pk-school-access/rerun-2026-09/august_baseline_lcc/gap_on_gap.csv,26505,,metadata_only,school_access|school_registers,inputs
../Adaad/data/pk-school-access/rerun-2026-09/august_baseline_lcc/gap_on_gap.log,1179,,metadata_only,school_access|school_registers,inputs
../Adaad/data/pk-school-access/rerun-2026-09/august_baseline_lcc/national_distance_stats.csv,154529,,metadata_only,school_access|school_registers,inputs
../Adaad/data/pk-school-access/rerun-2026-09/august_baseline_lcc/region_stats.csv,1436,,metadata_only,school_access|school_registers,inputs
../Adaad/data/pk-school-access/rerun-2026-09/august_baseline_lcc/school_access_map_figdata.json,70849,,metadata_only,school_access|school_registers,inputs
../Adaad/data/pk-school-access/rerun-2026-09/build_census_enrolment_13b.py,5282,,metadata_only,school_access|school_registers,inputs
../Adaad/data/pk-school-access/rerun-2026-09/build_district_access.py,8162,,metadata_only,school_access|school_registers,inputs
../Adaad/data/pk-school-access/rerun-2026-09/build_fig8_microdata.py,3608,,metadata_only,school_access|school_registers,inputs
../Adaad/data/pk-school-access/rerun-2026-09/build_map_figdata.py,5385,,metadata_only,school_access|school_registers,inputs
../Adaad/data/pk-school-access/rerun-2026-09/build_national.py,17162,,metadata_only,school_access|school_registers,inputs
../Adaad/data/pk-school-access/rerun-2026-09/census2023_enrolment_5_16_by_sex.csv,33615,,metadata_only,school_access|school_registers,inputs
../Adaad/data/pk-school-access/rerun-2026-09/census2023_enrolment_5_16_by_sex_raw.csv,36774,,metadata_only,school_access|school_registers,inputs
../Adaad/data/pk-school-access/rerun-2026-09/census_table_13b/table_13b_balochistan_district.csv,369656,,metadata_only,school_access|school_registers,inputs
../Adaad/data/pk-school-access/rerun-2026-09/census_table_13b/table_13b_islamabad_district.csv,12944,,metadata_only,school_access|school_registers,inputs
../Adaad/data/pk-school-access/rerun-2026-09/census_table_13b/table_13b_kp_district.csv,400705,,metadata_only,school_access|school_registers,inputs
../Adaad/data/pk-school-access/rerun-2026-09/census_table_13b/table_13b_punjab_district.csv,451753,,metadata_only,school_access|school_registers,inputs
../Adaad/data/pk-school-access/rerun-2026-09/census_table_13b/table_13b_sindh_district.csv,366146,,metadata_only,school_access|school_registers,inputs
../Adaad/data/pk-school-access/rerun-2026-09/coverage_ledger_proposed.csv,2333,,metadata_only,school_access|school_registers,inputs
../Adaad/data/pk-school-access/rerun-2026-09/fig8_villages_without_girls_school.csv,7728,,metadata_only,school_access|school_registers,inputs
../Adaad/data/pk-school-access/rerun-2026-09/filled_attend/chart_data/fig1_district_gap_map.csv,4044,,metadata_only,school_access|school_registers,inputs
../Adaad/data/pk-school-access/rerun-2026-09/filled_attend/chart_data/fig2_province_comparison.csv,1247,,metadata_only,school_access|school_registers,inputs
../Adaad/data/pk-school-access/rerun-2026-09/filled_attend/chart_data/fig4_enrolment_gap_map.csv,9483,,metadata_only,school_access|school_registers,inputs
../Adaad/data/pk-school-access/rerun-2026-09/filled_attend/chart_data/fig5_enrolment_vs_distance.csv,5277,,metadata_only,school_access|school_registers,inputs
../Adaad/data/pk-school-access/rerun-2026-09/filled_attend/chart_data/fig6_gap_on_gap.csv,4510,,metadata_only,school_access|school_registers,inputs
../Adaad/data/pk-school-access/rerun-2026-09/filled_attend/chart_data/fig7_supply_vs_enrolment.csv,5087,,metadata_only,school_access|school_registers,inputs
../Adaad/data/pk-school-access/rerun-2026-09/filled_attend/chart_data/fig8_villages_without_girls_school.csv,7728,,metadata_only,school_access|school_registers,inputs
../Adaad/data/pk-school-access/rerun-2026-09/filled_attend/district_access.csv,22755,,metadata_only,school_access|school_registers,inputs
../Adaad/data/pk-school-access/rerun-2026-09/filled_attend/district_school_counts.csv,3146,,metadata_only,school_access|school_registers,inputs
../Adaad/data/pk-school-access/rerun-2026-09/filled_attend/gap_on_gap.csv,26428,,metadata_only,school_access|school_registers,inputs
../Adaad/data/pk-school-access/rerun-2026-09/filled_attend/gap_on_gap.log,1179,,metadata_only,school_access|school_registers,inputs
../Adaad/data/pk-school-access/rerun-2026-09/filled_attend/national_distance_stats.csv,169404,,metadata_only,school_access|school_registers,inputs
../Adaad/data/pk-school-access/rerun-2026-09/filled_attend/region_stats.csv,1438,,metadata_only,school_access|school_registers,inputs
../Adaad/data/pk-school-access/rerun-2026-09/filled_attend/school_access_map_figdata.json,70916,,metadata_only,school_access|school_registers,inputs
../Adaad/data/pk-school-access/rerun-2026-09/filled_designation/chart_data/fig1_district_gap_map.csv,4011,,metadata_only,school_access|school_registers,inputs
../Adaad/data/pk-school-access/rerun-2026-09/filled_designation/chart_data/fig2_province_comparison.csv,1246,,metadata_only,school_access|school_registers,inputs
../Adaad/data/pk-school-access/rerun-2026-09/filled_designation/chart_data/fig4_enrolment_gap_map.csv,9483,,metadata_only,school_access|school_registers,inputs
../Adaad/data/pk-school-access/rerun-2026-09/filled_designation/chart_data/fig5_enrolment_vs_distance.csv,5282,,metadata_only,school_access|school_registers,inputs
../Adaad/data/pk-school-access/rerun-2026-09/filled_designation/chart_data/fig6_gap_on_gap.csv,4508,,metadata_only,school_access|school_registers,inputs
../Adaad/data/pk-school-access/rerun-2026-09/filled_designation/chart_data/fig7_supply_vs_enrolment.csv,5062,,metadata_only,school_access|school_registers,inputs
../Adaad/data/pk-school-access/rerun-2026-09/filled_designation/chart_data/fig8_villages_without_girls_school.csv,7728,,metadata_only,school_access|school_registers,inputs
../Adaad/data/pk-school-access/rerun-2026-09/filled_designation/district_access.csv,22825,,metadata_only,school_access|school_registers,inputs
../Adaad/data/pk-school-access/rerun-2026-09/filled_designation/district_school_counts.csv,3105,,metadata_only,school_access|school_registers,inputs
../Adaad/data/pk-school-access/rerun-2026-09/filled_designation/gap_on_gap.csv,26501,,metadata_only,school_access|school_registers,inputs
../Adaad/data/pk-school-access/rerun-2026-09/filled_designation/gap_on_gap.log,1179,,metadata_only,school_access|school_registers,inputs
../Adaad/data/pk-school-access/rerun-2026-09/filled_designation/national_distance_stats.csv,169558,,metadata_only,school_access|school_registers,inputs
../Adaad/data/pk-school-access/rerun-2026-09/filled_designation/region_stats.csv,1438,,metadata_only,school_access|school_registers,inputs
../Adaad/data/pk-school-access/rerun-2026-09/filled_designation/school_access_map_figdata.json,70883,,metadata_only,school_access|school_registers,inputs
../Adaad/data/pk-school-access/rerun-2026-09/filled_mixed/chart_data/fig1_district_gap_map.csv,4023,,metadata_only,school_access|school_registers,inputs
../Adaad/data/pk-school-access/rerun-2026-09/filled_mixed/chart_data/fig2_province_comparison.csv,1246,,metadata_only,school_access|school_registers,inputs
../Adaad/data/pk-school-access/rerun-2026-09/filled_mixed/chart_data/fig5_enrolment_vs_distance.csv,5277,,metadata_only,school_access|school_registers,inputs
../Adaad/data/pk-school-access/rerun-2026-09/filled_mixed/chart_data/fig6_gap_on_gap.csv,4497,,metadata_only,school_access|school_registers,inputs
../Adaad/data/pk-school-access/rerun-2026-09/filled_mixed/chart_data/fig7_supply_vs_enrolment.csv,5085,,metadata_only,school_access|school_registers,inputs
../Adaad/data/pk-school-access/rerun-2026-09/filled_mixed/district_access.csv,22754,,metadata_only,school_access|school_registers,inputs
../Adaad/data/pk-school-access/rerun-2026-09/filled_mixed/district_school_counts.csv,3132,,metadata_only,school_access|school_registers,inputs
../Adaad/data/pk-school-access/rerun-2026-09/filled_mixed/gap_on_gap.csv,26079,,metadata_only,school_access|school_registers,inputs
../Adaad/data/pk-school-access/rerun-2026-09/filled_mixed/national_distance_stats.csv,169367,,metadata_only,school_access|school_registers,inputs
../Adaad/data/pk-school-access/rerun-2026-09/filled_mixed/region_stats.csv,1439,,metadata_only,school_access|school_registers,inputs
../Adaad/data/pk-school-access/rerun-2026-09/filled_mixed/school_access_map_figdata.json,70895,,metadata_only,school_access|school_registers,inputs
../Adaad/data/pk-school-access/rerun-2026-09/kp_sindh_district_before_after.csv,6530,,metadata_only,school_access|school_registers,inputs
../Adaad/data/pk-school-access/rerun-2026-09/make_chart_data.py,5385,,metadata_only,school_access|school_registers,inputs
../Adaad/data/pk-school-access/rerun-2026-09/make_mixed_charts.py,9831,,metadata_only,school_access|school_registers,inputs
../Adaad/data/pk-school-access/rerun-2026-09/make_review_charts.py,13197,,metadata_only,school_access|school_registers,inputs
../Adaad/data/pk-school-access/rerun-2026-09/mixed_charts/1_sindh_district_gaps_three_definitions.png,228257,,metadata_only,school_access|school_registers,inputs
../Adaad/data/pk-school-access/rerun-2026-09/mixed_charts/2_provinces_three_definitions.png,116288,,metadata_only,school_access|school_registers,inputs
../Adaad/data/pk-school-access/rerun-2026-09/mixed_charts/3_fig7_quartiles_three_definitions.png,153875,,metadata_only,school_access|school_registers,inputs
../Adaad/data/pk-school-access/rerun-2026-09/mixed_charts/4_fig5_girls_three_definitions.png,217728,,metadata_only,school_access|school_registers,inputs
../Adaad/data/pk-school-access/rerun-2026-09/mixed_charts/5_mixed_schools_girls_share.png,119256,,metadata_only,school_access|school_registers,inputs
../Adaad/data/pk-school-access/rerun-2026-09/region_stats.py,3042,,metadata_only,school_access|school_registers,inputs
../Adaad/data/pk-school-access/rerun-2026-09/review_charts/1_province_before_after.png,172281,,metadata_only,school_access|school_registers,inputs
../Adaad/data/pk-school-access/rerun-2026-09/review_charts/2_fig7_quartiles.png,134308,,metadata_only,school_access|school_registers,inputs
../Adaad/data/pk-school-access/rerun-2026-09/review_charts/3_district_gaps_sindh_kp.png,262377,,metadata_only,school_access|school_registers,inputs
../Adaad/data/pk-school-access/rerun-2026-09/review_charts/4_fig5_level_scatter.png,223309,,metadata_only,school_access|school_registers,inputs
../Adaad/data/pk-school-access/rerun-2026-09/review_charts/5_fig6_gap_on_gap.png,198452,,metadata_only,school_access|school_registers,inputs
../Adaad/data/pk-school-access/rerun-2026-09/review_charts/6_fig1_map.png,325194,,metadata_only,school_access|school_registers,inputs
../Adaad/data/pk-school-access/rerun-2026-09/sindh_network_definitions_district_2026-09.csv,8702,,metadata_only,school_access|school_registers,inputs
../Adaad/data/pk-school-access/rerun-2026-09/site_figures/fig1_grey.png,163224,,metadata_only,school_access|school_registers,inputs
../Adaad/data/pk-school-access/rerun-2026-09/site_figures/fig1_mixed.png,165655,,metadata_only,school_access|school_registers,inputs
../Adaad/data/pk-school-access/rerun-2026-09/site_figures/fig7_mixed.png,111298,,metadata_only,school_access|school_registers,inputs
../Adaad/data/pk-school-access/rerun-2026-09/site_figures/figure1.png,349275,,metadata_only,school_access|school_registers,inputs
../Adaad/data/pk-school-access/rerun-2026-09/site_figures/figure2.png,155390,,metadata_only,school_access|school_registers,inputs
../Adaad/data/pk-school-access/rerun-2026-09/site_figures/figure3.png,114171,,metadata_only,school_access|school_registers,inputs
../Adaad/data/pk-school-access/rerun-2026-09/site_figures/figure4.png,348797,,metadata_only,school_access|school_registers,inputs
../Adaad/data/pk-school-access/rerun-2026-09/site_figures/figure5.png,232151,,metadata_only,school_access|school_registers,inputs
../Adaad/data/pk-school-access/rerun-2026-09/site_figures/figure5_both.png,289704,,metadata_only,school_access|school_registers,inputs
../Adaad/data/pk-school-access/rerun-2026-09/site_figures/figure6.png,244583,,metadata_only,school_access|school_registers,inputs
../Adaad/data/pk-school-access/rerun-2026-09/site_figures/figure7.png,243916,,metadata_only,school_access|school_registers,inputs
../Adaad/data/pk-school-access/rerun-2026-09/site_figures/figure7_gap.png,236532,,metadata_only,school_access|school_registers,inputs
../Adaad/data/pk-school-access/rerun-2026-09/site_figures/figure8.png,172560,,metadata_only,school_access|school_registers,inputs
../Adaad/data/pk-school-access/rerun-2026-09/site_figures/figure8_middle.png,172003,,metadata_only,school_access|school_registers,inputs
../Adaad/data/pk-school-access/school_access_enrol_figdata.json,16873,,metadata_only,school_access|school_registers,inputs
../Adaad/data/pk-school-access/school_access_map_figdata.json,70836,,metadata_only,school_access|school_registers,inputs
../Adaad/data/pk-school-access/school_access_mouza_figdata.json,3093,,metadata_only,school_access|school_registers,inputs
../Adaad/data/pk-school-access/school_access_supply_figdata.json,9742,,metadata_only,school_access|school_registers,inputs
../Adaad/data/pk-school-access/sed_balochistan_schools.csv,1243573,,metadata_only,school_access|school_registers,inputs
../Adaad/data/pk-school-access/sindh_friction_motorized_2020.tif,4194740,,metadata_only,school_access|school_registers,inputs
../Adaad/data/pk-school-access/sindh_friction_walking_2020.tif,4194740,,metadata_only,school_access|school_registers,inputs
../Adaad/data/pk-school-access/sindh_semis_schools.csv,9934829,,metadata_only,school_access|school_registers,inputs
../Adaad/data/pk-school-access/sindh_travel_time_stats.csv,47211,,metadata_only,school_access|school_registers,inputs
../Adaad/data/pk-school-access/sindh_tt_gap_walking_primary.tif,550450,,metadata_only,school_access|school_registers,inputs
../Adaad/data/pk-school-access/summary_headline.txt,547,,metadata_only,school_access|school_registers,inputs
../Adaad/data/pk-school-access/tt_balochistan_motorized_boys_high_plus.tif,3313340,,metadata_only,school_access|school_registers,inputs
../Adaad/data/pk-school-access/tt_balochistan_motorized_boys_middle_plus.tif,3324046,,metadata_only,school_access|school_registers,inputs
../Adaad/data/pk-school-access/tt_balochistan_motorized_boys_primary_plus.tif,3323809,,metadata_only,school_access|school_registers,inputs
../Adaad/data/pk-school-access/tt_balochistan_motorized_girls_high_plus.tif,3312726,,metadata_only,school_access|school_registers,inputs
../Adaad/data/pk-school-access/tt_balochistan_motorized_girls_middle_plus.tif,3312501,,metadata_only,school_access|school_registers,inputs
../Adaad/data/pk-school-access/tt_balochistan_motorized_girls_primary_plus.tif,3320511,,metadata_only,school_access|school_registers,inputs
../Adaad/data/pk-school-access/tt_balochistan_walking_boys_high_plus.tif,3316929,,metadata_only,school_access|school_registers,inputs
../Adaad/data/pk-school-access/tt_balochistan_walking_boys_middle_plus.tif,3329510,,metadata_only,school_access|school_registers,inputs
../Adaad/data/pk-school-access/tt_balochistan_walking_boys_primary_plus.tif,3329683,,metadata_only,school_access|school_registers,inputs
../Adaad/data/pk-school-access/tt_balochistan_walking_girls_high_plus.tif,3309611,,metadata_only,school_access|school_registers,inputs
../Adaad/data/pk-school-access/tt_balochistan_walking_girls_middle_plus.tif,3314953,,metadata_only,school_access|school_registers,inputs
../Adaad/data/pk-school-access/tt_balochistan_walking_girls_primary_plus.tif,3326729,,metadata_only,school_access|school_registers,inputs
../Adaad/data/pk-school-access/tt_gb_motorized_boys_high_plus.tif,603838,,metadata_only,school_access|school_registers,inputs
../Adaad/data/pk-school-access/tt_gb_motorized_boys_middle_plus.tif,604024,,metadata_only,school_access|school_registers,inputs
../Adaad/data/pk-school-access/tt_gb_motorized_boys_primary_plus.tif,604461,,metadata_only,school_access|school_registers,inputs
../Adaad/data/pk-school-access/tt_gb_motorized_girls_high_plus.tif,601296,,metadata_only,school_access|school_registers,inputs
../Adaad/data/pk-school-access/tt_gb_motorized_girls_middle_plus.tif,602864,,metadata_only,school_access|school_registers,inputs
../Adaad/data/pk-school-access/tt_gb_motorized_girls_primary_plus.tif,604759,,metadata_only,school_access|school_registers,inputs
../Adaad/data/pk-school-access/tt_gb_walking_boys_high_plus.tif,605489,,metadata_only,school_access|school_registers,inputs
../Adaad/data/pk-school-access/tt_gb_walking_boys_middle_plus.tif,605985,,metadata_only,school_access|school_registers,inputs
../Adaad/data/pk-school-access/tt_gb_walking_boys_primary_plus.tif,606546,,metadata_only,school_access|school_registers,inputs
../Adaad/data/pk-school-access/tt_gb_walking_girls_high_plus.tif,604060,,metadata_only,school_access|school_registers,inputs
../Adaad/data/pk-school-access/tt_gb_walking_girls_middle_plus.tif,605291,,metadata_only,school_access|school_registers,inputs
../Adaad/data/pk-school-access/tt_gb_walking_girls_primary_plus.tif,606063,,metadata_only,school_access|school_registers,inputs
../Adaad/data/pk-school-access/tt_kp_motorized_boys_high_plus.tif,1273473,,metadata_only,school_access|school_registers,inputs
../Adaad/data/pk-school-access/tt_kp_motorized_boys_middle_plus.tif,1283634,,metadata_only,school_access|school_registers,inputs
../Adaad/data/pk-school-access/tt_kp_motorized_boys_primary_plus.tif,1265150,,metadata_only,school_access|school_registers,inputs
../Adaad/data/pk-school-access/tt_kp_motorized_girls_high_plus.tif,1271795,,metadata_only,school_access|school_registers,inputs
../Adaad/data/pk-school-access/tt_kp_motorized_girls_middle_plus.tif,1281149,,metadata_only,school_access|school_registers,inputs
../Adaad/data/pk-school-access/tt_kp_motorized_girls_primary_plus.tif,1272706,,metadata_only,school_access|school_registers,inputs
../Adaad/data/pk-school-access/tt_kp_walking_boys_high_plus.tif,1254744,,metadata_only,school_access|school_registers,inputs
../Adaad/data/pk-school-access/tt_kp_walking_boys_middle_plus.tif,1258994,,metadata_only,school_access|school_registers,inputs
../Adaad/data/pk-school-access/tt_kp_walking_boys_primary_plus.tif,1242849,,metadata_only,school_access|school_registers,inputs
../Adaad/data/pk-school-access/tt_kp_walking_girls_high_plus.tif,1252927,,metadata_only,school_access|school_registers,inputs
../Adaad/data/pk-school-access/tt_kp_walking_girls_middle_plus.tif,1257146,,metadata_only,school_access|school_registers,inputs
../Adaad/data/pk-school-access/tt_kp_walking_girls_primary_plus.tif,1247911,,metadata_only,school_access|school_registers,inputs
../Adaad/data/pk-school-access/tt_punjab_motorized_boys_high_plus.tif,1632762,,metadata_only,school_access|school_registers,inputs
../Adaad/data/pk-school-access/tt_punjab_motorized_boys_middle_plus.tif,1628594,,metadata_only,school_access|school_registers,inputs
../Adaad/data/pk-school-access/tt_punjab_motorized_boys_primary_plus.tif,1619459,,metadata_only,school_access|school_registers,inputs
../Adaad/data/pk-school-access/tt_punjab_motorized_girls_high_plus.tif,1631826,,metadata_only,school_access|school_registers,inputs
../Adaad/data/pk-school-access/tt_punjab_motorized_girls_middle_plus.tif,1627364,,metadata_only,school_access|school_registers,inputs
../Adaad/data/pk-school-access/tt_punjab_motorized_girls_primary_plus.tif,1617881,,metadata_only,school_access|school_registers,inputs
../Adaad/data/pk-school-access/tt_punjab_walking_boys_high_plus.tif,1522336,,metadata_only,school_access|school_registers,inputs
../Adaad/data/pk-school-access/tt_punjab_walking_boys_middle_plus.tif,1512976,,metadata_only,school_access|school_registers,inputs
../Adaad/data/pk-school-access/tt_punjab_walking_boys_primary_plus.tif,1500325,,metadata_only,school_access|school_registers,inputs
../Adaad/data/pk-school-access/tt_punjab_walking_girls_high_plus.tif,1523564,,metadata_only,school_access|school_registers,inputs
../Adaad/data/pk-school-access/tt_punjab_walking_girls_middle_plus.tif,1510784,,metadata_only,school_access|school_registers,inputs
../Adaad/data/pk-school-access/tt_punjab_walking_girls_primary_plus.tif,1497237,,metadata_only,school_access|school_registers,inputs
../Adaad/data/pk-school-access/tt_sindh_motorized_boys_high_plus.tif,993784,,metadata_only,school_access|school_registers,inputs
../Adaad/data/pk-school-access/tt_sindh_motorized_boys_middle_plus.tif,993472,,metadata_only,school_access|school_registers,inputs
../Adaad/data/pk-school-access/tt_sindh_motorized_boys_primary_plus.tif,948409,,metadata_only,school_access|school_registers,inputs
../Adaad/data/pk-school-access/tt_sindh_motorized_girls_high_plus.tif,990649,,metadata_only,school_access|school_registers,inputs
../Adaad/data/pk-school-access/tt_sindh_motorized_girls_middle_plus.tif,991883,,metadata_only,school_access|school_registers,inputs
../Adaad/data/pk-school-access/tt_sindh_motorized_girls_primary_plus.tif,989218,,metadata_only,school_access|school_registers,inputs
../Adaad/data/pk-school-access/tt_sindh_walking_boys_high_plus.tif,971861,,metadata_only,school_access|school_registers,inputs
../Adaad/data/pk-school-access/tt_sindh_walking_boys_middle_plus.tif,969162,,metadata_only,school_access|school_registers,inputs
../Adaad/data/pk-school-access/tt_sindh_walking_boys_primary_plus.tif,917855,,metadata_only,school_access|school_registers,inputs
../Adaad/data/pk-school-access/tt_sindh_walking_girls_high_plus.tif,973817,,metadata_only,school_access|school_registers,inputs
../Adaad/data/pk-school-access/tt_sindh_walking_girls_middle_plus.tif,974882,,metadata_only,school_access|school_registers,inputs
../Adaad/data/pk-school-access/tt_sindh_walking_girls_primary_plus.tif,963181,,metadata_only,school_access|school_registers,inputs
data_darbar_warehouse/budget_lines.parquet,187152,,metadata_only,budget,inputs
data_darbar_warehouse/build/assemble.py,5113,,metadata_only,file_catalog,pipeline
data_darbar_warehouse/build/build_budget.py,2995,,metadata_only,budget,pipeline
data_darbar_warehouse/build/build_budget_expenditure.py,5727,,metadata_only,budget,pipeline
data_darbar_warehouse/build/build_budget_receipts.py,4711,,metadata_only,budget,pipeline
data_darbar_warehouse/build/build_econ.py,3359,,metadata_only,trade,pipeline
data_darbar_warehouse/build/build_econ2.py,4468,,metadata_only,trade,pipeline
data_darbar_warehouse/build/build_ind.py,3420,,metadata_only,industry,pipeline
data_darbar_warehouse/build/build_industry.py,15608,,metadata_only,industry,pipeline
data_darbar_warehouse/build/build_io.py,2786,,metadata_only,national_accounts,pipeline
data_darbar_warehouse/build/build_na.py,3262,,metadata_only,national_accounts,pipeline
data_darbar_warehouse/build/build_nepra_daily.py,7717,,metadata_only,nepra,pipeline
data_darbar_warehouse/build/build_nepra_finalize.py,19243,,metadata_only,nepra,pipeline
data_darbar_warehouse/build/build_nepra_month.py,5148,,metadata_only,nepra,pipeline
data_darbar_warehouse/build/build_nepra_per.py,2331,,metadata_only,nepra,pipeline
data_darbar_warehouse/build/build_nepra_soi.py,16360,,metadata_only,nepra,pipeline
data_darbar_warehouse/build/build_sbp.py,32825,,metadata_only,sbp,pipeline
data_darbar_warehouse/build/build_structure.py,10318,,metadata_only,national_accounts,pipeline
data_darbar_warehouse/build/build_trade.py,3306,,metadata_only,trade,pipeline
data_darbar_warehouse/build/build_trade_extra.py,10759,,metadata_only,trade,pipeline
data_darbar_warehouse/build/build_trade_pdf.py,2769,,metadata_only,trade,pipeline
data_darbar_warehouse/build/finalize.py,1389,,metadata_only,file_catalog,pipeline
data_darbar_warehouse/climate_events/.build.lock,0,,metadata_only,climate_events,outputs
data_darbar_warehouse/climate_events/catalog.json,7900,,metadata_only,climate_events,outputs
data_darbar_warehouse/climate_events/climate_assets.csv,14928,,metadata_only,climate_events,outputs
data_darbar_warehouse/climate_events/climate_assets.parquet,7959,,metadata_only,climate_events,outputs
data_darbar_warehouse/climate_events/climate_events.csv,12486,,metadata_only,climate_events,outputs
data_darbar_warehouse/climate_events/climate_events.parquet,7235,,metadata_only,climate_events,outputs
data_darbar_warehouse/climate_events/climate_exposures.csv,89865,,metadata_only,climate_events,outputs
data_darbar_warehouse/climate_events/climate_exposures.parquet,16534,,metadata_only,climate_events,outputs
data_darbar_warehouse/climate_events/climate_impacts.csv,154756,,metadata_only,climate_events,outputs
data_darbar_warehouse/climate_events/climate_impacts.parquet,7233,,metadata_only,climate_events,outputs
data_darbar_warehouse/climate_events/climate_pages.csv,56000,,metadata_only,climate_events,outputs
data_darbar_warehouse/climate_events/climate_pages.parquet,10811,,metadata_only,climate_events,outputs
data_darbar_warehouse/climate_events/climate_reports.csv,27409,,metadata_only,climate_events,outputs
data_darbar_warehouse/climate_events/climate_reports.parquet,9132,,metadata_only,climate_events,outputs
data_darbar_warehouse/climate_events/quality_report.json,12300,,metadata_only,climate_events,outputs
data_darbar_warehouse/file_catalog.parquet,22069,,metadata_only,file_catalog,inputs
data_darbar_warehouse/ljcp/README.md,5293,,metadata_only,ljcp,outputs
data_darbar_warehouse/ljcp/annual_provinces.csv,28493,,metadata_only,ljcp,outputs
data_darbar_warehouse/ljcp/annual_provinces.json,73845,,metadata_only,ljcp,outputs
data_darbar_warehouse/ljcp/annual_provinces.parquet,15335,,metadata_only,ljcp,outputs
data_darbar_warehouse/ljcp/annual_sessions.csv,597080,,metadata_only,ljcp,outputs
data_darbar_warehouse/ljcp/annual_sessions.json,1733806,,metadata_only,ljcp,outputs
data_darbar_warehouse/ljcp/annual_sessions.parquet,106783,,metadata_only,ljcp,outputs
data_darbar_warehouse/ljcp/category_crosscheck.csv,82393,,metadata_only,ljcp,outputs
data_darbar_warehouse/ljcp/category_crosscheck.json,290544,,metadata_only,ljcp,outputs
data_darbar_warehouse/ljcp/category_crosscheck.parquet,5686,,metadata_only,ljcp,outputs
data_darbar_warehouse/ljcp/category_extraction_notes.json,948,,metadata_only,ljcp,outputs
data_darbar_warehouse/ljcp/category_observations.json,9808137,,metadata_only,ljcp,outputs
data_darbar_warehouse/ljcp/category_partition_checks.csv,296809,,metadata_only,ljcp,outputs
data_darbar_warehouse/ljcp/category_partition_checks.json,900994,,metadata_only,ljcp,outputs
data_darbar_warehouse/ljcp/category_partition_checks.parquet,9022,,metadata_only,ljcp,outputs
data_darbar_warehouse/ljcp/category_sessions.csv,2207122,,metadata_only,ljcp,outputs
data_darbar_warehouse/ljcp/category_sessions.json,6900008,,metadata_only,ljcp,outputs
data_darbar_warehouse/ljcp/category_sessions.parquet,285047,,metadata_only,ljcp,outputs
data_darbar_warehouse/ljcp/continuity_checks.csv,17989,,metadata_only,ljcp,outputs
data_darbar_warehouse/ljcp/continuity_checks.json,82993,,metadata_only,ljcp,outputs
data_darbar_warehouse/ljcp/continuity_checks.parquet,6991,,metadata_only,ljcp,outputs
data_darbar_warehouse/ljcp/court_tier_cases.csv,599278,,metadata_only,ljcp,outputs
data_darbar_warehouse/ljcp/court_tier_cases.json,1775969,,metadata_only,ljcp,outputs
data_darbar_warehouse/ljcp/court_tier_cases.parquet,101772,,metadata_only,ljcp,outputs
data_darbar_warehouse/ljcp/coverage.csv,1249,,metadata_only,ljcp,outputs
data_darbar_warehouse/ljcp/coverage.json,4013,,metadata_only,ljcp,outputs
data_darbar_warehouse/ljcp/coverage.parquet,1126,,metadata_only,ljcp,outputs
data_darbar_warehouse/ljcp/district_category_indicators.csv,2671576,,metadata_only,ljcp,outputs
data_darbar_warehouse/ljcp/district_category_indicators.json,8057427,,metadata_only,ljcp,outputs
data_darbar_warehouse/ljcp/district_category_indicators.parquet,310951,,metadata_only,ljcp,outputs
data_darbar_warehouse/ljcp/district_indicators.csv,1079240,,metadata_only,ljcp,outputs
data_darbar_warehouse/ljcp/district_indicators.json,3234570,,metadata_only,ljcp,outputs
data_darbar_warehouse/ljcp/district_indicators.parquet,171337,,metadata_only,ljcp,outputs
data_darbar_warehouse/ljcp/district_policy_indicators.csv,358481,,metadata_only,ljcp,outputs
data_darbar_warehouse/ljcp/district_policy_indicators.json,1074403,,metadata_only,ljcp,outputs
data_darbar_warehouse/ljcp/district_policy_indicators.parquet,78190,,metadata_only,ljcp,outputs
data_darbar_warehouse/ljcp/extraction_failures.json,2,,metadata_only,ljcp,outputs
data_darbar_warehouse/ljcp/geography_issues.csv,2827,,metadata_only,ljcp,outputs
data_darbar_warehouse/ljcp/geography_issues.json,5103,,metadata_only,ljcp,outputs
data_darbar_warehouse/ljcp/geography_issues.parquet,1980,,metadata_only,ljcp,outputs
data_darbar_warehouse/ljcp/halfyear_partition_checks.csv,10889,,metadata_only,ljcp,outputs
data_darbar_warehouse/ljcp/halfyear_partition_checks.json,34466,,metadata_only,ljcp,outputs
data_darbar_warehouse/ljcp/halfyear_partition_checks.parquet,2041,,metadata_only,ljcp,outputs
data_darbar_warehouse/ljcp/halfyear_provinces.csv,53280,,metadata_only,ljcp,outputs
data_darbar_warehouse/ljcp/halfyear_provinces.json,106687,,metadata_only,ljcp,outputs
data_darbar_warehouse/ljcp/halfyear_provinces.parquet,16264,,metadata_only,ljcp,outputs
data_darbar_warehouse/ljcp/hosted_districts.csv,3513,,metadata_only,ljcp,outputs
data_darbar_warehouse/ljcp/hosted_districts.json,6245,,metadata_only,ljcp,outputs
data_darbar_warehouse/ljcp/hosted_districts.parquet,1801,,metadata_only,ljcp,outputs
data_darbar_warehouse/ljcp/judicial_strength.csv,132200,,metadata_only,ljcp,outputs
data_darbar_warehouse/ljcp/judicial_strength.json,337362,,metadata_only,ljcp,outputs
data_darbar_warehouse/ljcp/judicial_strength.parquet,15679,,metadata_only,ljcp,outputs
data_darbar_warehouse/ljcp/judicial_strength_by_rank.csv,95801,,metadata_only,ljcp,outputs
data_darbar_warehouse/ljcp/judicial_strength_by_rank.json,205085,,metadata_only,ljcp,outputs
data_darbar_warehouse/ljcp/judicial_strength_by_rank.parquet,7750,,metadata_only,ljcp,outputs
data_darbar_warehouse/ljcp/quality_report.json,1162,,metadata_only,ljcp,outputs
data_darbar_warehouse/ljcp/sessions_crosswalk.csv,95456,,metadata_only,ljcp,outputs
data_darbar_warehouse/ljcp/sessions_crosswalk.json,193860,,metadata_only,ljcp,outputs
data_darbar_warehouse/ljcp/sessions_crosswalk.parquet,6595,,metadata_only,ljcp,outputs
data_darbar_warehouse/ljcp/source_observations.csv,1703834,,metadata_only,ljcp,outputs
data_darbar_warehouse/ljcp/source_observations.json,3347134,,metadata_only,ljcp,outputs
data_darbar_warehouse/ljcp/source_observations.parquet,276548,,metadata_only,ljcp,outputs
data_darbar_warehouse/ljcp/table_specs.json,51579,,metadata_only,ljcp,outputs
data_darbar_warehouse/ljcp/table_validation.csv,57182,,metadata_only,ljcp,outputs
data_darbar_warehouse/ljcp/table_validation.json,167266,,metadata_only,ljcp,outputs
data_darbar_warehouse/ljcp/table_validation.parquet,10095,,metadata_only,ljcp,outputs
data_darbar_warehouse/ljcp/tables/2020_127.json,8702,,metadata_only,ljcp,outputs
data_darbar_warehouse/ljcp/tables/2020_128.json,7818,,metadata_only,ljcp,outputs
data_darbar_warehouse/ljcp/tables/2020_129.json,1355,,metadata_only,ljcp,outputs
data_darbar_warehouse/ljcp/tables/2020_130.json,12086,,metadata_only,ljcp,outputs
data_darbar_warehouse/ljcp/tables/2020_131.json,11764,,metadata_only,ljcp,outputs
data_darbar_warehouse/ljcp/tables/2020_132.json,11147,,metadata_only,ljcp,outputs
data_darbar_warehouse/ljcp/tables/2020_153.json,9614,,metadata_only,ljcp,outputs
data_darbar_warehouse/ljcp/tables/2020_154.json,10301,,metadata_only,ljcp,outputs
data_darbar_warehouse/ljcp/tables/2020_157.json,9287,,metadata_only,ljcp,outputs
data_darbar_warehouse/ljcp/tables/2020_158.json,9639,,metadata_only,ljcp,outputs
data_darbar_warehouse/ljcp/tables/2020_159.json,10062,,metadata_only,ljcp,outputs
data_darbar_warehouse/ljcp/tables/2020_177.json,2735,,metadata_only,ljcp,outputs
data_darbar_warehouse/ljcp/tables/2020_179.json,9908,,metadata_only,ljcp,outputs
data_darbar_warehouse/ljcp/tables/2020_55.json,9271,,metadata_only,ljcp,outputs
data_darbar_warehouse/ljcp/tables/2020_56.json,6902,,metadata_only,ljcp,outputs
data_darbar_warehouse/ljcp/tables/2020_57.json,1334,,metadata_only,ljcp,outputs
data_darbar_warehouse/ljcp/tables/2020_58.json,12783,,metadata_only,ljcp,outputs
data_darbar_warehouse/ljcp/tables/2020_59.json,12632,,metadata_only,ljcp,outputs
data_darbar_warehouse/ljcp/tables/2020_60.json,12117,,metadata_only,ljcp,outputs
data_darbar_warehouse/ljcp/tables/2020_61.json,11591,,metadata_only,ljcp,outputs
data_darbar_warehouse/ljcp/tables/2020_62.json,10436,,metadata_only,ljcp,outputs
data_darbar_warehouse/ljcp/tables/2020_93.json,11031,,metadata_only,ljcp,outputs
data_darbar_warehouse/ljcp/tables/2020_94.json,1317,,metadata_only,ljcp,outputs
data_darbar_warehouse/ljcp/tables/2020_95.json,11167,,metadata_only,ljcp,outputs
data_darbar_warehouse/ljcp/tables/2020_96.json,10506,,metadata_only,ljcp,outputs
data_darbar_warehouse/ljcp/tables/2020_97.json,10109,,metadata_only,ljcp,outputs
data_darbar_warehouse/ljcp/tables/2022_100.json,1489,,metadata_only,ljcp,outputs
data_darbar_warehouse/ljcp/tables/2022_101.json,11478,,metadata_only,ljcp,outputs
data_darbar_warehouse/ljcp/tables/2022_102.json,10805,,metadata_only,ljcp,outputs
data_darbar_warehouse/ljcp/tables/2022_103.json,8146,,metadata_only,ljcp,outputs
data_darbar_warehouse/ljcp/tables/2022_132.json,25284,,metadata_only,ljcp,outputs
data_darbar_warehouse/ljcp/tables/2022_133.json,23200,,metadata_only,ljcp,outputs
data_darbar_warehouse/ljcp/tables/2022_134.json,1274,,metadata_only,ljcp,outputs
data_darbar_warehouse/ljcp/tables/2022_135.json,8750,,metadata_only,ljcp,outputs
data_darbar_warehouse/ljcp/tables/2022_136.json,11861,,metadata_only,ljcp,outputs
data_darbar_warehouse/ljcp/tables/2022_137.json,11284,,metadata_only,ljcp,outputs
data_darbar_warehouse/ljcp/tables/2022_162.json,35110,,metadata_only,ljcp,outputs
data_darbar_warehouse/ljcp/tables/2022_163.json,33558,,metadata_only,ljcp,outputs
data_darbar_warehouse/ljcp/tables/2022_164.json,1303,,metadata_only,ljcp,outputs
data_darbar_warehouse/ljcp/tables/2022_165.json,8201,,metadata_only,ljcp,outputs
data_darbar_warehouse/ljcp/tables/2022_166.json,7840,,metadata_only,ljcp,outputs
data_darbar_warehouse/ljcp/tables/2022_167.json,8528,,metadata_only,ljcp,outputs
data_darbar_warehouse/ljcp/tables/2022_189.json,11250,,metadata_only,ljcp,outputs
data_darbar_warehouse/ljcp/tables/2022_190.json,1406,,metadata_only,ljcp,outputs
data_darbar_warehouse/ljcp/tables/2022_191.json,12398,,metadata_only,ljcp,outputs
data_darbar_warehouse/ljcp/tables/2022_53.json,34283,,metadata_only,ljcp,outputs
data_darbar_warehouse/ljcp/tables/2022_54.json,24237,,metadata_only,ljcp,outputs
data_darbar_warehouse/ljcp/tables/2022_56.json,9318,,metadata_only,ljcp,outputs
data_darbar_warehouse/ljcp/tables/2022_57.json,9646,,metadata_only,ljcp,outputs
data_darbar_warehouse/ljcp/tables/2022_58.json,9804,,metadata_only,ljcp,outputs
data_darbar_warehouse/ljcp/tables/2022_59.json,9642,,metadata_only,ljcp,outputs
data_darbar_warehouse/ljcp/tables/2022_60.json,17156,,metadata_only,ljcp,outputs
data_darbar_warehouse/ljcp/tables/2022_61.json,17663,,metadata_only,ljcp,outputs
data_darbar_warehouse/ljcp/tables/2022_98.json,29063,,metadata_only,ljcp,outputs
data_darbar_warehouse/ljcp/tables/2022_99.json,28952,,metadata_only,ljcp,outputs
data_darbar_warehouse/ljcp/tables/2023_119.json,15513,,metadata_only,ljcp,outputs
data_darbar_warehouse/ljcp/tables/2023_120.json,13700,,metadata_only,ljcp,outputs
data_darbar_warehouse/ljcp/tables/2023_124.json,8736,,metadata_only,ljcp,outputs
data_darbar_warehouse/ljcp/tables/2023_125.json,8489,,metadata_only,ljcp,outputs
data_darbar_warehouse/ljcp/tables/2023_126.json,8158,,metadata_only,ljcp,outputs
data_darbar_warehouse/ljcp/tables/2023_127.json,8103,,metadata_only,ljcp,outputs
data_darbar_warehouse/ljcp/tables/2023_128.json,7964,,metadata_only,ljcp,outputs
data_darbar_warehouse/ljcp/tables/2023_170.json,15091,,metadata_only,ljcp,outputs
data_darbar_warehouse/ljcp/tables/2023_171.json,16586,,metadata_only,ljcp,outputs
data_darbar_warehouse/ljcp/tables/2023_177.json,20829,,metadata_only,ljcp,outputs
data_darbar_warehouse/ljcp/tables/2023_178.json,18133,,metadata_only,ljcp,outputs
data_darbar_warehouse/ljcp/tables/2023_179.json,17519,,metadata_only,ljcp,outputs
data_darbar_warehouse/ljcp/tables/2023_180.json,17555,,metadata_only,ljcp,outputs
data_darbar_warehouse/ljcp/tables/2023_213.json,10801,,metadata_only,ljcp,outputs
data_darbar_warehouse/ljcp/tables/2023_214.json,10951,,metadata_only,ljcp,outputs
data_darbar_warehouse/ljcp/tables/2023_215.json,11057,,metadata_only,ljcp,outputs
data_darbar_warehouse/ljcp/tables/2023_216.json,11076,,metadata_only,ljcp,outputs
data_darbar_warehouse/ljcp/tables/2023_217.json,4504,,metadata_only,ljcp,outputs
data_darbar_warehouse/ljcp/tables/2023_218.json,14480,,metadata_only,ljcp,outputs
data_darbar_warehouse/ljcp/tables/2023_219.json,13702,,metadata_only,ljcp,outputs
data_darbar_warehouse/ljcp/tables/2023_220.json,12770,,metadata_only,ljcp,outputs
data_darbar_warehouse/ljcp/tables/2023_221.json,12781,,metadata_only,ljcp,outputs
data_darbar_warehouse/ljcp/tables/2023_222.json,12966,,metadata_only,ljcp,outputs
data_darbar_warehouse/ljcp/tables/2023_223.json,16333,,metadata_only,ljcp,outputs
data_darbar_warehouse/ljcp/tables/2023_224.json,12595,,metadata_only,ljcp,outputs
data_darbar_warehouse/ljcp/tables/2023_264.json,17472,,metadata_only,ljcp,outputs
data_darbar_warehouse/ljcp/tables/2023_267.json,10513,,metadata_only,ljcp,outputs
data_darbar_warehouse/ljcp/tables/2023_268.json,10743,,metadata_only,ljcp,outputs
data_darbar_warehouse/ljcp/tables/2023_56.json,5938,,metadata_only,ljcp,outputs
data_darbar_warehouse/ljcp/tables/2023_57.json,13381,,metadata_only,ljcp,outputs
data_darbar_warehouse/ljcp/tables/2023_58.json,10825,,metadata_only,ljcp,outputs
data_darbar_warehouse/ljcp/tables/2023_63.json,12071,,metadata_only,ljcp,outputs
data_darbar_warehouse/ljcp/tables/2023_64.json,15117,,metadata_only,ljcp,outputs
data_darbar_warehouse/ljcp/tables/2023_65.json,17902,,metadata_only,ljcp,outputs
data_darbar_warehouse/ljcp/tables/2023_66.json,17635,,metadata_only,ljcp,outputs
data_darbar_warehouse/ljcp/tables/2023_67.json,15828,,metadata_only,ljcp,outputs
data_darbar_warehouse/ljcp/tables/2023_68.json,16279,,metadata_only,ljcp,outputs
data_darbar_warehouse/ljcp/tables/2023_69.json,17077,,metadata_only,ljcp,outputs
data_darbar_warehouse/ljcp/tables/2023_70.json,17206,,metadata_only,ljcp,outputs
data_darbar_warehouse/ljcp/tables/2024_131.json,7385,,metadata_only,ljcp,outputs
data_darbar_warehouse/ljcp/tables/2024_132.json,6379,,metadata_only,ljcp,outputs
data_darbar_warehouse/ljcp/tables/2024_133.json,6412,,metadata_only,ljcp,outputs
data_darbar_warehouse/ljcp/tables/2024_134.json,6374,,metadata_only,ljcp,outputs
data_darbar_warehouse/ljcp/tables/2024_135.json,6459,,metadata_only,ljcp,outputs
data_darbar_warehouse/ljcp/tables/2024_136.json,5794,,metadata_only,ljcp,outputs
data_darbar_warehouse/ljcp/tables/2024_137.json,7193,,metadata_only,ljcp,outputs
data_darbar_warehouse/ljcp/tables/2024_138.json,13676,,metadata_only,ljcp,outputs
data_darbar_warehouse/ljcp/tables/2024_139.json,6673,,metadata_only,ljcp,outputs
data_darbar_warehouse/ljcp/tables/2024_140.json,12956,,metadata_only,ljcp,outputs
data_darbar_warehouse/ljcp/tables/2024_186.json,9201,,metadata_only,ljcp,outputs
data_darbar_warehouse/ljcp/tables/2024_187.json,12730,,metadata_only,ljcp,outputs
data_darbar_warehouse/ljcp/tables/2024_188.json,10950,,metadata_only,ljcp,outputs
data_darbar_warehouse/ljcp/tables/2024_189.json,10803,,metadata_only,ljcp,outputs
data_darbar_warehouse/ljcp/tables/2024_190.json,10410,,metadata_only,ljcp,outputs
data_darbar_warehouse/ljcp/tables/2024_191.json,10786,,metadata_only,ljcp,outputs
data_darbar_warehouse/ljcp/tables/2024_233.json,8150,,metadata_only,ljcp,outputs
data_darbar_warehouse/ljcp/tables/2024_234.json,13188,,metadata_only,ljcp,outputs
data_darbar_warehouse/ljcp/tables/2024_235.json,10513,,metadata_only,ljcp,outputs
data_darbar_warehouse/ljcp/tables/2024_236.json,11412,,metadata_only,ljcp,outputs
data_darbar_warehouse/ljcp/tables/2024_237.json,11325,,metadata_only,ljcp,outputs
data_darbar_warehouse/ljcp/tables/2024_238.json,14486,,metadata_only,ljcp,outputs
data_darbar_warehouse/ljcp/tables/2024_239.json,14590,,metadata_only,ljcp,outputs
data_darbar_warehouse/ljcp/tables/2024_240.json,14709,,metadata_only,ljcp,outputs
data_darbar_warehouse/ljcp/tables/2024_271.json,4978,,metadata_only,ljcp,outputs
data_darbar_warehouse/ljcp/tables/2024_272.json,6856,,metadata_only,ljcp,outputs
data_darbar_warehouse/ljcp/tables/2024_273.json,9398,,metadata_only,ljcp,outputs
data_darbar_warehouse/ljcp/tables/2024_274.json,7319,,metadata_only,ljcp,outputs
data_darbar_warehouse/ljcp/tables/2024_275.json,6892,,metadata_only,ljcp,outputs
data_darbar_warehouse/ljcp/tables/2024_66.json,6832,,metadata_only,ljcp,outputs
data_darbar_warehouse/ljcp/tables/2024_67.json,7087,,metadata_only,ljcp,outputs
data_darbar_warehouse/ljcp/tables/2024_68.json,15382,,metadata_only,ljcp,outputs
data_darbar_warehouse/ljcp/tables/2024_69.json,15612,,metadata_only,ljcp,outputs
data_darbar_warehouse/ljcp/tables/2024_70.json,17361,,metadata_only,ljcp,outputs
data_darbar_warehouse/ljcp/tables/2024_71.json,10383,,metadata_only,ljcp,outputs
data_darbar_warehouse/ljcp/tables/2024_72.json,6628,,metadata_only,ljcp,outputs
data_darbar_warehouse/ljcp/tables/2024_73.json,8972,,metadata_only,ljcp,outputs
data_darbar_warehouse/ljcp/tables/2024_74.json,9772,,metadata_only,ljcp,outputs
data_darbar_warehouse/ljcp/tables/2024_75.json,7319,,metadata_only,ljcp,outputs
data_darbar_warehouse/ljcp/tables/2024_76.json,9507,,metadata_only,ljcp,outputs
data_darbar_warehouse/ljcp/tables/2024_77.json,1492,,metadata_only,ljcp,outputs
data_darbar_warehouse/ljcp/tables/2024_78.json,10945,,metadata_only,ljcp,outputs
data_darbar_warehouse/ljcp/tables/2024_79.json,695,,metadata_only,ljcp,outputs
data_darbar_warehouse/ljcp/text/annual_2014.json,210713,,metadata_only,ljcp,outputs
data_darbar_warehouse/ljcp/text/annual_2020.json,291308,,metadata_only,ljcp,outputs
data_darbar_warehouse/ljcp/text/annual_2022.json,262930,,metadata_only,ljcp,outputs
data_darbar_warehouse/ljcp/text/annual_2023.json,445173,,metadata_only,ljcp,outputs
data_darbar_warehouse/ljcp/text/annual_2024.json,333702,,metadata_only,ljcp,outputs
data_darbar_warehouse/ljcp/text/annual_2024_original.json,332740,,metadata_only,ljcp,outputs
data_darbar_warehouse/ljcp/text/halfyear_2023_h1.json,7234,,metadata_only,ljcp,outputs
data_darbar_warehouse/ljcp/text/halfyear_2024_h1.json,24487,,metadata_only,ljcp,outputs
data_darbar_warehouse/ljcp/text/halfyear_2024_h2.json,6317,,metadata_only,ljcp,outputs
data_darbar_warehouse/ljcp/text/halfyear_2025_h1.json,3774,,metadata_only,ljcp,outputs
data_darbar_warehouse/lsm_qim.parquet,8123,,metadata_only,industry,inputs
data_darbar_warehouse/lsm_sector_indices.parquet,35761,,metadata_only,industry,inputs
data_darbar_warehouse/national_accounts.parquet,92516,,metadata_only,national_accounts,inputs
data_darbar_warehouse/nepra_disco_annual.parquet,281692,,metadata_only,nepra,inputs|outputs
data_darbar_warehouse/nepra_disco_annual_all.parquet,531538,,metadata_only,nepra,inputs|outputs
data_darbar_warehouse/nepra_per_cells.parquet,837371,,metadata_only,nepra,inputs|outputs
data_darbar_warehouse/nepra_per_long.parquet,1190766,,metadata_only,nepra,inputs|outputs
data_darbar_warehouse/nepra_plant_day.parquet,1693938,,metadata_only,nepra,inputs|outputs
data_darbar_warehouse/nepra_plant_day_files.parquet,450352,,metadata_only,nepra,inputs|outputs
data_darbar_warehouse/nepra_plant_month.parquet,214334,,metadata_only,nepra,inputs|outputs
data_darbar_warehouse/nepra_plants.parquet,14573,,metadata_only,nepra,inputs|outputs
data_darbar_warehouse/nepra_soi_cells.parquet,2802146,,metadata_only,nepra,inputs|outputs
data_darbar_warehouse/nepra_soi_long.parquet,3769077,,metadata_only,nepra,inputs|outputs
data_darbar_warehouse/nepra_soi_pages.parquet,22373,,metadata_only,nepra,inputs|outputs
data_darbar_warehouse/regional_police/README.md,2824,,metadata_only,regional_police,outputs
data_darbar_warehouse/regional_police/baloch_police_levies_annual.csv,81167,,metadata_only,regional_police,outputs
data_darbar_warehouse/regional_police/baloch_police_levies_annual.json,153824,,metadata_only,regional_police,outputs
data_darbar_warehouse/regional_police/baloch_police_levies_annual.parquet,8470,,metadata_only,regional_police,outputs
data_darbar_warehouse/regional_police/crime_annual.csv,1350454,,metadata_only,regional_police,outputs
data_darbar_warehouse/regional_police/crime_annual.json,2913415,,metadata_only,regional_police,outputs
data_darbar_warehouse/regional_police/crime_annual.parquet,29824,,metadata_only,regional_police,outputs
data_darbar_warehouse/regional_police/cross_source_differences.csv,347,,metadata_only,regional_police,outputs
data_darbar_warehouse/regional_police/cross_source_differences.json,1158,,metadata_only,regional_police,outputs
data_darbar_warehouse/regional_police/cross_source_differences.parquet,1232,,metadata_only,regional_police,outputs
data_darbar_warehouse/regional_police/discovery_audit.json,1821,,metadata_only,regional_police,outputs
data_darbar_warehouse/regional_police/district_crime_annual.csv,1000501,,metadata_only,regional_police,outputs
data_darbar_warehouse/regional_police/district_crime_annual.json,2148294,,metadata_only,regional_police,outputs
data_darbar_warehouse/regional_police/district_crime_annual.parquet,19625,,metadata_only,regional_police,outputs
data_darbar_warehouse/regional_police/district_totals.csv,23874,,metadata_only,regional_police,outputs
data_darbar_warehouse/regional_police/district_totals.json,52731,,metadata_only,regional_police,outputs
data_darbar_warehouse/regional_police/district_totals.parquet,7020,,metadata_only,regional_police,outputs
data_darbar_warehouse/regional_police/geography_crosswalk.csv,6845,,metadata_only,regional_police,outputs
data_darbar_warehouse/regional_police/geography_crosswalk.json,13502,,metadata_only,regional_police,outputs
data_darbar_warehouse/regional_police/geography_crosswalk.parquet,2767,,metadata_only,regional_police,outputs
data_darbar_warehouse/regional_police/observations.csv,2121232,,metadata_only,regional_police,outputs
data_darbar_warehouse/regional_police/observations.json,4647103,,metadata_only,regional_police,outputs
data_darbar_warehouse/regional_police/observations.parquet,36295,,metadata_only,regional_police,outputs
data_darbar_warehouse/regional_police/quality_report.json,670,,metadata_only,regional_police,outputs
data_darbar_warehouse/regional_police/regional_crime_annual.csv,118642,,metadata_only,regional_police,outputs
data_darbar_warehouse/regional_police/regional_crime_annual.json,272107,,metadata_only,regional_police,outputs
data_darbar_warehouse/regional_police/regional_crime_annual.parquet,10108,,metadata_only,regional_police,outputs
data_darbar_warehouse/regional_police/regional_totals.csv,11226,,metadata_only,regional_police,outputs
data_darbar_warehouse/regional_police/regional_totals.json,25611,,metadata_only,regional_police,outputs
data_darbar_warehouse/regional_police/regional_totals.parquet,6799,,metadata_only,regional_police,outputs
data_darbar_warehouse/regional_police/source_revisions.csv,10167,,metadata_only,regional_police,outputs
data_darbar_warehouse/regional_police/source_revisions.json,39145,,metadata_only,regional_police,outputs
data_darbar_warehouse/regional_police/source_revisions.parquet,3083,,metadata_only,regional_police,outputs
data_darbar_warehouse/regional_police/sources.json,9887,,metadata_only,regional_police,outputs
data_darbar_warehouse/regional_police/total_checks.csv,44391,,metadata_only,regional_police,outputs
data_darbar_warehouse/regional_police/total_checks.json,150398,,metadata_only,regional_police,outputs
data_darbar_warehouse/regional_police/total_checks.parquet,7159,,metadata_only,regional_police,outputs
data_darbar_warehouse/regional_police/year_coverage.csv,2986,,metadata_only,regional_police,outputs
data_darbar_warehouse/regional_police/year_coverage.json,10823,,metadata_only,regional_police,outputs
data_darbar_warehouse/regional_police/year_coverage.parquet,2247,,metadata_only,regional_police,outputs
data_darbar_warehouse/sbp_observations.parquet,1497992,,metadata_only,sbp,inputs
data_darbar_warehouse/sbp_series_catalog.parquet,712277,,metadata_only,sbp,inputs
data_darbar_warehouse/sbp_state/checkpoint.json,45897,,metadata_only,sbp,inputs
data_darbar_warehouse/sbp_state/obs/TS_GP_BAM_ADVDEP_HY.json,306835,,metadata_only,sbp,inputs
data_darbar_warehouse/sbp_state/obs/TS_GP_BAM_CENGOVTD_M.json,348439,,metadata_only,sbp,inputs
data_darbar_warehouse/sbp_state/obs/TS_GP_BAM_DCS_M.json,472260,,metadata_only,sbp,inputs
data_darbar_warehouse/sbp_state/obs/TS_GP_BAM_M2_Q.json,105106,,metadata_only,sbp,inputs
data_darbar_warehouse/sbp_state/obs/TS_GP_BAM_M3_M.json,63659,,metadata_only,sbp,inputs
data_darbar_warehouse/sbp_state/obs/TS_GP_BAM_PKDLP_Q.json,76274,,metadata_only,sbp,inputs
data_darbar_warehouse/sbp_state/obs/TS_GP_BAM_SIRKIBOR_D.json,3573109,,metadata_only,sbp,inputs
data_darbar_warehouse/sbp_state/obs/TS_GP_BAM_WALDR_M.json,1717726,,metadata_only,sbp,inputs
data_darbar_warehouse/sbp_state/obs/TS_GP_BOP_BPM6SUM_M.json,449672,,metadata_only,sbp,inputs
data_darbar_warehouse/sbp_state/obs/TS_GP_BOP_WR_M.json,856215,,metadata_only,sbp,inputs
data_darbar_warehouse/sbp_state/obs/TS_GP_BOP_XMGS_M.json,310341,,metadata_only,sbp,inputs
data_darbar_warehouse/sbp_state/obs/TS_GP_ER_FAERPKR_M.json,1621745,,metadata_only,sbp,inputs
data_darbar_warehouse/sbp_state/obs/TS_GP_ER_REERNEER_M.json,53782,,metadata_only,sbp,inputs
data_darbar_warehouse/sbp_state/obs/TS_GP_ES_KSORDA_M.json,34750,,metadata_only,sbp,inputs
data_darbar_warehouse/sbp_state/obs/TS_GP_ES_SWR_M.json,20891,,metadata_only,sbp,inputs
data_darbar_warehouse/sbp_state/obs/TS_GP_EXT_PAKRES_M.json,281485,,metadata_only,sbp,inputs
data_darbar_warehouse/sbp_state/obs/TS_GP_IR_SIRPR_AH.json,7312,,metadata_only,sbp,inputs
data_darbar_warehouse/sbp_state/obs/TS_GP_MFS_ASTQLTYB_Q.json,37938,,metadata_only,sbp,inputs
data_darbar_warehouse/sbp_state/obs/TS_GP_MFS_EPUI_M.json,14917,,metadata_only,sbp,inputs
data_darbar_warehouse/sbp_state/obs/TS_GP_MFS_PSD_Q.json,376706,,metadata_only,sbp,inputs
data_darbar_warehouse/sbp_state/obs/TS_GP_MFS_SGADVNPL_Q.json,188628,,metadata_only,sbp,inputs
data_darbar_warehouse/sbp_state/obs/TS_GP_PDL_NSSOA_M.json,40746,,metadata_only,sbp,inputs
data_darbar_warehouse/sbp_state/obs/TS_GP_PF_CPRE_Y.json,17132,,metadata_only,sbp,inputs
data_darbar_warehouse/sbp_state/obs/TS_GP_PF_SPF_Y.json,10977,,metadata_only,sbp,inputs
data_darbar_warehouse/sbp_state/obs/TS_GP_PT_CPI_M.json,281750,,metadata_only,sbp,inputs
data_darbar_warehouse/sbp_state/obs/TS_GP_RLS_ELECGEN_M.json,89560,,metadata_only,sbp,inputs
data_darbar_warehouse/sbp_state/obs/TS_GP_RLS_PAKGDP15_Y.json,7210,,metadata_only,sbp,inputs
data_darbar_warehouse/sbp_state/obs/TS_GP_RLS_POLSALE_M.json,51548,,metadata_only,sbp,inputs
data_darbar_warehouse/sbp_state/obs/TS_GP_RLS_PSAUTO_M.json,148952,,metadata_only,sbp,inputs
data_darbar_warehouse/sbp_state/obs/TS_GP_RL_BCSIND_M.json,346261,,metadata_only,sbp,inputs
data_darbar_warehouse/sbp_state/obs/TS_GP_RL_CCSIND_M.json,555383,,metadata_only,sbp,inputs
data_darbar_warehouse/sbp_state/obs/TS_GP_RL_LSM1516_M.json,59077,,metadata_only,sbp,inputs
data_darbar_warehouse/sbp_state/obs/TS_GP_RS_QGDP1516_Q.json,15771,,metadata_only,sbp,inputs
data_darbar_warehouse/sbp_state/raw/bulk__WR_countries.json,3949692,,metadata_only,sbp,inputs
data_darbar_warehouse/sbp_state/raw/cond__A1a.json,62664,,metadata_only,sbp,inputs
data_darbar_warehouse/sbp_state/raw/cond__A2.json,79958,,metadata_only,sbp,inputs
data_darbar_warehouse/sbp_state/raw/cond__ADVDEP.json,113815,,metadata_only,sbp,inputs
data_darbar_warehouse/sbp_state/raw/cond__B.json,110323,,metadata_only,sbp,inputs
data_darbar_warehouse/sbp_state/raw/cond__C.json,117102,,metadata_only,sbp,inputs
data_darbar_warehouse/sbp_state/raw/cond__D1.json,124718,,metadata_only,sbp,inputs
data_darbar_warehouse/sbp_state/raw/cond__D2.json,86906,,metadata_only,sbp,inputs
data_darbar_warehouse/sbp_state/raw/cond__D3.json,135021,,metadata_only,sbp,inputs
data_darbar_warehouse/sbp_state/raw/cond__E.json,28943,,metadata_only,sbp,inputs
data_darbar_warehouse/sbp_state/raw/cond__L.json,25589,,metadata_only,sbp,inputs
data_darbar_warehouse/sbp_state/raw/cond__P.json,15859,,metadata_only,sbp,inputs
data_darbar_warehouse/sbp_state/raw/cond__U.json,38261,,metadata_only,sbp,inputs
data_darbar_warehouse/sbp_state/raw/data__TS_GP_BAM_SIRKIBOR_D.KIBOR0030__w1.json,290326,,metadata_only,sbp,inputs
data_darbar_warehouse/sbp_state/raw/data__TS_GP_BAM_SIRKIBOR_D.KIBOR0030__w2.json,268862,,metadata_only,sbp,inputs
data_darbar_warehouse/sbp_state/raw/data__TS_GP_BAM_SIRKIBOR_D.KIBOR0030__w3.json,218258,,metadata_only,sbp,inputs
data_darbar_warehouse/sbp_state/raw/data__TS_GP_BAM_SIRKIBOR_D.KIBOR0030__w4.json,202193,,metadata_only,sbp,inputs
data_darbar_warehouse/sbp_state/raw/data__TS_GP_BOP_WR_M.WR0010.json,119872,,metadata_only,sbp,inputs
data_darbar_warehouse/sbp_state/raw/data__TS_GP_ER_FAERPKR_M.E00220.json,191333,,metadata_only,sbp,inputs
data_darbar_warehouse/sbp_state/raw/data__TS_GP_ER_REERNEER_M.N00010.json,57196,,metadata_only,sbp,inputs
data_darbar_warehouse/sbp_state/raw/data__TS_GP_ER_REERNEER_M.R00010.json,57025,,metadata_only,sbp,inputs
data_darbar_warehouse/sbp_state/raw/data__TS_GP_ES_SWR_M.SWR0002.json,42819,,metadata_only,sbp,inputs
data_darbar_warehouse/sbp_state/raw/data__TS_GP_IR_SIRPR_AH.SBPOL0010.json,18547,,metadata_only,sbp,inputs
data_darbar_warehouse/sbp_state/raw/data__TS_GP_IR_SIRPR_AH.SBPOL0020.json,10439,,metadata_only,sbp,inputs
data_darbar_warehouse/sbp_state/raw/data__TS_GP_IR_SIRPR_AH.SBPOL0030.json,7759,,metadata_only,sbp,inputs
data_darbar_warehouse/sbp_state/raw/data__TS_GP_MFS_EPUI_M.EPUI2.json,33359,,metadata_only,sbp,inputs
data_darbar_warehouse/sbp_state/raw/data__TS_GP_MFS_EPUI_M.EPUI4.json,24186,,metadata_only,sbp,inputs
data_darbar_warehouse/sbp_state/raw/data__TS_GP_PT_CPI_M.P00011516.json,21733,,metadata_only,sbp,inputs
data_darbar_warehouse/sbp_state/raw/data__TS_GP_PT_CPI_M.P00021516.json,21357,,metadata_only,sbp,inputs
data_darbar_warehouse/sbp_state/raw/data__TS_GP_PT_CPI_M.P00031516.json,21370,,metadata_only,sbp,inputs
data_darbar_warehouse/sbp_state/raw/data__TS_GP_PT_CPI_M.P00041516.json,21975,,metadata_only,sbp,inputs
data_darbar_warehouse/sbp_state/raw/data__TS_GP_PT_CPI_M.P00051516.json,21974,,metadata_only,sbp,inputs
data_darbar_warehouse/sbp_state/raw/data__TS_GP_RLS_PAKGDP15_Y.GDP00150000.json,7207,,metadata_only,sbp,inputs
data_darbar_warehouse/sbp_state/raw/data__TS_GP_RLS_PAKGDP15_Y.GDP00160000.json,5689,,metadata_only,sbp,inputs
data_darbar_warehouse/sbp_state/raw/fytot__goods.json,24653,,metadata_only,sbp,inputs
data_darbar_warehouse/sbp_state/raw/fytot__repat.json,8203,,metadata_only,sbp,inputs
data_darbar_warehouse/sbp_state/raw/meta__TS_GP_BAM_SIRKIBOR_D.json,7014,,metadata_only,sbp,inputs
data_darbar_warehouse/sbp_state/raw/meta__TS_GP_BOP_WR_M.json,16105,,metadata_only,sbp,inputs
data_darbar_warehouse/sbp_state/raw/meta__TS_GP_ER_FAERPKR_M.json,15722,,metadata_only,sbp,inputs
data_darbar_warehouse/sbp_state/raw/meta__TS_GP_ER_REERNEER_M.json,1951,,metadata_only,sbp,inputs
data_darbar_warehouse/sbp_state/raw/meta__TS_GP_ES_SWR_M.json,802,,metadata_only,sbp,inputs
data_darbar_warehouse/sbp_state/raw/meta__TS_GP_IR_SIRPR_AH.json,1461,,metadata_only,sbp,inputs
data_darbar_warehouse/sbp_state/raw/meta__TS_GP_MFS_EPUI_M.json,1713,,metadata_only,sbp,inputs
data_darbar_warehouse/sbp_state/raw/meta__TS_GP_PT_CPI_M.json,19155,,metadata_only,sbp,inputs
data_darbar_warehouse/sbp_state/raw/meta__TS_GP_RLS_PAKGDP15_Y.json,3096,,metadata_only,sbp,inputs
data_darbar_warehouse/sbp_state/series_catalog.json,13449297,,metadata_only,sbp,inputs
data_darbar_warehouse/sindh_fir/indexed_page_crosschecks.json,17710,,metadata_only,sindh_fir,outputs
data_darbar_warehouse/sindh_fir/quality_report.json,1435,,metadata_only,sindh_fir,outputs
data_darbar_warehouse/sindh_fir/sindh_fir_district_daily_ytd.csv,114098,,metadata_only,sindh_fir,outputs
data_darbar_warehouse/sindh_fir/sindh_fir_district_daily_ytd.json,274965,,metadata_only,sindh_fir,outputs
data_darbar_warehouse/sindh_fir/sindh_fir_district_daily_ytd.parquet,11380,,metadata_only,sindh_fir,outputs
data_darbar_warehouse/sindh_fir/sindh_fir_latest_available.csv,10612,,metadata_only,sindh_fir,outputs
data_darbar_warehouse/sindh_fir/sindh_fir_latest_available.json,24971,,metadata_only,sindh_fir,outputs
data_darbar_warehouse/sindh_fir/sindh_fir_latest_available.parquet,5972,,metadata_only,sindh_fir,outputs
data_darbar_warehouse/sindh_fir/sindh_fir_observations.csv,134176,,metadata_only,sindh_fir,outputs
data_darbar_warehouse/sindh_fir/sindh_fir_observations.json,300930,,metadata_only,sindh_fir,outputs
data_darbar_warehouse/sindh_fir/sindh_fir_observations.parquet,12305,,metadata_only,sindh_fir,outputs
data_darbar_warehouse/sindh_fir/sindh_fir_reported_totals.csv,25339,,metadata_only,sindh_fir,outputs
data_darbar_warehouse/sindh_fir/sindh_fir_reported_totals.json,61410,,metadata_only,sindh_fir,outputs
data_darbar_warehouse/sindh_fir/sindh_fir_reported_totals.parquet,7775,,metadata_only,sindh_fir,outputs
data_darbar_warehouse/sindh_fir/sindh_fir_sources.csv,4073,,metadata_only,sindh_fir,outputs
data_darbar_warehouse/sindh_fir/sindh_fir_sources.json,6470,,metadata_only,sindh_fir,outputs
data_darbar_warehouse/sindh_fir/sindh_fir_sources.parquet,5069,,metadata_only,sindh_fir,outputs
data_darbar_warehouse/sindh_fir/sindh_fir_temporal_flags.csv,11455,,metadata_only,sindh_fir,outputs
data_darbar_warehouse/sindh_fir/sindh_fir_temporal_flags.json,35774,,metadata_only,sindh_fir,outputs
data_darbar_warehouse/sindh_fir/sindh_fir_temporal_flags.parquet,5357,,metadata_only,sindh_fir,outputs
data_darbar_warehouse/sindh_fir/sindh_fir_total_checks.csv,17170,,metadata_only,sindh_fir,outputs
data_darbar_warehouse/sindh_fir/sindh_fir_total_checks.json,55998,,metadata_only,sindh_fir,outputs
data_darbar_warehouse/sindh_fir/sindh_fir_total_checks.parquet,3996,,metadata_only,sindh_fir,outputs
data_darbar_warehouse/sindh_fir/sindh_fir_year_coverage.csv,355,,metadata_only,sindh_fir,outputs
data_darbar_warehouse/sindh_fir/sindh_fir_year_coverage.json,1554,,metadata_only,sindh_fir,outputs
data_darbar_warehouse/sindh_fir/sindh_fir_year_coverage.parquet,1335,,metadata_only,sindh_fir,outputs
data_darbar_warehouse/sindh_police/catalog.json,9868,,metadata_only,sindh_police,outputs
data_darbar_warehouse/sindh_police/quality_report.json,340695,,metadata_only,sindh_police,outputs
data_darbar_warehouse/sindh_police/recovered_source_extracts/annual_2020_archived_official_pdf.json,505808,,metadata_only,sindh_police,outputs
data_darbar_warehouse/sindh_police/recovered_source_extracts/annual_2020_layout.txt,11556,,metadata_only,sindh_police,outputs
data_darbar_warehouse/sindh_police/recovered_source_extracts/annual_2021_archived_official_pdf.json,513633,,metadata_only,sindh_police,outputs
data_darbar_warehouse/sindh_police/recovered_source_extracts/annual_2021_layout.txt,35892,,metadata_only,sindh_police,outputs
data_darbar_warehouse/sindh_police/recovered_source_extracts/crime_report_december_2023_province.json,69257,,metadata_only,sindh_police,outputs
data_darbar_warehouse/sindh_police/recovered_source_extracts/crime_report_december_2023_ranges.json,396854,,metadata_only,sindh_police,outputs
data_darbar_warehouse/sindh_police/recovered_source_extracts/recovered_annual_2024.json,165614,,metadata_only,sindh_police,outputs
data_darbar_warehouse/sindh_police/recovered_source_extracts/recovered_annual_2025.json,444055,,metadata_only,sindh_police,outputs
data_darbar_warehouse/sindh_police/sindh_crime_annual.csv,3947189,,metadata_only,sindh_police,outputs
data_darbar_warehouse/sindh_police/sindh_crime_annual.json,6008434,,metadata_only,sindh_police,outputs
data_darbar_warehouse/sindh_police/sindh_crime_annual.parquet,172636,,metadata_only,sindh_police,outputs
data_darbar_warehouse/sindh_police/sindh_crime_observations.csv,4961790,,metadata_only,sindh_police,outputs
data_darbar_warehouse/sindh_police/sindh_crime_observations.json,7536269,,metadata_only,sindh_police,outputs
data_darbar_warehouse/sindh_police/sindh_crime_observations.parquet,201499,,metadata_only,sindh_police,outputs
data_darbar_warehouse/sindh_police/sindh_crime_sources.csv,22728,,metadata_only,sindh_police,outputs
data_darbar_warehouse/sindh_police/sindh_crime_sources.json,25776,,metadata_only,sindh_police,outputs
data_darbar_warehouse/sindh_police/sindh_crime_sources.parquet,13523,,metadata_only,sindh_police,outputs
data_darbar_warehouse/trade_hs8.parquet,12141752,,metadata_only,trade,inputs
datadarbar/app/assets/js/econ_data.js,2867589,,metadata_only,budget|industry|national_accounts|trade,outputs
datadarbar/app/data/budget_expenditure_detailed.json,40504,,metadata_only,budget,outputs
datadarbar/app/data/budget_receipts_detailed.json,21995,,metadata_only,budget,outputs
datadarbar/app/data/census_data.js,1868350,,metadata_only,census2017_education|census2017_other|census2017_population|census2023_education|census2023_other|census2023_population|economic_census|hies2024|lfs2020|lfs2024|mics|pdhs|pslm2019,outputs
datadarbar/app/data/districts.json,1752458,,metadata_only,census2017_education|census2017_other|census2017_population|census2023_education|census2023_other|census2023_population|economic_census|hies2024|lfs2020|lfs2024|mics|pdhs|pslm2019,outputs
datadarbar/app/data/econ_industry.json,167223,,metadata_only,industry,outputs
datadarbar/app/data/econ_structure.json,80870,,metadata_only,national_accounts,outputs
datadarbar/app/data/econ_trade_extra.json,1132120,,metadata_only,trade,outputs
datadarbar/app/data/money_data.js,294584,,metadata_only,sbp,outputs
datadarbar/app/data/mouza_data.js,475390,,metadata_only,mouza2020,outputs
datadarbar/app/data/pakistan_districts_province_boundries.geojson,427889,,metadata_only,boundaries,inputs|outputs
datadarbar/app/data/pbs_district_indicators.json,338,,metadata_only,legacy_pbs_payload,inputs|outputs
datadarbar/app/data/poverty_data.js,1417587,,metadata_only,health_access|mpi|rwi|school_access|viirs|worldpop,inputs|outputs
datadarbar/app/data/tehsils_geo.js,623632,,metadata_only,boundaries,inputs|outputs
datadarbar/app/data/warehouse/budget_lines.parquet,118845,,metadata_only,budget,outputs
datadarbar/app/data/warehouse/census_enrolment_5_16_by_sex.parquet,22611,,metadata_only,school_access,outputs
datadarbar/app/data/warehouse/district_indicators.parquet,167771,,metadata_only,census2017_education|census2017_other|census2017_population|census2023_education|census2023_other|census2023_population|economic_census|hies2024|lfs2020|lfs2024|mics|pdhs|pslm2019,outputs
datadarbar/app/data/warehouse/file_catalog.parquet,11910,,metadata_only,file_catalog,outputs
datadarbar/app/data/warehouse/health_access_district.parquet,11793,,metadata_only,health_access,outputs
datadarbar/app/data/warehouse/health_access_tehsil.parquet,26806,,metadata_only,health_access,outputs
datadarbar/app/data/warehouse/lsm_qim.parquet,3354,,metadata_only,industry,outputs
datadarbar/app/data/warehouse/lsm_sector_indices.parquet,24087,,metadata_only,industry,outputs
datadarbar/app/data/warehouse/mouza_crosswalk.parquet,17991,,metadata_only,mouza2020,outputs
datadarbar/app/data/warehouse/mouza_tehsil.parquet,190122,,metadata_only,mouza2020,outputs
datadarbar/app/data/warehouse/mpi_districts.parquet,9876,,metadata_only,mpi,outputs
datadarbar/app/data/warehouse/national_accounts.parquet,61883,,metadata_only,national_accounts,outputs
datadarbar/app/data/warehouse/sbp_observations.parquet,994032,,metadata_only,sbp,outputs
datadarbar/app/data/warehouse/sbp_series_catalog.parquet,285055,,metadata_only,sbp,outputs
datadarbar/app/data/warehouse/school_access_district.parquet,30428,,metadata_only,school_access,outputs
datadarbar/app/data/warehouse/school_access_tehsil.parquet,33340,,metadata_only,school_access,outputs
datadarbar/app/data/warehouse/school_distance_stats.parquet,22568,,metadata_only,school_access,outputs
datadarbar/app/data/warehouse/school_layer_coverage.parquet,4730,,metadata_only,school_registers,outputs
datadarbar/app/data/warehouse/school_validation_district.parquet,46945,,metadata_only,school_access,outputs
datadarbar/app/data/warehouse/school_validation_summary.parquet,2130,,metadata_only,school_access,outputs
datadarbar/app/data/warehouse/school_validation_tehsil.parquet,27210,,metadata_only,school_access,outputs
datadarbar/app/data/warehouse/schools_pk.parquet,2990512,,metadata_only,school_registers,outputs
datadarbar/app/data/warehouse/tehsil_nightlights.parquet,16840,,metadata_only,viirs,outputs
datadarbar/app/data/warehouse/tehsil_satellite.parquet,23023,,metadata_only,rwi|viirs|worldpop,outputs
datadarbar/app/data/warehouse/trade_hs8.parquet,10206418,,metadata_only,trade,outputs
datadarbar/etl/build_dataset.py,157514,,metadata_only,census2017_education|census2017_other|census2017_population|census2023_education|census2023_other|census2023_population|economic_census|hies2024|lfs2020|lfs2024|mics|pdhs|pslm2019,pipeline
datadarbar/etl/build_money.py,27631,,metadata_only,sbp,pipeline
datadarbar/etl/build_web_warehouse.py,87530,,metadata_only,budget|census2017_education|census2017_other|census2017_population|census2023_education|census2023_other|census2023_population|economic_census|file_catalog|health_access|hies2024|industry|lfs2020|lfs2024|mics|mouza2020|mpi|national_accounts|pdhs|pslm2019|rwi|sbp|school_access|school_registers|trade|viirs|worldpop,pipeline
datadarbar/etl/census2023_schooling_by_sex.py,8884,,metadata_only,census2023_other,pipeline
datadarbar/etl/climate_events/README.md,9839,,metadata_only,climate_events,inputs
datadarbar/etl/climate_events/pipeline.py,33993,,metadata_only,climate_events,inputs|pipeline
datadarbar/etl/climate_events/requirements.txt,86,,metadata_only,climate_events,inputs
datadarbar/etl/climate_events/test_pipeline.py,10506,,metadata_only,climate_events,inputs|pipeline
datadarbar/etl/dhs_district.py,8014,,metadata_only,pdhs,pipeline
datadarbar/etl/dhs_district_indicators.json,92175,,metadata_only,pdhs,inputs
datadarbar/etl/health_access/README.md,2272,,metadata_only,health_access,inputs
datadarbar/etl/health_access/build_map_payload.py,2597,,metadata_only,health_access,inputs|pipeline
datadarbar/etl/health_access/travel_time_districts_2026-09.csv,18722,,metadata_only,health_access,inputs
datadarbar/etl/health_access/travel_time_tehsils_2026-09.csv,71115,,metadata_only,health_access,inputs
datadarbar/etl/hies2425_pcode_district_crosswalk.csv,6988,,metadata_only,hies2024,inputs
datadarbar/etl/inline_districts.py,3287,,metadata_only,census2023_other,pipeline
datadarbar/etl/ljcp/README.md,21590,,metadata_only,ljcp,inputs
datadarbar/etl/ljcp/aggregates.py,3345,,metadata_only,ljcp,inputs|pipeline
datadarbar/etl/ljcp/build.py,40767,,metadata_only,ljcp,inputs|pipeline
datadarbar/etl/ljcp/categories.py,15209,,metadata_only,ljcp,inputs|pipeline
datadarbar/etl/ljcp/dataset.json,2586,,metadata_only,ljcp,inputs
datadarbar/etl/ljcp/extract.py,18576,,metadata_only,ljcp,inputs|pipeline
datadarbar/etl/ljcp/fetch_sources.py,3904,,metadata_only,ljcp,inputs|pipeline
datadarbar/etl/ljcp/ocr.swift,1538,,metadata_only,ljcp,inputs
datadarbar/etl/ljcp/ocr_2021_reviewed_tables.json,84375,,metadata_only,ljcp,inputs
datadarbar/etl/ljcp/ocr_reviewed_cells.json,14977,,metadata_only,ljcp,inputs
datadarbar/etl/ljcp/ocr_tables.py,6169,,metadata_only,ljcp,inputs|pipeline
datadarbar/etl/ljcp/requirements.txt,308,,metadata_only,ljcp,inputs
datadarbar/etl/ljcp/run.py,1061,,metadata_only,ljcp,inputs|pipeline
datadarbar/etl/ljcp/sources.json,6285,,metadata_only,ljcp,inputs
datadarbar/etl/ljcp/test_pipeline.py,11616,,metadata_only,ljcp,inputs|pipeline
datadarbar/etl/mics_district.py,9796,,metadata_only,mics,pipeline
datadarbar/etl/mics_district_indicators.json,95757,,metadata_only,mics,inputs
datadarbar/etl/mouza2020/README.md,1836,,metadata_only,mouza2020,inputs
datadarbar/etl/mouza2020/build_crosswalk.py,7139,,metadata_only,mouza2020,inputs|pipeline
datadarbar/etl/mouza2020/build_payload.py,10884,,metadata_only,mouza2020,inputs|pipeline
datadarbar/etl/mouza2020/manual_map.py,6784,,metadata_only,mouza2020,inputs
datadarbar/etl/mouza2020/mouza2020_tehsil_crosswalk.csv,64326,,metadata_only,mouza2020,inputs
datadarbar/etl/mouza2020/pk-mouza-2020-tehsil.csv,375535,,metadata_only,mouza2020,inputs
datadarbar/etl/pslm2019_district_fies.csv,3208,,metadata_only,pslm2019,inputs
datadarbar/etl/pslm_sex_education.py,8857,,metadata_only,pslm2019,pipeline
datadarbar/etl/rebuild_education_2023.py,4585,,metadata_only,census2023_education,pipeline
datadarbar/etl/regional_police/README.md,9007,,metadata_only,regional_police,inputs
datadarbar/etl/regional_police/dataset.json,1202,,metadata_only,regional_police,inputs
datadarbar/etl/regional_police/discovery_audit.json,1821,,metadata_only,regional_police,inputs
datadarbar/etl/regional_police/pipeline.py,20395,,metadata_only,regional_police,inputs|pipeline
datadarbar/etl/regional_police/requirements.txt,72,,metadata_only,regional_police,inputs
datadarbar/etl/regional_police/sources.json,9887,,metadata_only,regional_police,inputs
datadarbar/etl/regional_police/test_pipeline.py,5354,,metadata_only,regional_police,inputs|pipeline
datadarbar/etl/schools/README.md,10023,,metadata_only,school_access|school_registers,inputs
datadarbar/etl/schools/build_map_payload.py,4661,,metadata_only,school_access|school_registers,inputs|pipeline
datadarbar/etl/schools/build_schools_pk.py,23845,,metadata_only,school_access|school_registers,inputs|pipeline
datadarbar/etl/schools/build_tehsil_access.py,6816,,metadata_only,school_access|school_registers,inputs|pipeline
datadarbar/etl/schools/census_enrolment_5_16_by_sex.csv,35936,,metadata_only,school_access|school_registers,inputs
datadarbar/etl/schools/prepare_release.py,10747,,metadata_only,school_access|school_registers,inputs|pipeline
datadarbar/etl/schools/school_access_district.csv,32805,,metadata_only,school_access|school_registers,inputs
datadarbar/etl/schools/school_access_tehsil.csv,75560,,metadata_only,school_access|school_registers,inputs
datadarbar/etl/schools/school_distance_stats.csv,127059,,metadata_only,school_access|school_registers,inputs
datadarbar/etl/schools/school_layer_coverage.csv,2753,,metadata_only,school_access|school_registers,inputs
datadarbar/etl/schools/school_validation_district.csv,57844,,metadata_only,school_access|school_registers,inputs
datadarbar/etl/schools/school_validation_summary.csv,1020,,metadata_only,school_access|school_registers,inputs
datadarbar/etl/schools/school_validation_tehsil.csv,70376,,metadata_only,school_access|school_registers,inputs
datadarbar/etl/schools/schools_pk_2026-09.csv.gz,3607085,,metadata_only,school_access|school_registers,inputs
datadarbar/etl/schools/validate_released_layer.py,14092,,metadata_only,school_access|school_registers,inputs|pipeline
datadarbar/etl/sindh_fir/README.md,6093,,metadata_only,sindh_fir,inputs
datadarbar/etl/sindh_fir/dataset.json,627,,metadata_only,sindh_fir,inputs
datadarbar/etl/sindh_fir/fixtures/2025-09-19.txt,1766,,metadata_only,sindh_fir,inputs
datadarbar/etl/sindh_fir/fixtures/2025-11-07.txt,3050,,metadata_only,sindh_fir,inputs
datadarbar/etl/sindh_fir/pipeline.py,20401,,metadata_only,sindh_fir,inputs|pipeline
datadarbar/etl/sindh_fir/requirements.txt,49,,metadata_only,sindh_fir,inputs
datadarbar/etl/sindh_fir/sources.json,6470,,metadata_only,sindh_fir,inputs
datadarbar/etl/sindh_fir/test_pipeline.py,5253,,metadata_only,sindh_fir,inputs|pipeline
datadarbar/etl/sindh_police/README.md,10277,,metadata_only,sindh_police,inputs
datadarbar/etl/sindh_police/category_schema.json,6892,,metadata_only,sindh_police,inputs
datadarbar/etl/sindh_police/extract_2023_recovery.py,8850,,metadata_only,sindh_police,inputs|pipeline
datadarbar/etl/sindh_police/extract_2024_2025_recovery.py,9609,,metadata_only,sindh_police,inputs|pipeline
datadarbar/etl/sindh_police/extract_archived_pdfs.py,9079,,metadata_only,sindh_police,inputs|pipeline
datadarbar/etl/sindh_police/pipeline.py,34966,,metadata_only,sindh_police,inputs|pipeline
datadarbar/etl/sindh_police/requirements.txt,223,,metadata_only,sindh_police,inputs
datadarbar/etl/sindh_police/test_pipeline.py,8190,,metadata_only,sindh_police,inputs|pipeline
datadarbar/etl/stage1/build_census.py,29904,,metadata_only,census2017_education|census2017_population|census2023_education|census2023_population,pipeline
raw_data/budget_documents/2009-10/Budget_Speech.pdf,108678,,metadata_only,budget,inputs
raw_data/budget_documents/2009-10/Budget_in_Brief.pdf,94398,,metadata_only,budget,inputs
raw_data/budget_documents/2009-10/Explanatory_Memorandum_Federal_Receipts.pdf,182055,,metadata_only,budget,inputs
raw_data/budget_documents/2010-11/Annual_Budget_Statement.pdf,66238,,metadata_only,budget,inputs
raw_data/budget_documents/2010-11/Budget_Speech.pdf,628822,,metadata_only,budget,inputs
raw_data/budget_documents/2010-11/Budget_in_Brief.pdf,215803,,metadata_only,budget,inputs
raw_data/budget_documents/2010-11/Explanatory_Memorandum_Federal_Receipts.pdf,180931,,metadata_only,budget,inputs
raw_data/budget_documents/2011-12/Annual_Budget_Statement.pdf,112873,,metadata_only,budget,inputs
raw_data/budget_documents/2011-12/Budget_Speech.pdf,596159,,metadata_only,budget,inputs
raw_data/budget_documents/2011-12/Budget_in_Brief.pdf,233634,,metadata_only,budget,inputs
raw_data/budget_documents/2011-12/Explanatory_Memorandum_Federal_Receipts.pdf,573203,,metadata_only,budget,inputs
raw_data/budget_documents/2012-13/Annual_Budget_Statement.pdf,260648,,metadata_only,budget,inputs
raw_data/budget_documents/2012-13/Budget_Speech.pdf,521972,,metadata_only,budget,inputs
raw_data/budget_documents/2012-13/Budget_in_Brief.pdf,274164,,metadata_only,budget,inputs
raw_data/budget_documents/2012-13/Explanatory_Memorandum_Federal_Receipts.pdf,249096,,metadata_only,budget,inputs
raw_data/budget_documents/2013-14/Annual_Budget_Statement.pdf,363913,,metadata_only,budget,inputs
raw_data/budget_documents/2013-14/Budget_Speech.pdf,312968,,metadata_only,budget,inputs
raw_data/budget_documents/2013-14/Budget_in_Brief.pdf,579663,,metadata_only,budget,inputs
raw_data/budget_documents/2013-14/Explanatory_Memorandum_Federal_Receipts.pdf,572996,,metadata_only,budget,inputs
raw_data/budget_documents/2014-15/Annual_Budget_Statement.pdf,378769,,metadata_only,budget,inputs
raw_data/budget_documents/2014-15/Budget_Speech.pdf,543392,,metadata_only,budget,inputs
raw_data/budget_documents/2014-15/Budget_in_Brief.pdf,486444,,metadata_only,budget,inputs
raw_data/budget_documents/2014-15/Explanatory_Memorandum_Federal_Receipts.pdf,391321,,metadata_only,budget,inputs
raw_data/budget_documents/2015-16/Annual_Budget_Statement.pdf,1227233,,metadata_only,budget,inputs
raw_data/budget_documents/2015-16/Budget_Speech.pdf,914122,,metadata_only,budget,inputs
raw_data/budget_documents/2015-16/Budget_in_Brief.pdf,1336981,,metadata_only,budget,inputs
raw_data/budget_documents/2015-16/Explanatory_Memorandum_Federal_Receipts.pdf,807076,,metadata_only,budget,inputs
raw_data/budget_documents/2016-17/Annual_Budget_Statement.pdf,1032138,,metadata_only,budget,inputs
raw_data/budget_documents/2016-17/Budget_Speech.pdf,838330,,metadata_only,budget,inputs
raw_data/budget_documents/2016-17/Budget_in_Brief.pdf,1228142,,metadata_only,budget,inputs
raw_data/budget_documents/2016-17/Explanatory_Memorandum_Federal_Receipts.pdf,969653,,metadata_only,budget,inputs
raw_data/budget_documents/2017-18/Annual_Budget_Statement.pdf,1087862,,metadata_only,budget,inputs
raw_data/budget_documents/2017-18/Budget_Speech.pdf,1020611,,metadata_only,budget,inputs
raw_data/budget_documents/2017-18/Budget_in_Brief.pdf,1115240,,metadata_only,budget,inputs
raw_data/budget_documents/2017-18/Explanatory_Memorandum_Federal_Receipts.pdf,1658735,,metadata_only,budget,inputs
raw_data/budget_documents/2018-19/Annual_Budget_Statement.pdf,417150,,metadata_only,budget,inputs
raw_data/budget_documents/2018-19/Budget_Speech.pdf,638988,,metadata_only,budget,inputs
raw_data/budget_documents/2018-19/Budget_in_Brief.pdf,1080284,,metadata_only,budget,inputs
raw_data/budget_documents/2018-19/Explanatory_Memorandum_Federal_Receipts.pdf,1013196,,metadata_only,budget,inputs
raw_data/budget_documents/2019-20/Annual_Budget_Statement.pdf,656274,,metadata_only,budget,inputs
raw_data/budget_documents/2019-20/Budget_Speech.pdf,923628,,metadata_only,budget,inputs
raw_data/budget_documents/2019-20/Budget_in_Brief.pdf,1905058,,metadata_only,budget,inputs
raw_data/budget_documents/2019-20/Explanatory_Memorandum_Federal_Receipts.pdf,1205613,,metadata_only,budget,inputs
raw_data/budget_documents/2020-21/Annual_Budget_Statement.pdf,1900775,,metadata_only,budget,inputs
raw_data/budget_documents/2020-21/Budget_Speech.pdf,757031,,metadata_only,budget,inputs
raw_data/budget_documents/2020-21/Budget_in_Brief.pdf,1206219,,metadata_only,budget,inputs
raw_data/budget_documents/2020-21/Explanatory_Memorandum_Federal_Receipts.pdf,941434,,metadata_only,budget,inputs
raw_data/budget_documents/2021-22/Annual_Budget_Statement.pdf,724184,,metadata_only,budget,inputs
raw_data/budget_documents/2021-22/Budget_in_Brief.pdf,553031,,metadata_only,budget,inputs
raw_data/budget_documents/2021-22/Explanatory_Memorandum_Federal_Receipts.pdf,954062,,metadata_only,budget,inputs
raw_data/budget_documents/2022-23/Annual_Budget_Statement.pdf,4313224,,metadata_only,budget,inputs
raw_data/budget_documents/2022-23/Budget_Speech.pdf,340147,,metadata_only,budget,inputs
raw_data/budget_documents/2022-23/Budget_in_Brief.pdf,1064490,,metadata_only,budget,inputs
raw_data/budget_documents/2022-23/Explanatory_Memorandum_Federal_Receipts.pdf,2371604,,metadata_only,budget,inputs
raw_data/budget_documents/2023-24/Annual_Budget_Statement.pdf,3060134,,metadata_only,budget,inputs
raw_data/budget_documents/2023-24/Budget_Speech.pdf,113852,,metadata_only,budget,inputs
raw_data/budget_documents/2023-24/Budget_in_Brief.pdf,5198210,,metadata_only,budget,inputs
raw_data/budget_documents/2023-24/Explanatory_Memorandum_Federal_Receipts.pdf,3786486,,metadata_only,budget,inputs
raw_data/budget_documents/2024-25/Annual_Budget_Statement.pdf,3111490,,metadata_only,budget,inputs
raw_data/budget_documents/2024-25/Budget_in_Brief.pdf,883269,,metadata_only,budget,inputs
raw_data/budget_documents/2024-25/Explanatory_Memorandum_Federal_Receipts.pdf,1820665,,metadata_only,budget,inputs
raw_data/budget_documents/2025-26/Annual_Budget_Statement.pdf,2645541,,metadata_only,budget,inputs
raw_data/budget_documents/2025-26/Budget_in_Brief.pdf,2517151,,metadata_only,budget,inputs
raw_data/budget_documents/2025-26/Explanatory_Memorandum_Federal_Receipts.pdf,3787069,,metadata_only,budget,inputs
raw_data/budget_documents/2026-27/Annual_Budget_Statement.pdf,2380926,,metadata_only,budget,inputs
raw_data/budget_documents/2026-27/Budget_in_Brief.pdf,2193862,,metadata_only,budget,inputs
raw_data/budget_documents/2026-27/Explanatory_Memorandum_Federal_Receipts.pdf,2932524,,metadata_only,budget,inputs
raw_data/budget_documents/README.md,2241,,metadata_only,budget,inputs
raw_data/budget_documents/archive_pre2009/2002-03/Budget_in_Brief.pdf,120716,,metadata_only,budget,inputs
raw_data/budget_documents/archive_pre2009/2003-04/Budget_in_Brief.pdf,121023,,metadata_only,budget,inputs
raw_data/budget_documents/archive_pre2009/2004-05/Budget_Speech.pdf,170948,,metadata_only,budget,inputs
raw_data/budget_documents/archive_pre2009/2004-05/Finance_Bill.pdf,128000,,metadata_only,budget,inputs
raw_data/budget_documents/archive_pre2009/2005-06/Budget_Speech.pdf,703863,,metadata_only,budget,inputs
raw_data/budget_documents/archive_pre2009/2005-06/Budget_in_Brief.pdf,131445,,metadata_only,budget,inputs
raw_data/budget_documents/archive_pre2009/2005-06/Finance_Bill.pdf,224737,,metadata_only,budget,inputs
raw_data/budget_documents/archive_pre2009/2005-06/Salient_Features.pdf,18657,,metadata_only,budget,inputs
raw_data/budget_documents/archive_pre2009/2006-07/Budget_Speech.pdf,69606,,metadata_only,budget,inputs
raw_data/budget_documents/archive_pre2009/2006-07/Budgeting_Guide_2006.pdf,170061,,metadata_only,budget,inputs
raw_data/budget_documents/archive_pre2009/2006-07/Finance_Bill.pdf,319295,,metadata_only,budget,inputs
raw_data/budget_documents/archive_pre2009/2006-07/Highlights.pdf,52707,,metadata_only,budget,inputs
raw_data/budget_documents/archive_pre2009/2006-07/Salient_Features.pdf,192565,,metadata_only,budget,inputs
raw_data/budget_documents/archive_pre2009/README.md,1863,,metadata_only,budget,inputs
raw_data/budget_documents/archive_pre2009/manifest.csv,3011,,metadata_only,budget,inputs
raw_data/budget_documents/manifest.csv,9904,,metadata_only,budget|file_catalog,inputs
raw_data/climate_events/manifest.jsonl,20038,,metadata_only,climate_events,inputs
raw_data/climate_events/objects/gdacs/13011203bc7d2057a13294ed2112f87d97c3980906c07d2ea1a44980f4a5f99d.json,1531,,metadata_only,climate_events,inputs
raw_data/climate_events/objects/gdacs/1644a38b29b42ea825e798836349ba297f0422f48e0d9ec9466572226c245e16.json,1338,,metadata_only,climate_events,inputs
raw_data/climate_events/objects/gdacs/1b51779ad42c296a822c5be1895dfdf1fd51eb1c1eb41402321831425ba9fc45.json,1352,,metadata_only,climate_events,inputs
raw_data/climate_events/objects/gdacs/36819102453de1a0e389ea36dcc65a484d901cfa6f4ea876e34bc62f2bee582f.json,4206,,metadata_only,climate_events,inputs
raw_data/climate_events/objects/gdacs/3c9b21df340ed9f036c7ac79e3162aaf74339d6b3ad795af046f9a794811325b.json,1346,,metadata_only,climate_events,inputs
raw_data/climate_events/objects/gdacs/3ceddcad9792d9f964f095bddfd68dc102f4e2d07bd0f1cd53c9edfe6252ad2c.json,1347,,metadata_only,climate_events,inputs
raw_data/climate_events/objects/gdacs/728f85163f5543cc139d8ae4126f552cf84958081d3af611720f9b6194d0638f.json,1365,,metadata_only,climate_events,inputs
raw_data/climate_events/objects/gdacs/82cbb978a1b2230b5a34e5522b7cd4f9b366174a8b2a2b47b3561b7a41f5a850.json,4341,,metadata_only,climate_events,inputs
raw_data/climate_events/objects/gdacs/8318c02078d928835c38db361b7573ac0d7b593d9d9f5d5ad1f51fdff9b22053.json,1504,,metadata_only,climate_events,inputs
raw_data/climate_events/objects/gdacs/9efcfd753692f74fcb0a82dd5b0d188a7cc9c19998c024f12cad9c7b7ed3df65.json,1338,,metadata_only,climate_events,inputs
raw_data/climate_events/objects/gdacs/aa7625b2868d08b600540b254c375802ff432d78d5921f51d73496a04336c13b.json,1353,,metadata_only,climate_events,inputs
raw_data/climate_events/objects/gdacs/ab2074b33a422a300e18d01708348118a30efd21172b579c253c27fb2289b832.json,2641,,metadata_only,climate_events,inputs
raw_data/climate_events/objects/gdacs/ad7d6c8446f5f8308f61c2886b9c3ff2271470a9276233d4db8a36848f994580.json,3968,,metadata_only,climate_events,inputs
raw_data/climate_events/objects/gdacs/b53d55125af2e4a927e6fffdba2fd0280ce2c45c60ce3c01d41f72730880b30a.json,2698,,metadata_only,climate_events,inputs
raw_data/climate_events/objects/gdacs/c345dc5b1a541e19b7092324b79e06b5b3eed3d288ce9f40d75f6d51fac618fb.json,1332,,metadata_only,climate_events,inputs
raw_data/climate_events/objects/gdacs/cfded128b21259082df71ea2a01ba9009ad4b52b2d5a630c598e3e03a9a8919e.json,1332,,metadata_only,climate_events,inputs
raw_data/climate_events/objects/gdacs/e3b0c44298fc1c149afbf4c8996fb92427ae41e4649b934ca495991b7852b855.html,0,,metadata_only,climate_events,inputs
raw_data/climate_events/objects/gdacs/e419297460c8953d629a13d6735de6f2f5a29ac2c5d4e4ac10b6e1d42e7c0215.json,2650,,metadata_only,climate_events,inputs
raw_data/climate_events/objects/gdacs/f68af11ced34b4948bb8df1019d68e9541c3c22df79d74b69d249781784f0a2d.json,6153,,metadata_only,climate_events,inputs
raw_data/climate_events/objects/gdacs/f78da8b7b701b37cf77fa24234ea5bc8d887cb026fccb3bf621c09c0ba2a5ced.json,1344,,metadata_only,climate_events,inputs
raw_data/climate_events/objects/gdacs/fda8583b4c7a2df94636c607087f37649da869573de05a28a321986fbeb2fc18.json,1329,,metadata_only,climate_events,inputs
raw_data/climate_events/objects/ndma/23574a0ed111a4e0b194925dceff369c151ac7ad880dd1e51f8faa5c95460a29.pdf,1308033,,metadata_only,climate_events,inputs
raw_data/climate_events/objects/ndma/3e1ba847b51741ad0376e08dfa5e9727c980bdd8e93495cebfdad502825e5c93.html,35584,,metadata_only,climate_events,inputs
raw_data/climate_events/objects/ndma/4146cc5b1e45d9905cf8c1774367e5d9167d509a453c8763edab8226285748f9.html,35872,,metadata_only,climate_events,inputs
raw_data/climate_events/objects/ndma/5876a74e579474c7f13f5a5455d98821d346a917e1a844fc5a5af2554c76520d.html,35014,,metadata_only,climate_events,inputs
raw_data/climate_events/objects/ndma/5b8815e8d054c4a72f986d540d8f0e49adc55e4ac83ec7d9424a66cb8a1036b5.pdf,2533881,,metadata_only,climate_events,inputs
raw_data/climate_events/objects/ndma/88557d7b5cc98912155ee9f9dc639ab47e59838b83f5a5130f678e9f2baf4f03.html,36189,,metadata_only,climate_events,inputs
raw_data/climate_events/objects/ndma/9b8484c6f8c49282fdc641917c15cc46de97a82e9091757bce5fd96b5837d554.html,36352,,metadata_only,climate_events,inputs
raw_data/climate_events/objects/ndma/b4bc9b1bda5c63413c73fc4e09b4b2e7033820fe50e86b03bc4b5bc53dd056c7.html,35872,,metadata_only,climate_events,inputs
raw_data/climate_events/objects/ndma/ca8a213d5fa61fe67298a2c930a8b8a26d674f81f9c357dfcc94a33803417a0c.pdf,3129158,,metadata_only,climate_events,inputs
raw_data/climate_events/objects/ndma/cd71b06a7b00a5adc9ace2e93e196035dc8cdf41fc37fabe4ac5358316f2566b.html,36213,,metadata_only,climate_events,inputs
raw_data/climate_events/objects/ndma/e64e56f1c42a7dcbf481ee2640cc71a07f626c4c42d358e3631986273d0a04e5.html,36189,,metadata_only,climate_events,inputs
raw_data/climate_events/objects/unosat/02e8adf97a085dc8155bb8623e508005a5d28a081d5f7f00cf06777f8f57be32.pdf,11918993,,metadata_only,climate_events,inputs
raw_data/climate_events/objects/unosat/97e40b12df2649e8ae5e02e8d7e213389cf7d18c1eea97f71b5d3248f505694a.json,1930,,metadata_only,climate_events,inputs
raw_data/climate_events/objects/unosat/d66b30c0103cad8d49fddbd3724a62305ff6ba825cf73b9d11600c9d169640af.xlsx,52408,,metadata_only,climate_events,inputs
raw_data/climate_events/objects/unosat/e158f58e0a3c09c1f471df99d4876435b186c5ec1dceffb914ddbf482e6d8b01.zip,77867727,,metadata_only,climate_events,inputs
raw_data/climate_events/objects/unosat/ff50dd3df69994fa925aace7c14992e98ff46b35c76b73759f9b4e9470264595.zip,209947968,,metadata_only,climate_events,inputs
raw_data/climate_events/runs/gdacs_2000-01-01_2026-09-06.json,29258,,metadata_only,climate_events,inputs
raw_data/climate_events/runs/ndma.json,402875,,metadata_only,climate_events,inputs
raw_data/climate_events/runs/unosat_3343.json,179164,,metadata_only,climate_events,inputs
raw_data/crosswalks/hies2425_pcode_district_crosswalk.csv,6988,,metadata_only,hies2024,inputs
raw_data/geospatial/boundaries/Mapping Pakistan Districts.ipynb,226426,,metadata_only,boundaries,inputs|pipeline
raw_data/geospatial/boundaries/geoBoundaries-PAK-ADM2-all.zip,1219225,,metadata_only,boundaries,inputs
raw_data/geospatial/boundaries/geoBoundaries-PAK-ADM2-all/CITATION-AND-USE-geoBoundaries.txt,4316,,metadata_only,boundaries,inputs
raw_data/geospatial/boundaries/geoBoundaries-PAK-ADM2-all/geoBoundaries-PAK-ADM2-PREVIEW.png,76873,,metadata_only,boundaries,inputs
raw_data/geospatial/boundaries/geoBoundaries-PAK-ADM2-all/geoBoundaries-PAK-ADM2-metaData.json,801,,metadata_only,boundaries,inputs
raw_data/geospatial/boundaries/geoBoundaries-PAK-ADM2-all/geoBoundaries-PAK-ADM2-metaData.txt,965,,metadata_only,boundaries,inputs
raw_data/geospatial/boundaries/geoBoundaries-PAK-ADM2-all/geoBoundaries-PAK-ADM2.dbf,7628,,metadata_only,boundaries,inputs
raw_data/geospatial/boundaries/geoBoundaries-PAK-ADM2-all/geoBoundaries-PAK-ADM2.geojson,1082661,,metadata_only,boundaries,inputs
raw_data/geospatial/boundaries/geoBoundaries-PAK-ADM2-all/geoBoundaries-PAK-ADM2.prj,132,,metadata_only,boundaries,inputs
raw_data/geospatial/boundaries/geoBoundaries-PAK-ADM2-all/geoBoundaries-PAK-ADM2.shp,392632,,metadata_only,boundaries,inputs
raw_data/geospatial/boundaries/geoBoundaries-PAK-ADM2-all/geoBoundaries-PAK-ADM2.shx,1108,,metadata_only,boundaries,inputs
raw_data/geospatial/boundaries/geoBoundaries-PAK-ADM2-all/geoBoundaries-PAK-ADM2.topojson,144999,,metadata_only,boundaries,inputs
raw_data/geospatial/boundaries/geoBoundaries-PAK-ADM2-all/geoBoundaries-PAK-ADM2_simplified.dbf,7628,,metadata_only,boundaries,inputs
raw_data/geospatial/boundaries/geoBoundaries-PAK-ADM2-all/geoBoundaries-PAK-ADM2_simplified.geojson,921802,,metadata_only,boundaries,inputs
raw_data/geospatial/boundaries/geoBoundaries-PAK-ADM2-all/geoBoundaries-PAK-ADM2_simplified.prj,132,,metadata_only,boundaries,inputs
raw_data/geospatial/boundaries/geoBoundaries-PAK-ADM2-all/geoBoundaries-PAK-ADM2_simplified.shp,333848,,metadata_only,boundaries,inputs
raw_data/geospatial/boundaries/geoBoundaries-PAK-ADM2-all/geoBoundaries-PAK-ADM2_simplified.shx,1108,,metadata_only,boundaries,inputs
raw_data/geospatial/boundaries/geoBoundaries-PAK-ADM2-all/geoBoundaries-PAK-ADM2_simplified.topojson,127577,,metadata_only,boundaries,inputs
raw_data/geospatial/boundaries/geoBoundaries-PAK-ADM3-all.zip,6728531,,metadata_only,boundaries,inputs
raw_data/geospatial/boundaries/geoBoundaries-PAK-ADM3-all/CITATION-AND-USE-geoBoundaries.txt,4316,,metadata_only,boundaries,inputs
raw_data/geospatial/boundaries/geoBoundaries-PAK-ADM3-all/geoBoundaries-PAK-ADM3-PREVIEW.png,87840,,metadata_only,boundaries,inputs
raw_data/geospatial/boundaries/geoBoundaries-PAK-ADM3-all/geoBoundaries-PAK-ADM3-metaData.json,897,,metadata_only,boundaries,inputs
raw_data/geospatial/boundaries/geoBoundaries-PAK-ADM3-all/geoBoundaries-PAK-ADM3-metaData.txt,1058,,metadata_only,boundaries,inputs
raw_data/geospatial/boundaries/geoBoundaries-PAK-ADM3-all/geoBoundaries-PAK-ADM3.dbf,31218,,metadata_only,boundaries,inputs
raw_data/geospatial/boundaries/geoBoundaries-PAK-ADM3-all/geoBoundaries-PAK-ADM3.geojson,9172490,,metadata_only,boundaries,inputs
raw_data/geospatial/boundaries/geoBoundaries-PAK-ADM3-all/geoBoundaries-PAK-ADM3.prj,132,,metadata_only,boundaries,inputs
raw_data/geospatial/boundaries/geoBoundaries-PAK-ADM3-all/geoBoundaries-PAK-ADM3.shp,3740652,,metadata_only,boundaries,inputs
raw_data/geospatial/boundaries/geoBoundaries-PAK-ADM3-all/geoBoundaries-PAK-ADM3.shx,4532,,metadata_only,boundaries,inputs
raw_data/geospatial/boundaries/geoBoundaries-PAK-ADM3-all/geoBoundaries-PAK-ADM3.topojson,1160027,,metadata_only,boundaries,inputs
raw_data/geospatial/boundaries/geoBoundaries-PAK-ADM3-all/geoBoundaries-PAK-ADM3_simplified.dbf,31218,,metadata_only,boundaries,inputs
raw_data/geospatial/boundaries/geoBoundaries-PAK-ADM3-all/geoBoundaries-PAK-ADM3_simplified.geojson,2238626,,metadata_only,boundaries,inputs
raw_data/geospatial/boundaries/geoBoundaries-PAK-ADM3-all/geoBoundaries-PAK-ADM3_simplified.prj,132,,metadata_only,boundaries,inputs
raw_data/geospatial/boundaries/geoBoundaries-PAK-ADM3-all/geoBoundaries-PAK-ADM3_simplified.shp,1019032,,metadata_only,boundaries,inputs
raw_data/geospatial/boundaries/geoBoundaries-PAK-ADM3-all/geoBoundaries-PAK-ADM3_simplified.shx,4532,,metadata_only,boundaries,inputs
raw_data/geospatial/boundaries/geoBoundaries-PAK-ADM3-all/geoBoundaries-PAK-ADM3_simplified.topojson,424833,,metadata_only,boundaries,inputs
raw_data/geospatial/ind_pak_relative_wealth_index.csv,20628666,,metadata_only,rwi,inputs
raw_data/geospatial/map_atlas/202001_Global_Motorized_Travel_Time_to_Healthcare_2019.zip,1042309798,,metadata_only,health_access,inputs
raw_data/geospatial/map_atlas/2020_walking_only_travel_time_to_healthcare.zip,450457818,,metadata_only,health_access,inputs
raw_data/geospatial/map_atlas/clippedlayers.zip,1973,,metadata_only,health_access,inputs
raw_data/geospatial/pak_ppp_2020_1km_Aggregated_UNadj.tif,5316386,,metadata_only,worldpop,inputs
raw_data/geospatial/viirs_pak_clips/README.md,2256,,metadata_only,viirs,inputs
raw_data/geospatial/viirs_pak_clips/viirs_202006_pak.npz,15462134,,metadata_only,viirs,inputs
raw_data/geospatial/viirs_pak_clips/viirs_202106_pak.npz,15704974,,metadata_only,viirs,inputs
raw_data/geospatial/viirs_pak_clips/viirs_202206_pak.npz,16271016,,metadata_only,viirs,inputs
raw_data/geospatial/viirs_pak_clips/viirs_202306_pak.npz,16614122,,metadata_only,viirs,inputs
raw_data/geospatial/viirs_pak_clips/viirs_202406_pak.npz,16972113,,metadata_only,viirs,inputs
raw_data/geospatial/viirs_pak_clips/viirs_202506_pak.npz,17075434,,metadata_only,viirs,inputs
raw_data/geospatial/viirs_pak_clips/viirs_202606_pak.npz,17306067,,metadata_only,viirs,inputs
raw_data/industry_statistics/manifest.csv,1636,,metadata_only,industry,inputs
raw_data/industry_statistics/qim/Summary-May-26.doc,150528,,metadata_only,industry,inputs
raw_data/industry_statistics/qim/Table-1-May-2026.xlsx,38996,,metadata_only,industry,inputs
raw_data/industry_statistics/qim/Table-2-may-2026.xlsx,42164,,metadata_only,industry,inputs
raw_data/industry_statistics/qim/Table-3-2024-25.xlsx,40357,,metadata_only,industry,inputs
raw_data/industry_statistics/qim/Trend-sheet.xlsx,32226,,metadata_only,industry,inputs
raw_data/industry_statistics/reports/CMI_2000-01_summary_report.pdf,41684,,metadata_only,industry,inputs
raw_data/industry_statistics/reports/CMI_2005-06_district-wise.pdf,1598882,,metadata_only,industry,inputs
raw_data/industry_statistics/reports/CMI_2005-06_report.pdf,36114,,metadata_only,industry,inputs
raw_data/industry_statistics/reports/CMI_2015-16_report.pdf,11732298,,metadata_only,industry,inputs
raw_data/industry_statistics/reports/Rebasing_QIM_2005-06_to_2015-16.pdf,1604374,,metadata_only,industry,inputs
raw_data/industry_statistics/reports/SHMI_2015_report.pdf,6390575,,metadata_only,industry,inputs
raw_data/industry_statistics/table2_new/Table-2-2015-16.pdf,267544,,metadata_only,industry,inputs
raw_data/industry_statistics/table2_new/Table-2-2016-17.pdf,267836,,metadata_only,industry,inputs
raw_data/industry_statistics/table2_new/Table-2-2017-18.pdf,268047,,metadata_only,industry,inputs
raw_data/industry_statistics/table2_new/Table-2-2018-19.pdf,267967,,metadata_only,industry,inputs
raw_data/industry_statistics/table2_new/Table-2-2019-20.pdf,267928,,metadata_only,industry,inputs
raw_data/industry_statistics/table2_new/Table-2-2020-21.pdf,268511,,metadata_only,industry,inputs
raw_data/industry_statistics/table2_new/Table-2-2021-22.pdf,209864,,metadata_only,industry,inputs
raw_data/industry_statistics/table2_new/Table-2-2022-23.pdf,409186,,metadata_only,industry,inputs
raw_data/industry_statistics/table2_new/Table-2-2023-24.pdf,246524,,metadata_only,industry,inputs
raw_data/industry_statistics/table2_old/Table-2-2005-06.pdf,182169,,metadata_only,industry,inputs
raw_data/industry_statistics/table2_old/Table-2-2006-07.pdf,182310,,metadata_only,industry,inputs
raw_data/industry_statistics/table2_old/Table-2-2007-08.pdf,182448,,metadata_only,industry,inputs
raw_data/industry_statistics/table2_old/Table-2-2008-09.pdf,182588,,metadata_only,industry,inputs
raw_data/industry_statistics/table2_old/Table-2-2009-10.pdf,182473,,metadata_only,industry,inputs
raw_data/industry_statistics/table2_old/Table-2-2010-11.pdf,182511,,metadata_only,industry,inputs
raw_data/industry_statistics/table2_old/Table-2-2011-12.pdf,182426,,metadata_only,industry,inputs
raw_data/industry_statistics/table2_old/Table-2-2012-13.pdf,180090,,metadata_only,industry,inputs
raw_data/industry_statistics/table2_old/Table-2-2013-14.pdf,182300,,metadata_only,industry,inputs
raw_data/industry_statistics/table2_old/Table-2-2014-15.pdf,185011,,metadata_only,industry,inputs
raw_data/industry_statistics/table2_old/Table-2-2015-16.pdf,181867,,metadata_only,industry,inputs
raw_data/industry_statistics/table2_old/Table-2-2016-17.pdf,182086,,metadata_only,industry,inputs
raw_data/industry_statistics/table2_old/Table-2-2017-18.pdf,182031,,metadata_only,industry,inputs
raw_data/industry_statistics/table2_old/Table-2-2018-19.pdf,184767,,metadata_only,industry,inputs
raw_data/industry_statistics/table2_old/Table-2-2019-20.pdf,219164,,metadata_only,industry,inputs
raw_data/industry_statistics/table2_old/Table-2-2020-21.pdf,218758,,metadata_only,industry,inputs
raw_data/industry_statistics/table2_old/Table-2-2021-22.pdf,218449,,metadata_only,industry,inputs
raw_data/ljcp/archive_discovery.json,386,,metadata_only,ljcp,inputs
raw_data/ljcp/archive_index.json,27204,,metadata_only,ljcp,inputs
raw_data/ljcp/complete_archive_index.json,174139,,metadata_only,ljcp,inputs
raw_data/ljcp/legacy_archive_index.json,9699,,metadata_only,ljcp,inputs
raw_data/ljcp/manifest.jsonl,12557,,metadata_only,ljcp,inputs
raw_data/ljcp/objects/1fc1e4efe36d0bce9706a488224392dd0909c6c005491a5ab2bcc9f0f91769d2.pdf,566809,,metadata_only,ljcp,inputs
raw_data/ljcp/objects/37044747d2a2566729d29ea943bfbcaf4d66f5d131461dbdce8172436b9c48a0.pdf,173798,,metadata_only,ljcp,inputs
raw_data/ljcp/objects/5fd6432b813ec477ed63696f8f4ab6871d9c441b2bed812d6a289f1f40bc15be.pdf,318019,,metadata_only,ljcp,inputs
raw_data/ljcp/objects/74304ef85264c12701d420f5c6dbac3f37efe4cc6ffad5f88e22defb0d20dff1.pdf,12529501,,metadata_only,ljcp,inputs
raw_data/ljcp/objects/81a19fc9fe0bf82a862efd75878ad000a21604aa042178174b64e1f8a9255ac1.pdf,6479032,,metadata_only,ljcp,inputs
raw_data/ljcp/objects/93d7af33cb8a22ab9bc1737cecb0b26dfd12743d71716da45417a0ac0c19ec08.pdf,5184289,,metadata_only,ljcp,inputs
raw_data/ljcp/objects/97a5093dc711a03022a47015bff1f94e2e3078119a056cc0044a1c76cf07b75d.pdf,121566228,,metadata_only,ljcp,inputs
raw_data/ljcp/objects/b39a194004437517ddf996826ea3113f7bd2225f8a17ddadba5c91ef1f52ec71.pdf,5461865,,metadata_only,ljcp,inputs
raw_data/ljcp/objects/baf0b09c6c83d41a30e9243952ece5648a859562bcf28a5f20f712bc5ee17f75.pdf,4045659,,metadata_only,ljcp,inputs
raw_data/ljcp/objects/bb323b9c58108f86ce3c7e9d2ef01a8d8747d09fd506c3adb3b363596f33cc61.pdf,6410057,,metadata_only,ljcp,inputs
raw_data/ljcp/objects/ecc56ebf3b45e316111b54873d9857efe7c437ee271ab427a500c94732063aca.pdf,192230,,metadata_only,ljcp,inputs
raw_data/ljcp/ocr/annual_2021/cell_manifest.json,67200,,metadata_only,ljcp,inputs
raw_data/ljcp/ocr/annual_2021/crop_110_0_0.json,4,,metadata_only,ljcp,inputs
raw_data/ljcp/ocr/annual_2021/crop_110_0_0.png,2723,,metadata_only,ljcp,inputs
raw_data/ljcp/ocr/annual_2021/crop_110_0_1.json,5441,,metadata_only,ljcp,inputs
raw_data/ljcp/ocr/annual_2021/crop_110_0_1.png,10408,,metadata_only,ljcp,inputs
raw_data/ljcp/ocr/annual_2021/crop_110_0_2.json,5108,,metadata_only,ljcp,inputs
raw_data/ljcp/ocr/annual_2021/crop_110_0_2.png,6292,,metadata_only,ljcp,inputs
raw_data/ljcp/ocr/annual_2021/crop_110_0_3.json,5125,,metadata_only,ljcp,inputs
raw_data/ljcp/ocr/annual_2021/crop_110_0_3.png,7014,,metadata_only,ljcp,inputs
raw_data/ljcp/ocr/annual_2021/crop_110_0_4.json,872,,metadata_only,ljcp,inputs
raw_data/ljcp/ocr/annual_2021/crop_110_0_4.png,3594,,metadata_only,ljcp,inputs
raw_data/ljcp/ocr/annual_2021/crop_110_0_5.json,2458,,metadata_only,ljcp,inputs
raw_data/ljcp/ocr/annual_2021/crop_110_0_5.png,2793,,metadata_only,ljcp,inputs
raw_data/ljcp/ocr/annual_2021/crop_110_0_6.json,5107,,metadata_only,ljcp,inputs
raw_data/ljcp/ocr/annual_2021/crop_110_0_6.png,6707,,metadata_only,ljcp,inputs
raw_data/ljcp/ocr/annual_2021/crop_110_0_7.json,5105,,metadata_only,ljcp,inputs
raw_data/ljcp/ocr/annual_2021/crop_110_0_7.png,6514,,metadata_only,ljcp,inputs
raw_data/ljcp/ocr/annual_2021/crop_110_1_0.json,3294,,metadata_only,ljcp,inputs
raw_data/ljcp/ocr/annual_2021/crop_110_1_0.png,1815,,metadata_only,ljcp,inputs
raw_data/ljcp/ocr/annual_2021/crop_110_1_1.json,3606,,metadata_only,ljcp,inputs
raw_data/ljcp/ocr/annual_2021/crop_110_1_1.png,6537,,metadata_only,ljcp,inputs
raw_data/ljcp/ocr/annual_2021/crop_110_1_2.json,3313,,metadata_only,ljcp,inputs
raw_data/ljcp/ocr/annual_2021/crop_110_1_2.png,4209,,metadata_only,ljcp,inputs
raw_data/ljcp/ocr/annual_2021/crop_110_1_3.json,3349,,metadata_only,ljcp,inputs
raw_data/ljcp/ocr/annual_2021/crop_110_1_3.png,4250,,metadata_only,ljcp,inputs
raw_data/ljcp/ocr/annual_2021/crop_110_1_4.json,3113,,metadata_only,ljcp,inputs
raw_data/ljcp/ocr/annual_2021/crop_110_1_4.png,1984,,metadata_only,ljcp,inputs
raw_data/ljcp/ocr/annual_2021/crop_110_1_5.json,1225,,metadata_only,ljcp,inputs
raw_data/ljcp/ocr/annual_2021/crop_110_1_5.png,1836,,metadata_only,ljcp,inputs
raw_data/ljcp/ocr/annual_2021/crop_110_1_6.json,3344,,metadata_only,ljcp,inputs
raw_data/ljcp/ocr/annual_2021/crop_110_1_6.png,4201,,metadata_only,ljcp,inputs
raw_data/ljcp/ocr/annual_2021/crop_110_1_7.json,3338,,metadata_only,ljcp,inputs
raw_data/ljcp/ocr/annual_2021/crop_110_1_7.png,4140,,metadata_only,ljcp,inputs
raw_data/ljcp/ocr/annual_2021/crop_111_0_0.json,1914,,metadata_only,ljcp,inputs
raw_data/ljcp/ocr/annual_2021/crop_111_0_0.png,1275,,metadata_only,ljcp,inputs
raw_data/ljcp/ocr/annual_2021/crop_111_0_1.json,2196,,metadata_only,ljcp,inputs
raw_data/ljcp/ocr/annual_2021/crop_111_0_1.png,4491,,metadata_only,ljcp,inputs
raw_data/ljcp/ocr/annual_2021/crop_111_0_2.json,1936,,metadata_only,ljcp,inputs
raw_data/ljcp/ocr/annual_2021/crop_111_0_2.png,2381,,metadata_only,ljcp,inputs
raw_data/ljcp/ocr/annual_2021/crop_111_0_3.json,1947,,metadata_only,ljcp,inputs
raw_data/ljcp/ocr/annual_2021/crop_111_0_3.png,2450,,metadata_only,ljcp,inputs
raw_data/ljcp/ocr/annual_2021/crop_111_0_4.json,1906,,metadata_only,ljcp,inputs
raw_data/ljcp/ocr/annual_2021/crop_111_0_4.png,1272,,metadata_only,ljcp,inputs
raw_data/ljcp/ocr/annual_2021/crop_111_0_5.json,1401,,metadata_only,ljcp,inputs
raw_data/ljcp/ocr/annual_2021/crop_111_0_5.png,1187,,metadata_only,ljcp,inputs
raw_data/ljcp/ocr/annual_2021/crop_111_0_6.json,1939,,metadata_only,ljcp,inputs
raw_data/ljcp/ocr/annual_2021/crop_111_0_6.png,2392,,metadata_only,ljcp,inputs
raw_data/ljcp/ocr/annual_2021/crop_111_0_7.json,1932,,metadata_only,ljcp,inputs
raw_data/ljcp/ocr/annual_2021/crop_111_0_7.png,2377,,metadata_only,ljcp,inputs
raw_data/ljcp/ocr/annual_2021/crop_111_1_0.json,1522,,metadata_only,ljcp,inputs
raw_data/ljcp/ocr/annual_2021/crop_111_1_0.png,2685,,metadata_only,ljcp,inputs
raw_data/ljcp/ocr/annual_2021/crop_111_1_1.json,5453,,metadata_only,ljcp,inputs
raw_data/ljcp/ocr/annual_2021/crop_111_1_1.png,10513,,metadata_only,ljcp,inputs
raw_data/ljcp/ocr/annual_2021/crop_111_1_2.json,5051,,metadata_only,ljcp,inputs
raw_data/ljcp/ocr/annual_2021/crop_111_1_2.png,4808,,metadata_only,ljcp,inputs
raw_data/ljcp/ocr/annual_2021/crop_111_1_3.json,4203,,metadata_only,ljcp,inputs
raw_data/ljcp/ocr/annual_2021/crop_111_1_3.png,5021,,metadata_only,ljcp,inputs
raw_data/ljcp/ocr/annual_2021/crop_111_1_4.json,1215,,metadata_only,ljcp,inputs
raw_data/ljcp/ocr/annual_2021/crop_111_1_4.png,1876,,metadata_only,ljcp,inputs
raw_data/ljcp/ocr/annual_2021/crop_111_1_5.json,3125,,metadata_only,ljcp,inputs
raw_data/ljcp/ocr/annual_2021/crop_111_1_5.png,2076,,metadata_only,ljcp,inputs
raw_data/ljcp/ocr/annual_2021/crop_111_1_6.json,181,,metadata_only,ljcp,inputs
raw_data/ljcp/ocr/annual_2021/crop_111_1_6.png,4773,,metadata_only,ljcp,inputs
raw_data/ljcp/ocr/annual_2021/crop_111_1_7.json,2101,,metadata_only,ljcp,inputs
raw_data/ljcp/ocr/annual_2021/crop_111_1_7.png,4869,,metadata_only,ljcp,inputs
raw_data/ljcp/ocr/annual_2021/crop_112_0_0.json,3981,,metadata_only,ljcp,inputs
raw_data/ljcp/ocr/annual_2021/crop_112_0_0.png,2741,,metadata_only,ljcp,inputs
raw_data/ljcp/ocr/annual_2021/crop_112_0_1.json,5440,,metadata_only,ljcp,inputs
raw_data/ljcp/ocr/annual_2021/crop_112_0_1.png,10469,,metadata_only,ljcp,inputs
raw_data/ljcp/ocr/annual_2021/crop_112_0_2.json,5080,,metadata_only,ljcp,inputs
raw_data/ljcp/ocr/annual_2021/crop_112_0_2.png,5948,,metadata_only,ljcp,inputs
raw_data/ljcp/ocr/annual_2021/crop_112_0_3.json,5123,,metadata_only,ljcp,inputs
raw_data/ljcp/ocr/annual_2021/crop_112_0_3.png,6764,,metadata_only,ljcp,inputs
raw_data/ljcp/ocr/annual_2021/crop_112_0_4.json,869,,metadata_only,ljcp,inputs
raw_data/ljcp/ocr/annual_2021/crop_112_0_4.png,3421,,metadata_only,ljcp,inputs
raw_data/ljcp/ocr/annual_2021/crop_112_0_5.json,867,,metadata_only,ljcp,inputs
raw_data/ljcp/ocr/annual_2021/crop_112_0_5.png,2531,,metadata_only,ljcp,inputs
raw_data/ljcp/ocr/annual_2021/crop_112_0_6.json,5082,,metadata_only,ljcp,inputs
raw_data/ljcp/ocr/annual_2021/crop_112_0_6.png,6377,,metadata_only,ljcp,inputs
raw_data/ljcp/ocr/annual_2021/crop_112_0_7.json,5089,,metadata_only,ljcp,inputs
raw_data/ljcp/ocr/annual_2021/crop_112_0_7.png,5903,,metadata_only,ljcp,inputs
raw_data/ljcp/ocr/annual_2021/crop_112_1_0.json,2774,,metadata_only,ljcp,inputs
raw_data/ljcp/ocr/annual_2021/crop_112_1_0.png,1554,,metadata_only,ljcp,inputs
raw_data/ljcp/ocr/annual_2021/crop_112_1_1.json,3057,,metadata_only,ljcp,inputs
raw_data/ljcp/ocr/annual_2021/crop_112_1_1.png,5333,,metadata_only,ljcp,inputs
raw_data/ljcp/ocr/annual_2021/crop_112_1_2.json,2605,,metadata_only,ljcp,inputs
raw_data/ljcp/ocr/annual_2021/crop_112_1_2.png,2105,,metadata_only,ljcp,inputs
raw_data/ljcp/ocr/annual_2021/crop_112_1_3.json,2789,,metadata_only,ljcp,inputs
raw_data/ljcp/ocr/annual_2021/crop_112_1_3.png,2311,,metadata_only,ljcp,inputs
raw_data/ljcp/ocr/annual_2021/crop_112_1_4.json,1560,,metadata_only,ljcp,inputs
raw_data/ljcp/ocr/annual_2021/crop_112_1_4.png,1254,,metadata_only,ljcp,inputs
raw_data/ljcp/ocr/annual_2021/crop_112_1_5.json,1913,,metadata_only,ljcp,inputs
raw_data/ljcp/ocr/annual_2021/crop_112_1_5.png,1285,,metadata_only,ljcp,inputs
raw_data/ljcp/ocr/annual_2021/crop_112_1_6.json,2757,,metadata_only,ljcp,inputs
raw_data/ljcp/ocr/annual_2021/crop_112_1_6.png,2357,,metadata_only,ljcp,inputs
raw_data/ljcp/ocr/annual_2021/crop_112_1_7.json,2771,,metadata_only,ljcp,inputs
raw_data/ljcp/ocr/annual_2021/crop_112_1_7.png,2129,,metadata_only,ljcp,inputs
raw_data/ljcp/ocr/annual_2021/crop_149_0_0.json,178,,metadata_only,ljcp,inputs
raw_data/ljcp/ocr/annual_2021/crop_149_0_0.png,3797,,metadata_only,ljcp,inputs
raw_data/ljcp/ocr/annual_2021/crop_149_0_1.json,6753,,metadata_only,ljcp,inputs
raw_data/ljcp/ocr/annual_2021/crop_149_0_1.png,13426,,metadata_only,ljcp,inputs
raw_data/ljcp/ocr/annual_2021/crop_149_0_2.json,182,,metadata_only,ljcp,inputs
raw_data/ljcp/ocr/annual_2021/crop_149_0_2.png,8141,,metadata_only,ljcp,inputs
raw_data/ljcp/ocr/annual_2021/crop_149_0_3.json,897,,metadata_only,ljcp,inputs
raw_data/ljcp/ocr/annual_2021/crop_149_0_3.png,9384,,metadata_only,ljcp,inputs
raw_data/ljcp/ocr/annual_2021/crop_149_0_4.json,177,,metadata_only,ljcp,inputs
raw_data/ljcp/ocr/annual_2021/crop_149_0_4.png,7162,,metadata_only,ljcp,inputs
raw_data/ljcp/ocr/annual_2021/crop_149_0_5.json,361,,metadata_only,ljcp,inputs
raw_data/ljcp/ocr/annual_2021/crop_149_0_5.png,7667,,metadata_only,ljcp,inputs
raw_data/ljcp/ocr/annual_2021/crop_149_0_6.json,891,,metadata_only,ljcp,inputs
raw_data/ljcp/ocr/annual_2021/crop_149_0_6.png,8941,,metadata_only,ljcp,inputs
raw_data/ljcp/ocr/annual_2021/crop_149_0_7.json,181,,metadata_only,ljcp,inputs
raw_data/ljcp/ocr/annual_2021/crop_149_0_7.png,8148,,metadata_only,ljcp,inputs
raw_data/ljcp/ocr/annual_2021/crop_149_1_0.json,1318,,metadata_only,ljcp,inputs
raw_data/ljcp/ocr/annual_2021/crop_149_1_0.png,879,,metadata_only,ljcp,inputs
raw_data/ljcp/ocr/annual_2021/crop_149_1_1.json,1430,,metadata_only,ljcp,inputs
raw_data/ljcp/ocr/annual_2021/crop_149_1_1.png,3155,,metadata_only,ljcp,inputs
raw_data/ljcp/ocr/annual_2021/crop_149_1_2.json,1410,,metadata_only,ljcp,inputs
raw_data/ljcp/ocr/annual_2021/crop_149_1_2.png,2190,,metadata_only,ljcp,inputs
raw_data/ljcp/ocr/annual_2021/crop_149_1_3.json,1776,,metadata_only,ljcp,inputs
raw_data/ljcp/ocr/annual_2021/crop_149_1_3.png,2538,,metadata_only,ljcp,inputs
raw_data/ljcp/ocr/annual_2021/crop_149_1_4.json,1747,,metadata_only,ljcp,inputs
raw_data/ljcp/ocr/annual_2021/crop_149_1_4.png,2069,,metadata_only,ljcp,inputs
raw_data/ljcp/ocr/annual_2021/crop_149_1_5.json,1744,,metadata_only,ljcp,inputs
raw_data/ljcp/ocr/annual_2021/crop_149_1_5.png,2184,,metadata_only,ljcp,inputs
raw_data/ljcp/ocr/annual_2021/crop_149_1_6.json,1760,,metadata_only,ljcp,inputs
raw_data/ljcp/ocr/annual_2021/crop_149_1_6.png,2572,,metadata_only,ljcp,inputs
raw_data/ljcp/ocr/annual_2021/crop_149_1_7.json,1412,,metadata_only,ljcp,inputs
raw_data/ljcp/ocr/annual_2021/crop_149_1_7.png,2036,,metadata_only,ljcp,inputs
raw_data/ljcp/ocr/annual_2021/crop_150_0_0.json,176,,metadata_only,ljcp,inputs
raw_data/ljcp/ocr/annual_2021/crop_150_0_0.png,3307,,metadata_only,ljcp,inputs
raw_data/ljcp/ocr/annual_2021/crop_150_0_1.json,5493,,metadata_only,ljcp,inputs
raw_data/ljcp/ocr/annual_2021/crop_150_0_1.png,11115,,metadata_only,ljcp,inputs
raw_data/ljcp/ocr/annual_2021/crop_150_0_2.json,4925,,metadata_only,ljcp,inputs
raw_data/ljcp/ocr/annual_2021/crop_150_0_2.png,6513,,metadata_only,ljcp,inputs
raw_data/ljcp/ocr/annual_2021/crop_150_0_3.json,5634,,metadata_only,ljcp,inputs
raw_data/ljcp/ocr/annual_2021/crop_150_0_3.png,7047,,metadata_only,ljcp,inputs
raw_data/ljcp/ocr/annual_2021/crop_150_0_4.json,343,,metadata_only,ljcp,inputs
raw_data/ljcp/ocr/annual_2021/crop_150_0_4.png,5616,,metadata_only,ljcp,inputs
raw_data/ljcp/ocr/annual_2021/crop_150_0_5.json,366,,metadata_only,ljcp,inputs
raw_data/ljcp/ocr/annual_2021/crop_150_0_5.png,6033,,metadata_only,ljcp,inputs
raw_data/ljcp/ocr/annual_2021/crop_150_0_6.json,5280,,metadata_only,ljcp,inputs
raw_data/ljcp/ocr/annual_2021/crop_150_0_6.png,6868,,metadata_only,ljcp,inputs
raw_data/ljcp/ocr/annual_2021/crop_150_0_7.json,4574,,metadata_only,ljcp,inputs
raw_data/ljcp/ocr/annual_2021/crop_150_0_7.png,6361,,metadata_only,ljcp,inputs
raw_data/ljcp/ocr/annual_2021/crop_150_1_0.json,2946,,metadata_only,ljcp,inputs
raw_data/ljcp/ocr/annual_2021/crop_150_1_0.png,1730,,metadata_only,ljcp,inputs
raw_data/ljcp/ocr/annual_2021/crop_150_1_1.json,3064,,metadata_only,ljcp,inputs
raw_data/ljcp/ocr/annual_2021/crop_150_1_1.png,5587,,metadata_only,ljcp,inputs
raw_data/ljcp/ocr/annual_2021/crop_150_1_2.json,2933,,metadata_only,ljcp,inputs
raw_data/ljcp/ocr/annual_2021/crop_150_1_2.png,3293,,metadata_only,ljcp,inputs
raw_data/ljcp/ocr/annual_2021/crop_150_1_3.json,3342,,metadata_only,ljcp,inputs
raw_data/ljcp/ocr/annual_2021/crop_150_1_3.png,3841,,metadata_only,ljcp,inputs
raw_data/ljcp/ocr/annual_2021/crop_150_1_4.json,3306,,metadata_only,ljcp,inputs
raw_data/ljcp/ocr/annual_2021/crop_150_1_4.png,3010,,metadata_only,ljcp,inputs
raw_data/ljcp/ocr/annual_2021/crop_150_1_5.json,3324,,metadata_only,ljcp,inputs
raw_data/ljcp/ocr/annual_2021/crop_150_1_5.png,3420,,metadata_only,ljcp,inputs
raw_data/ljcp/ocr/annual_2021/crop_150_1_6.json,3330,,metadata_only,ljcp,inputs
raw_data/ljcp/ocr/annual_2021/crop_150_1_6.png,3838,,metadata_only,ljcp,inputs
raw_data/ljcp/ocr/annual_2021/crop_150_1_7.json,2977,,metadata_only,ljcp,inputs
raw_data/ljcp/ocr/annual_2021/crop_150_1_7.png,3361,,metadata_only,ljcp,inputs
raw_data/ljcp/ocr/annual_2021/crop_151_0_0.json,3475,,metadata_only,ljcp,inputs
raw_data/ljcp/ocr/annual_2021/crop_151_0_0.png,2544,,metadata_only,ljcp,inputs
raw_data/ljcp/ocr/annual_2021/crop_151_0_1.json,3867,,metadata_only,ljcp,inputs
raw_data/ljcp/ocr/annual_2021/crop_151_0_1.png,8662,,metadata_only,ljcp,inputs
raw_data/ljcp/ocr/annual_2021/crop_151_0_2.json,3113,,metadata_only,ljcp,inputs
raw_data/ljcp/ocr/annual_2021/crop_151_0_2.png,3356,,metadata_only,ljcp,inputs
raw_data/ljcp/ocr/annual_2021/crop_151_0_3.json,4024,,metadata_only,ljcp,inputs
raw_data/ljcp/ocr/annual_2021/crop_151_0_3.png,4161,,metadata_only,ljcp,inputs
raw_data/ljcp/ocr/annual_2021/crop_151_0_4.json,1401,,metadata_only,ljcp,inputs
raw_data/ljcp/ocr/annual_2021/crop_151_0_4.png,3166,,metadata_only,ljcp,inputs
raw_data/ljcp/ocr/annual_2021/crop_151_0_5.json,3651,,metadata_only,ljcp,inputs
raw_data/ljcp/ocr/annual_2021/crop_151_0_5.png,3655,,metadata_only,ljcp,inputs
raw_data/ljcp/ocr/annual_2021/crop_151_0_6.json,4009,,metadata_only,ljcp,inputs
raw_data/ljcp/ocr/annual_2021/crop_151_0_6.png,4167,,metadata_only,ljcp,inputs
raw_data/ljcp/ocr/annual_2021/crop_151_0_7.json,3659,,metadata_only,ljcp,inputs
raw_data/ljcp/ocr/annual_2021/crop_151_0_7.png,3547,,metadata_only,ljcp,inputs
raw_data/ljcp/ocr/annual_2021/crop_151_1_0.json,2779,,metadata_only,ljcp,inputs
raw_data/ljcp/ocr/annual_2021/crop_151_1_0.png,2621,,metadata_only,ljcp,inputs
raw_data/ljcp/ocr/annual_2021/crop_151_1_1.json,4653,,metadata_only,ljcp,inputs
raw_data/ljcp/ocr/annual_2021/crop_151_1_1.png,8377,,metadata_only,ljcp,inputs
raw_data/ljcp/ocr/annual_2021/crop_151_1_2.json,4568,,metadata_only,ljcp,inputs
raw_data/ljcp/ocr/annual_2021/crop_151_1_2.png,5680,,metadata_only,ljcp,inputs
raw_data/ljcp/ocr/annual_2021/crop_151_1_3.json,4952,,metadata_only,ljcp,inputs
raw_data/ljcp/ocr/annual_2021/crop_151_1_3.png,6740,,metadata_only,ljcp,inputs
raw_data/ljcp/ocr/annual_2021/crop_151_1_4.json,4733,,metadata_only,ljcp,inputs
raw_data/ljcp/ocr/annual_2021/crop_151_1_4.png,5583,,metadata_only,ljcp,inputs
raw_data/ljcp/ocr/annual_2021/crop_151_1_5.json,4910,,metadata_only,ljcp,inputs
raw_data/ljcp/ocr/annual_2021/crop_151_1_5.png,5755,,metadata_only,ljcp,inputs
raw_data/ljcp/ocr/annual_2021/crop_151_1_6.json,4948,,metadata_only,ljcp,inputs
raw_data/ljcp/ocr/annual_2021/crop_151_1_6.png,6769,,metadata_only,ljcp,inputs
raw_data/ljcp/ocr/annual_2021/crop_151_1_7.json,4565,,metadata_only,ljcp,inputs
raw_data/ljcp/ocr/annual_2021/crop_151_1_7.png,5687,,metadata_only,ljcp,inputs
raw_data/ljcp/ocr/annual_2021/crop_152_0_0.json,1916,,metadata_only,ljcp,inputs
raw_data/ljcp/ocr/annual_2021/crop_152_0_0.png,3606,,metadata_only,ljcp,inputs
raw_data/ljcp/ocr/annual_2021/crop_152_0_1.json,2252,,metadata_only,ljcp,inputs
raw_data/ljcp/ocr/annual_2021/crop_152_0_1.png,15260,,metadata_only,ljcp,inputs
raw_data/ljcp/ocr/annual_2021/crop_152_0_2.json,2104,,metadata_only,ljcp,inputs
raw_data/ljcp/ocr/annual_2021/crop_152_0_2.png,5664,,metadata_only,ljcp,inputs
raw_data/ljcp/ocr/annual_2021/crop_152_0_3.json,2478,,metadata_only,ljcp,inputs
raw_data/ljcp/ocr/annual_2021/crop_152_0_3.png,7902,,metadata_only,ljcp,inputs
raw_data/ljcp/ocr/annual_2021/crop_152_0_4.json,2272,,metadata_only,ljcp,inputs
raw_data/ljcp/ocr/annual_2021/crop_152_0_4.png,5482,,metadata_only,ljcp,inputs
raw_data/ljcp/ocr/annual_2021/crop_152_0_5.json,2464,,metadata_only,ljcp,inputs
raw_data/ljcp/ocr/annual_2021/crop_152_0_5.png,6188,,metadata_only,ljcp,inputs
raw_data/ljcp/ocr/annual_2021/crop_152_0_6.json,2473,,metadata_only,ljcp,inputs
raw_data/ljcp/ocr/annual_2021/crop_152_0_6.png,7809,,metadata_only,ljcp,inputs
raw_data/ljcp/ocr/annual_2021/crop_152_0_7.json,2107,,metadata_only,ljcp,inputs
raw_data/ljcp/ocr/annual_2021/crop_152_0_7.png,5856,,metadata_only,ljcp,inputs
raw_data/ljcp/ocr/annual_2021/crop_152_1_0.json,177,,metadata_only,ljcp,inputs
raw_data/ljcp/ocr/annual_2021/crop_152_1_0.png,8826,,metadata_only,ljcp,inputs
raw_data/ljcp/ocr/annual_2021/crop_152_1_1.json,6353,,metadata_only,ljcp,inputs
raw_data/ljcp/ocr/annual_2021/crop_152_1_1.png,33513,,metadata_only,ljcp,inputs
raw_data/ljcp/ocr/annual_2021/crop_152_1_2.json,200,,metadata_only,ljcp,inputs
raw_data/ljcp/ocr/annual_2021/crop_152_1_2.png,7655,,metadata_only,ljcp,inputs
raw_data/ljcp/ocr/annual_2021/crop_152_1_3.json,359,,metadata_only,ljcp,inputs
raw_data/ljcp/ocr/annual_2021/crop_152_1_3.png,10362,,metadata_only,ljcp,inputs
raw_data/ljcp/ocr/annual_2021/crop_152_1_4.json,2077,,metadata_only,ljcp,inputs
raw_data/ljcp/ocr/annual_2021/crop_152_1_4.png,7835,,metadata_only,ljcp,inputs
raw_data/ljcp/ocr/annual_2021/crop_152_1_5.json,365,,metadata_only,ljcp,inputs
raw_data/ljcp/ocr/annual_2021/crop_152_1_5.png,8510,,metadata_only,ljcp,inputs
raw_data/ljcp/ocr/annual_2021/crop_152_1_6.json,522,,metadata_only,ljcp,inputs
raw_data/ljcp/ocr/annual_2021/crop_152_1_6.png,10206,,metadata_only,ljcp,inputs
raw_data/ljcp/ocr/annual_2021/crop_152_1_7.json,181,,metadata_only,ljcp,inputs
raw_data/ljcp/ocr/annual_2021/crop_152_1_7.png,7739,,metadata_only,ljcp,inputs
raw_data/ljcp/ocr/annual_2021/crop_184_0_0.json,727,,metadata_only,ljcp,inputs
raw_data/ljcp/ocr/annual_2021/crop_184_0_0.png,1382,,metadata_only,ljcp,inputs
raw_data/ljcp/ocr/annual_2021/crop_184_0_1.json,889,,metadata_only,ljcp,inputs
raw_data/ljcp/ocr/annual_2021/crop_184_0_1.png,1655,,metadata_only,ljcp,inputs
raw_data/ljcp/ocr/annual_2021/crop_184_0_2.json,711,,metadata_only,ljcp,inputs
raw_data/ljcp/ocr/annual_2021/crop_184_0_2.png,1308,,metadata_only,ljcp,inputs
raw_data/ljcp/ocr/annual_2021/crop_184_0_3.json,709,,metadata_only,ljcp,inputs
raw_data/ljcp/ocr/annual_2021/crop_184_0_3.png,1313,,metadata_only,ljcp,inputs
raw_data/ljcp/ocr/annual_2021/crop_184_0_4.json,888,,metadata_only,ljcp,inputs
raw_data/ljcp/ocr/annual_2021/crop_184_0_4.png,1580,,metadata_only,ljcp,inputs
raw_data/ljcp/ocr/annual_2021/crop_184_1_0.json,1285,,metadata_only,ljcp,inputs
raw_data/ljcp/ocr/annual_2021/crop_184_1_0.png,2911,,metadata_only,ljcp,inputs
raw_data/ljcp/ocr/annual_2021/crop_184_1_1.json,5088,,metadata_only,ljcp,inputs
raw_data/ljcp/ocr/annual_2021/crop_184_1_1.png,9518,,metadata_only,ljcp,inputs
raw_data/ljcp/ocr/annual_2021/crop_184_1_2.json,356,,metadata_only,ljcp,inputs
raw_data/ljcp/ocr/annual_2021/crop_184_1_2.png,5411,,metadata_only,ljcp,inputs
raw_data/ljcp/ocr/annual_2021/crop_184_1_3.json,4920,,metadata_only,ljcp,inputs
raw_data/ljcp/ocr/annual_2021/crop_184_1_3.png,6091,,metadata_only,ljcp,inputs
raw_data/ljcp/ocr/annual_2021/crop_184_1_4.json,4903,,metadata_only,ljcp,inputs
raw_data/ljcp/ocr/annual_2021/crop_184_1_4.png,5978,,metadata_only,ljcp,inputs
raw_data/ljcp/ocr/annual_2021/crop_184_1_5.json,4907,,metadata_only,ljcp,inputs
raw_data/ljcp/ocr/annual_2021/crop_184_1_5.png,5272,,metadata_only,ljcp,inputs
raw_data/ljcp/ocr/annual_2021/crop_184_2_0.json,1914,,metadata_only,ljcp,inputs
raw_data/ljcp/ocr/annual_2021/crop_184_2_0.png,1112,,metadata_only,ljcp,inputs
raw_data/ljcp/ocr/annual_2021/crop_184_2_1.json,2007,,metadata_only,ljcp,inputs
raw_data/ljcp/ocr/annual_2021/crop_184_2_1.png,3621,,metadata_only,ljcp,inputs
raw_data/ljcp/ocr/annual_2021/crop_184_2_2.json,1928,,metadata_only,ljcp,inputs
raw_data/ljcp/ocr/annual_2021/crop_184_2_2.png,2257,,metadata_only,ljcp,inputs
raw_data/ljcp/ocr/annual_2021/crop_184_2_3.json,1934,,metadata_only,ljcp,inputs
raw_data/ljcp/ocr/annual_2021/crop_184_2_3.png,2481,,metadata_only,ljcp,inputs
raw_data/ljcp/ocr/annual_2021/crop_184_2_4.json,1931,,metadata_only,ljcp,inputs
raw_data/ljcp/ocr/annual_2021/crop_184_2_4.png,2338,,metadata_only,ljcp,inputs
raw_data/ljcp/ocr/annual_2021/crop_184_2_5.json,1913,,metadata_only,ljcp,inputs
raw_data/ljcp/ocr/annual_2021/crop_184_2_5.png,2152,,metadata_only,ljcp,inputs
raw_data/ljcp/ocr/annual_2021/crop_185_0_0.json,2962,,metadata_only,ljcp,inputs
raw_data/ljcp/ocr/annual_2021/crop_185_0_0.png,1880,,metadata_only,ljcp,inputs
raw_data/ljcp/ocr/annual_2021/crop_185_0_1.json,3315,,metadata_only,ljcp,inputs
raw_data/ljcp/ocr/annual_2021/crop_185_0_1.png,6238,,metadata_only,ljcp,inputs
raw_data/ljcp/ocr/annual_2021/crop_185_0_2.json,3141,,metadata_only,ljcp,inputs
raw_data/ljcp/ocr/annual_2021/crop_185_0_2.png,3098,,metadata_only,ljcp,inputs
raw_data/ljcp/ocr/annual_2021/crop_185_0_3.json,3157,,metadata_only,ljcp,inputs
raw_data/ljcp/ocr/annual_2021/crop_185_0_3.png,3530,,metadata_only,ljcp,inputs
raw_data/ljcp/ocr/annual_2021/crop_185_0_4.json,3149,,metadata_only,ljcp,inputs
raw_data/ljcp/ocr/annual_2021/crop_185_0_4.png,3510,,metadata_only,ljcp,inputs
raw_data/ljcp/ocr/annual_2021/crop_185_0_5.json,3082,,metadata_only,ljcp,inputs
raw_data/ljcp/ocr/annual_2021/crop_185_0_5.png,3156,,metadata_only,ljcp,inputs
raw_data/ljcp/ocr/annual_2021/crop_185_1_0.json,4,,metadata_only,ljcp,inputs
raw_data/ljcp/ocr/annual_2021/crop_185_1_0.png,2784,,metadata_only,ljcp,inputs
raw_data/ljcp/ocr/annual_2021/crop_185_1_1.json,5129,,metadata_only,ljcp,inputs
raw_data/ljcp/ocr/annual_2021/crop_185_1_1.png,8840,,metadata_only,ljcp,inputs
raw_data/ljcp/ocr/annual_2021/crop_185_1_2.json,2622,,metadata_only,ljcp,inputs
raw_data/ljcp/ocr/annual_2021/crop_185_1_2.png,4889,,metadata_only,ljcp,inputs
raw_data/ljcp/ocr/annual_2021/crop_185_1_3.json,4920,,metadata_only,ljcp,inputs
raw_data/ljcp/ocr/annual_2021/crop_185_1_3.png,5661,,metadata_only,ljcp,inputs
raw_data/ljcp/ocr/annual_2021/crop_185_1_4.json,4915,,metadata_only,ljcp,inputs
raw_data/ljcp/ocr/annual_2021/crop_185_1_4.png,5644,,metadata_only,ljcp,inputs
raw_data/ljcp/ocr/annual_2021/crop_185_1_5.json,355,,metadata_only,ljcp,inputs
raw_data/ljcp/ocr/annual_2021/crop_185_1_5.png,4715,,metadata_only,ljcp,inputs
raw_data/ljcp/ocr/annual_2021/crop_185_2_0.json,864,,metadata_only,ljcp,inputs
raw_data/ljcp/ocr/annual_2021/crop_185_2_0.png,671,,metadata_only,ljcp,inputs
raw_data/ljcp/ocr/annual_2021/crop_185_2_1.json,901,,metadata_only,ljcp,inputs
raw_data/ljcp/ocr/annual_2021/crop_185_2_1.png,1742,,metadata_only,ljcp,inputs
raw_data/ljcp/ocr/annual_2021/crop_185_2_2.json,871,,metadata_only,ljcp,inputs
raw_data/ljcp/ocr/annual_2021/crop_185_2_2.png,1079,,metadata_only,ljcp,inputs
raw_data/ljcp/ocr/annual_2021/crop_185_2_3.json,878,,metadata_only,ljcp,inputs
raw_data/ljcp/ocr/annual_2021/crop_185_2_3.png,1184,,metadata_only,ljcp,inputs
raw_data/ljcp/ocr/annual_2021/crop_185_2_4.json,525,,metadata_only,ljcp,inputs
raw_data/ljcp/ocr/annual_2021/crop_185_2_4.png,583,,metadata_only,ljcp,inputs
raw_data/ljcp/ocr/annual_2021/crop_185_2_5.json,866,,metadata_only,ljcp,inputs
raw_data/ljcp/ocr/annual_2021/crop_185_2_5.png,784,,metadata_only,ljcp,inputs
raw_data/ljcp/ocr/annual_2021/crop_185_2_6.json,876,,metadata_only,ljcp,inputs
raw_data/ljcp/ocr/annual_2021/crop_185_2_6.png,1184,,metadata_only,ljcp,inputs
raw_data/ljcp/ocr/annual_2021/crop_185_2_7.json,875,,metadata_only,ljcp,inputs
raw_data/ljcp/ocr/annual_2021/crop_185_2_7.png,1098,,metadata_only,ljcp,inputs
raw_data/ljcp/ocr/annual_2021/crop_213_0_0.json,524,,metadata_only,ljcp,inputs
raw_data/ljcp/ocr/annual_2021/crop_213_0_0.png,505,,metadata_only,ljcp,inputs
raw_data/ljcp/ocr/annual_2021/crop_213_0_1.json,717,,metadata_only,ljcp,inputs
raw_data/ljcp/ocr/annual_2021/crop_213_0_1.png,1635,,metadata_only,ljcp,inputs
raw_data/ljcp/ocr/annual_2021/crop_213_0_2.json,707,,metadata_only,ljcp,inputs
raw_data/ljcp/ocr/annual_2021/crop_213_0_2.png,1286,,metadata_only,ljcp,inputs
raw_data/ljcp/ocr/annual_2021/crop_213_0_3.json,714,,metadata_only,ljcp,inputs
raw_data/ljcp/ocr/annual_2021/crop_213_0_3.png,1354,,metadata_only,ljcp,inputs
raw_data/ljcp/ocr/annual_2021/crop_213_0_4.json,699,,metadata_only,ljcp,inputs
raw_data/ljcp/ocr/annual_2021/crop_213_0_4.png,766,,metadata_only,ljcp,inputs
raw_data/ljcp/ocr/annual_2021/crop_213_0_5.json,517,,metadata_only,ljcp,inputs
raw_data/ljcp/ocr/annual_2021/crop_213_0_5.png,881,,metadata_only,ljcp,inputs
raw_data/ljcp/ocr/annual_2021/crop_213_0_6.json,712,,metadata_only,ljcp,inputs
raw_data/ljcp/ocr/annual_2021/crop_213_0_6.png,1353,,metadata_only,ljcp,inputs
raw_data/ljcp/ocr/annual_2021/crop_213_0_7.json,709,,metadata_only,ljcp,inputs
raw_data/ljcp/ocr/annual_2021/crop_213_0_7.png,1325,,metadata_only,ljcp,inputs
raw_data/ljcp/ocr/annual_2021/crop_213_1_0.json,520,,metadata_only,ljcp,inputs
raw_data/ljcp/ocr/annual_2021/crop_213_1_0.png,514,,metadata_only,ljcp,inputs
raw_data/ljcp/ocr/annual_2021/crop_213_1_1.json,893,,metadata_only,ljcp,inputs
raw_data/ljcp/ocr/annual_2021/crop_213_1_1.png,1492,,metadata_only,ljcp,inputs
raw_data/ljcp/ocr/annual_2021/crop_213_1_2.json,709,,metadata_only,ljcp,inputs
raw_data/ljcp/ocr/annual_2021/crop_213_1_2.png,1314,,metadata_only,ljcp,inputs
raw_data/ljcp/ocr/annual_2021/crop_213_1_3.json,716,,metadata_only,ljcp,inputs
raw_data/ljcp/ocr/annual_2021/crop_213_1_3.png,1383,,metadata_only,ljcp,inputs
raw_data/ljcp/ocr/annual_2021/crop_213_1_4.json,867,,metadata_only,ljcp,inputs
raw_data/ljcp/ocr/annual_2021/crop_213_1_4.png,815,,metadata_only,ljcp,inputs
raw_data/ljcp/ocr/annual_2021/crop_213_1_5.json,871,,metadata_only,ljcp,inputs
raw_data/ljcp/ocr/annual_2021/crop_213_1_5.png,925,,metadata_only,ljcp,inputs
raw_data/ljcp/ocr/annual_2021/crop_213_1_6.json,711,,metadata_only,ljcp,inputs
raw_data/ljcp/ocr/annual_2021/crop_213_1_6.png,1391,,metadata_only,ljcp,inputs
raw_data/ljcp/ocr/annual_2021/crop_213_1_7.json,707,,metadata_only,ljcp,inputs
raw_data/ljcp/ocr/annual_2021/crop_213_1_7.png,1358,,metadata_only,ljcp,inputs
raw_data/ljcp/ocr/annual_2021/crop_213_2_0.json,524,,metadata_only,ljcp,inputs
raw_data/ljcp/ocr/annual_2021/crop_213_2_0.png,507,,metadata_only,ljcp,inputs
raw_data/ljcp/ocr/annual_2021/crop_213_2_1.json,879,,metadata_only,ljcp,inputs
raw_data/ljcp/ocr/annual_2021/crop_213_2_1.png,1480,,metadata_only,ljcp,inputs
raw_data/ljcp/ocr/annual_2021/crop_213_2_2.json,706,,metadata_only,ljcp,inputs
raw_data/ljcp/ocr/annual_2021/crop_213_2_2.png,1333,,metadata_only,ljcp,inputs
raw_data/ljcp/ocr/annual_2021/crop_213_2_3.json,703,,metadata_only,ljcp,inputs
raw_data/ljcp/ocr/annual_2021/crop_213_2_3.png,1321,,metadata_only,ljcp,inputs
raw_data/ljcp/ocr/annual_2021/crop_213_2_4.json,869,,metadata_only,ljcp,inputs
raw_data/ljcp/ocr/annual_2021/crop_213_2_4.png,803,,metadata_only,ljcp,inputs
raw_data/ljcp/ocr/annual_2021/crop_213_2_5.json,873,,metadata_only,ljcp,inputs
raw_data/ljcp/ocr/annual_2021/crop_213_2_5.png,910,,metadata_only,ljcp,inputs
raw_data/ljcp/ocr/annual_2021/crop_213_2_6.json,709,,metadata_only,ljcp,inputs
raw_data/ljcp/ocr/annual_2021/crop_213_2_6.png,1387,,metadata_only,ljcp,inputs
raw_data/ljcp/ocr/annual_2021/crop_213_2_7.json,696,,metadata_only,ljcp,inputs
raw_data/ljcp/ocr/annual_2021/crop_213_2_7.png,1298,,metadata_only,ljcp,inputs
raw_data/ljcp/ocr/annual_2021/crop_65_0_0.json,697,,metadata_only,ljcp,inputs
raw_data/ljcp/ocr/annual_2021/crop_65_0_0.png,3790,,metadata_only,ljcp,inputs
raw_data/ljcp/ocr/annual_2021/crop_65_0_1.json,6987,,metadata_only,ljcp,inputs
raw_data/ljcp/ocr/annual_2021/crop_65_0_1.png,12742,,metadata_only,ljcp,inputs
raw_data/ljcp/ocr/annual_2021/crop_65_0_2.json,4603,,metadata_only,ljcp,inputs
raw_data/ljcp/ocr/annual_2021/crop_65_0_2.png,10110,,metadata_only,ljcp,inputs
raw_data/ljcp/ocr/annual_2021/crop_65_0_3.json,725,,metadata_only,ljcp,inputs
raw_data/ljcp/ocr/annual_2021/crop_65_0_3.png,10504,,metadata_only,ljcp,inputs
raw_data/ljcp/ocr/annual_2021/crop_65_0_4.json,5836,,metadata_only,ljcp,inputs
raw_data/ljcp/ocr/annual_2021/crop_65_0_4.png,9454,,metadata_only,ljcp,inputs
raw_data/ljcp/ocr/annual_2021/crop_65_0_5.json,5307,,metadata_only,ljcp,inputs
raw_data/ljcp/ocr/annual_2021/crop_65_0_5.png,9377,,metadata_only,ljcp,inputs
raw_data/ljcp/ocr/annual_2021/crop_65_0_6.json,6908,,metadata_only,ljcp,inputs
raw_data/ljcp/ocr/annual_2021/crop_65_0_6.png,9902,,metadata_only,ljcp,inputs
raw_data/ljcp/ocr/annual_2021/crop_65_0_7.json,6715,,metadata_only,ljcp,inputs
raw_data/ljcp/ocr/annual_2021/crop_65_0_7.png,9186,,metadata_only,ljcp,inputs
raw_data/ljcp/ocr/annual_2021/crop_65_1_0.json,1220,,metadata_only,ljcp,inputs
raw_data/ljcp/ocr/annual_2021/crop_65_1_0.png,738,,metadata_only,ljcp,inputs
raw_data/ljcp/ocr/annual_2021/crop_65_1_1.json,1099,,metadata_only,ljcp,inputs
raw_data/ljcp/ocr/annual_2021/crop_65_1_1.png,2278,,metadata_only,ljcp,inputs
raw_data/ljcp/ocr/annual_2021/crop_65_1_2.json,1065,,metadata_only,ljcp,inputs
raw_data/ljcp/ocr/annual_2021/crop_65_1_2.png,1830,,metadata_only,ljcp,inputs
raw_data/ljcp/ocr/annual_2021/crop_65_1_3.json,1244,,metadata_only,ljcp,inputs
raw_data/ljcp/ocr/annual_2021/crop_65_1_3.png,1917,,metadata_only,ljcp,inputs
raw_data/ljcp/ocr/annual_2021/crop_65_1_4.json,1405,,metadata_only,ljcp,inputs
raw_data/ljcp/ocr/annual_2021/crop_65_1_4.png,1913,,metadata_only,ljcp,inputs
raw_data/ljcp/ocr/annual_2021/crop_65_1_5.json,1427,,metadata_only,ljcp,inputs
raw_data/ljcp/ocr/annual_2021/crop_65_1_5.png,1975,,metadata_only,ljcp,inputs
raw_data/ljcp/ocr/annual_2021/crop_65_1_6.json,1064,,metadata_only,ljcp,inputs
raw_data/ljcp/ocr/annual_2021/crop_65_1_6.png,1775,,metadata_only,ljcp,inputs
raw_data/ljcp/ocr/annual_2021/crop_65_1_7.json,1066,,metadata_only,ljcp,inputs
raw_data/ljcp/ocr/annual_2021/crop_65_1_7.png,1621,,metadata_only,ljcp,inputs
raw_data/ljcp/ocr/annual_2021/crop_66_0_0.json,515,,metadata_only,ljcp,inputs
raw_data/ljcp/ocr/annual_2021/crop_66_0_0.png,3513,,metadata_only,ljcp,inputs
raw_data/ljcp/ocr/annual_2021/crop_66_0_1.json,6056,,metadata_only,ljcp,inputs
raw_data/ljcp/ocr/annual_2021/crop_66_0_1.png,11279,,metadata_only,ljcp,inputs
raw_data/ljcp/ocr/annual_2021/crop_66_0_2.json,5833,,metadata_only,ljcp,inputs
raw_data/ljcp/ocr/annual_2021/crop_66_0_2.png,8462,,metadata_only,ljcp,inputs
raw_data/ljcp/ocr/annual_2021/crop_66_0_3.json,6024,,metadata_only,ljcp,inputs
raw_data/ljcp/ocr/annual_2021/crop_66_0_3.png,8527,,metadata_only,ljcp,inputs
raw_data/ljcp/ocr/annual_2021/crop_66_0_4.json,6173,,metadata_only,ljcp,inputs
raw_data/ljcp/ocr/annual_2021/crop_66_0_4.png,8226,,metadata_only,ljcp,inputs
raw_data/ljcp/ocr/annual_2021/crop_66_0_5.json,6011,,metadata_only,ljcp,inputs
raw_data/ljcp/ocr/annual_2021/crop_66_0_5.png,8336,,metadata_only,ljcp,inputs
raw_data/ljcp/ocr/annual_2021/crop_66_0_6.json,5829,,metadata_only,ljcp,inputs
raw_data/ljcp/ocr/annual_2021/crop_66_0_6.png,8373,,metadata_only,ljcp,inputs
raw_data/ljcp/ocr/annual_2021/crop_66_0_7.json,5842,,metadata_only,ljcp,inputs
raw_data/ljcp/ocr/annual_2021/crop_66_0_7.png,7992,,metadata_only,ljcp,inputs
raw_data/ljcp/ocr/annual_2021/crop_66_1_0.json,2606,,metadata_only,ljcp,inputs
raw_data/ljcp/ocr/annual_2021/crop_66_1_0.png,1453,,metadata_only,ljcp,inputs
raw_data/ljcp/ocr/annual_2021/crop_66_1_1.json,2572,,metadata_only,ljcp,inputs
raw_data/ljcp/ocr/annual_2021/crop_66_1_1.png,4781,,metadata_only,ljcp,inputs
raw_data/ljcp/ocr/annual_2021/crop_66_1_2.json,2294,,metadata_only,ljcp,inputs
raw_data/ljcp/ocr/annual_2021/crop_66_1_2.png,3705,,metadata_only,ljcp,inputs
raw_data/ljcp/ocr/annual_2021/crop_66_1_3.json,2659,,metadata_only,ljcp,inputs
raw_data/ljcp/ocr/annual_2021/crop_66_1_3.png,3862,,metadata_only,ljcp,inputs
raw_data/ljcp/ocr/annual_2021/crop_66_1_4.json,2827,,metadata_only,ljcp,inputs
raw_data/ljcp/ocr/annual_2021/crop_66_1_4.png,3543,,metadata_only,ljcp,inputs
raw_data/ljcp/ocr/annual_2021/crop_66_1_5.json,2798,,metadata_only,ljcp,inputs
raw_data/ljcp/ocr/annual_2021/crop_66_1_5.png,3658,,metadata_only,ljcp,inputs
raw_data/ljcp/ocr/annual_2021/crop_66_1_6.json,2495,,metadata_only,ljcp,inputs
raw_data/ljcp/ocr/annual_2021/crop_66_1_6.png,3728,,metadata_only,ljcp,inputs
raw_data/ljcp/ocr/annual_2021/crop_66_1_7.json,2472,,metadata_only,ljcp,inputs
raw_data/ljcp/ocr/annual_2021/crop_66_1_7.png,3440,,metadata_only,ljcp,inputs
raw_data/ljcp/ocr/annual_2021/crop_67_0_0.json,4323,,metadata_only,ljcp,inputs
raw_data/ljcp/ocr/annual_2021/crop_67_0_0.png,6815,,metadata_only,ljcp,inputs
raw_data/ljcp/ocr/annual_2021/crop_67_0_1.json,4602,,metadata_only,ljcp,inputs
raw_data/ljcp/ocr/annual_2021/crop_67_0_1.png,22838,,metadata_only,ljcp,inputs
raw_data/ljcp/ocr/annual_2021/crop_67_0_2.json,4411,,metadata_only,ljcp,inputs
raw_data/ljcp/ocr/annual_2021/crop_67_0_2.png,15422,,metadata_only,ljcp,inputs
raw_data/ljcp/ocr/annual_2021/crop_67_0_3.json,4596,,metadata_only,ljcp,inputs
raw_data/ljcp/ocr/annual_2021/crop_67_0_3.png,16736,,metadata_only,ljcp,inputs
raw_data/ljcp/ocr/annual_2021/crop_67_0_4.json,4748,,metadata_only,ljcp,inputs
raw_data/ljcp/ocr/annual_2021/crop_67_0_4.png,14674,,metadata_only,ljcp,inputs
raw_data/ljcp/ocr/annual_2021/crop_67_0_5.json,4749,,metadata_only,ljcp,inputs
raw_data/ljcp/ocr/annual_2021/crop_67_0_5.png,14565,,metadata_only,ljcp,inputs
raw_data/ljcp/ocr/annual_2021/crop_67_0_6.json,4427,,metadata_only,ljcp,inputs
raw_data/ljcp/ocr/annual_2021/crop_67_0_6.png,16106,,metadata_only,ljcp,inputs
raw_data/ljcp/ocr/annual_2021/crop_67_0_7.json,4412,,metadata_only,ljcp,inputs
raw_data/ljcp/ocr/annual_2021/crop_67_0_7.png,14203,,metadata_only,ljcp,inputs
raw_data/ljcp/ocr/annual_2021/crop_67_1_0.json,183,,metadata_only,ljcp,inputs
raw_data/ljcp/ocr/annual_2021/crop_67_1_0.png,5440,,metadata_only,ljcp,inputs
raw_data/ljcp/ocr/annual_2021/crop_67_1_1.json,4022,,metadata_only,ljcp,inputs
raw_data/ljcp/ocr/annual_2021/crop_67_1_1.png,17539,,metadata_only,ljcp,inputs
raw_data/ljcp/ocr/annual_2021/crop_67_1_2.json,3881,,metadata_only,ljcp,inputs
raw_data/ljcp/ocr/annual_2021/crop_67_1_2.png,11948,,metadata_only,ljcp,inputs
raw_data/ljcp/ocr/annual_2021/crop_67_1_3.json,3880,,metadata_only,ljcp,inputs
raw_data/ljcp/ocr/annual_2021/crop_67_1_3.png,12523,,metadata_only,ljcp,inputs
raw_data/ljcp/ocr/annual_2021/crop_67_1_4.json,4214,,metadata_only,ljcp,inputs
raw_data/ljcp/ocr/annual_2021/crop_67_1_4.png,11180,,metadata_only,ljcp,inputs
raw_data/ljcp/ocr/annual_2021/crop_67_1_5.json,4222,,metadata_only,ljcp,inputs
raw_data/ljcp/ocr/annual_2021/crop_67_1_5.png,11633,,metadata_only,ljcp,inputs
raw_data/ljcp/ocr/annual_2021/crop_67_1_6.json,3881,,metadata_only,ljcp,inputs
raw_data/ljcp/ocr/annual_2021/crop_67_1_6.png,12364,,metadata_only,ljcp,inputs
raw_data/ljcp/ocr/annual_2021/crop_67_1_7.json,3875,,metadata_only,ljcp,inputs
raw_data/ljcp/ocr/annual_2021/crop_67_1_7.png,11976,,metadata_only,ljcp,inputs
raw_data/ljcp/ocr/annual_2021/crop_cell_110_0_10_4.json,176,,metadata_only,ljcp,inputs
raw_data/ljcp/ocr/annual_2021/crop_cell_110_0_10_4.png,1703,,metadata_only,ljcp,inputs
raw_data/ljcp/ocr/annual_2021/crop_cell_110_0_10_5.json,174,,metadata_only,ljcp,inputs
raw_data/ljcp/ocr/annual_2021/crop_cell_110_0_10_5.png,1920,,metadata_only,ljcp,inputs
raw_data/ljcp/ocr/annual_2021/crop_cell_110_0_11_4.json,175,,metadata_only,ljcp,inputs
raw_data/ljcp/ocr/annual_2021/crop_cell_110_0_11_4.png,1339,,metadata_only,ljcp,inputs
raw_data/ljcp/ocr/annual_2021/crop_cell_110_0_11_5.json,175,,metadata_only,ljcp,inputs
raw_data/ljcp/ocr/annual_2021/crop_cell_110_0_11_5.png,1381,,metadata_only,ljcp,inputs
raw_data/ljcp/ocr/annual_2021/crop_cell_110_0_12_4.json,175,,metadata_only,ljcp,inputs
raw_data/ljcp/ocr/annual_2021/crop_cell_110_0_12_4.png,2261,,metadata_only,ljcp,inputs
raw_data/ljcp/ocr/annual_2021/crop_cell_110_0_12_5.json,4,,metadata_only,ljcp,inputs
raw_data/ljcp/ocr/annual_2021/crop_cell_110_0_12_5.png,1976,,metadata_only,ljcp,inputs
raw_data/ljcp/ocr/annual_2021/crop_cell_110_0_13_4.json,174,,metadata_only,ljcp,inputs
raw_data/ljcp/ocr/annual_2021/crop_cell_110_0_13_4.png,1643,,metadata_only,ljcp,inputs
raw_data/ljcp/ocr/annual_2021/crop_cell_110_0_13_5.json,4,,metadata_only,ljcp,inputs
raw_data/ljcp/ocr/annual_2021/crop_cell_110_0_13_5.png,1956,,metadata_only,ljcp,inputs
raw_data/ljcp/ocr/annual_2021/crop_cell_110_0_14_4.json,175,,metadata_only,ljcp,inputs
raw_data/ljcp/ocr/annual_2021/crop_cell_110_0_14_4.png,2371,,metadata_only,ljcp,inputs
raw_data/ljcp/ocr/annual_2021/crop_cell_110_0_14_5.json,4,,metadata_only,ljcp,inputs
raw_data/ljcp/ocr/annual_2021/crop_cell_110_0_14_5.png,1908,,metadata_only,ljcp,inputs
raw_data/ljcp/ocr/annual_2021/crop_cell_110_0_15_4.json,175,,metadata_only,ljcp,inputs
raw_data/ljcp/ocr/annual_2021/crop_cell_110_0_15_4.png,2611,,metadata_only,ljcp,inputs
raw_data/ljcp/ocr/annual_2021/crop_cell_110_0_15_5.json,173,,metadata_only,ljcp,inputs
raw_data/ljcp/ocr/annual_2021/crop_cell_110_0_15_5.png,1917,,metadata_only,ljcp,inputs
raw_data/ljcp/ocr/annual_2021/crop_cell_110_0_16_4.json,4,,metadata_only,ljcp,inputs
raw_data/ljcp/ocr/annual_2021/crop_cell_110_0_16_4.png,1875,,metadata_only,ljcp,inputs
raw_data/ljcp/ocr/annual_2021/crop_cell_110_0_16_5.json,175,,metadata_only,ljcp,inputs
raw_data/ljcp/ocr/annual_2021/crop_cell_110_0_16_5.png,1755,,metadata_only,ljcp,inputs
raw_data/ljcp/ocr/annual_2021/crop_cell_110_0_17_4.json,175,,metadata_only,ljcp,inputs
raw_data/ljcp/ocr/annual_2021/crop_cell_110_0_17_4.png,2445,,metadata_only,ljcp,inputs
raw_data/ljcp/ocr/annual_2021/crop_cell_110_0_17_5.json,4,,metadata_only,ljcp,inputs
raw_data/ljcp/ocr/annual_2021/crop_cell_110_0_17_5.png,1924,,metadata_only,ljcp,inputs
raw_data/ljcp/ocr/annual_2021/crop_cell_110_0_18_4.json,175,,metadata_only,ljcp,inputs
raw_data/ljcp/ocr/annual_2021/crop_cell_110_0_18_4.png,2542,,metadata_only,ljcp,inputs
raw_data/ljcp/ocr/annual_2021/crop_cell_110_0_18_5.json,4,,metadata_only,ljcp,inputs
raw_data/ljcp/ocr/annual_2021/crop_cell_110_0_18_5.png,1969,,metadata_only,ljcp,inputs
raw_data/ljcp/ocr/annual_2021/crop_cell_110_0_19_4.json,175,,metadata_only,ljcp,inputs
raw_data/ljcp/ocr/annual_2021/crop_cell_110_0_19_4.png,2724,,metadata_only,ljcp,inputs
raw_data/ljcp/ocr/annual_2021/crop_cell_110_0_19_5.json,4,,metadata_only,ljcp,inputs
raw_data/ljcp/ocr/annual_2021/crop_cell_110_0_19_5.png,1960,,metadata_only,ljcp,inputs
raw_data/ljcp/ocr/annual_2021/crop_cell_110_0_1_4.json,175,,metadata_only,ljcp,inputs
raw_data/ljcp/ocr/annual_2021/crop_cell_110_0_1_4.png,2271,,metadata_only,ljcp,inputs
raw_data/ljcp/ocr/annual_2021/crop_cell_110_0_20_4.json,175,,metadata_only,ljcp,inputs
raw_data/ljcp/ocr/annual_2021/crop_cell_110_0_20_4.png,2258,,metadata_only,ljcp,inputs
raw_data/ljcp/ocr/annual_2021/crop_cell_110_0_20_5.json,4,,metadata_only,ljcp,inputs
raw_data/ljcp/ocr/annual_2021/crop_cell_110_0_20_5.png,1952,,metadata_only,ljcp,inputs
raw_data/ljcp/ocr/annual_2021/crop_cell_110_0_21_4.json,175,,metadata_only,ljcp,inputs
raw_data/ljcp/ocr/annual_2021/crop_cell_110_0_21_4.png,2748,,metadata_only,ljcp,inputs
raw_data/ljcp/ocr/annual_2021/crop_cell_110_0_22_4.json,176,,metadata_only,ljcp,inputs
raw_data/ljcp/ocr/annual_2021/crop_cell_110_0_22_4.png,3252,,metadata_only,ljcp,inputs
raw_data/ljcp/ocr/annual_2021/crop_cell_110_0_23_4.json,174,,metadata_only,ljcp,inputs
raw_data/ljcp/ocr/annual_2021/crop_cell_110_0_23_4.png,2362,,metadata_only,ljcp,inputs
raw_data/ljcp/ocr/annual_2021/crop_cell_110_0_24_5.json,4,,metadata_only,ljcp,inputs
raw_data/ljcp/ocr/annual_2021/crop_cell_110_0_24_5.png,1961,,metadata_only,ljcp,inputs
raw_data/ljcp/ocr/annual_2021/crop_cell_110_0_25_5.json,4,,metadata_only,ljcp,inputs
raw_data/ljcp/ocr/annual_2021/crop_cell_110_0_25_5.png,1972,,metadata_only,ljcp,inputs
raw_data/ljcp/ocr/annual_2021/crop_cell_110_0_26_5.json,4,,metadata_only,ljcp,inputs
raw_data/ljcp/ocr/annual_2021/crop_cell_110_0_26_5.png,2054,,metadata_only,ljcp,inputs
raw_data/ljcp/ocr/annual_2021/crop_cell_110_0_27_5.json,4,,metadata_only,ljcp,inputs
raw_data/ljcp/ocr/annual_2021/crop_cell_110_0_27_5.png,1864,,metadata_only,ljcp,inputs
raw_data/ljcp/ocr/annual_2021/crop_cell_110_0_2_4.json,175,,metadata_only,ljcp,inputs
raw_data/ljcp/ocr/annual_2021/crop_cell_110_0_2_4.png,3046,,metadata_only,ljcp,inputs
raw_data/ljcp/ocr/annual_2021/crop_cell_110_0_3_4.json,4,,metadata_only,ljcp,inputs
raw_data/ljcp/ocr/annual_2021/crop_cell_110_0_3_4.png,1915,,metadata_only,ljcp,inputs
raw_data/ljcp/ocr/annual_2021/crop_cell_110_0_4_4.json,175,,metadata_only,ljcp,inputs
raw_data/ljcp/ocr/annual_2021/crop_cell_110_0_4_4.png,2412,,metadata_only,ljcp,inputs
raw_data/ljcp/ocr/annual_2021/crop_cell_110_0_5_4.json,175,,metadata_only,ljcp,inputs
raw_data/ljcp/ocr/annual_2021/crop_cell_110_0_5_4.png,2562,,metadata_only,ljcp,inputs
raw_data/ljcp/ocr/annual_2021/crop_cell_110_0_6_4.json,175,,metadata_only,ljcp,inputs
raw_data/ljcp/ocr/annual_2021/crop_cell_110_0_6_4.png,2663,,metadata_only,ljcp,inputs
raw_data/ljcp/ocr/annual_2021/crop_cell_110_0_7_4.json,4,,metadata_only,ljcp,inputs
raw_data/ljcp/ocr/annual_2021/crop_cell_110_0_7_4.png,1865,,metadata_only,ljcp,inputs
raw_data/ljcp/ocr/annual_2021/crop_cell_110_0_8_4.json,176,,metadata_only,ljcp,inputs
raw_data/ljcp/ocr/annual_2021/crop_cell_110_0_8_4.png,2218,,metadata_only,ljcp,inputs
raw_data/ljcp/ocr/annual_2021/crop_cell_110_0_9_4.json,175,,metadata_only,ljcp,inputs
raw_data/ljcp/ocr/annual_2021/crop_cell_110_0_9_4.png,2334,,metadata_only,ljcp,inputs
raw_data/ljcp/ocr/annual_2021/crop_cell_110_1_10_4.json,4,,metadata_only,ljcp,inputs
raw_data/ljcp/ocr/annual_2021/crop_cell_110_1_10_4.png,1951,,metadata_only,ljcp,inputs
raw_data/ljcp/ocr/annual_2021/crop_cell_110_1_10_5.json,4,,metadata_only,ljcp,inputs
raw_data/ljcp/ocr/annual_2021/crop_cell_110_1_10_5.png,1960,,metadata_only,ljcp,inputs
raw_data/ljcp/ocr/annual_2021/crop_cell_110_1_11_5.json,175,,metadata_only,ljcp,inputs
raw_data/ljcp/ocr/annual_2021/crop_cell_110_1_11_5.png,1411,,metadata_only,ljcp,inputs
raw_data/ljcp/ocr/annual_2021/crop_cell_110_1_12_4.json,175,,metadata_only,ljcp,inputs
raw_data/ljcp/ocr/annual_2021/crop_cell_110_1_12_4.png,1512,,metadata_only,ljcp,inputs
raw_data/ljcp/ocr/annual_2021/crop_cell_110_1_12_5.json,4,,metadata_only,ljcp,inputs
raw_data/ljcp/ocr/annual_2021/crop_cell_110_1_12_5.png,2013,,metadata_only,ljcp,inputs
raw_data/ljcp/ocr/annual_2021/crop_cell_110_1_13_5.json,4,,metadata_only,ljcp,inputs
raw_data/ljcp/ocr/annual_2021/crop_cell_110_1_13_5.png,1921,,metadata_only,ljcp,inputs
raw_data/ljcp/ocr/annual_2021/crop_cell_110_1_14_4.json,4,,metadata_only,ljcp,inputs
raw_data/ljcp/ocr/annual_2021/crop_cell_110_1_14_4.png,2134,,metadata_only,ljcp,inputs
raw_data/ljcp/ocr/annual_2021/crop_cell_110_1_14_5.json,175,,metadata_only,ljcp,inputs
raw_data/ljcp/ocr/annual_2021/crop_cell_110_1_14_5.png,1574,,metadata_only,ljcp,inputs
raw_data/ljcp/ocr/annual_2021/crop_cell_110_1_15_5.json,4,,metadata_only,ljcp,inputs
raw_data/ljcp/ocr/annual_2021/crop_cell_110_1_15_5.png,1997,,metadata_only,ljcp,inputs
raw_data/ljcp/ocr/annual_2021/crop_cell_110_1_16_5.json,4,,metadata_only,ljcp,inputs
raw_data/ljcp/ocr/annual_2021/crop_cell_110_1_16_5.png,1912,,metadata_only,ljcp,inputs
raw_data/ljcp/ocr/annual_2021/crop_cell_110_1_17_5.json,175,,metadata_only,ljcp,inputs
raw_data/ljcp/ocr/annual_2021/crop_cell_110_1_17_5.png,1685,,metadata_only,ljcp,inputs
raw_data/ljcp/ocr/annual_2021/crop_cell_110_1_18_5.json,4,,metadata_only,ljcp,inputs
raw_data/ljcp/ocr/annual_2021/crop_cell_110_1_18_5.png,1852,,metadata_only,ljcp,inputs
raw_data/ljcp/ocr/annual_2021/crop_cell_110_1_4_5.json,4,,metadata_only,ljcp,inputs
raw_data/ljcp/ocr/annual_2021/crop_cell_110_1_4_5.png,1852,,metadata_only,ljcp,inputs
raw_data/ljcp/ocr/annual_2021/crop_cell_110_1_7_5.json,4,,metadata_only,ljcp,inputs
raw_data/ljcp/ocr/annual_2021/crop_cell_110_1_7_5.png,1968,,metadata_only,ljcp,inputs
raw_data/ljcp/ocr/annual_2021/crop_cell_110_1_8_5.json,4,,metadata_only,ljcp,inputs
raw_data/ljcp/ocr/annual_2021/crop_cell_110_1_8_5.png,1934,,metadata_only,ljcp,inputs
raw_data/ljcp/ocr/annual_2021/crop_cell_110_1_9_4.json,173,,metadata_only,ljcp,inputs
raw_data/ljcp/ocr/annual_2021/crop_cell_110_1_9_4.png,2125,,metadata_only,ljcp,inputs
raw_data/ljcp/ocr/annual_2021/crop_cell_110_1_9_5.json,4,,metadata_only,ljcp,inputs
raw_data/ljcp/ocr/annual_2021/crop_cell_110_1_9_5.png,1980,,metadata_only,ljcp,inputs
raw_data/ljcp/ocr/annual_2021/crop_cell_111_0_2_5.json,4,,metadata_only,ljcp,inputs
raw_data/ljcp/ocr/annual_2021/crop_cell_111_0_2_5.png,1850,,metadata_only,ljcp,inputs
raw_data/ljcp/ocr/annual_2021/crop_cell_111_0_3_5.json,4,,metadata_only,ljcp,inputs
raw_data/ljcp/ocr/annual_2021/crop_cell_111_0_3_5.png,1978,,metadata_only,ljcp,inputs
raw_data/ljcp/ocr/annual_2021/crop_cell_111_0_4_5.json,4,,metadata_only,ljcp,inputs
raw_data/ljcp/ocr/annual_2021/crop_cell_111_0_4_5.png,2024,,metadata_only,ljcp,inputs
raw_data/ljcp/ocr/annual_2021/crop_cell_111_0_5_5.json,4,,metadata_only,ljcp,inputs
raw_data/ljcp/ocr/annual_2021/crop_cell_111_0_5_5.png,1921,,metadata_only,ljcp,inputs
raw_data/ljcp/ocr/annual_2021/crop_cell_111_0_9_4.json,174,,metadata_only,ljcp,inputs
raw_data/ljcp/ocr/annual_2021/crop_cell_111_0_9_4.png,1921,,metadata_only,ljcp,inputs
raw_data/ljcp/ocr/annual_2021/crop_cell_112_0_10_4.json,175,,metadata_only,ljcp,inputs
raw_data/ljcp/ocr/annual_2021/crop_cell_112_0_10_4.png,1980,,metadata_only,ljcp,inputs
raw_data/ljcp/ocr/annual_2021/crop_cell_112_0_10_5.json,4,,metadata_only,ljcp,inputs
raw_data/ljcp/ocr/annual_2021/crop_cell_112_0_10_5.png,2485,,metadata_only,ljcp,inputs
raw_data/ljcp/ocr/annual_2021/crop_cell_112_0_11_4.json,4,,metadata_only,ljcp,inputs
raw_data/ljcp/ocr/annual_2021/crop_cell_112_0_11_4.png,2208,,metadata_only,ljcp,inputs
raw_data/ljcp/ocr/annual_2021/crop_cell_112_0_11_5.json,4,,metadata_only,ljcp,inputs
raw_data/ljcp/ocr/annual_2021/crop_cell_112_0_11_5.png,2399,,metadata_only,ljcp,inputs
raw_data/ljcp/ocr/annual_2021/crop_cell_112_0_12_4.json,175,,metadata_only,ljcp,inputs
raw_data/ljcp/ocr/annual_2021/crop_cell_112_0_12_4.png,2714,,metadata_only,ljcp,inputs
raw_data/ljcp/ocr/annual_2021/crop_cell_112_0_12_5.json,4,,metadata_only,ljcp,inputs
raw_data/ljcp/ocr/annual_2021/crop_cell_112_0_12_5.png,2225,,metadata_only,ljcp,inputs
raw_data/ljcp/ocr/annual_2021/crop_cell_112_0_13_4.json,4,,metadata_only,ljcp,inputs
raw_data/ljcp/ocr/annual_2021/crop_cell_112_0_13_4.png,1969,,metadata_only,ljcp,inputs
raw_data/ljcp/ocr/annual_2021/crop_cell_112_0_14_4.json,175,,metadata_only,ljcp,inputs
raw_data/ljcp/ocr/annual_2021/crop_cell_112_0_14_4.png,2846,,metadata_only,ljcp,inputs
raw_data/ljcp/ocr/annual_2021/crop_cell_112_0_15_4.json,175,,metadata_only,ljcp,inputs
raw_data/ljcp/ocr/annual_2021/crop_cell_112_0_15_4.png,2747,,metadata_only,ljcp,inputs
raw_data/ljcp/ocr/annual_2021/crop_cell_112_0_15_5.json,175,,metadata_only,ljcp,inputs
raw_data/ljcp/ocr/annual_2021/crop_cell_112_0_15_5.png,2361,,metadata_only,ljcp,inputs
raw_data/ljcp/ocr/annual_2021/crop_cell_112_0_16_4.json,175,,metadata_only,ljcp,inputs
raw_data/ljcp/ocr/annual_2021/crop_cell_112_0_16_4.png,1562,,metadata_only,ljcp,inputs
raw_data/ljcp/ocr/annual_2021/crop_cell_112_0_16_5.json,174,,metadata_only,ljcp,inputs
raw_data/ljcp/ocr/annual_2021/crop_cell_112_0_16_5.png,2162,,metadata_only,ljcp,inputs
raw_data/ljcp/ocr/annual_2021/crop_cell_112_0_17_4.json,175,,metadata_only,ljcp,inputs
raw_data/ljcp/ocr/annual_2021/crop_cell_112_0_17_4.png,2819,,metadata_only,ljcp,inputs
raw_data/ljcp/ocr/annual_2021/crop_cell_112_0_17_5.json,174,,metadata_only,ljcp,inputs
raw_data/ljcp/ocr/annual_2021/crop_cell_112_0_17_5.png,1936,,metadata_only,ljcp,inputs
raw_data/ljcp/ocr/annual_2021/crop_cell_112_0_18_4.json,174,,metadata_only,ljcp,inputs
raw_data/ljcp/ocr/annual_2021/crop_cell_112_0_18_4.png,2672,,metadata_only,ljcp,inputs
raw_data/ljcp/ocr/annual_2021/crop_cell_112_0_18_5.json,4,,metadata_only,ljcp,inputs
raw_data/ljcp/ocr/annual_2021/crop_cell_112_0_18_5.png,2225,,metadata_only,ljcp,inputs
raw_data/ljcp/ocr/annual_2021/crop_cell_112_0_19_4.json,175,,metadata_only,ljcp,inputs
raw_data/ljcp/ocr/annual_2021/crop_cell_112_0_19_4.png,2925,,metadata_only,ljcp,inputs
raw_data/ljcp/ocr/annual_2021/crop_cell_112_0_19_5.json,4,,metadata_only,ljcp,inputs
raw_data/ljcp/ocr/annual_2021/crop_cell_112_0_19_5.png,2313,,metadata_only,ljcp,inputs
raw_data/ljcp/ocr/annual_2021/crop_cell_112_0_1_4.json,175,,metadata_only,ljcp,inputs
raw_data/ljcp/ocr/annual_2021/crop_cell_112_0_1_4.png,2972,,metadata_only,ljcp,inputs
raw_data/ljcp/ocr/annual_2021/crop_cell_112_0_20_4.json,174,,metadata_only,ljcp,inputs
raw_data/ljcp/ocr/annual_2021/crop_cell_112_0_20_4.png,3260,,metadata_only,ljcp,inputs
raw_data/ljcp/ocr/annual_2021/crop_cell_112_0_20_5.json,4,,metadata_only,ljcp,inputs
raw_data/ljcp/ocr/annual_2021/crop_cell_112_0_20_5.png,2350,,metadata_only,ljcp,inputs
raw_data/ljcp/ocr/annual_2021/crop_cell_112_0_21_4.json,175,,metadata_only,ljcp,inputs
raw_data/ljcp/ocr/annual_2021/crop_cell_112_0_21_4.png,3223,,metadata_only,ljcp,inputs
raw_data/ljcp/ocr/annual_2021/crop_cell_112_0_21_5.json,174,,metadata_only,ljcp,inputs
raw_data/ljcp/ocr/annual_2021/crop_cell_112_0_21_5.png,2295,,metadata_only,ljcp,inputs
raw_data/ljcp/ocr/annual_2021/crop_cell_112_0_22_4.json,176,,metadata_only,ljcp,inputs
raw_data/ljcp/ocr/annual_2021/crop_cell_112_0_22_4.png,3047,,metadata_only,ljcp,inputs
raw_data/ljcp/ocr/annual_2021/crop_cell_112_0_22_5.json,175,,metadata_only,ljcp,inputs
raw_data/ljcp/ocr/annual_2021/crop_cell_112_0_22_5.png,2953,,metadata_only,ljcp,inputs
raw_data/ljcp/ocr/annual_2021/crop_cell_112_0_23_4.json,175,,metadata_only,ljcp,inputs
raw_data/ljcp/ocr/annual_2021/crop_cell_112_0_23_4.png,2802,,metadata_only,ljcp,inputs
raw_data/ljcp/ocr/annual_2021/crop_cell_112_0_23_5.json,175,,metadata_only,ljcp,inputs
raw_data/ljcp/ocr/annual_2021/crop_cell_112_0_23_5.png,3190,,metadata_only,ljcp,inputs
raw_data/ljcp/ocr/annual_2021/crop_cell_112_0_24_4.json,175,,metadata_only,ljcp,inputs
raw_data/ljcp/ocr/annual_2021/crop_cell_112_0_24_4.png,2801,,metadata_only,ljcp,inputs
raw_data/ljcp/ocr/annual_2021/crop_cell_112_0_24_5.json,4,,metadata_only,ljcp,inputs
raw_data/ljcp/ocr/annual_2021/crop_cell_112_0_24_5.png,2410,,metadata_only,ljcp,inputs
raw_data/ljcp/ocr/annual_2021/crop_cell_112_0_25_5.json,4,,metadata_only,ljcp,inputs
raw_data/ljcp/ocr/annual_2021/crop_cell_112_0_25_5.png,2350,,metadata_only,ljcp,inputs
raw_data/ljcp/ocr/annual_2021/crop_cell_112_0_26_5.json,4,,metadata_only,ljcp,inputs
raw_data/ljcp/ocr/annual_2021/crop_cell_112_0_26_5.png,2366,,metadata_only,ljcp,inputs
raw_data/ljcp/ocr/annual_2021/crop_cell_112_0_27_5.json,4,,metadata_only,ljcp,inputs
raw_data/ljcp/ocr/annual_2021/crop_cell_112_0_27_5.png,2327,,metadata_only,ljcp,inputs
raw_data/ljcp/ocr/annual_2021/crop_cell_112_0_28_4.json,176,,metadata_only,ljcp,inputs
raw_data/ljcp/ocr/annual_2021/crop_cell_112_0_28_4.png,3718,,metadata_only,ljcp,inputs
raw_data/ljcp/ocr/annual_2021/crop_cell_112_0_28_5.json,175,,metadata_only,ljcp,inputs
raw_data/ljcp/ocr/annual_2021/crop_cell_112_0_28_5.png,3099,,metadata_only,ljcp,inputs
raw_data/ljcp/ocr/annual_2021/crop_cell_112_0_2_4.json,175,,metadata_only,ljcp,inputs
raw_data/ljcp/ocr/annual_2021/crop_cell_112_0_2_4.png,3226,,metadata_only,ljcp,inputs
raw_data/ljcp/ocr/annual_2021/crop_cell_112_0_2_5.json,174,,metadata_only,ljcp,inputs
raw_data/ljcp/ocr/annual_2021/crop_cell_112_0_2_5.png,2654,,metadata_only,ljcp,inputs
raw_data/ljcp/ocr/annual_2021/crop_cell_112_0_3_4.json,175,,metadata_only,ljcp,inputs
raw_data/ljcp/ocr/annual_2021/crop_cell_112_0_3_4.png,3065,,metadata_only,ljcp,inputs
raw_data/ljcp/ocr/annual_2021/crop_cell_112_0_3_5.json,4,,metadata_only,ljcp,inputs
raw_data/ljcp/ocr/annual_2021/crop_cell_112_0_3_5.png,2490,,metadata_only,ljcp,inputs
raw_data/ljcp/ocr/annual_2021/crop_cell_112_0_4_5.json,4,,metadata_only,ljcp,inputs
raw_data/ljcp/ocr/annual_2021/crop_cell_112_0_4_5.png,2346,,metadata_only,ljcp,inputs
raw_data/ljcp/ocr/annual_2021/crop_cell_112_0_5_4.json,174,,metadata_only,ljcp,inputs
raw_data/ljcp/ocr/annual_2021/crop_cell_112_0_5_4.png,2404,,metadata_only,ljcp,inputs
raw_data/ljcp/ocr/annual_2021/crop_cell_112_0_5_5.json,4,,metadata_only,ljcp,inputs
raw_data/ljcp/ocr/annual_2021/crop_cell_112_0_5_5.png,2470,,metadata_only,ljcp,inputs
raw_data/ljcp/ocr/annual_2021/crop_cell_112_0_6_4.json,175,,metadata_only,ljcp,inputs
raw_data/ljcp/ocr/annual_2021/crop_cell_112_0_6_4.png,2998,,metadata_only,ljcp,inputs
raw_data/ljcp/ocr/annual_2021/crop_cell_112_0_6_5.json,4,,metadata_only,ljcp,inputs
raw_data/ljcp/ocr/annual_2021/crop_cell_112_0_6_5.png,2410,,metadata_only,ljcp,inputs
raw_data/ljcp/ocr/annual_2021/crop_cell_112_0_7_4.json,4,,metadata_only,ljcp,inputs
raw_data/ljcp/ocr/annual_2021/crop_cell_112_0_7_4.png,2300,,metadata_only,ljcp,inputs
raw_data/ljcp/ocr/annual_2021/crop_cell_112_0_7_5.json,175,,metadata_only,ljcp,inputs
raw_data/ljcp/ocr/annual_2021/crop_cell_112_0_7_5.png,3038,,metadata_only,ljcp,inputs
raw_data/ljcp/ocr/annual_2021/crop_cell_112_0_8_4.json,174,,metadata_only,ljcp,inputs
raw_data/ljcp/ocr/annual_2021/crop_cell_112_0_8_4.png,1652,,metadata_only,ljcp,inputs
raw_data/ljcp/ocr/annual_2021/crop_cell_112_0_9_4.json,175,,metadata_only,ljcp,inputs
raw_data/ljcp/ocr/annual_2021/crop_cell_112_0_9_4.png,2722,,metadata_only,ljcp,inputs
raw_data/ljcp/ocr/annual_2021/crop_cell_149_0_10_2.json,177,,metadata_only,ljcp,inputs
raw_data/ljcp/ocr/annual_2021/crop_cell_149_0_10_2.png,4132,,metadata_only,ljcp,inputs
raw_data/ljcp/ocr/annual_2021/crop_cell_149_0_10_3.json,162,,metadata_only,ljcp,inputs
raw_data/ljcp/ocr/annual_2021/crop_cell_149_0_10_3.png,3719,,metadata_only,ljcp,inputs
raw_data/ljcp/ocr/annual_2021/crop_cell_149_0_10_4.json,176,,metadata_only,ljcp,inputs
raw_data/ljcp/ocr/annual_2021/crop_cell_149_0_10_4.png,3187,,metadata_only,ljcp,inputs
raw_data/ljcp/ocr/annual_2021/crop_cell_149_0_10_5.json,176,,metadata_only,ljcp,inputs
raw_data/ljcp/ocr/annual_2021/crop_cell_149_0_10_5.png,2898,,metadata_only,ljcp,inputs
raw_data/ljcp/ocr/annual_2021/crop_cell_149_0_10_6.json,177,,metadata_only,ljcp,inputs
raw_data/ljcp/ocr/annual_2021/crop_cell_149_0_10_6.png,3534,,metadata_only,ljcp,inputs
raw_data/ljcp/ocr/annual_2021/crop_cell_149_0_10_7.json,177,,metadata_only,ljcp,inputs
raw_data/ljcp/ocr/annual_2021/crop_cell_149_0_10_7.png,4165,,metadata_only,ljcp,inputs
raw_data/ljcp/ocr/annual_2021/crop_cell_149_0_11_2.json,177,,metadata_only,ljcp,inputs
raw_data/ljcp/ocr/annual_2021/crop_cell_149_0_11_2.png,3895,,metadata_only,ljcp,inputs
raw_data/ljcp/ocr/annual_2021/crop_cell_149_0_11_3.json,177,,metadata_only,ljcp,inputs
raw_data/ljcp/ocr/annual_2021/crop_cell_149_0_11_3.png,3811,,metadata_only,ljcp,inputs
raw_data/ljcp/ocr/annual_2021/crop_cell_149_0_11_4.json,177,,metadata_only,ljcp,inputs
raw_data/ljcp/ocr/annual_2021/crop_cell_149_0_11_4.png,3215,,metadata_only,ljcp,inputs
raw_data/ljcp/ocr/annual_2021/crop_cell_149_0_11_5.json,176,,metadata_only,ljcp,inputs
raw_data/ljcp/ocr/annual_2021/crop_cell_149_0_11_5.png,3709,,metadata_only,ljcp,inputs
raw_data/ljcp/ocr/annual_2021/crop_cell_149_0_11_6.json,177,,metadata_only,ljcp,inputs
raw_data/ljcp/ocr/annual_2021/crop_cell_149_0_11_6.png,4137,,metadata_only,ljcp,inputs
raw_data/ljcp/ocr/annual_2021/crop_cell_149_0_11_7.json,177,,metadata_only,ljcp,inputs
raw_data/ljcp/ocr/annual_2021/crop_cell_149_0_11_7.png,4029,,metadata_only,ljcp,inputs
raw_data/ljcp/ocr/annual_2021/crop_cell_149_0_12_2.json,177,,metadata_only,ljcp,inputs
raw_data/ljcp/ocr/annual_2021/crop_cell_149_0_12_2.png,3883,,metadata_only,ljcp,inputs
raw_data/ljcp/ocr/annual_2021/crop_cell_149_0_12_3.json,176,,metadata_only,ljcp,inputs
raw_data/ljcp/ocr/annual_2021/crop_cell_149_0_12_3.png,4145,,metadata_only,ljcp,inputs
raw_data/ljcp/ocr/annual_2021/crop_cell_149_0_12_4.json,176,,metadata_only,ljcp,inputs
raw_data/ljcp/ocr/annual_2021/crop_cell_149_0_12_4.png,3028,,metadata_only,ljcp,inputs
raw_data/ljcp/ocr/annual_2021/crop_cell_149_0_12_5.json,176,,metadata_only,ljcp,inputs
raw_data/ljcp/ocr/annual_2021/crop_cell_149_0_12_5.png,3563,,metadata_only,ljcp,inputs
raw_data/ljcp/ocr/annual_2021/crop_cell_149_0_12_6.json,176,,metadata_only,ljcp,inputs
raw_data/ljcp/ocr/annual_2021/crop_cell_149_0_12_6.png,3711,,metadata_only,ljcp,inputs
raw_data/ljcp/ocr/annual_2021/crop_cell_149_0_12_7.json,176,,metadata_only,ljcp,inputs
raw_data/ljcp/ocr/annual_2021/crop_cell_149_0_12_7.png,3834,,metadata_only,ljcp,inputs
raw_data/ljcp/ocr/annual_2021/crop_cell_149_0_13_2.json,178,,metadata_only,ljcp,inputs
raw_data/ljcp/ocr/annual_2021/crop_cell_149_0_13_2.png,4089,,metadata_only,ljcp,inputs
raw_data/ljcp/ocr/annual_2021/crop_cell_149_0_13_3.json,177,,metadata_only,ljcp,inputs
raw_data/ljcp/ocr/annual_2021/crop_cell_149_0_13_3.png,4122,,metadata_only,ljcp,inputs
raw_data/ljcp/ocr/annual_2021/crop_cell_149_0_13_4.json,175,,metadata_only,ljcp,inputs
raw_data/ljcp/ocr/annual_2021/crop_cell_149_0_13_4.png,3252,,metadata_only,ljcp,inputs
raw_data/ljcp/ocr/annual_2021/crop_cell_149_0_13_5.json,177,,metadata_only,ljcp,inputs
raw_data/ljcp/ocr/annual_2021/crop_cell_149_0_13_5.png,3562,,metadata_only,ljcp,inputs
raw_data/ljcp/ocr/annual_2021/crop_cell_149_0_13_6.json,178,,metadata_only,ljcp,inputs
raw_data/ljcp/ocr/annual_2021/crop_cell_149_0_13_6.png,3336,,metadata_only,ljcp,inputs
raw_data/ljcp/ocr/annual_2021/crop_cell_149_0_13_7.json,176,,metadata_only,ljcp,inputs
raw_data/ljcp/ocr/annual_2021/crop_cell_149_0_13_7.png,3890,,metadata_only,ljcp,inputs
raw_data/ljcp/ocr/annual_2021/crop_cell_149_0_14_2.json,176,,metadata_only,ljcp,inputs
raw_data/ljcp/ocr/annual_2021/crop_cell_149_0_14_2.png,3570,,metadata_only,ljcp,inputs
raw_data/ljcp/ocr/annual_2021/crop_cell_149_0_14_3.json,176,,metadata_only,ljcp,inputs
raw_data/ljcp/ocr/annual_2021/crop_cell_149_0_14_3.png,3500,,metadata_only,ljcp,inputs
raw_data/ljcp/ocr/annual_2021/crop_cell_149_0_14_4.json,177,,metadata_only,ljcp,inputs
raw_data/ljcp/ocr/annual_2021/crop_cell_149_0_14_4.png,2891,,metadata_only,ljcp,inputs
raw_data/ljcp/ocr/annual_2021/crop_cell_149_0_14_5.json,177,,metadata_only,ljcp,inputs
raw_data/ljcp/ocr/annual_2021/crop_cell_149_0_14_5.png,3652,,metadata_only,ljcp,inputs
raw_data/ljcp/ocr/annual_2021/crop_cell_149_0_14_6.json,176,,metadata_only,ljcp,inputs
raw_data/ljcp/ocr/annual_2021/crop_cell_149_0_14_6.png,3409,,metadata_only,ljcp,inputs
raw_data/ljcp/ocr/annual_2021/crop_cell_149_0_14_7.json,176,,metadata_only,ljcp,inputs
raw_data/ljcp/ocr/annual_2021/crop_cell_149_0_14_7.png,3270,,metadata_only,ljcp,inputs
raw_data/ljcp/ocr/annual_2021/crop_cell_149_0_15_2.json,177,,metadata_only,ljcp,inputs
raw_data/ljcp/ocr/annual_2021/crop_cell_149_0_15_2.png,3775,,metadata_only,ljcp,inputs
raw_data/ljcp/ocr/annual_2021/crop_cell_149_0_15_3.json,177,,metadata_only,ljcp,inputs
raw_data/ljcp/ocr/annual_2021/crop_cell_149_0_15_3.png,4025,,metadata_only,ljcp,inputs
raw_data/ljcp/ocr/annual_2021/crop_cell_149_0_15_4.json,177,,metadata_only,ljcp,inputs
raw_data/ljcp/ocr/annual_2021/crop_cell_149_0_15_4.png,3521,,metadata_only,ljcp,inputs
raw_data/ljcp/ocr/annual_2021/crop_cell_149_0_15_5.json,177,,metadata_only,ljcp,inputs
raw_data/ljcp/ocr/annual_2021/crop_cell_149_0_15_5.png,3527,,metadata_only,ljcp,inputs
raw_data/ljcp/ocr/annual_2021/crop_cell_149_0_15_6.json,178,,metadata_only,ljcp,inputs
raw_data/ljcp/ocr/annual_2021/crop_cell_149_0_15_6.png,4199,,metadata_only,ljcp,inputs
raw_data/ljcp/ocr/annual_2021/crop_cell_149_0_15_7.json,177,,metadata_only,ljcp,inputs
raw_data/ljcp/ocr/annual_2021/crop_cell_149_0_15_7.png,3885,,metadata_only,ljcp,inputs
raw_data/ljcp/ocr/annual_2021/crop_cell_149_0_16_2.json,177,,metadata_only,ljcp,inputs
raw_data/ljcp/ocr/annual_2021/crop_cell_149_0_16_2.png,3784,,metadata_only,ljcp,inputs
raw_data/ljcp/ocr/annual_2021/crop_cell_149_0_16_3.json,178,,metadata_only,ljcp,inputs
raw_data/ljcp/ocr/annual_2021/crop_cell_149_0_16_3.png,4246,,metadata_only,ljcp,inputs
raw_data/ljcp/ocr/annual_2021/crop_cell_149_0_16_4.json,175,,metadata_only,ljcp,inputs
raw_data/ljcp/ocr/annual_2021/crop_cell_149_0_16_4.png,4052,,metadata_only,ljcp,inputs
raw_data/ljcp/ocr/annual_2021/crop_cell_149_0_16_5.json,177,,metadata_only,ljcp,inputs
raw_data/ljcp/ocr/annual_2021/crop_cell_149_0_16_5.png,3720,,metadata_only,ljcp,inputs
raw_data/ljcp/ocr/annual_2021/crop_cell_149_0_16_6.json,178,,metadata_only,ljcp,inputs
raw_data/ljcp/ocr/annual_2021/crop_cell_149_0_16_6.png,3997,,metadata_only,ljcp,inputs
raw_data/ljcp/ocr/annual_2021/crop_cell_149_0_16_7.json,176,,metadata_only,ljcp,inputs
raw_data/ljcp/ocr/annual_2021/crop_cell_149_0_16_7.png,4025,,metadata_only,ljcp,inputs
raw_data/ljcp/ocr/annual_2021/crop_cell_149_0_17_2.json,177,,metadata_only,ljcp,inputs
raw_data/ljcp/ocr/annual_2021/crop_cell_149_0_17_2.png,3755,,metadata_only,ljcp,inputs
raw_data/ljcp/ocr/annual_2021/crop_cell_149_0_17_3.json,176,,metadata_only,ljcp,inputs
raw_data/ljcp/ocr/annual_2021/crop_cell_149_0_17_3.png,4001,,metadata_only,ljcp,inputs
raw_data/ljcp/ocr/annual_2021/crop_cell_149_0_17_4.json,177,,metadata_only,ljcp,inputs
raw_data/ljcp/ocr/annual_2021/crop_cell_149_0_17_4.png,3305,,metadata_only,ljcp,inputs
raw_data/ljcp/ocr/annual_2021/crop_cell_149_0_17_5.json,176,,metadata_only,ljcp,inputs
raw_data/ljcp/ocr/annual_2021/crop_cell_149_0_17_5.png,3609,,metadata_only,ljcp,inputs
raw_data/ljcp/ocr/annual_2021/crop_cell_149_0_17_6.json,178,,metadata_only,ljcp,inputs
raw_data/ljcp/ocr/annual_2021/crop_cell_149_0_17_6.png,4177,,metadata_only,ljcp,inputs
raw_data/ljcp/ocr/annual_2021/crop_cell_149_0_17_7.json,178,,metadata_only,ljcp,inputs
raw_data/ljcp/ocr/annual_2021/crop_cell_149_0_17_7.png,3805,,metadata_only,ljcp,inputs
raw_data/ljcp/ocr/annual_2021/crop_cell_149_0_18_2.json,177,,metadata_only,ljcp,inputs
raw_data/ljcp/ocr/annual_2021/crop_cell_149_0_18_2.png,2933,,metadata_only,ljcp,inputs
raw_data/ljcp/ocr/annual_2021/crop_cell_149_0_18_3.json,177,,metadata_only,ljcp,inputs
raw_data/ljcp/ocr/annual_2021/crop_cell_149_0_18_3.png,4532,,metadata_only,ljcp,inputs
raw_data/ljcp/ocr/annual_2021/crop_cell_149_0_18_4.json,176,,metadata_only,ljcp,inputs
raw_data/ljcp/ocr/annual_2021/crop_cell_149_0_18_4.png,3163,,metadata_only,ljcp,inputs
raw_data/ljcp/ocr/annual_2021/crop_cell_149_0_18_5.json,176,,metadata_only,ljcp,inputs
raw_data/ljcp/ocr/annual_2021/crop_cell_149_0_18_5.png,2815,,metadata_only,ljcp,inputs
raw_data/ljcp/ocr/annual_2021/crop_cell_149_0_18_6.json,177,,metadata_only,ljcp,inputs
raw_data/ljcp/ocr/annual_2021/crop_cell_149_0_18_6.png,3551,,metadata_only,ljcp,inputs
raw_data/ljcp/ocr/annual_2021/crop_cell_149_0_18_7.json,175,,metadata_only,ljcp,inputs
raw_data/ljcp/ocr/annual_2021/crop_cell_149_0_18_7.png,3860,,metadata_only,ljcp,inputs
raw_data/ljcp/ocr/annual_2021/crop_cell_149_0_19_2.json,177,,metadata_only,ljcp,inputs
raw_data/ljcp/ocr/annual_2021/crop_cell_149_0_19_2.png,3494,,metadata_only,ljcp,inputs
raw_data/ljcp/ocr/annual_2021/crop_cell_149_0_19_3.json,178,,metadata_only,ljcp,inputs
raw_data/ljcp/ocr/annual_2021/crop_cell_149_0_19_3.png,3608,,metadata_only,ljcp,inputs
raw_data/ljcp/ocr/annual_2021/crop_cell_149_0_19_4.json,176,,metadata_only,ljcp,inputs
raw_data/ljcp/ocr/annual_2021/crop_cell_149_0_19_4.png,3118,,metadata_only,ljcp,inputs
raw_data/ljcp/ocr/annual_2021/crop_cell_149_0_19_5.json,177,,metadata_only,ljcp,inputs
raw_data/ljcp/ocr/annual_2021/crop_cell_149_0_19_5.png,3479,,metadata_only,ljcp,inputs
raw_data/ljcp/ocr/annual_2021/crop_cell_149_0_19_6.json,178,,metadata_only,ljcp,inputs
raw_data/ljcp/ocr/annual_2021/crop_cell_149_0_19_6.png,3815,,metadata_only,ljcp,inputs
raw_data/ljcp/ocr/annual_2021/crop_cell_149_0_19_7.json,177,,metadata_only,ljcp,inputs
raw_data/ljcp/ocr/annual_2021/crop_cell_149_0_19_7.png,3175,,metadata_only,ljcp,inputs
raw_data/ljcp/ocr/annual_2021/crop_cell_149_0_1_2.json,178,,metadata_only,ljcp,inputs
raw_data/ljcp/ocr/annual_2021/crop_cell_149_0_1_2.png,4183,,metadata_only,ljcp,inputs
raw_data/ljcp/ocr/annual_2021/crop_cell_149_0_1_4.json,177,,metadata_only,ljcp,inputs
raw_data/ljcp/ocr/annual_2021/crop_cell_149_0_1_4.png,3450,,metadata_only,ljcp,inputs
raw_data/ljcp/ocr/annual_2021/crop_cell_149_0_1_5.json,177,,metadata_only,ljcp,inputs
raw_data/ljcp/ocr/annual_2021/crop_cell_149_0_1_5.png,2285,,metadata_only,ljcp,inputs
raw_data/ljcp/ocr/annual_2021/crop_cell_149_0_1_7.json,178,,metadata_only,ljcp,inputs
raw_data/ljcp/ocr/annual_2021/crop_cell_149_0_1_7.png,3762,,metadata_only,ljcp,inputs
raw_data/ljcp/ocr/annual_2021/crop_cell_149_0_20_2.json,177,,metadata_only,ljcp,inputs
raw_data/ljcp/ocr/annual_2021/crop_cell_149_0_20_2.png,4328,,metadata_only,ljcp,inputs
raw_data/ljcp/ocr/annual_2021/crop_cell_149_0_20_3.json,177,,metadata_only,ljcp,inputs
raw_data/ljcp/ocr/annual_2021/crop_cell_149_0_20_3.png,3592,,metadata_only,ljcp,inputs
raw_data/ljcp/ocr/annual_2021/crop_cell_149_0_20_4.json,176,,metadata_only,ljcp,inputs
raw_data/ljcp/ocr/annual_2021/crop_cell_149_0_20_4.png,3468,,metadata_only,ljcp,inputs
raw_data/ljcp/ocr/annual_2021/crop_cell_149_0_20_5.json,176,,metadata_only,ljcp,inputs
raw_data/ljcp/ocr/annual_2021/crop_cell_149_0_20_5.png,3901,,metadata_only,ljcp,inputs
raw_data/ljcp/ocr/annual_2021/crop_cell_149_0_20_6.json,178,,metadata_only,ljcp,inputs
raw_data/ljcp/ocr/annual_2021/crop_cell_149_0_20_6.png,4541,,metadata_only,ljcp,inputs
raw_data/ljcp/ocr/annual_2021/crop_cell_149_0_20_7.json,178,,metadata_only,ljcp,inputs
raw_data/ljcp/ocr/annual_2021/crop_cell_149_0_20_7.png,3896,,metadata_only,ljcp,inputs
raw_data/ljcp/ocr/annual_2021/crop_cell_149_0_21_2.json,178,,metadata_only,ljcp,inputs
raw_data/ljcp/ocr/annual_2021/crop_cell_149_0_21_2.png,3126,,metadata_only,ljcp,inputs
raw_data/ljcp/ocr/annual_2021/crop_cell_149_0_21_3.json,177,,metadata_only,ljcp,inputs
raw_data/ljcp/ocr/annual_2021/crop_cell_149_0_21_3.png,4338,,metadata_only,ljcp,inputs
raw_data/ljcp/ocr/annual_2021/crop_cell_149_0_21_4.json,177,,metadata_only,ljcp,inputs
raw_data/ljcp/ocr/annual_2021/crop_cell_149_0_21_4.png,3868,,metadata_only,ljcp,inputs
raw_data/ljcp/ocr/annual_2021/crop_cell_149_0_21_5.json,177,,metadata_only,ljcp,inputs
raw_data/ljcp/ocr/annual_2021/crop_cell_149_0_21_5.png,3993,,metadata_only,ljcp,inputs
raw_data/ljcp/ocr/annual_2021/crop_cell_149_0_21_6.json,177,,metadata_only,ljcp,inputs
raw_data/ljcp/ocr/annual_2021/crop_cell_149_0_21_6.png,3992,,metadata_only,ljcp,inputs
raw_data/ljcp/ocr/annual_2021/crop_cell_149_0_21_7.json,178,,metadata_only,ljcp,inputs
raw_data/ljcp/ocr/annual_2021/crop_cell_149_0_21_7.png,3656,,metadata_only,ljcp,inputs
raw_data/ljcp/ocr/annual_2021/crop_cell_149_0_22_2.json,173,,metadata_only,ljcp,inputs
raw_data/ljcp/ocr/annual_2021/crop_cell_149_0_22_2.png,4250,,metadata_only,ljcp,inputs
raw_data/ljcp/ocr/annual_2021/crop_cell_149_0_22_3.json,177,,metadata_only,ljcp,inputs
raw_data/ljcp/ocr/annual_2021/crop_cell_149_0_22_3.png,4280,,metadata_only,ljcp,inputs
raw_data/ljcp/ocr/annual_2021/crop_cell_149_0_22_4.json,176,,metadata_only,ljcp,inputs
raw_data/ljcp/ocr/annual_2021/crop_cell_149_0_22_4.png,3864,,metadata_only,ljcp,inputs
raw_data/ljcp/ocr/annual_2021/crop_cell_149_0_22_5.json,177,,metadata_only,ljcp,inputs
raw_data/ljcp/ocr/annual_2021/crop_cell_149_0_22_5.png,3785,,metadata_only,ljcp,inputs
raw_data/ljcp/ocr/annual_2021/crop_cell_149_0_22_6.json,178,,metadata_only,ljcp,inputs
raw_data/ljcp/ocr/annual_2021/crop_cell_149_0_22_6.png,3982,,metadata_only,ljcp,inputs
raw_data/ljcp/ocr/annual_2021/crop_cell_149_0_22_7.json,178,,metadata_only,ljcp,inputs
raw_data/ljcp/ocr/annual_2021/crop_cell_149_0_22_7.png,3679,,metadata_only,ljcp,inputs
raw_data/ljcp/ocr/annual_2021/crop_cell_149_0_23_2.json,177,,metadata_only,ljcp,inputs
raw_data/ljcp/ocr/annual_2021/crop_cell_149_0_23_2.png,3347,,metadata_only,ljcp,inputs
raw_data/ljcp/ocr/annual_2021/crop_cell_149_0_23_3.json,176,,metadata_only,ljcp,inputs
raw_data/ljcp/ocr/annual_2021/crop_cell_149_0_23_3.png,4146,,metadata_only,ljcp,inputs
raw_data/ljcp/ocr/annual_2021/crop_cell_149_0_23_4.json,176,,metadata_only,ljcp,inputs
raw_data/ljcp/ocr/annual_2021/crop_cell_149_0_23_4.png,3152,,metadata_only,ljcp,inputs
raw_data/ljcp/ocr/annual_2021/crop_cell_149_0_23_5.json,176,,metadata_only,ljcp,inputs
raw_data/ljcp/ocr/annual_2021/crop_cell_149_0_23_5.png,3516,,metadata_only,ljcp,inputs
raw_data/ljcp/ocr/annual_2021/crop_cell_149_0_23_6.json,177,,metadata_only,ljcp,inputs
raw_data/ljcp/ocr/annual_2021/crop_cell_149_0_23_6.png,3835,,metadata_only,ljcp,inputs
raw_data/ljcp/ocr/annual_2021/crop_cell_149_0_23_7.json,177,,metadata_only,ljcp,inputs
raw_data/ljcp/ocr/annual_2021/crop_cell_149_0_23_7.png,3728,,metadata_only,ljcp,inputs
raw_data/ljcp/ocr/annual_2021/crop_cell_149_0_24_2.json,176,,metadata_only,ljcp,inputs
raw_data/ljcp/ocr/annual_2021/crop_cell_149_0_24_2.png,2884,,metadata_only,ljcp,inputs
raw_data/ljcp/ocr/annual_2021/crop_cell_149_0_24_3.json,177,,metadata_only,ljcp,inputs
raw_data/ljcp/ocr/annual_2021/crop_cell_149_0_24_3.png,3505,,metadata_only,ljcp,inputs
raw_data/ljcp/ocr/annual_2021/crop_cell_149_0_24_4.json,175,,metadata_only,ljcp,inputs
raw_data/ljcp/ocr/annual_2021/crop_cell_149_0_24_4.png,2324,,metadata_only,ljcp,inputs
raw_data/ljcp/ocr/annual_2021/crop_cell_149_0_24_5.json,173,,metadata_only,ljcp,inputs
raw_data/ljcp/ocr/annual_2021/crop_cell_149_0_24_5.png,2522,,metadata_only,ljcp,inputs
raw_data/ljcp/ocr/annual_2021/crop_cell_149_0_24_6.json,177,,metadata_only,ljcp,inputs
raw_data/ljcp/ocr/annual_2021/crop_cell_149_0_24_6.png,2868,,metadata_only,ljcp,inputs
raw_data/ljcp/ocr/annual_2021/crop_cell_149_0_24_7.json,176,,metadata_only,ljcp,inputs
raw_data/ljcp/ocr/annual_2021/crop_cell_149_0_24_7.png,3130,,metadata_only,ljcp,inputs
raw_data/ljcp/ocr/annual_2021/crop_cell_149_0_25_2.json,176,,metadata_only,ljcp,inputs
raw_data/ljcp/ocr/annual_2021/crop_cell_149_0_25_2.png,2555,,metadata_only,ljcp,inputs
raw_data/ljcp/ocr/annual_2021/crop_cell_149_0_25_3.json,177,,metadata_only,ljcp,inputs
raw_data/ljcp/ocr/annual_2021/crop_cell_149_0_25_3.png,3337,,metadata_only,ljcp,inputs
raw_data/ljcp/ocr/annual_2021/crop_cell_149_0_25_4.json,175,,metadata_only,ljcp,inputs
raw_data/ljcp/ocr/annual_2021/crop_cell_149_0_25_4.png,2524,,metadata_only,ljcp,inputs
raw_data/ljcp/ocr/annual_2021/crop_cell_149_0_25_5.json,175,,metadata_only,ljcp,inputs
raw_data/ljcp/ocr/annual_2021/crop_cell_149_0_25_5.png,3254,,metadata_only,ljcp,inputs
raw_data/ljcp/ocr/annual_2021/crop_cell_149_0_25_6.json,177,,metadata_only,ljcp,inputs
raw_data/ljcp/ocr/annual_2021/crop_cell_149_0_25_6.png,2841,,metadata_only,ljcp,inputs
raw_data/ljcp/ocr/annual_2021/crop_cell_149_0_25_7.json,176,,metadata_only,ljcp,inputs
raw_data/ljcp/ocr/annual_2021/crop_cell_149_0_25_7.png,3342,,metadata_only,ljcp,inputs
raw_data/ljcp/ocr/annual_2021/crop_cell_149_0_26_2.json,176,,metadata_only,ljcp,inputs
raw_data/ljcp/ocr/annual_2021/crop_cell_149_0_26_2.png,3030,,metadata_only,ljcp,inputs
raw_data/ljcp/ocr/annual_2021/crop_cell_149_0_26_3.json,175,,metadata_only,ljcp,inputs
raw_data/ljcp/ocr/annual_2021/crop_cell_149_0_26_3.png,3322,,metadata_only,ljcp,inputs
raw_data/ljcp/ocr/annual_2021/crop_cell_149_0_26_4.json,173,,metadata_only,ljcp,inputs
raw_data/ljcp/ocr/annual_2021/crop_cell_149_0_26_4.png,2396,,metadata_only,ljcp,inputs
raw_data/ljcp/ocr/annual_2021/crop_cell_149_0_26_5.json,175,,metadata_only,ljcp,inputs
raw_data/ljcp/ocr/annual_2021/crop_cell_149_0_26_5.png,2230,,metadata_only,ljcp,inputs
raw_data/ljcp/ocr/annual_2021/crop_cell_149_0_26_6.json,176,,metadata_only,ljcp,inputs
raw_data/ljcp/ocr/annual_2021/crop_cell_149_0_26_6.png,3100,,metadata_only,ljcp,inputs
raw_data/ljcp/ocr/annual_2021/crop_cell_149_0_26_7.json,175,,metadata_only,ljcp,inputs
raw_data/ljcp/ocr/annual_2021/crop_cell_149_0_26_7.png,2706,,metadata_only,ljcp,inputs
raw_data/ljcp/ocr/annual_2021/crop_cell_149_0_27_2.json,176,,metadata_only,ljcp,inputs
raw_data/ljcp/ocr/annual_2021/crop_cell_149_0_27_2.png,2560,,metadata_only,ljcp,inputs
raw_data/ljcp/ocr/annual_2021/crop_cell_149_0_27_3.json,176,,metadata_only,ljcp,inputs
raw_data/ljcp/ocr/annual_2021/crop_cell_149_0_27_3.png,3281,,metadata_only,ljcp,inputs
raw_data/ljcp/ocr/annual_2021/crop_cell_149_0_27_4.json,175,,metadata_only,ljcp,inputs
raw_data/ljcp/ocr/annual_2021/crop_cell_149_0_27_4.png,2127,,metadata_only,ljcp,inputs
raw_data/ljcp/ocr/annual_2021/crop_cell_149_0_27_5.json,174,,metadata_only,ljcp,inputs
raw_data/ljcp/ocr/annual_2021/crop_cell_149_0_27_5.png,2918,,metadata_only,ljcp,inputs
raw_data/ljcp/ocr/annual_2021/crop_cell_149_0_27_6.json,176,,metadata_only,ljcp,inputs
raw_data/ljcp/ocr/annual_2021/crop_cell_149_0_27_6.png,3215,,metadata_only,ljcp,inputs
raw_data/ljcp/ocr/annual_2021/crop_cell_149_0_27_7.json,176,,metadata_only,ljcp,inputs
raw_data/ljcp/ocr/annual_2021/crop_cell_149_0_27_7.png,2901,,metadata_only,ljcp,inputs
raw_data/ljcp/ocr/annual_2021/crop_cell_149_0_28_2.json,177,,metadata_only,ljcp,inputs
raw_data/ljcp/ocr/annual_2021/crop_cell_149_0_28_2.png,3781,,metadata_only,ljcp,inputs
raw_data/ljcp/ocr/annual_2021/crop_cell_149_0_28_3.json,177,,metadata_only,ljcp,inputs
raw_data/ljcp/ocr/annual_2021/crop_cell_149_0_28_3.png,4457,,metadata_only,ljcp,inputs
raw_data/ljcp/ocr/annual_2021/crop_cell_149_0_28_4.json,176,,metadata_only,ljcp,inputs
raw_data/ljcp/ocr/annual_2021/crop_cell_149_0_28_4.png,2853,,metadata_only,ljcp,inputs
raw_data/ljcp/ocr/annual_2021/crop_cell_149_0_28_5.json,176,,metadata_only,ljcp,inputs
raw_data/ljcp/ocr/annual_2021/crop_cell_149_0_28_5.png,3663,,metadata_only,ljcp,inputs
raw_data/ljcp/ocr/annual_2021/crop_cell_149_0_28_6.json,176,,metadata_only,ljcp,inputs
raw_data/ljcp/ocr/annual_2021/crop_cell_149_0_28_6.png,3789,,metadata_only,ljcp,inputs
raw_data/ljcp/ocr/annual_2021/crop_cell_149_0_28_7.json,177,,metadata_only,ljcp,inputs
raw_data/ljcp/ocr/annual_2021/crop_cell_149_0_28_7.png,3871,,metadata_only,ljcp,inputs
raw_data/ljcp/ocr/annual_2021/crop_cell_149_0_29_2.json,177,,metadata_only,ljcp,inputs
raw_data/ljcp/ocr/annual_2021/crop_cell_149_0_29_2.png,3726,,metadata_only,ljcp,inputs
raw_data/ljcp/ocr/annual_2021/crop_cell_149_0_29_3.json,175,,metadata_only,ljcp,inputs
raw_data/ljcp/ocr/annual_2021/crop_cell_149_0_29_3.png,3896,,metadata_only,ljcp,inputs
raw_data/ljcp/ocr/annual_2021/crop_cell_149_0_29_4.json,175,,metadata_only,ljcp,inputs
raw_data/ljcp/ocr/annual_2021/crop_cell_149_0_29_4.png,3852,,metadata_only,ljcp,inputs
raw_data/ljcp/ocr/annual_2021/crop_cell_149_0_29_5.json,177,,metadata_only,ljcp,inputs
raw_data/ljcp/ocr/annual_2021/crop_cell_149_0_29_5.png,4158,,metadata_only,ljcp,inputs
raw_data/ljcp/ocr/annual_2021/crop_cell_149_0_29_6.json,177,,metadata_only,ljcp,inputs
raw_data/ljcp/ocr/annual_2021/crop_cell_149_0_29_6.png,4155,,metadata_only,ljcp,inputs
raw_data/ljcp/ocr/annual_2021/crop_cell_149_0_29_7.json,177,,metadata_only,ljcp,inputs
raw_data/ljcp/ocr/annual_2021/crop_cell_149_0_29_7.png,3863,,metadata_only,ljcp,inputs
raw_data/ljcp/ocr/annual_2021/crop_cell_149_0_2_2.json,178,,metadata_only,ljcp,inputs
raw_data/ljcp/ocr/annual_2021/crop_cell_149_0_2_2.png,4195,,metadata_only,ljcp,inputs
raw_data/ljcp/ocr/annual_2021/crop_cell_149_0_2_4.json,174,,metadata_only,ljcp,inputs
raw_data/ljcp/ocr/annual_2021/crop_cell_149_0_2_4.png,3564,,metadata_only,ljcp,inputs
raw_data/ljcp/ocr/annual_2021/crop_cell_149_0_2_5.json,177,,metadata_only,ljcp,inputs
raw_data/ljcp/ocr/annual_2021/crop_cell_149_0_2_5.png,3308,,metadata_only,ljcp,inputs
raw_data/ljcp/ocr/annual_2021/crop_cell_149_0_2_7.json,178,,metadata_only,ljcp,inputs
raw_data/ljcp/ocr/annual_2021/crop_cell_149_0_2_7.png,4183,,metadata_only,ljcp,inputs
raw_data/ljcp/ocr/annual_2021/crop_cell_149_0_30_2.json,176,,metadata_only,ljcp,inputs
raw_data/ljcp/ocr/annual_2021/crop_cell_149_0_30_2.png,3548,,metadata_only,ljcp,inputs
raw_data/ljcp/ocr/annual_2021/crop_cell_149_0_30_3.json,176,,metadata_only,ljcp,inputs
raw_data/ljcp/ocr/annual_2021/crop_cell_149_0_30_3.png,4363,,metadata_only,ljcp,inputs
raw_data/ljcp/ocr/annual_2021/crop_cell_149_0_30_4.json,176,,metadata_only,ljcp,inputs
raw_data/ljcp/ocr/annual_2021/crop_cell_149_0_30_4.png,3182,,metadata_only,ljcp,inputs
raw_data/ljcp/ocr/annual_2021/crop_cell_149_0_30_5.json,175,,metadata_only,ljcp,inputs
raw_data/ljcp/ocr/annual_2021/crop_cell_149_0_30_5.png,3047,,metadata_only,ljcp,inputs
raw_data/ljcp/ocr/annual_2021/crop_cell_149_0_30_6.json,177,,metadata_only,ljcp,inputs
raw_data/ljcp/ocr/annual_2021/crop_cell_149_0_30_6.png,3905,,metadata_only,ljcp,inputs
raw_data/ljcp/ocr/annual_2021/crop_cell_149_0_30_7.json,176,,metadata_only,ljcp,inputs
raw_data/ljcp/ocr/annual_2021/crop_cell_149_0_30_7.png,3390,,metadata_only,ljcp,inputs
raw_data/ljcp/ocr/annual_2021/crop_cell_149_0_31_2.json,176,,metadata_only,ljcp,inputs
raw_data/ljcp/ocr/annual_2021/crop_cell_149_0_31_2.png,3248,,metadata_only,ljcp,inputs
raw_data/ljcp/ocr/annual_2021/crop_cell_149_0_31_3.json,177,,metadata_only,ljcp,inputs
raw_data/ljcp/ocr/annual_2021/crop_cell_149_0_31_3.png,3890,,metadata_only,ljcp,inputs
raw_data/ljcp/ocr/annual_2021/crop_cell_149_0_31_4.json,176,,metadata_only,ljcp,inputs
raw_data/ljcp/ocr/annual_2021/crop_cell_149_0_31_4.png,2722,,metadata_only,ljcp,inputs
raw_data/ljcp/ocr/annual_2021/crop_cell_149_0_31_5.json,176,,metadata_only,ljcp,inputs
raw_data/ljcp/ocr/annual_2021/crop_cell_149_0_31_5.png,3211,,metadata_only,ljcp,inputs
raw_data/ljcp/ocr/annual_2021/crop_cell_149_0_31_6.json,177,,metadata_only,ljcp,inputs
raw_data/ljcp/ocr/annual_2021/crop_cell_149_0_31_6.png,3640,,metadata_only,ljcp,inputs
raw_data/ljcp/ocr/annual_2021/crop_cell_149_0_31_7.json,176,,metadata_only,ljcp,inputs
raw_data/ljcp/ocr/annual_2021/crop_cell_149_0_31_7.png,2450,,metadata_only,ljcp,inputs
raw_data/ljcp/ocr/annual_2021/crop_cell_149_0_32_2.json,176,,metadata_only,ljcp,inputs
raw_data/ljcp/ocr/annual_2021/crop_cell_149_0_32_2.png,2725,,metadata_only,ljcp,inputs
raw_data/ljcp/ocr/annual_2021/crop_cell_149_0_32_3.json,177,,metadata_only,ljcp,inputs
raw_data/ljcp/ocr/annual_2021/crop_cell_149_0_32_3.png,3712,,metadata_only,ljcp,inputs
raw_data/ljcp/ocr/annual_2021/crop_cell_149_0_32_4.json,176,,metadata_only,ljcp,inputs
raw_data/ljcp/ocr/annual_2021/crop_cell_149_0_32_4.png,2731,,metadata_only,ljcp,inputs
raw_data/ljcp/ocr/annual_2021/crop_cell_149_0_32_5.json,176,,metadata_only,ljcp,inputs
raw_data/ljcp/ocr/annual_2021/crop_cell_149_0_32_5.png,3487,,metadata_only,ljcp,inputs
raw_data/ljcp/ocr/annual_2021/crop_cell_149_0_32_6.json,177,,metadata_only,ljcp,inputs
raw_data/ljcp/ocr/annual_2021/crop_cell_149_0_32_6.png,3696,,metadata_only,ljcp,inputs
raw_data/ljcp/ocr/annual_2021/crop_cell_149_0_32_7.json,175,,metadata_only,ljcp,inputs
raw_data/ljcp/ocr/annual_2021/crop_cell_149_0_32_7.png,3265,,metadata_only,ljcp,inputs
raw_data/ljcp/ocr/annual_2021/crop_cell_149_0_33_2.json,176,,metadata_only,ljcp,inputs
raw_data/ljcp/ocr/annual_2021/crop_cell_149_0_33_2.png,3300,,metadata_only,ljcp,inputs
raw_data/ljcp/ocr/annual_2021/crop_cell_149_0_33_3.json,176,,metadata_only,ljcp,inputs
raw_data/ljcp/ocr/annual_2021/crop_cell_149_0_33_3.png,3656,,metadata_only,ljcp,inputs
raw_data/ljcp/ocr/annual_2021/crop_cell_149_0_33_4.json,176,,metadata_only,ljcp,inputs
raw_data/ljcp/ocr/annual_2021/crop_cell_149_0_33_4.png,3484,,metadata_only,ljcp,inputs
raw_data/ljcp/ocr/annual_2021/crop_cell_149_0_33_5.json,176,,metadata_only,ljcp,inputs
raw_data/ljcp/ocr/annual_2021/crop_cell_149_0_33_5.png,3294,,metadata_only,ljcp,inputs
raw_data/ljcp/ocr/annual_2021/crop_cell_149_0_33_6.json,175,,metadata_only,ljcp,inputs
raw_data/ljcp/ocr/annual_2021/crop_cell_149_0_33_6.png,4026,,metadata_only,ljcp,inputs
raw_data/ljcp/ocr/annual_2021/crop_cell_149_0_33_7.json,176,,metadata_only,ljcp,inputs
raw_data/ljcp/ocr/annual_2021/crop_cell_149_0_33_7.png,3191,,metadata_only,ljcp,inputs
raw_data/ljcp/ocr/annual_2021/crop_cell_149_0_34_2.json,176,,metadata_only,ljcp,inputs
raw_data/ljcp/ocr/annual_2021/crop_cell_149_0_34_2.png,3447,,metadata_only,ljcp,inputs
raw_data/ljcp/ocr/annual_2021/crop_cell_149_0_34_3.json,177,,metadata_only,ljcp,inputs
raw_data/ljcp/ocr/annual_2021/crop_cell_149_0_34_3.png,3631,,metadata_only,ljcp,inputs
raw_data/ljcp/ocr/annual_2021/crop_cell_149_0_34_4.json,175,,metadata_only,ljcp,inputs
raw_data/ljcp/ocr/annual_2021/crop_cell_149_0_34_4.png,2561,,metadata_only,ljcp,inputs
raw_data/ljcp/ocr/annual_2021/crop_cell_149_0_34_5.json,161,,metadata_only,ljcp,inputs
raw_data/ljcp/ocr/annual_2021/crop_cell_149_0_34_5.png,2880,,metadata_only,ljcp,inputs
raw_data/ljcp/ocr/annual_2021/crop_cell_149_0_34_6.json,177,,metadata_only,ljcp,inputs
raw_data/ljcp/ocr/annual_2021/crop_cell_149_0_34_6.png,3832,,metadata_only,ljcp,inputs
raw_data/ljcp/ocr/annual_2021/crop_cell_149_0_34_7.json,176,,metadata_only,ljcp,inputs
raw_data/ljcp/ocr/annual_2021/crop_cell_149_0_34_7.png,3517,,metadata_only,ljcp,inputs
raw_data/ljcp/ocr/annual_2021/crop_cell_149_0_35_2.json,175,,metadata_only,ljcp,inputs
raw_data/ljcp/ocr/annual_2021/crop_cell_149_0_35_2.png,3443,,metadata_only,ljcp,inputs
raw_data/ljcp/ocr/annual_2021/crop_cell_149_0_35_3.json,162,,metadata_only,ljcp,inputs
raw_data/ljcp/ocr/annual_2021/crop_cell_149_0_35_3.png,3291,,metadata_only,ljcp,inputs
raw_data/ljcp/ocr/annual_2021/crop_cell_149_0_35_4.json,176,,metadata_only,ljcp,inputs
raw_data/ljcp/ocr/annual_2021/crop_cell_149_0_35_4.png,3160,,metadata_only,ljcp,inputs
raw_data/ljcp/ocr/annual_2021/crop_cell_149_0_35_5.json,176,,metadata_only,ljcp,inputs
raw_data/ljcp/ocr/annual_2021/crop_cell_149_0_35_5.png,3560,,metadata_only,ljcp,inputs
raw_data/ljcp/ocr/annual_2021/crop_cell_149_0_35_6.json,175,,metadata_only,ljcp,inputs
raw_data/ljcp/ocr/annual_2021/crop_cell_149_0_35_6.png,3706,,metadata_only,ljcp,inputs
raw_data/ljcp/ocr/annual_2021/crop_cell_149_0_35_7.json,176,,metadata_only,ljcp,inputs
raw_data/ljcp/ocr/annual_2021/crop_cell_149_0_35_7.png,3158,,metadata_only,ljcp,inputs
raw_data/ljcp/ocr/annual_2021/crop_cell_149_0_36_2.json,179,,metadata_only,ljcp,inputs
raw_data/ljcp/ocr/annual_2021/crop_cell_149_0_36_2.png,4216,,metadata_only,ljcp,inputs
raw_data/ljcp/ocr/annual_2021/crop_cell_149_0_36_3.json,178,,metadata_only,ljcp,inputs
raw_data/ljcp/ocr/annual_2021/crop_cell_149_0_36_3.png,4410,,metadata_only,ljcp,inputs
raw_data/ljcp/ocr/annual_2021/crop_cell_149_0_36_4.json,178,,metadata_only,ljcp,inputs
raw_data/ljcp/ocr/annual_2021/crop_cell_149_0_36_4.png,4023,,metadata_only,ljcp,inputs
raw_data/ljcp/ocr/annual_2021/crop_cell_149_0_36_5.json,178,,metadata_only,ljcp,inputs
raw_data/ljcp/ocr/annual_2021/crop_cell_149_0_36_5.png,3823,,metadata_only,ljcp,inputs
raw_data/ljcp/ocr/annual_2021/crop_cell_149_0_36_6.json,179,,metadata_only,ljcp,inputs
raw_data/ljcp/ocr/annual_2021/crop_cell_149_0_36_6.png,4383,,metadata_only,ljcp,inputs
raw_data/ljcp/ocr/annual_2021/crop_cell_149_0_36_7.json,179,,metadata_only,ljcp,inputs
raw_data/ljcp/ocr/annual_2021/crop_cell_149_0_36_7.png,3861,,metadata_only,ljcp,inputs
raw_data/ljcp/ocr/annual_2021/crop_cell_149_0_3_2.json,178,,metadata_only,ljcp,inputs
raw_data/ljcp/ocr/annual_2021/crop_cell_149_0_3_2.png,3832,,metadata_only,ljcp,inputs
raw_data/ljcp/ocr/annual_2021/crop_cell_149_0_3_3.json,177,,metadata_only,ljcp,inputs
raw_data/ljcp/ocr/annual_2021/crop_cell_149_0_3_3.png,3937,,metadata_only,ljcp,inputs
raw_data/ljcp/ocr/annual_2021/crop_cell_149_0_3_4.json,177,,metadata_only,ljcp,inputs
raw_data/ljcp/ocr/annual_2021/crop_cell_149_0_3_4.png,2926,,metadata_only,ljcp,inputs
raw_data/ljcp/ocr/annual_2021/crop_cell_149_0_3_5.json,176,,metadata_only,ljcp,inputs
raw_data/ljcp/ocr/annual_2021/crop_cell_149_0_3_5.png,3487,,metadata_only,ljcp,inputs
raw_data/ljcp/ocr/annual_2021/crop_cell_149_0_3_6.json,178,,metadata_only,ljcp,inputs
raw_data/ljcp/ocr/annual_2021/crop_cell_149_0_3_6.png,4106,,metadata_only,ljcp,inputs
raw_data/ljcp/ocr/annual_2021/crop_cell_149_0_3_7.json,176,,metadata_only,ljcp,inputs
raw_data/ljcp/ocr/annual_2021/crop_cell_149_0_3_7.png,3560,,metadata_only,ljcp,inputs
raw_data/ljcp/ocr/annual_2021/crop_cell_149_0_4_2.json,178,,metadata_only,ljcp,inputs
raw_data/ljcp/ocr/annual_2021/crop_cell_149_0_4_2.png,4160,,metadata_only,ljcp,inputs
raw_data/ljcp/ocr/annual_2021/crop_cell_149_0_4_3.json,177,,metadata_only,ljcp,inputs
raw_data/ljcp/ocr/annual_2021/crop_cell_149_0_4_3.png,3526,,metadata_only,ljcp,inputs
raw_data/ljcp/ocr/annual_2021/crop_cell_149_0_4_4.json,177,,metadata_only,ljcp,inputs
raw_data/ljcp/ocr/annual_2021/crop_cell_149_0_4_4.png,3528,,metadata_only,ljcp,inputs
raw_data/ljcp/ocr/annual_2021/crop_cell_149_0_4_5.json,177,,metadata_only,ljcp,inputs
raw_data/ljcp/ocr/annual_2021/crop_cell_149_0_4_5.png,3489,,metadata_only,ljcp,inputs
raw_data/ljcp/ocr/annual_2021/crop_cell_149_0_4_6.json,178,,metadata_only,ljcp,inputs
raw_data/ljcp/ocr/annual_2021/crop_cell_149_0_4_6.png,4355,,metadata_only,ljcp,inputs
raw_data/ljcp/ocr/annual_2021/crop_cell_149_0_4_7.json,178,,metadata_only,ljcp,inputs
raw_data/ljcp/ocr/annual_2021/crop_cell_149_0_4_7.png,4291,,metadata_only,ljcp,inputs
raw_data/ljcp/ocr/annual_2021/crop_cell_149_0_5_2.json,176,,metadata_only,ljcp,inputs
raw_data/ljcp/ocr/annual_2021/crop_cell_149_0_5_2.png,3477,,metadata_only,ljcp,inputs
raw_data/ljcp/ocr/annual_2021/crop_cell_149_0_5_3.json,177,,metadata_only,ljcp,inputs
raw_data/ljcp/ocr/annual_2021/crop_cell_149_0_5_3.png,3644,,metadata_only,ljcp,inputs
raw_data/ljcp/ocr/annual_2021/crop_cell_149_0_5_4.json,177,,metadata_only,ljcp,inputs
raw_data/ljcp/ocr/annual_2021/crop_cell_149_0_5_4.png,3967,,metadata_only,ljcp,inputs
raw_data/ljcp/ocr/annual_2021/crop_cell_149_0_5_5.json,176,,metadata_only,ljcp,inputs
raw_data/ljcp/ocr/annual_2021/crop_cell_149_0_5_5.png,3033,,metadata_only,ljcp,inputs
raw_data/ljcp/ocr/annual_2021/crop_cell_149_0_5_6.json,178,,metadata_only,ljcp,inputs
raw_data/ljcp/ocr/annual_2021/crop_cell_149_0_5_6.png,3571,,metadata_only,ljcp,inputs
raw_data/ljcp/ocr/annual_2021/crop_cell_149_0_5_7.json,178,,metadata_only,ljcp,inputs
raw_data/ljcp/ocr/annual_2021/crop_cell_149_0_5_7.png,3966,,metadata_only,ljcp,inputs
raw_data/ljcp/ocr/annual_2021/crop_cell_149_0_6_2.json,177,,metadata_only,ljcp,inputs
raw_data/ljcp/ocr/annual_2021/crop_cell_149_0_6_2.png,3827,,metadata_only,ljcp,inputs
raw_data/ljcp/ocr/annual_2021/crop_cell_149_0_6_3.json,177,,metadata_only,ljcp,inputs
raw_data/ljcp/ocr/annual_2021/crop_cell_149_0_6_3.png,3334,,metadata_only,ljcp,inputs
raw_data/ljcp/ocr/annual_2021/crop_cell_149_0_6_4.json,175,,metadata_only,ljcp,inputs
raw_data/ljcp/ocr/annual_2021/crop_cell_149_0_6_4.png,2444,,metadata_only,ljcp,inputs
raw_data/ljcp/ocr/annual_2021/crop_cell_149_0_6_5.json,176,,metadata_only,ljcp,inputs
raw_data/ljcp/ocr/annual_2021/crop_cell_149_0_6_5.png,2846,,metadata_only,ljcp,inputs
raw_data/ljcp/ocr/annual_2021/crop_cell_149_0_6_6.json,177,,metadata_only,ljcp,inputs
raw_data/ljcp/ocr/annual_2021/crop_cell_149_0_6_6.png,3535,,metadata_only,ljcp,inputs
raw_data/ljcp/ocr/annual_2021/crop_cell_149_0_6_7.json,177,,metadata_only,ljcp,inputs
raw_data/ljcp/ocr/annual_2021/crop_cell_149_0_6_7.png,3128,,metadata_only,ljcp,inputs
raw_data/ljcp/ocr/annual_2021/crop_cell_149_0_7_2.json,175,,metadata_only,ljcp,inputs
raw_data/ljcp/ocr/annual_2021/crop_cell_149_0_7_2.png,3669,,metadata_only,ljcp,inputs
raw_data/ljcp/ocr/annual_2021/crop_cell_149_0_7_3.json,178,,metadata_only,ljcp,inputs
raw_data/ljcp/ocr/annual_2021/crop_cell_149_0_7_3.png,4551,,metadata_only,ljcp,inputs
raw_data/ljcp/ocr/annual_2021/crop_cell_149_0_7_4.json,176,,metadata_only,ljcp,inputs
raw_data/ljcp/ocr/annual_2021/crop_cell_149_0_7_4.png,3542,,metadata_only,ljcp,inputs
raw_data/ljcp/ocr/annual_2021/crop_cell_149_0_7_5.json,177,,metadata_only,ljcp,inputs
raw_data/ljcp/ocr/annual_2021/crop_cell_149_0_7_5.png,3428,,metadata_only,ljcp,inputs
raw_data/ljcp/ocr/annual_2021/crop_cell_149_0_7_6.json,178,,metadata_only,ljcp,inputs
raw_data/ljcp/ocr/annual_2021/crop_cell_149_0_7_6.png,3636,,metadata_only,ljcp,inputs
raw_data/ljcp/ocr/annual_2021/crop_cell_149_0_7_7.json,178,,metadata_only,ljcp,inputs
raw_data/ljcp/ocr/annual_2021/crop_cell_149_0_7_7.png,3864,,metadata_only,ljcp,inputs
raw_data/ljcp/ocr/annual_2021/crop_cell_149_0_8_2.json,177,,metadata_only,ljcp,inputs
raw_data/ljcp/ocr/annual_2021/crop_cell_149_0_8_2.png,3340,,metadata_only,ljcp,inputs
raw_data/ljcp/ocr/annual_2021/crop_cell_149_0_8_3.json,177,,metadata_only,ljcp,inputs
raw_data/ljcp/ocr/annual_2021/crop_cell_149_0_8_3.png,3988,,metadata_only,ljcp,inputs
raw_data/ljcp/ocr/annual_2021/crop_cell_149_0_8_4.json,176,,metadata_only,ljcp,inputs
raw_data/ljcp/ocr/annual_2021/crop_cell_149_0_8_4.png,2800,,metadata_only,ljcp,inputs
raw_data/ljcp/ocr/annual_2021/crop_cell_149_0_8_5.json,176,,metadata_only,ljcp,inputs
raw_data/ljcp/ocr/annual_2021/crop_cell_149_0_8_5.png,2427,,metadata_only,ljcp,inputs
raw_data/ljcp/ocr/annual_2021/crop_cell_149_0_8_6.json,173,,metadata_only,ljcp,inputs
raw_data/ljcp/ocr/annual_2021/crop_cell_149_0_8_6.png,3482,,metadata_only,ljcp,inputs
raw_data/ljcp/ocr/annual_2021/crop_cell_149_0_8_7.json,176,,metadata_only,ljcp,inputs
raw_data/ljcp/ocr/annual_2021/crop_cell_149_0_8_7.png,3063,,metadata_only,ljcp,inputs
raw_data/ljcp/ocr/annual_2021/crop_cell_149_0_9_2.json,176,,metadata_only,ljcp,inputs
raw_data/ljcp/ocr/annual_2021/crop_cell_149_0_9_2.png,3408,,metadata_only,ljcp,inputs
raw_data/ljcp/ocr/annual_2021/crop_cell_149_0_9_3.json,177,,metadata_only,ljcp,inputs
raw_data/ljcp/ocr/annual_2021/crop_cell_149_0_9_3.png,4280,,metadata_only,ljcp,inputs
raw_data/ljcp/ocr/annual_2021/crop_cell_149_0_9_4.json,177,,metadata_only,ljcp,inputs
raw_data/ljcp/ocr/annual_2021/crop_cell_149_0_9_4.png,3254,,metadata_only,ljcp,inputs
raw_data/ljcp/ocr/annual_2021/crop_cell_149_0_9_5.json,176,,metadata_only,ljcp,inputs
raw_data/ljcp/ocr/annual_2021/crop_cell_149_0_9_5.png,3627,,metadata_only,ljcp,inputs
raw_data/ljcp/ocr/annual_2021/crop_cell_149_0_9_6.json,177,,metadata_only,ljcp,inputs
raw_data/ljcp/ocr/annual_2021/crop_cell_149_0_9_6.png,3360,,metadata_only,ljcp,inputs
raw_data/ljcp/ocr/annual_2021/crop_cell_149_0_9_7.json,177,,metadata_only,ljcp,inputs
raw_data/ljcp/ocr/annual_2021/crop_cell_149_0_9_7.png,3158,,metadata_only,ljcp,inputs
raw_data/ljcp/ocr/annual_2021/crop_cell_150_0_10_4.json,176,,metadata_only,ljcp,inputs
raw_data/ljcp/ocr/annual_2021/crop_cell_150_0_10_4.png,3222,,metadata_only,ljcp,inputs
raw_data/ljcp/ocr/annual_2021/crop_cell_150_0_10_5.json,177,,metadata_only,ljcp,inputs
raw_data/ljcp/ocr/annual_2021/crop_cell_150_0_10_5.png,3335,,metadata_only,ljcp,inputs
raw_data/ljcp/ocr/annual_2021/crop_cell_150_0_11_4.json,175,,metadata_only,ljcp,inputs
raw_data/ljcp/ocr/annual_2021/crop_cell_150_0_11_4.png,2968,,metadata_only,ljcp,inputs
raw_data/ljcp/ocr/annual_2021/crop_cell_150_0_11_5.json,175,,metadata_only,ljcp,inputs
raw_data/ljcp/ocr/annual_2021/crop_cell_150_0_11_5.png,2730,,metadata_only,ljcp,inputs
raw_data/ljcp/ocr/annual_2021/crop_cell_150_0_12_4.json,176,,metadata_only,ljcp,inputs
raw_data/ljcp/ocr/annual_2021/crop_cell_150_0_12_4.png,3607,,metadata_only,ljcp,inputs
raw_data/ljcp/ocr/annual_2021/crop_cell_150_0_12_5.json,175,,metadata_only,ljcp,inputs
raw_data/ljcp/ocr/annual_2021/crop_cell_150_0_12_5.png,3492,,metadata_only,ljcp,inputs
raw_data/ljcp/ocr/annual_2021/crop_cell_150_0_13_4.json,176,,metadata_only,ljcp,inputs
raw_data/ljcp/ocr/annual_2021/crop_cell_150_0_13_4.png,3288,,metadata_only,ljcp,inputs
raw_data/ljcp/ocr/annual_2021/crop_cell_150_0_13_5.json,176,,metadata_only,ljcp,inputs
raw_data/ljcp/ocr/annual_2021/crop_cell_150_0_13_5.png,3324,,metadata_only,ljcp,inputs
raw_data/ljcp/ocr/annual_2021/crop_cell_150_0_14_4.json,174,,metadata_only,ljcp,inputs
raw_data/ljcp/ocr/annual_2021/crop_cell_150_0_14_4.png,3643,,metadata_only,ljcp,inputs
raw_data/ljcp/ocr/annual_2021/crop_cell_150_0_14_5.json,177,,metadata_only,ljcp,inputs
raw_data/ljcp/ocr/annual_2021/crop_cell_150_0_14_5.png,3575,,metadata_only,ljcp,inputs
raw_data/ljcp/ocr/annual_2021/crop_cell_150_0_15_4.json,177,,metadata_only,ljcp,inputs
raw_data/ljcp/ocr/annual_2021/crop_cell_150_0_15_4.png,3237,,metadata_only,ljcp,inputs
raw_data/ljcp/ocr/annual_2021/crop_cell_150_0_15_5.json,177,,metadata_only,ljcp,inputs
raw_data/ljcp/ocr/annual_2021/crop_cell_150_0_15_5.png,3244,,metadata_only,ljcp,inputs
raw_data/ljcp/ocr/annual_2021/crop_cell_150_0_16_4.json,176,,metadata_only,ljcp,inputs
raw_data/ljcp/ocr/annual_2021/crop_cell_150_0_16_4.png,3086,,metadata_only,ljcp,inputs
raw_data/ljcp/ocr/annual_2021/crop_cell_150_0_16_5.json,176,,metadata_only,ljcp,inputs
raw_data/ljcp/ocr/annual_2021/crop_cell_150_0_16_5.png,2755,,metadata_only,ljcp,inputs
raw_data/ljcp/ocr/annual_2021/crop_cell_150_0_17_4.json,4,,metadata_only,ljcp,inputs
raw_data/ljcp/ocr/annual_2021/crop_cell_150_0_17_4.png,2136,,metadata_only,ljcp,inputs
raw_data/ljcp/ocr/annual_2021/crop_cell_150_0_17_5.json,4,,metadata_only,ljcp,inputs
raw_data/ljcp/ocr/annual_2021/crop_cell_150_0_17_5.png,2069,,metadata_only,ljcp,inputs
raw_data/ljcp/ocr/annual_2021/crop_cell_150_0_18_4.json,175,,metadata_only,ljcp,inputs
raw_data/ljcp/ocr/annual_2021/crop_cell_150_0_18_4.png,2682,,metadata_only,ljcp,inputs
raw_data/ljcp/ocr/annual_2021/crop_cell_150_0_18_5.json,174,,metadata_only,ljcp,inputs
raw_data/ljcp/ocr/annual_2021/crop_cell_150_0_18_5.png,2956,,metadata_only,ljcp,inputs
raw_data/ljcp/ocr/annual_2021/crop_cell_150_0_18_7.json,175,,metadata_only,ljcp,inputs
raw_data/ljcp/ocr/annual_2021/crop_cell_150_0_18_7.png,3221,,metadata_only,ljcp,inputs
raw_data/ljcp/ocr/annual_2021/crop_cell_150_0_19_2.json,175,,metadata_only,ljcp,inputs
raw_data/ljcp/ocr/annual_2021/crop_cell_150_0_19_2.png,2301,,metadata_only,ljcp,inputs
raw_data/ljcp/ocr/annual_2021/crop_cell_150_0_19_4.json,4,,metadata_only,ljcp,inputs
raw_data/ljcp/ocr/annual_2021/crop_cell_150_0_19_4.png,1973,,metadata_only,ljcp,inputs
raw_data/ljcp/ocr/annual_2021/crop_cell_150_0_19_5.json,175,,metadata_only,ljcp,inputs
raw_data/ljcp/ocr/annual_2021/crop_cell_150_0_19_5.png,2828,,metadata_only,ljcp,inputs
raw_data/ljcp/ocr/annual_2021/crop_cell_150_0_19_6.json,175,,metadata_only,ljcp,inputs
raw_data/ljcp/ocr/annual_2021/crop_cell_150_0_19_6.png,2896,,metadata_only,ljcp,inputs
raw_data/ljcp/ocr/annual_2021/crop_cell_150_0_19_7.json,174,,metadata_only,ljcp,inputs
raw_data/ljcp/ocr/annual_2021/crop_cell_150_0_19_7.png,2549,,metadata_only,ljcp,inputs
raw_data/ljcp/ocr/annual_2021/crop_cell_150_0_1_4.json,175,,metadata_only,ljcp,inputs
raw_data/ljcp/ocr/annual_2021/crop_cell_150_0_1_4.png,2710,,metadata_only,ljcp,inputs
raw_data/ljcp/ocr/annual_2021/crop_cell_150_0_1_5.json,175,,metadata_only,ljcp,inputs
raw_data/ljcp/ocr/annual_2021/crop_cell_150_0_1_5.png,2901,,metadata_only,ljcp,inputs
raw_data/ljcp/ocr/annual_2021/crop_cell_150_0_20_2.json,175,,metadata_only,ljcp,inputs
raw_data/ljcp/ocr/annual_2021/crop_cell_150_0_20_2.png,2468,,metadata_only,ljcp,inputs
raw_data/ljcp/ocr/annual_2021/crop_cell_150_0_20_4.json,175,,metadata_only,ljcp,inputs
raw_data/ljcp/ocr/annual_2021/crop_cell_150_0_20_4.png,1915,,metadata_only,ljcp,inputs
raw_data/ljcp/ocr/annual_2021/crop_cell_150_0_20_5.json,175,,metadata_only,ljcp,inputs
raw_data/ljcp/ocr/annual_2021/crop_cell_150_0_20_5.png,3098,,metadata_only,ljcp,inputs
raw_data/ljcp/ocr/annual_2021/crop_cell_150_0_20_6.json,175,,metadata_only,ljcp,inputs
raw_data/ljcp/ocr/annual_2021/crop_cell_150_0_20_6.png,2411,,metadata_only,ljcp,inputs
raw_data/ljcp/ocr/annual_2021/crop_cell_150_0_20_7.json,175,,metadata_only,ljcp,inputs
raw_data/ljcp/ocr/annual_2021/crop_cell_150_0_20_7.png,2746,,metadata_only,ljcp,inputs
raw_data/ljcp/ocr/annual_2021/crop_cell_150_0_21_4.json,174,,metadata_only,ljcp,inputs
raw_data/ljcp/ocr/annual_2021/crop_cell_150_0_21_4.png,2991,,metadata_only,ljcp,inputs
raw_data/ljcp/ocr/annual_2021/crop_cell_150_0_21_5.json,175,,metadata_only,ljcp,inputs
raw_data/ljcp/ocr/annual_2021/crop_cell_150_0_21_5.png,2737,,metadata_only,ljcp,inputs
raw_data/ljcp/ocr/annual_2021/crop_cell_150_0_21_7.json,176,,metadata_only,ljcp,inputs
raw_data/ljcp/ocr/annual_2021/crop_cell_150_0_21_7.png,3670,,metadata_only,ljcp,inputs
raw_data/ljcp/ocr/annual_2021/crop_cell_150_0_22_4.json,177,,metadata_only,ljcp,inputs
raw_data/ljcp/ocr/annual_2021/crop_cell_150_0_22_4.png,3552,,metadata_only,ljcp,inputs
raw_data/ljcp/ocr/annual_2021/crop_cell_150_0_22_5.json,176,,metadata_only,ljcp,inputs
raw_data/ljcp/ocr/annual_2021/crop_cell_150_0_22_5.png,3896,,metadata_only,ljcp,inputs
raw_data/ljcp/ocr/annual_2021/crop_cell_150_0_23_4.json,175,,metadata_only,ljcp,inputs
raw_data/ljcp/ocr/annual_2021/crop_cell_150_0_23_4.png,2982,,metadata_only,ljcp,inputs
raw_data/ljcp/ocr/annual_2021/crop_cell_150_0_23_5.json,176,,metadata_only,ljcp,inputs
raw_data/ljcp/ocr/annual_2021/crop_cell_150_0_23_5.png,3060,,metadata_only,ljcp,inputs
raw_data/ljcp/ocr/annual_2021/crop_cell_150_0_24_4.json,176,,metadata_only,ljcp,inputs
raw_data/ljcp/ocr/annual_2021/crop_cell_150_0_24_4.png,2599,,metadata_only,ljcp,inputs
raw_data/ljcp/ocr/annual_2021/crop_cell_150_0_24_5.json,174,,metadata_only,ljcp,inputs
raw_data/ljcp/ocr/annual_2021/crop_cell_150_0_24_5.png,3204,,metadata_only,ljcp,inputs
raw_data/ljcp/ocr/annual_2021/crop_cell_150_0_25_4.json,174,,metadata_only,ljcp,inputs
raw_data/ljcp/ocr/annual_2021/crop_cell_150_0_25_4.png,2566,,metadata_only,ljcp,inputs
raw_data/ljcp/ocr/annual_2021/crop_cell_150_0_25_5.json,175,,metadata_only,ljcp,inputs
raw_data/ljcp/ocr/annual_2021/crop_cell_150_0_25_5.png,3479,,metadata_only,ljcp,inputs
raw_data/ljcp/ocr/annual_2021/crop_cell_150_0_26_4.json,176,,metadata_only,ljcp,inputs
raw_data/ljcp/ocr/annual_2021/crop_cell_150_0_26_4.png,2690,,metadata_only,ljcp,inputs
raw_data/ljcp/ocr/annual_2021/crop_cell_150_0_26_5.json,176,,metadata_only,ljcp,inputs
raw_data/ljcp/ocr/annual_2021/crop_cell_150_0_26_5.png,2995,,metadata_only,ljcp,inputs
raw_data/ljcp/ocr/annual_2021/crop_cell_150_0_27_4.json,177,,metadata_only,ljcp,inputs
raw_data/ljcp/ocr/annual_2021/crop_cell_150_0_27_4.png,2403,,metadata_only,ljcp,inputs
raw_data/ljcp/ocr/annual_2021/crop_cell_150_0_27_5.json,175,,metadata_only,ljcp,inputs
raw_data/ljcp/ocr/annual_2021/crop_cell_150_0_27_5.png,2667,,metadata_only,ljcp,inputs
raw_data/ljcp/ocr/annual_2021/crop_cell_150_0_28_4.json,176,,metadata_only,ljcp,inputs
raw_data/ljcp/ocr/annual_2021/crop_cell_150_0_28_4.png,2462,,metadata_only,ljcp,inputs
raw_data/ljcp/ocr/annual_2021/crop_cell_150_0_28_5.json,175,,metadata_only,ljcp,inputs
raw_data/ljcp/ocr/annual_2021/crop_cell_150_0_28_5.png,2608,,metadata_only,ljcp,inputs
raw_data/ljcp/ocr/annual_2021/crop_cell_150_0_29_4.json,178,,metadata_only,ljcp,inputs
raw_data/ljcp/ocr/annual_2021/crop_cell_150_0_29_4.png,3527,,metadata_only,ljcp,inputs
raw_data/ljcp/ocr/annual_2021/crop_cell_150_0_29_5.json,178,,metadata_only,ljcp,inputs
raw_data/ljcp/ocr/annual_2021/crop_cell_150_0_29_5.png,3725,,metadata_only,ljcp,inputs
raw_data/ljcp/ocr/annual_2021/crop_cell_150_0_2_4.json,176,,metadata_only,ljcp,inputs
raw_data/ljcp/ocr/annual_2021/crop_cell_150_0_2_4.png,3679,,metadata_only,ljcp,inputs
raw_data/ljcp/ocr/annual_2021/crop_cell_150_0_2_5.json,176,,metadata_only,ljcp,inputs
raw_data/ljcp/ocr/annual_2021/crop_cell_150_0_2_5.png,3556,,metadata_only,ljcp,inputs
raw_data/ljcp/ocr/annual_2021/crop_cell_150_0_3_4.json,175,,metadata_only,ljcp,inputs
raw_data/ljcp/ocr/annual_2021/crop_cell_150_0_3_4.png,3069,,metadata_only,ljcp,inputs
raw_data/ljcp/ocr/annual_2021/crop_cell_150_0_3_5.json,176,,metadata_only,ljcp,inputs
raw_data/ljcp/ocr/annual_2021/crop_cell_150_0_3_5.png,3137,,metadata_only,ljcp,inputs
raw_data/ljcp/ocr/annual_2021/crop_cell_150_0_4_4.json,174,,metadata_only,ljcp,inputs
raw_data/ljcp/ocr/annual_2021/crop_cell_150_0_4_4.png,2967,,metadata_only,ljcp,inputs
raw_data/ljcp/ocr/annual_2021/crop_cell_150_0_4_5.json,176,,metadata_only,ljcp,inputs
raw_data/ljcp/ocr/annual_2021/crop_cell_150_0_4_5.png,3294,,metadata_only,ljcp,inputs
raw_data/ljcp/ocr/annual_2021/crop_cell_150_0_5_4.json,176,,metadata_only,ljcp,inputs
raw_data/ljcp/ocr/annual_2021/crop_cell_150_0_5_4.png,3191,,metadata_only,ljcp,inputs
raw_data/ljcp/ocr/annual_2021/crop_cell_150_0_5_5.json,176,,metadata_only,ljcp,inputs
raw_data/ljcp/ocr/annual_2021/crop_cell_150_0_5_5.png,3300,,metadata_only,ljcp,inputs
raw_data/ljcp/ocr/annual_2021/crop_cell_150_0_6_4.json,177,,metadata_only,ljcp,inputs
raw_data/ljcp/ocr/annual_2021/crop_cell_150_0_6_4.png,3934,,metadata_only,ljcp,inputs
raw_data/ljcp/ocr/annual_2021/crop_cell_150_0_6_5.json,177,,metadata_only,ljcp,inputs
raw_data/ljcp/ocr/annual_2021/crop_cell_150_0_6_5.png,3917,,metadata_only,ljcp,inputs
raw_data/ljcp/ocr/annual_2021/crop_cell_150_0_7_4.json,176,,metadata_only,ljcp,inputs
raw_data/ljcp/ocr/annual_2021/crop_cell_150_0_7_4.png,2971,,metadata_only,ljcp,inputs
raw_data/ljcp/ocr/annual_2021/crop_cell_150_0_7_5.json,174,,metadata_only,ljcp,inputs
raw_data/ljcp/ocr/annual_2021/crop_cell_150_0_7_5.png,2926,,metadata_only,ljcp,inputs
raw_data/ljcp/ocr/annual_2021/crop_cell_150_0_8_4.json,176,,metadata_only,ljcp,inputs
raw_data/ljcp/ocr/annual_2021/crop_cell_150_0_8_4.png,3610,,metadata_only,ljcp,inputs
raw_data/ljcp/ocr/annual_2021/crop_cell_150_0_8_5.json,175,,metadata_only,ljcp,inputs
raw_data/ljcp/ocr/annual_2021/crop_cell_150_0_8_5.png,3375,,metadata_only,ljcp,inputs
raw_data/ljcp/ocr/annual_2021/crop_cell_150_0_9_4.json,176,,metadata_only,ljcp,inputs
raw_data/ljcp/ocr/annual_2021/crop_cell_150_0_9_4.png,3379,,metadata_only,ljcp,inputs
raw_data/ljcp/ocr/annual_2021/crop_cell_150_0_9_5.json,176,,metadata_only,ljcp,inputs
raw_data/ljcp/ocr/annual_2021/crop_cell_150_0_9_5.png,3210,,metadata_only,ljcp,inputs
raw_data/ljcp/ocr/annual_2021/crop_cell_184_1_10_2.json,176,,metadata_only,ljcp,inputs
raw_data/ljcp/ocr/annual_2021/crop_cell_184_1_10_2.png,4235,,metadata_only,ljcp,inputs
raw_data/ljcp/ocr/annual_2021/crop_cell_184_1_11_2.json,176,,metadata_only,ljcp,inputs
raw_data/ljcp/ocr/annual_2021/crop_cell_184_1_11_2.png,3463,,metadata_only,ljcp,inputs
raw_data/ljcp/ocr/annual_2021/crop_cell_184_1_12_2.json,176,,metadata_only,ljcp,inputs
raw_data/ljcp/ocr/annual_2021/crop_cell_184_1_12_2.png,3633,,metadata_only,ljcp,inputs
raw_data/ljcp/ocr/annual_2021/crop_cell_184_1_14_2.json,174,,metadata_only,ljcp,inputs
raw_data/ljcp/ocr/annual_2021/crop_cell_184_1_14_2.png,4250,,metadata_only,ljcp,inputs
raw_data/ljcp/ocr/annual_2021/crop_cell_184_1_15_2.json,175,,metadata_only,ljcp,inputs
raw_data/ljcp/ocr/annual_2021/crop_cell_184_1_15_2.png,4043,,metadata_only,ljcp,inputs
raw_data/ljcp/ocr/annual_2021/crop_cell_184_1_16_2.json,176,,metadata_only,ljcp,inputs
raw_data/ljcp/ocr/annual_2021/crop_cell_184_1_16_2.png,3886,,metadata_only,ljcp,inputs
raw_data/ljcp/ocr/annual_2021/crop_cell_184_1_17_2.json,176,,metadata_only,ljcp,inputs
raw_data/ljcp/ocr/annual_2021/crop_cell_184_1_17_2.png,3477,,metadata_only,ljcp,inputs
raw_data/ljcp/ocr/annual_2021/crop_cell_184_1_18_2.json,174,,metadata_only,ljcp,inputs
raw_data/ljcp/ocr/annual_2021/crop_cell_184_1_18_2.png,3006,,metadata_only,ljcp,inputs
raw_data/ljcp/ocr/annual_2021/crop_cell_184_1_19_2.json,175,,metadata_only,ljcp,inputs
raw_data/ljcp/ocr/annual_2021/crop_cell_184_1_19_2.png,4348,,metadata_only,ljcp,inputs
raw_data/ljcp/ocr/annual_2021/crop_cell_184_1_1_2.json,174,,metadata_only,ljcp,inputs
raw_data/ljcp/ocr/annual_2021/crop_cell_184_1_1_2.png,4037,,metadata_only,ljcp,inputs
raw_data/ljcp/ocr/annual_2021/crop_cell_184_1_20_2.json,176,,metadata_only,ljcp,inputs
raw_data/ljcp/ocr/annual_2021/crop_cell_184_1_20_2.png,3651,,metadata_only,ljcp,inputs
raw_data/ljcp/ocr/annual_2021/crop_cell_184_1_21_2.json,176,,metadata_only,ljcp,inputs
raw_data/ljcp/ocr/annual_2021/crop_cell_184_1_21_2.png,3105,,metadata_only,ljcp,inputs
raw_data/ljcp/ocr/annual_2021/crop_cell_184_1_22_2.json,176,,metadata_only,ljcp,inputs
raw_data/ljcp/ocr/annual_2021/crop_cell_184_1_22_2.png,3810,,metadata_only,ljcp,inputs
raw_data/ljcp/ocr/annual_2021/crop_cell_184_1_23_2.json,175,,metadata_only,ljcp,inputs
raw_data/ljcp/ocr/annual_2021/crop_cell_184_1_23_2.png,4144,,metadata_only,ljcp,inputs
raw_data/ljcp/ocr/annual_2021/crop_cell_184_1_24_2.json,176,,metadata_only,ljcp,inputs
raw_data/ljcp/ocr/annual_2021/crop_cell_184_1_24_2.png,3290,,metadata_only,ljcp,inputs
raw_data/ljcp/ocr/annual_2021/crop_cell_184_1_25_2.json,177,,metadata_only,ljcp,inputs
raw_data/ljcp/ocr/annual_2021/crop_cell_184_1_25_2.png,5040,,metadata_only,ljcp,inputs
raw_data/ljcp/ocr/annual_2021/crop_cell_184_1_26_2.json,4,,metadata_only,ljcp,inputs
raw_data/ljcp/ocr/annual_2021/crop_cell_184_1_26_2.png,2449,,metadata_only,ljcp,inputs
raw_data/ljcp/ocr/annual_2021/crop_cell_184_1_2_2.json,176,,metadata_only,ljcp,inputs
raw_data/ljcp/ocr/annual_2021/crop_cell_184_1_2_2.png,3898,,metadata_only,ljcp,inputs
raw_data/ljcp/ocr/annual_2021/crop_cell_184_1_3_2.json,176,,metadata_only,ljcp,inputs
raw_data/ljcp/ocr/annual_2021/crop_cell_184_1_3_2.png,4086,,metadata_only,ljcp,inputs
raw_data/ljcp/ocr/annual_2021/crop_cell_184_1_4_2.json,176,,metadata_only,ljcp,inputs
raw_data/ljcp/ocr/annual_2021/crop_cell_184_1_4_2.png,4318,,metadata_only,ljcp,inputs
raw_data/ljcp/ocr/annual_2021/crop_cell_184_1_5_2.json,176,,metadata_only,ljcp,inputs
raw_data/ljcp/ocr/annual_2021/crop_cell_184_1_5_2.png,4528,,metadata_only,ljcp,inputs
raw_data/ljcp/ocr/annual_2021/crop_cell_184_1_6_2.json,176,,metadata_only,ljcp,inputs
raw_data/ljcp/ocr/annual_2021/crop_cell_184_1_6_2.png,4504,,metadata_only,ljcp,inputs
raw_data/ljcp/ocr/annual_2021/crop_cell_184_1_7_2.json,176,,metadata_only,ljcp,inputs
raw_data/ljcp/ocr/annual_2021/crop_cell_184_1_7_2.png,4751,,metadata_only,ljcp,inputs
raw_data/ljcp/ocr/annual_2021/crop_cell_184_1_8_2.json,174,,metadata_only,ljcp,inputs
raw_data/ljcp/ocr/annual_2021/crop_cell_184_1_8_2.png,3576,,metadata_only,ljcp,inputs
raw_data/ljcp/ocr/annual_2021/crop_cell_184_1_9_2.json,177,,metadata_only,ljcp,inputs
raw_data/ljcp/ocr/annual_2021/crop_cell_184_1_9_2.png,4032,,metadata_only,ljcp,inputs
raw_data/ljcp/ocr/annual_2021/crop_cell_185_1_10_2.json,176,,metadata_only,ljcp,inputs
raw_data/ljcp/ocr/annual_2021/crop_cell_185_1_10_2.png,3298,,metadata_only,ljcp,inputs
raw_data/ljcp/ocr/annual_2021/crop_cell_185_1_10_5.json,175,,metadata_only,ljcp,inputs
raw_data/ljcp/ocr/annual_2021/crop_cell_185_1_10_5.png,3012,,metadata_only,ljcp,inputs
raw_data/ljcp/ocr/annual_2021/crop_cell_185_1_11_2.json,176,,metadata_only,ljcp,inputs
raw_data/ljcp/ocr/annual_2021/crop_cell_185_1_11_2.png,3251,,metadata_only,ljcp,inputs
raw_data/ljcp/ocr/annual_2021/crop_cell_185_1_11_5.json,175,,metadata_only,ljcp,inputs
raw_data/ljcp/ocr/annual_2021/crop_cell_185_1_11_5.png,2808,,metadata_only,ljcp,inputs
raw_data/ljcp/ocr/annual_2021/crop_cell_185_1_12_2.json,175,,metadata_only,ljcp,inputs
raw_data/ljcp/ocr/annual_2021/crop_cell_185_1_12_2.png,2580,,metadata_only,ljcp,inputs
raw_data/ljcp/ocr/annual_2021/crop_cell_185_1_12_5.json,176,,metadata_only,ljcp,inputs
raw_data/ljcp/ocr/annual_2021/crop_cell_185_1_12_5.png,3172,,metadata_only,ljcp,inputs
raw_data/ljcp/ocr/annual_2021/crop_cell_185_1_13_2.json,176,,metadata_only,ljcp,inputs
raw_data/ljcp/ocr/annual_2021/crop_cell_185_1_13_2.png,3580,,metadata_only,ljcp,inputs
raw_data/ljcp/ocr/annual_2021/crop_cell_185_1_13_5.json,176,,metadata_only,ljcp,inputs
raw_data/ljcp/ocr/annual_2021/crop_cell_185_1_13_5.png,3223,,metadata_only,ljcp,inputs
raw_data/ljcp/ocr/annual_2021/crop_cell_185_1_14_2.json,176,,metadata_only,ljcp,inputs
raw_data/ljcp/ocr/annual_2021/crop_cell_185_1_14_2.png,3434,,metadata_only,ljcp,inputs
raw_data/ljcp/ocr/annual_2021/crop_cell_185_1_14_5.json,176,,metadata_only,ljcp,inputs
raw_data/ljcp/ocr/annual_2021/crop_cell_185_1_14_5.png,3224,,metadata_only,ljcp,inputs
raw_data/ljcp/ocr/annual_2021/crop_cell_185_1_15_5.json,176,,metadata_only,ljcp,inputs
raw_data/ljcp/ocr/annual_2021/crop_cell_185_1_15_5.png,3574,,metadata_only,ljcp,inputs
raw_data/ljcp/ocr/annual_2021/crop_cell_185_1_16_5.json,176,,metadata_only,ljcp,inputs
raw_data/ljcp/ocr/annual_2021/crop_cell_185_1_16_5.png,3078,,metadata_only,ljcp,inputs
raw_data/ljcp/ocr/annual_2021/crop_cell_185_1_17_5.json,173,,metadata_only,ljcp,inputs
raw_data/ljcp/ocr/annual_2021/crop_cell_185_1_17_5.png,2171,,metadata_only,ljcp,inputs
raw_data/ljcp/ocr/annual_2021/crop_cell_185_1_18_2.json,175,,metadata_only,ljcp,inputs
raw_data/ljcp/ocr/annual_2021/crop_cell_185_1_18_2.png,2209,,metadata_only,ljcp,inputs
raw_data/ljcp/ocr/annual_2021/crop_cell_185_1_18_5.json,175,,metadata_only,ljcp,inputs
raw_data/ljcp/ocr/annual_2021/crop_cell_185_1_18_5.png,2339,,metadata_only,ljcp,inputs
raw_data/ljcp/ocr/annual_2021/crop_cell_185_1_19_2.json,175,,metadata_only,ljcp,inputs
raw_data/ljcp/ocr/annual_2021/crop_cell_185_1_19_2.png,2653,,metadata_only,ljcp,inputs
raw_data/ljcp/ocr/annual_2021/crop_cell_185_1_19_5.json,175,,metadata_only,ljcp,inputs
raw_data/ljcp/ocr/annual_2021/crop_cell_185_1_19_5.png,3243,,metadata_only,ljcp,inputs
raw_data/ljcp/ocr/annual_2021/crop_cell_185_1_20_2.json,174,,metadata_only,ljcp,inputs
raw_data/ljcp/ocr/annual_2021/crop_cell_185_1_20_2.png,2394,,metadata_only,ljcp,inputs
raw_data/ljcp/ocr/annual_2021/crop_cell_185_1_20_5.json,176,,metadata_only,ljcp,inputs
raw_data/ljcp/ocr/annual_2021/crop_cell_185_1_20_5.png,2888,,metadata_only,ljcp,inputs
raw_data/ljcp/ocr/annual_2021/crop_cell_185_1_21_2.json,175,,metadata_only,ljcp,inputs
raw_data/ljcp/ocr/annual_2021/crop_cell_185_1_21_2.png,2814,,metadata_only,ljcp,inputs
raw_data/ljcp/ocr/annual_2021/crop_cell_185_1_21_5.json,175,,metadata_only,ljcp,inputs
raw_data/ljcp/ocr/annual_2021/crop_cell_185_1_21_5.png,2964,,metadata_only,ljcp,inputs
raw_data/ljcp/ocr/annual_2021/crop_cell_185_1_22_5.json,174,,metadata_only,ljcp,inputs
raw_data/ljcp/ocr/annual_2021/crop_cell_185_1_22_5.png,2506,,metadata_only,ljcp,inputs
raw_data/ljcp/ocr/annual_2021/crop_cell_185_1_23_5.json,175,,metadata_only,ljcp,inputs
raw_data/ljcp/ocr/annual_2021/crop_cell_185_1_23_5.png,2541,,metadata_only,ljcp,inputs
raw_data/ljcp/ocr/annual_2021/crop_cell_185_1_24_5.json,174,,metadata_only,ljcp,inputs
raw_data/ljcp/ocr/annual_2021/crop_cell_185_1_24_5.png,3074,,metadata_only,ljcp,inputs
raw_data/ljcp/ocr/annual_2021/crop_cell_185_1_25_5.json,176,,metadata_only,ljcp,inputs
raw_data/ljcp/ocr/annual_2021/crop_cell_185_1_25_5.png,3080,,metadata_only,ljcp,inputs
raw_data/ljcp/ocr/annual_2021/crop_cell_185_1_26_2.json,4,,metadata_only,ljcp,inputs
raw_data/ljcp/ocr/annual_2021/crop_cell_185_1_26_2.png,2002,,metadata_only,ljcp,inputs
raw_data/ljcp/ocr/annual_2021/crop_cell_185_1_26_5.json,174,,metadata_only,ljcp,inputs
raw_data/ljcp/ocr/annual_2021/crop_cell_185_1_26_5.png,2600,,metadata_only,ljcp,inputs
raw_data/ljcp/ocr/annual_2021/crop_cell_185_1_27_5.json,176,,metadata_only,ljcp,inputs
raw_data/ljcp/ocr/annual_2021/crop_cell_185_1_27_5.png,3253,,metadata_only,ljcp,inputs
raw_data/ljcp/ocr/annual_2021/crop_cell_185_1_2_5.json,176,,metadata_only,ljcp,inputs
raw_data/ljcp/ocr/annual_2021/crop_cell_185_1_2_5.png,2654,,metadata_only,ljcp,inputs
raw_data/ljcp/ocr/annual_2021/crop_cell_185_1_3_2.json,176,,metadata_only,ljcp,inputs
raw_data/ljcp/ocr/annual_2021/crop_cell_185_1_3_2.png,3049,,metadata_only,ljcp,inputs
raw_data/ljcp/ocr/annual_2021/crop_cell_185_1_3_5.json,176,,metadata_only,ljcp,inputs
raw_data/ljcp/ocr/annual_2021/crop_cell_185_1_3_5.png,2842,,metadata_only,ljcp,inputs
raw_data/ljcp/ocr/annual_2021/crop_cell_185_1_4_2.json,176,,metadata_only,ljcp,inputs
raw_data/ljcp/ocr/annual_2021/crop_cell_185_1_4_2.png,3233,,metadata_only,ljcp,inputs
raw_data/ljcp/ocr/annual_2021/crop_cell_185_1_4_5.json,176,,metadata_only,ljcp,inputs
raw_data/ljcp/ocr/annual_2021/crop_cell_185_1_4_5.png,3163,,metadata_only,ljcp,inputs
raw_data/ljcp/ocr/annual_2021/crop_cell_185_1_5_2.json,176,,metadata_only,ljcp,inputs
raw_data/ljcp/ocr/annual_2021/crop_cell_185_1_5_2.png,3279,,metadata_only,ljcp,inputs
raw_data/ljcp/ocr/annual_2021/crop_cell_185_1_5_5.json,176,,metadata_only,ljcp,inputs
raw_data/ljcp/ocr/annual_2021/crop_cell_185_1_5_5.png,3360,,metadata_only,ljcp,inputs
raw_data/ljcp/ocr/annual_2021/crop_cell_185_1_6_5.json,175,,metadata_only,ljcp,inputs
raw_data/ljcp/ocr/annual_2021/crop_cell_185_1_6_5.png,2918,,metadata_only,ljcp,inputs
raw_data/ljcp/ocr/annual_2021/crop_cell_185_1_7_5.json,175,,metadata_only,ljcp,inputs
raw_data/ljcp/ocr/annual_2021/crop_cell_185_1_7_5.png,3037,,metadata_only,ljcp,inputs
raw_data/ljcp/ocr/annual_2021/crop_cell_185_1_8_5.json,175,,metadata_only,ljcp,inputs
raw_data/ljcp/ocr/annual_2021/crop_cell_185_1_8_5.png,2891,,metadata_only,ljcp,inputs
raw_data/ljcp/ocr/annual_2021/crop_cell_185_1_9_5.json,175,,metadata_only,ljcp,inputs
raw_data/ljcp/ocr/annual_2021/crop_cell_185_1_9_5.png,2853,,metadata_only,ljcp,inputs
raw_data/ljcp/ocr/annual_2021/crop_cell_213_0_1_4.json,4,,metadata_only,ljcp,inputs
raw_data/ljcp/ocr/annual_2021/crop_cell_213_0_1_4.png,2365,,metadata_only,ljcp,inputs
raw_data/ljcp/ocr/annual_2021/crop_cell_213_0_1_5.json,4,,metadata_only,ljcp,inputs
raw_data/ljcp/ocr/annual_2021/crop_cell_213_0_1_5.png,2279,,metadata_only,ljcp,inputs
raw_data/ljcp/ocr/annual_2021/crop_cell_213_0_3_5.json,4,,metadata_only,ljcp,inputs
raw_data/ljcp/ocr/annual_2021/crop_cell_213_0_3_5.png,2424,,metadata_only,ljcp,inputs
raw_data/ljcp/ocr/annual_2021/crop_cell_65_0_10_3.json,177,,metadata_only,ljcp,inputs
raw_data/ljcp/ocr/annual_2021/crop_cell_65_0_10_3.png,5653,,metadata_only,ljcp,inputs
raw_data/ljcp/ocr/annual_2021/crop_cell_65_0_10_5.json,178,,metadata_only,ljcp,inputs
raw_data/ljcp/ocr/annual_2021/crop_cell_65_0_10_5.png,4457,,metadata_only,ljcp,inputs
raw_data/ljcp/ocr/annual_2021/crop_cell_65_0_11_3.json,177,,metadata_only,ljcp,inputs
raw_data/ljcp/ocr/annual_2021/crop_cell_65_0_11_3.png,5119,,metadata_only,ljcp,inputs
raw_data/ljcp/ocr/annual_2021/crop_cell_65_0_11_4.json,178,,metadata_only,ljcp,inputs
raw_data/ljcp/ocr/annual_2021/crop_cell_65_0_11_4.png,4457,,metadata_only,ljcp,inputs
raw_data/ljcp/ocr/annual_2021/crop_cell_65_0_11_5.json,177,,metadata_only,ljcp,inputs
raw_data/ljcp/ocr/annual_2021/crop_cell_65_0_11_5.png,4195,,metadata_only,ljcp,inputs
raw_data/ljcp/ocr/annual_2021/crop_cell_65_0_12_3.json,178,,metadata_only,ljcp,inputs
raw_data/ljcp/ocr/annual_2021/crop_cell_65_0_12_3.png,4695,,metadata_only,ljcp,inputs
raw_data/ljcp/ocr/annual_2021/crop_cell_65_0_12_4.json,177,,metadata_only,ljcp,inputs
raw_data/ljcp/ocr/annual_2021/crop_cell_65_0_12_4.png,5010,,metadata_only,ljcp,inputs
raw_data/ljcp/ocr/annual_2021/crop_cell_65_0_12_5.json,175,,metadata_only,ljcp,inputs
raw_data/ljcp/ocr/annual_2021/crop_cell_65_0_12_5.png,4566,,metadata_only,ljcp,inputs
raw_data/ljcp/ocr/annual_2021/crop_cell_65_0_13_2.json,178,,metadata_only,ljcp,inputs
raw_data/ljcp/ocr/annual_2021/crop_cell_65_0_13_2.png,5373,,metadata_only,ljcp,inputs
raw_data/ljcp/ocr/annual_2021/crop_cell_65_0_13_3.json,178,,metadata_only,ljcp,inputs
raw_data/ljcp/ocr/annual_2021/crop_cell_65_0_13_3.png,5243,,metadata_only,ljcp,inputs
raw_data/ljcp/ocr/annual_2021/crop_cell_65_0_13_4.json,176,,metadata_only,ljcp,inputs
raw_data/ljcp/ocr/annual_2021/crop_cell_65_0_13_4.png,4455,,metadata_only,ljcp,inputs
raw_data/ljcp/ocr/annual_2021/crop_cell_65_0_13_5.json,178,,metadata_only,ljcp,inputs
raw_data/ljcp/ocr/annual_2021/crop_cell_65_0_13_5.png,4921,,metadata_only,ljcp,inputs
raw_data/ljcp/ocr/annual_2021/crop_cell_65_0_14_2.json,177,,metadata_only,ljcp,inputs
raw_data/ljcp/ocr/annual_2021/crop_cell_65_0_14_2.png,5096,,metadata_only,ljcp,inputs
raw_data/ljcp/ocr/annual_2021/crop_cell_65_0_14_3.json,179,,metadata_only,ljcp,inputs
raw_data/ljcp/ocr/annual_2021/crop_cell_65_0_14_3.png,5641,,metadata_only,ljcp,inputs
raw_data/ljcp/ocr/annual_2021/crop_cell_65_0_14_4.json,178,,metadata_only,ljcp,inputs
raw_data/ljcp/ocr/annual_2021/crop_cell_65_0_14_4.png,4669,,metadata_only,ljcp,inputs
raw_data/ljcp/ocr/annual_2021/crop_cell_65_0_14_5.json,178,,metadata_only,ljcp,inputs
raw_data/ljcp/ocr/annual_2021/crop_cell_65_0_14_5.png,4947,,metadata_only,ljcp,inputs
raw_data/ljcp/ocr/annual_2021/crop_cell_65_0_15_2.json,178,,metadata_only,ljcp,inputs
raw_data/ljcp/ocr/annual_2021/crop_cell_65_0_15_2.png,4532,,metadata_only,ljcp,inputs
raw_data/ljcp/ocr/annual_2021/crop_cell_65_0_15_3.json,178,,metadata_only,ljcp,inputs
raw_data/ljcp/ocr/annual_2021/crop_cell_65_0_15_3.png,4625,,metadata_only,ljcp,inputs
raw_data/ljcp/ocr/annual_2021/crop_cell_65_0_15_4.json,178,,metadata_only,ljcp,inputs
raw_data/ljcp/ocr/annual_2021/crop_cell_65_0_15_4.png,4827,,metadata_only,ljcp,inputs
raw_data/ljcp/ocr/annual_2021/crop_cell_65_0_15_5.json,178,,metadata_only,ljcp,inputs
raw_data/ljcp/ocr/annual_2021/crop_cell_65_0_15_5.png,4415,,metadata_only,ljcp,inputs
raw_data/ljcp/ocr/annual_2021/crop_cell_65_0_16_2.json,177,,metadata_only,ljcp,inputs
raw_data/ljcp/ocr/annual_2021/crop_cell_65_0_16_2.png,5409,,metadata_only,ljcp,inputs
raw_data/ljcp/ocr/annual_2021/crop_cell_65_0_16_3.json,178,,metadata_only,ljcp,inputs
raw_data/ljcp/ocr/annual_2021/crop_cell_65_0_16_3.png,5433,,metadata_only,ljcp,inputs
raw_data/ljcp/ocr/annual_2021/crop_cell_65_0_16_4.json,177,,metadata_only,ljcp,inputs
raw_data/ljcp/ocr/annual_2021/crop_cell_65_0_16_4.png,4221,,metadata_only,ljcp,inputs
raw_data/ljcp/ocr/annual_2021/crop_cell_65_0_16_5.json,177,,metadata_only,ljcp,inputs
raw_data/ljcp/ocr/annual_2021/crop_cell_65_0_16_5.png,4015,,metadata_only,ljcp,inputs
raw_data/ljcp/ocr/annual_2021/crop_cell_65_0_17_2.json,178,,metadata_only,ljcp,inputs
raw_data/ljcp/ocr/annual_2021/crop_cell_65_0_17_2.png,6112,,metadata_only,ljcp,inputs
raw_data/ljcp/ocr/annual_2021/crop_cell_65_0_17_3.json,179,,metadata_only,ljcp,inputs
raw_data/ljcp/ocr/annual_2021/crop_cell_65_0_17_3.png,6295,,metadata_only,ljcp,inputs
raw_data/ljcp/ocr/annual_2021/crop_cell_65_0_17_4.json,179,,metadata_only,ljcp,inputs
raw_data/ljcp/ocr/annual_2021/crop_cell_65_0_17_4.png,5588,,metadata_only,ljcp,inputs
raw_data/ljcp/ocr/annual_2021/crop_cell_65_0_17_5.json,179,,metadata_only,ljcp,inputs
raw_data/ljcp/ocr/annual_2021/crop_cell_65_0_17_5.png,5451,,metadata_only,ljcp,inputs
raw_data/ljcp/ocr/annual_2021/crop_cell_65_0_18_2.json,178,,metadata_only,ljcp,inputs
raw_data/ljcp/ocr/annual_2021/crop_cell_65_0_18_2.png,5970,,metadata_only,ljcp,inputs
raw_data/ljcp/ocr/annual_2021/crop_cell_65_0_18_3.json,178,,metadata_only,ljcp,inputs
raw_data/ljcp/ocr/annual_2021/crop_cell_65_0_18_3.png,5098,,metadata_only,ljcp,inputs
raw_data/ljcp/ocr/annual_2021/crop_cell_65_0_19_2.json,178,,metadata_only,ljcp,inputs
raw_data/ljcp/ocr/annual_2021/crop_cell_65_0_19_2.png,4227,,metadata_only,ljcp,inputs
raw_data/ljcp/ocr/annual_2021/crop_cell_65_0_19_3.json,178,,metadata_only,ljcp,inputs
raw_data/ljcp/ocr/annual_2021/crop_cell_65_0_19_3.png,5581,,metadata_only,ljcp,inputs
raw_data/ljcp/ocr/annual_2021/crop_cell_65_0_1_2.json,178,,metadata_only,ljcp,inputs
raw_data/ljcp/ocr/annual_2021/crop_cell_65_0_1_2.png,5424,,metadata_only,ljcp,inputs
raw_data/ljcp/ocr/annual_2021/crop_cell_65_0_1_3.json,177,,metadata_only,ljcp,inputs
raw_data/ljcp/ocr/annual_2021/crop_cell_65_0_1_3.png,4861,,metadata_only,ljcp,inputs
raw_data/ljcp/ocr/annual_2021/crop_cell_65_0_20_2.json,178,,metadata_only,ljcp,inputs
raw_data/ljcp/ocr/annual_2021/crop_cell_65_0_20_2.png,4340,,metadata_only,ljcp,inputs
raw_data/ljcp/ocr/annual_2021/crop_cell_65_0_20_3.json,177,,metadata_only,ljcp,inputs
raw_data/ljcp/ocr/annual_2021/crop_cell_65_0_20_3.png,5560,,metadata_only,ljcp,inputs
raw_data/ljcp/ocr/annual_2021/crop_cell_65_0_21_3.json,178,,metadata_only,ljcp,inputs
raw_data/ljcp/ocr/annual_2021/crop_cell_65_0_21_3.png,5199,,metadata_only,ljcp,inputs
raw_data/ljcp/ocr/annual_2021/crop_cell_65_0_22_3.json,179,,metadata_only,ljcp,inputs
raw_data/ljcp/ocr/annual_2021/crop_cell_65_0_22_3.png,4049,,metadata_only,ljcp,inputs
raw_data/ljcp/ocr/annual_2021/crop_cell_65_0_23_3.json,177,,metadata_only,ljcp,inputs
raw_data/ljcp/ocr/annual_2021/crop_cell_65_0_23_3.png,5372,,metadata_only,ljcp,inputs
raw_data/ljcp/ocr/annual_2021/crop_cell_65_0_24_3.json,177,,metadata_only,ljcp,inputs
raw_data/ljcp/ocr/annual_2021/crop_cell_65_0_24_3.png,4688,,metadata_only,ljcp,inputs
raw_data/ljcp/ocr/annual_2021/crop_cell_65_0_25_3.json,178,,metadata_only,ljcp,inputs
raw_data/ljcp/ocr/annual_2021/crop_cell_65_0_25_3.png,5093,,metadata_only,ljcp,inputs
raw_data/ljcp/ocr/annual_2021/crop_cell_65_0_26_3.json,178,,metadata_only,ljcp,inputs
raw_data/ljcp/ocr/annual_2021/crop_cell_65_0_26_3.png,5338,,metadata_only,ljcp,inputs
raw_data/ljcp/ocr/annual_2021/crop_cell_65_0_27_3.json,178,,metadata_only,ljcp,inputs
raw_data/ljcp/ocr/annual_2021/crop_cell_65_0_27_3.png,4811,,metadata_only,ljcp,inputs
raw_data/ljcp/ocr/annual_2021/crop_cell_65_0_28_3.json,178,,metadata_only,ljcp,inputs
raw_data/ljcp/ocr/annual_2021/crop_cell_65_0_28_3.png,4955,,metadata_only,ljcp,inputs
raw_data/ljcp/ocr/annual_2021/crop_cell_65_0_29_3.json,178,,metadata_only,ljcp,inputs
raw_data/ljcp/ocr/annual_2021/crop_cell_65_0_29_3.png,5432,,metadata_only,ljcp,inputs
raw_data/ljcp/ocr/annual_2021/crop_cell_65_0_2_2.json,178,,metadata_only,ljcp,inputs
raw_data/ljcp/ocr/annual_2021/crop_cell_65_0_2_2.png,4851,,metadata_only,ljcp,inputs
raw_data/ljcp/ocr/annual_2021/crop_cell_65_0_2_3.json,178,,metadata_only,ljcp,inputs
raw_data/ljcp/ocr/annual_2021/crop_cell_65_0_2_3.png,4782,,metadata_only,ljcp,inputs
raw_data/ljcp/ocr/annual_2021/crop_cell_65_0_30_3.json,179,,metadata_only,ljcp,inputs
raw_data/ljcp/ocr/annual_2021/crop_cell_65_0_30_3.png,6126,,metadata_only,ljcp,inputs
raw_data/ljcp/ocr/annual_2021/crop_cell_65_0_31_3.json,178,,metadata_only,ljcp,inputs
raw_data/ljcp/ocr/annual_2021/crop_cell_65_0_31_3.png,4811,,metadata_only,ljcp,inputs
raw_data/ljcp/ocr/annual_2021/crop_cell_65_0_32_3.json,178,,metadata_only,ljcp,inputs
raw_data/ljcp/ocr/annual_2021/crop_cell_65_0_32_3.png,5021,,metadata_only,ljcp,inputs
raw_data/ljcp/ocr/annual_2021/crop_cell_65_0_34_3.json,178,,metadata_only,ljcp,inputs
raw_data/ljcp/ocr/annual_2021/crop_cell_65_0_34_3.png,5313,,metadata_only,ljcp,inputs
raw_data/ljcp/ocr/annual_2021/crop_cell_65_0_35_3.json,174,,metadata_only,ljcp,inputs
raw_data/ljcp/ocr/annual_2021/crop_cell_65_0_35_3.png,5235,,metadata_only,ljcp,inputs
raw_data/ljcp/ocr/annual_2021/crop_cell_65_0_36_3.json,178,,metadata_only,ljcp,inputs
raw_data/ljcp/ocr/annual_2021/crop_cell_65_0_36_3.png,5175,,metadata_only,ljcp,inputs
raw_data/ljcp/ocr/annual_2021/crop_cell_65_0_3_2.json,178,,metadata_only,ljcp,inputs
raw_data/ljcp/ocr/annual_2021/crop_cell_65_0_3_2.png,5168,,metadata_only,ljcp,inputs
raw_data/ljcp/ocr/annual_2021/crop_cell_65_0_3_3.json,178,,metadata_only,ljcp,inputs
raw_data/ljcp/ocr/annual_2021/crop_cell_65_0_3_3.png,5344,,metadata_only,ljcp,inputs
raw_data/ljcp/ocr/annual_2021/crop_cell_65_0_4_2.json,178,,metadata_only,ljcp,inputs
raw_data/ljcp/ocr/annual_2021/crop_cell_65_0_4_2.png,4612,,metadata_only,ljcp,inputs
raw_data/ljcp/ocr/annual_2021/crop_cell_65_0_4_3.json,177,,metadata_only,ljcp,inputs
raw_data/ljcp/ocr/annual_2021/crop_cell_65_0_4_3.png,5085,,metadata_only,ljcp,inputs
raw_data/ljcp/ocr/annual_2021/crop_cell_65_0_5_3.json,178,,metadata_only,ljcp,inputs
raw_data/ljcp/ocr/annual_2021/crop_cell_65_0_5_3.png,4961,,metadata_only,ljcp,inputs
raw_data/ljcp/ocr/annual_2021/crop_cell_65_0_6_3.json,177,,metadata_only,ljcp,inputs
raw_data/ljcp/ocr/annual_2021/crop_cell_65_0_6_3.png,4609,,metadata_only,ljcp,inputs
raw_data/ljcp/ocr/annual_2021/crop_cell_65_0_7_3.json,177,,metadata_only,ljcp,inputs
raw_data/ljcp/ocr/annual_2021/crop_cell_65_0_7_3.png,4719,,metadata_only,ljcp,inputs
raw_data/ljcp/ocr/annual_2021/crop_cell_65_0_8_3.json,179,,metadata_only,ljcp,inputs
raw_data/ljcp/ocr/annual_2021/crop_cell_65_0_8_3.png,4700,,metadata_only,ljcp,inputs
raw_data/ljcp/ocr/annual_2021/crop_cell_65_0_8_5.json,178,,metadata_only,ljcp,inputs
raw_data/ljcp/ocr/annual_2021/crop_cell_65_0_8_5.png,4232,,metadata_only,ljcp,inputs
raw_data/ljcp/ocr/annual_2021/crop_cell_65_0_9_3.json,179,,metadata_only,ljcp,inputs
raw_data/ljcp/ocr/annual_2021/crop_cell_65_0_9_3.png,5612,,metadata_only,ljcp,inputs
raw_data/ljcp/ocr/annual_2021/crop_cell_65_0_9_5.json,178,,metadata_only,ljcp,inputs
raw_data/ljcp/ocr/annual_2021/crop_cell_65_0_9_5.png,4615,,metadata_only,ljcp,inputs
raw_data/ljcp/ocr/annual_2021/crop_cell_66_0_10_5.json,178,,metadata_only,ljcp,inputs
raw_data/ljcp/ocr/annual_2021/crop_cell_66_0_10_5.png,4113,,metadata_only,ljcp,inputs
raw_data/ljcp/ocr/annual_2021/crop_cell_66_1_10_2.json,168,,metadata_only,ljcp,inputs
raw_data/ljcp/ocr/annual_2021/crop_cell_66_1_10_2.png,3824,,metadata_only,ljcp,inputs
raw_data/ljcp/ocr/annual_2021/crop_cell_66_1_10_5.json,174,,metadata_only,ljcp,inputs
raw_data/ljcp/ocr/annual_2021/crop_cell_66_1_10_5.png,3621,,metadata_only,ljcp,inputs
raw_data/ljcp/ocr/annual_2021/crop_cell_66_1_10_6.json,178,,metadata_only,ljcp,inputs
raw_data/ljcp/ocr/annual_2021/crop_cell_66_1_10_6.png,4141,,metadata_only,ljcp,inputs
raw_data/ljcp/ocr/annual_2021/crop_manifest.json,20791,,metadata_only,ljcp,inputs
raw_data/ljcp/ocr/annual_2021/page_110.json,51814,,metadata_only,ljcp,inputs
raw_data/ljcp/ocr/annual_2021/page_110.png,91382,,metadata_only,ljcp,inputs
raw_data/ljcp/ocr/annual_2021/page_110.txt,1682,,metadata_only,ljcp,inputs
raw_data/ljcp/ocr/annual_2021/page_110_clean.json,25067,,metadata_only,ljcp,inputs
raw_data/ljcp/ocr/annual_2021/page_110_clean.png,101801,,metadata_only,ljcp,inputs
raw_data/ljcp/ocr/annual_2021/page_110_clean.txt,863,,metadata_only,ljcp,inputs
raw_data/ljcp/ocr/annual_2021/page_111.json,41944,,metadata_only,ljcp,inputs
raw_data/ljcp/ocr/annual_2021/page_111.png,73530,,metadata_only,ljcp,inputs
raw_data/ljcp/ocr/annual_2021/page_111.txt,1407,,metadata_only,ljcp,inputs
raw_data/ljcp/ocr/annual_2021/page_111_clean.json,34275,,metadata_only,ljcp,inputs
raw_data/ljcp/ocr/annual_2021/page_111_clean.png,82355,,metadata_only,ljcp,inputs
raw_data/ljcp/ocr/annual_2021/page_112.json,54498,,metadata_only,ljcp,inputs
raw_data/ljcp/ocr/annual_2021/page_112.png,81928,,metadata_only,ljcp,inputs
raw_data/ljcp/ocr/annual_2021/page_112.txt,1777,,metadata_only,ljcp,inputs
raw_data/ljcp/ocr/annual_2021/page_112_clean.json,27999,,metadata_only,ljcp,inputs
raw_data/ljcp/ocr/annual_2021/page_112_clean.png,139665,,metadata_only,ljcp,inputs
raw_data/ljcp/ocr/annual_2021/page_149.json,66120,,metadata_only,ljcp,inputs
raw_data/ljcp/ocr/annual_2021/page_149.png,97567,,metadata_only,ljcp,inputs
raw_data/ljcp/ocr/annual_2021/page_149.txt,2313,,metadata_only,ljcp,inputs
raw_data/ljcp/ocr/annual_2021/page_149_clean.json,53875,,metadata_only,ljcp,inputs
raw_data/ljcp/ocr/annual_2021/page_149_clean.png,112617,,metadata_only,ljcp,inputs
raw_data/ljcp/ocr/annual_2021/page_149_clean.txt,1931,,metadata_only,ljcp,inputs
raw_data/ljcp/ocr/annual_2021/page_150.json,32754,,metadata_only,ljcp,inputs
raw_data/ljcp/ocr/annual_2021/page_150.png,93056,,metadata_only,ljcp,inputs
raw_data/ljcp/ocr/annual_2021/page_150.txt,1171,,metadata_only,ljcp,inputs
raw_data/ljcp/ocr/annual_2021/page_150_clean.json,34459,,metadata_only,ljcp,inputs
raw_data/ljcp/ocr/annual_2021/page_150_clean.png,102195,,metadata_only,ljcp,inputs
raw_data/ljcp/ocr/annual_2021/page_151.json,44614,,metadata_only,ljcp,inputs
raw_data/ljcp/ocr/annual_2021/page_151.png,89523,,metadata_only,ljcp,inputs
raw_data/ljcp/ocr/annual_2021/page_151.txt,1536,,metadata_only,ljcp,inputs
raw_data/ljcp/ocr/annual_2021/page_151_clean.json,30242,,metadata_only,ljcp,inputs
raw_data/ljcp/ocr/annual_2021/page_151_clean.png,101658,,metadata_only,ljcp,inputs
raw_data/ljcp/ocr/annual_2021/page_152.png,284966,,metadata_only,ljcp,inputs
raw_data/ljcp/ocr/annual_2021/page_184.json,41383,,metadata_only,ljcp,inputs
raw_data/ljcp/ocr/annual_2021/page_184.png,80144,,metadata_only,ljcp,inputs
raw_data/ljcp/ocr/annual_2021/page_184.txt,1753,,metadata_only,ljcp,inputs
raw_data/ljcp/ocr/annual_2021/page_184_clean.json,46142,,metadata_only,ljcp,inputs
raw_data/ljcp/ocr/annual_2021/page_184_clean.png,128883,,metadata_only,ljcp,inputs
raw_data/ljcp/ocr/annual_2021/page_184_clean.txt,1860,,metadata_only,ljcp,inputs
raw_data/ljcp/ocr/annual_2021/page_185.json,52426,,metadata_only,ljcp,inputs
raw_data/ljcp/ocr/annual_2021/page_185.png,81596,,metadata_only,ljcp,inputs
raw_data/ljcp/ocr/annual_2021/page_185.txt,1801,,metadata_only,ljcp,inputs
raw_data/ljcp/ocr/annual_2021/page_185_clean.json,20949,,metadata_only,ljcp,inputs
raw_data/ljcp/ocr/annual_2021/page_185_clean.png,93025,,metadata_only,ljcp,inputs
raw_data/ljcp/ocr/annual_2021/page_213.json,17431,,metadata_only,ljcp,inputs
raw_data/ljcp/ocr/annual_2021/page_213.png,47368,,metadata_only,ljcp,inputs
raw_data/ljcp/ocr/annual_2021/page_213.txt,973,,metadata_only,ljcp,inputs
raw_data/ljcp/ocr/annual_2021/page_213_clean.json,17964,,metadata_only,ljcp,inputs
raw_data/ljcp/ocr/annual_2021/page_213_clean.png,57392,,metadata_only,ljcp,inputs
raw_data/ljcp/ocr/annual_2021/page_213_clean.txt,981,,metadata_only,ljcp,inputs
raw_data/ljcp/ocr/annual_2021/page_64.json,8300,,metadata_only,ljcp,inputs
raw_data/ljcp/ocr/annual_2021/page_64.png,47792,,metadata_only,ljcp,inputs
raw_data/ljcp/ocr/annual_2021/page_64.txt,742,,metadata_only,ljcp,inputs
raw_data/ljcp/ocr/annual_2021/page_64_clean.json,8289,,metadata_only,ljcp,inputs
raw_data/ljcp/ocr/annual_2021/page_64_clean.png,74211,,metadata_only,ljcp,inputs
raw_data/ljcp/ocr/annual_2021/page_65.json,57983,,metadata_only,ljcp,inputs
raw_data/ljcp/ocr/annual_2021/page_65.png,103666,,metadata_only,ljcp,inputs
raw_data/ljcp/ocr/annual_2021/page_65.txt,2374,,metadata_only,ljcp,inputs
raw_data/ljcp/ocr/annual_2021/page_65_clean.json,28604,,metadata_only,ljcp,inputs
raw_data/ljcp/ocr/annual_2021/page_65_clean.png,175778,,metadata_only,ljcp,inputs
raw_data/ljcp/ocr/annual_2021/page_65_clean.txt,1320,,metadata_only,ljcp,inputs
raw_data/ljcp/ocr/annual_2021/page_66.json,37695,,metadata_only,ljcp,inputs
raw_data/ljcp/ocr/annual_2021/page_66.png,103363,,metadata_only,ljcp,inputs
raw_data/ljcp/ocr/annual_2021/page_66.txt,1507,,metadata_only,ljcp,inputs
raw_data/ljcp/ocr/annual_2021/page_66_clean.json,35785,,metadata_only,ljcp,inputs
raw_data/ljcp/ocr/annual_2021/page_66_clean.png,123562,,metadata_only,ljcp,inputs
raw_data/ljcp/ocr/annual_2021/page_67.png,375523,,metadata_only,ljcp,inputs
raw_data/ljcp/ocr/annual_2021/review_cells_pending.json,7246,,metadata_only,ljcp,inputs
raw_data/ljcp/ocr/annual_2021/tables.json,158863,,metadata_only,ljcp,inputs
raw_data/ljcp/ocr/annual_2021/tables_cells.json,160504,,metadata_only,ljcp,inputs
raw_data/ljcp/ocr/annual_2021/tables_reviewed.json,160558,,metadata_only,ljcp,inputs
raw_data/ljcp/pdfs/annual_2014.metadata.json,934,,metadata_only,ljcp,inputs
raw_data/ljcp/pdfs/annual_2014.pdf,4045659,,metadata_only,ljcp,inputs
raw_data/ljcp/pdfs/annual_2020.metadata.json,910,,metadata_only,ljcp,inputs
raw_data/ljcp/pdfs/annual_2020.pdf,6410057,,metadata_only,ljcp,inputs
raw_data/ljcp/pdfs/annual_2021.metadata.json,912,,metadata_only,ljcp,inputs
raw_data/ljcp/pdfs/annual_2021.pdf,121566228,,metadata_only,ljcp,inputs
raw_data/ljcp/pdfs/annual_2022.metadata.json,889,,metadata_only,ljcp,inputs
raw_data/ljcp/pdfs/annual_2022.pdf,5184289,,metadata_only,ljcp,inputs
raw_data/ljcp/pdfs/annual_2023.metadata.json,988,,metadata_only,ljcp,inputs
raw_data/ljcp/pdfs/annual_2023.pdf,5461865,,metadata_only,ljcp,inputs
raw_data/ljcp/pdfs/annual_2024.metadata.json,1022,,metadata_only,ljcp,inputs
raw_data/ljcp/pdfs/annual_2024.pdf,12529501,,metadata_only,ljcp,inputs
raw_data/ljcp/pdfs/annual_2024_original.metadata.json,1003,,metadata_only,ljcp,inputs
raw_data/ljcp/pdfs/annual_2024_original.pdf,6479032,,metadata_only,ljcp,inputs
raw_data/ljcp/pdfs/halfyear_2023_h1.metadata.json,898,,metadata_only,ljcp,inputs
raw_data/ljcp/pdfs/halfyear_2023_h1.pdf,192230,,metadata_only,ljcp,inputs
raw_data/ljcp/pdfs/halfyear_2024_h1.metadata.json,904,,metadata_only,ljcp,inputs
raw_data/ljcp/pdfs/halfyear_2024_h1.pdf,566809,,metadata_only,ljcp,inputs
raw_data/ljcp/pdfs/halfyear_2024_h2.metadata.json,1003,,metadata_only,ljcp,inputs
raw_data/ljcp/pdfs/halfyear_2024_h2.pdf,318019,,metadata_only,ljcp,inputs
raw_data/ljcp/pdfs/halfyear_2025_h1.metadata.json,961,,metadata_only,ljcp,inputs
raw_data/ljcp/pdfs/halfyear_2025_h1.pdf,173798,,metadata_only,ljcp,inputs
raw_data/national_accounts/README.md,2361,,metadata_only,national_accounts,inputs
raw_data/national_accounts/annual_tables_2015-16_base/National_Accounts_Annual_Tables_2025-26_Updated_May_2026_Excel.xlsx,238589,,metadata_only,national_accounts,inputs
raw_data/national_accounts/annual_tables_2015-16_base/Special_Tables_Output_IC_at_current_and_constant_prices_2023-24_Excel.xlsx,77207,,metadata_only,national_accounts,inputs
raw_data/national_accounts/annual_tables_2015-16_base/Table_01_-_Macro_Economic_Indicators.pdf,64708,,metadata_only,national_accounts,inputs
raw_data/national_accounts/annual_tables_2015-16_base/Table_02_-_National_Accounts_Main_Aggregates_at_current_prices.pdf,88549,,metadata_only,national_accounts,inputs
raw_data/national_accounts/annual_tables_2015-16_base/Table_03_-_National_Accounts_Main_Aggregates_at_constant_prices.pdf,76346,,metadata_only,national_accounts,inputs
raw_data/national_accounts/annual_tables_2015-16_base/Table_04_-_Gross_Domestic_Product_of_Pakistan_at_current_basic_prices_of_2015-16.pdf,111208,,metadata_only,national_accounts,inputs
raw_data/national_accounts/annual_tables_2015-16_base/Table_05_-_Gross_Domestic_Product_of_Pakistan_at_Constant_basic_prices_of_2015-16.pdf,104270,,metadata_only,national_accounts,inputs
raw_data/national_accounts/annual_tables_2015-16_base/Table_06_-_Real_Growth_Rates_of_GDP_at_constant_basic_prices_of_2015-16.pdf,79830,,metadata_only,national_accounts,inputs
raw_data/national_accounts/annual_tables_2015-16_base/Table_07a_-_Sectoral_Shares_in_GDP_at_Constant_basic_prices.pdf,269225,,metadata_only,national_accounts,inputs
raw_data/national_accounts/annual_tables_2015-16_base/Table_07b_-_Sectoral_Shares_in_GDP_at_Current_basic_prices.pdf,82875,,metadata_only,national_accounts,inputs
raw_data/national_accounts/annual_tables_2015-16_base/Table_08_-_Expenditure_on_gross_domestic_product_at_current_prices_2015-16_base.pdf,31607,,metadata_only,national_accounts,inputs
raw_data/national_accounts/annual_tables_2015-16_base/Table_09_-_Expenditure_on_gross_domestic_product_at_constant_prices_of_2015-16.pdf,31523,,metadata_only,national_accounts,inputs
raw_data/national_accounts/annual_tables_2015-16_base/Table_10_-_Gross_fixed_capital_formation_in_private_public_general_government_sectors_by_e.pdf,68723,,metadata_only,national_accounts,inputs
raw_data/national_accounts/annual_tables_2015-16_base/Table_10_-_Gross_fixed_capital_formation_in_private_public_general_government_sectors_by_e_2.pdf,46312,,metadata_only,national_accounts,inputs
raw_data/national_accounts/annual_tables_2015-16_base/Table_10a_-_Gross_fixed_capital_formation_in_private_sector_by_economic_activity_at_curren.pdf,115755,,metadata_only,national_accounts,inputs
raw_data/national_accounts/annual_tables_2015-16_base/Table_10a_-_Gross_fixed_capital_formation_in_private_sector_by_economic_activity_at_curren_2.pdf,37194,,metadata_only,national_accounts,inputs
raw_data/national_accounts/annual_tables_2015-16_base/Table_10b_-_Gross_fixed_capital_formation_in_public_general_government_sectors_by_economic.pdf,112752,,metadata_only,national_accounts,inputs
raw_data/national_accounts/annual_tables_2015-16_base/Table_10b_-_Gross_fixed_capital_formation_in_public_general_government_sectors_by_economic_2.pdf,43948,,metadata_only,national_accounts,inputs
raw_data/national_accounts/annual_tables_2015-16_base/Table_11_-_Gross_fixed_capital_formation_in_private_public_general_government_sectors_by_e.pdf,72315,,metadata_only,national_accounts,inputs
raw_data/national_accounts/annual_tables_2015-16_base/Table_11_-_Gross_fixed_capital_formation_in_private_public_general_government_sectors_by_e_2.pdf,46296,,metadata_only,national_accounts,inputs
raw_data/national_accounts/annual_tables_2015-16_base/Table_11a_-_Gross_fixed_capital_formation_in_private_sector_by_economic_activity_at_consta.pdf,71847,,metadata_only,national_accounts,inputs
raw_data/national_accounts/annual_tables_2015-16_base/Table_11a_-_Gross_fixed_capital_formation_in_private_sector_by_economic_activity_at_consta_2.pdf,37033,,metadata_only,national_accounts,inputs
raw_data/national_accounts/annual_tables_2015-16_base/Table_11b_-_Gross_fixed_capital_formation_in_public_general_government_sectors_by_economic.pdf,68418,,metadata_only,national_accounts,inputs
raw_data/national_accounts/annual_tables_2015-16_base/Table_11b_-_Gross_fixed_capital_formation_in_public_general_government_sectors_by_economic_2.pdf,44012,,metadata_only,national_accounts,inputs
raw_data/national_accounts/annual_tables_2015-16_base/Table_1_-_Macro_Economic_Indicators.pdf,61908,,metadata_only,national_accounts,inputs
raw_data/national_accounts/annual_tables_2015-16_base/Table_1_-_Output_at_current_prices_from_1999-2000_to_2023-24.pdf,90153,,metadata_only,national_accounts,inputs
raw_data/national_accounts/annual_tables_2015-16_base/Table_2_-_Intermediate_Consumption_at_current_prices_from_1999-2000_to_2023-24.pdf,88959,,metadata_only,national_accounts,inputs
raw_data/national_accounts/annual_tables_2015-16_base/Table_2_-_National_Accounts_Main_Aggregates_at_current_prices.pdf,83796,,metadata_only,national_accounts,inputs
raw_data/national_accounts/annual_tables_2015-16_base/Table_3_-_National_Accounts_Main_Aggregates_at_constant_prices.pdf,70691,,metadata_only,national_accounts,inputs
raw_data/national_accounts/annual_tables_2015-16_base/Table_3_-_Output_at_constant_prices_from_1999-2000_to_2023-24.pdf,89816,,metadata_only,national_accounts,inputs
raw_data/national_accounts/annual_tables_2015-16_base/Table_4_-_Gross_Domestic_Product_of_Pakistan_at_current_basic_prices.pdf,74097,,metadata_only,national_accounts,inputs
raw_data/national_accounts/annual_tables_2015-16_base/Table_4_-_Intermediate_Consumption_at_constant_prices_from_1999-2000_to_2023-24.pdf,89630,,metadata_only,national_accounts,inputs
raw_data/national_accounts/annual_tables_2015-16_base/Table_5_-_Gross_Domestic_Product_of_Pakistan_at_constant_basic_prices_of_2005-06.pdf,73556,,metadata_only,national_accounts,inputs
raw_data/national_accounts/annual_tables_2015-16_base/Table_6_-_Real_Growth_Rates_of_GDP_at_constant_basic_prices_of_2005-06.pdf,54990,,metadata_only,national_accounts,inputs
raw_data/national_accounts/annual_tables_2015-16_base/Table_7_-_Sectoral_Shares_in_GDP_at_constant_basic_prices.pdf,56362,,metadata_only,national_accounts,inputs
raw_data/national_accounts/annual_tables_2015-16_base/Table_8_-_Expenditure_on_gross_domestic_product_at_current_prices.pdf,21943,,metadata_only,national_accounts,inputs
raw_data/national_accounts/annual_tables_2015-16_base/Table_9_-_Expenditure_on_gross_domestic_product_at_constant_prices_of_2005-06.pdf,22090,,metadata_only,national_accounts,inputs
raw_data/national_accounts/health_accounts_pakistan/National_Health_Accounts_Pakistan_2005-06.pdf,478419,,metadata_only,national_accounts,inputs
raw_data/national_accounts/health_accounts_pakistan/National_Health_Accounts_Pakistan_2007-08.pdf,1276151,,metadata_only,national_accounts,inputs
raw_data/national_accounts/health_accounts_pakistan/National_Health_Accounts_Pakistan_2009-10.pdf,1198878,,metadata_only,national_accounts,inputs
raw_data/national_accounts/health_accounts_pakistan/National_Health_Accounts_Pakistan_2011-12.pdf,1272470,,metadata_only,national_accounts,inputs
raw_data/national_accounts/health_accounts_pakistan/National_Health_Accounts_Pakistan_2013-1.pdf,1965928,,metadata_only,national_accounts,inputs
raw_data/national_accounts/health_accounts_pakistan/National_Health_Accounts_Pakistan_2015-16.pdf,3173039,,metadata_only,national_accounts,inputs
raw_data/national_accounts/health_accounts_pakistan/National_Health_Accounts_Pakistan_2017-18.pdf,4077193,,metadata_only,national_accounts,inputs
raw_data/national_accounts/historical_1999-2000_base/Change_of_Base_of_National_Accounts_of_Pakistan_from_1999-2000_to_2005-06.pdf,6892561,,metadata_only,national_accounts,inputs
raw_data/national_accounts/historical_1999-2000_base/Expenditure_on_Gross_National_Product_at_Constant_Prices_of_1999-2000.pdf,7019,,metadata_only,national_accounts,inputs
raw_data/national_accounts/historical_1999-2000_base/Expenditure_on_Gross_National_Product_at_Current_Prices_1999-00_to_2011-12.pdf,7036,,metadata_only,national_accounts,inputs
raw_data/national_accounts/historical_1999-2000_base/Gross_Fixed_Capital_Formation_in_Private_Public_and_General_Government_Sectors_by_Economic.pdf,18759,,metadata_only,national_accounts,inputs
raw_data/national_accounts/historical_1999-2000_base/Gross_Fixed_Capital_Formation_in_Private_Public_and_General_Government_Sectors_by_Economic_2.pdf,19172,,metadata_only,national_accounts,inputs
raw_data/national_accounts/historical_1999-2000_base/Gross_Fixed_Capital_Formation_in_Private_Sector_by_Economic_Activities_at_constant_market_.pdf,19173,,metadata_only,national_accounts,inputs
raw_data/national_accounts/historical_1999-2000_base/Gross_Fixed_Capital_Formation_in_Private_Sector_by_Economic_Activities_at_current_market_p.pdf,18760,,metadata_only,national_accounts,inputs
raw_data/national_accounts/historical_1999-2000_base/Gross_Fixed_Capital_Formation_in_Public_and_General_Government_Sectors_by_Economic_Activit.pdf,18760,,metadata_only,national_accounts,inputs
raw_data/national_accounts/historical_1999-2000_base/Gross_Fixed_Capital_Formation_in_Public_and_General_Government_Sectors_by_Economic_Activit_2.pdf,19173,,metadata_only,national_accounts,inputs
raw_data/national_accounts/historical_1999-2000_base/Gross_National_Product_of_Pakistan_Real_Growth_Rates_1999-2000_Base_year.pdf,7232,,metadata_only,national_accounts,inputs
raw_data/national_accounts/historical_1999-2000_base/Gross_National_Product_of_Pakistan_at_constant_factor_cost_of_1999-2000.pdf,18965,,metadata_only,national_accounts,inputs
raw_data/national_accounts/historical_1999-2000_base/Gross_National_Product_of_Pakistan_at_current_factor_cost.pdf,9882,,metadata_only,national_accounts,inputs
raw_data/national_accounts/historical_1999-2000_base/Macro_Economics_Indicators_1951-52_to_2011-12.pdf,14658,,metadata_only,national_accounts,inputs
raw_data/national_accounts/historical_1999-2000_base/National_Accounts_at_constant_prices_1960-61_to_2011-12.pdf,7124,,metadata_only,national_accounts,inputs
raw_data/national_accounts/historical_1999-2000_base/National_Accounts_current_prices_1960-61_to_2011-12.pdf,7505,,metadata_only,national_accounts,inputs
raw_data/national_accounts/historical_1999-2000_base/National_Accounts_of_Pakistan_Backward_Revisions_for_the_Years_1999-2000_to_2014-15_on_the.pdf,2886389,,metadata_only,national_accounts,inputs
raw_data/national_accounts/historical_1999-2000_base/National_Accounts_of_Pakistan_Backward_Revisions_for_the_years_1999-2000_to_2004-05_on_bas.pdf,1736708,,metadata_only,national_accounts,inputs
raw_data/national_accounts/historical_1999-2000_base/Net_National_Product_at_constant_factor_cost_1999-00_to_2011-12.pdf,18170,,metadata_only,national_accounts,inputs
raw_data/national_accounts/historical_1999-2000_base/Net_National_Product_at_current_factor_cost_1999-00_to_2010-12.pdf,8997,,metadata_only,national_accounts,inputs
raw_data/national_accounts/historical_1999-2000_base/Sectoral_Shares_in_Gross_Domestic_Product_at_constant_factor_cost_of_1999-2000_1999-00_to_.pdf,6607,,metadata_only,national_accounts,inputs
raw_data/national_accounts/manifest.csv,21081,,metadata_only,file_catalog|national_accounts,inputs
raw_data/national_accounts/rebasing_methodology/Download_PDF.pdf,474496,,metadata_only,national_accounts,inputs
raw_data/national_accounts/rebasing_methodology/Download_PDF_2.pdf,298621,,metadata_only,national_accounts,inputs
raw_data/national_accounts/rebasing_methodology/Methodology_brief_on_2015-16_rebasing_of_National_Accounts.pdf,474419,,metadata_only,national_accounts,inputs
raw_data/national_accounts/rebasing_methodology/National_Accounts_of_Pakistan_2015-2016_Base_Year.pdf,6132008,,metadata_only,national_accounts,inputs
raw_data/national_accounts/supply_use_io_2015-16/Supply_use_and_Input-Output_tables_of_Pakistan_2015-16_Excel_Table.xlsx,389852,,metadata_only,national_accounts,inputs
raw_data/national_accounts/supply_use_io_2015-16/Supply_use_and_Input-Output_tables_of_Pakistan_2015-16_Pdf_Report.pdf,22838167,,metadata_only,national_accounts,inputs
raw_data/pbs/Census 2017/census2017_table12_by_sex_mapready.csv,20262,,metadata_only,census2017_other,inputs
raw_data/pbs/Census 2017/district_literacy_leaflet.html,1434077,,metadata_only,census2017_other,inputs
raw_data/pbs/Census 2017/download data 2017.ipynb,77355,,metadata_only,census2017_other,inputs
raw_data/pbs/Census 2017/final tables/table05_combined_2017.csv,13040,,metadata_only,census2017_other,inputs
raw_data/pbs/Census 2017/final tables/table12_combined_2017.csv,20560,,metadata_only,census2017_other,inputs
raw_data/pbs/Census 2017/final tables/table14_combined_2017csv.csv,9208,,metadata_only,census2017_other,inputs
raw_data/pbs/Census 2017/final tables/table15_combined_2017.csv,10411,,metadata_only,census2017_education|census2017_other,inputs
raw_data/pbs/Census 2017/final tables/table16_combined_2017csv.csv,6652,,metadata_only,census2017_other,inputs
raw_data/pbs/Census 2017/final tables/table1_combined_2017.csv,15237,,metadata_only,census2017_other|census2017_population,inputs
raw_data/pbs/Census 2017/low_match_report.csv,1420,,metadata_only,census2017_other,inputs
raw_data/pbs/Census 2017/makefile_2017.ipynb,83308,,metadata_only,census2017_other,inputs
raw_data/pbs/Census 2017/merged_table12_by_district.csv,1747,,metadata_only,census2017_other,inputs
raw_data/pbs/Census 2017/new_district_literacy_map3.html,6008178,,metadata_only,census2017_other,inputs
raw_data/pbs/Census 2017/pakistan_census_map.html,6656,,metadata_only,census2017_other,inputs
raw_data/pbs/Census 2017/pakistan_districts_adm2_cod160.html,4742,,metadata_only,census2017_other,inputs
raw_data/pbs/Census 2017/pakistan_districts_province_boundries.geojson,141099,,metadata_only,census2017_other,inputs
raw_data/pbs/Census 2017/pakistan_table12_mapdata.geojson,279988,,metadata_only,census2017_other,inputs
raw_data/pbs/Census 2017/parse_pbs_table1.py,8684,,metadata_only,census2017_other,inputs
raw_data/pbs/Census 2017/parse_pbs_table12_by_sex.py,6466,,metadata_only,census2017_other,inputs
raw_data/pbs/Census 2017/parse_pbs_table14.py,6877,,metadata_only,census2017_other,inputs
raw_data/pbs/Census 2017/parse_pbs_table15.py,7070,,metadata_only,census2017_other,inputs
raw_data/pbs/Census 2017/parse_pbs_table16.py,7133,,metadata_only,census2017_other,inputs
raw_data/pbs/Census 2017/parse_pbs_table1_pdf.py,13629,,metadata_only,census2017_other,inputs
raw_data/pbs/Census 2017/parse_pbs_table5.py,5443,,metadata_only,census2017_other,inputs
raw_data/pbs/Census 2017/parse_pbs_tables_summary.py,12779,,metadata_only,census2017_other,inputs
raw_data/pbs/Census 2017/parse_table01.py,6824,,metadata_only,census2017_other,inputs
raw_data/pbs/Census 2017/pbs_2017_table01.zip,4847188,,metadata_only,census2017_other,inputs
raw_data/pbs/Census 2017/pbs_2017_table01/001_bannu_table1.pdf,35200,552445831b472dba7cff78d34f80f2cf2fd96baf5bed305dd3c5e2b6786981ba,census_build_locked,census2017_other|census2017_population,inputs
raw_data/pbs/Census 2017/pbs_2017_table01/002_lakki_marwat_table1.pdf,35195,a6cc34d0d1b5e7d6cbe318737a2f8675af830bfae2a6a15086b01d9d09bd1ffa,census_build_locked,census2017_other|census2017_population,inputs
raw_data/pbs/Census 2017/pbs_2017_table01/003_dera_ismail_khan_table1.pdf,38841,2ec4199866fba3910295991dfee8c474b4c28d6bb7a6d24da9b665b69206e4fa,census_build_locked,census2017_other|census2017_population,inputs
raw_data/pbs/Census 2017/pbs_2017_table01/004_tank_table1.pdf,34200,a1932957748d4b21f3b17bc28e3fbb803063c88883f230b9c861667c87a6364c,census_build_locked,census2017_other|census2017_population,inputs
raw_data/pbs/Census 2017/pbs_2017_table01/005_abbottabad_table1.pdf,35319,2822e12dc7bc810344c43810aedadc0d776e30a9813dd86040929bbbc8b4de7c,census_build_locked,census2017_other|census2017_population,inputs
raw_data/pbs/Census 2017/pbs_2017_table01/006_batagram_table1.pdf,35052,2afdaef189621678cf5b7bdb8bf520e07c7b1f06e14eabb19c67615ca2e407c2,census_build_locked,census2017_other|census2017_population,inputs
raw_data/pbs/Census 2017/pbs_2017_table01/007_haripur_table1.pdf,35205,0dece826ed3a115267ca77e5335d37be5f1293131261acedf76aeed20f908aa9,census_build_locked,census2017_other|census2017_population,inputs
raw_data/pbs/Census 2017/pbs_2017_table01/008_mansehra_table1.pdf,35874,0e7fc6c898e8fa8a795225d4a5d10131da11fda972a82c68a55f1a53e9c773e9,census_build_locked,census2017_other|census2017_population,inputs
raw_data/pbs/Census 2017/pbs_2017_table01/009_torghar_table1.pdf,35295,871faad16848591cdd8af593c56d84fbd7febd5787fce5ebde3a42a3c4257daf,census_build_locked,census2017_other|census2017_population,inputs
raw_data/pbs/Census 2017/pbs_2017_table01/010_kohistan_table1.pdf,36873,056b627c0417b27d3fb0bb95b03c54448e022412f4b5be59378c4a13f4095612,census_build_locked,census2017_other|census2017_population,inputs
raw_data/pbs/Census 2017/pbs_2017_table01/011_hangu_table1.pdf,35195,8bf7a3b919fc2a773e273522181bd0510655e002a4a244bef9b81096feee8017,census_build_locked,census2017_other|census2017_population,inputs
raw_data/pbs/Census 2017/pbs_2017_table01/012_karak_table1.pdf,36075,ad33d56112d74c5d7cef4818afa8d509d0b7823dc6ed0f119359a050b35e2447,census_build_locked,census2017_other|census2017_population,inputs
raw_data/pbs/Census 2017/pbs_2017_table01/013_kohat_table1.pdf,35260,1eb67b5f4fa42c4519097201995c7f9a5faf64df452880380126c792c9345f0f,census_build_locked,census2017_other|census2017_population,inputs
raw_data/pbs/Census 2017/pbs_2017_table01/014_mardan_table1.pdf,36140,52253fccd86c87becaccde9186d0bbad586b7c7574f7de0ce6bb5aa1d4c02ecc,census_build_locked,census2017_other|census2017_population,inputs
raw_data/pbs/Census 2017/pbs_2017_table01/015_swabi_table1.pdf,36817,01a967a7b96d01e78ed25c1318cd264e164186fbbbc3386003c4d2ad0d9dee09,census_build_locked,census2017_other|census2017_population,inputs
raw_data/pbs/Census 2017/pbs_2017_table01/016_charsadda_table1.pdf,36140,40ca9968e8bc5ce5d16a2b3121dee8dc40bf1272d3331625cd59778d7b8be3fe,census_build_locked,census2017_other|census2017_population,inputs
raw_data/pbs/Census 2017/pbs_2017_table01/017_nowshera_table1.pdf,36214,ec9eafaab0d60bd6c477d6ab3f51865f086d123770d4e87b9db64c5f3a8c4c94,census_build_locked,census2017_other|census2017_population,inputs
raw_data/pbs/Census 2017/pbs_2017_table01/018_peshawar_table1.pdf,34211,08959cc130df96bb26abbb417205a44496338fdd61c6b56a2c89a984e15eb14e,census_build_locked,census2017_other|census2017_population,inputs
raw_data/pbs/Census 2017/pbs_2017_table01/019_buner_table1.pdf,36700,4ef6b211975afcaaf8255a38621986f783d4172bae458d754f1ef07086f3d4aa,census_build_locked,census2017_other|census2017_population,inputs
raw_data/pbs/Census 2017/pbs_2017_table01/020_chitral_table1.pdf,35325,11e51a07577a8f47d734b9dec7ed88ba875e34dfaf96ec87bb80d92ac0488d6d,census_build_locked,census2017_other|census2017_population,inputs
raw_data/pbs/Census 2017/pbs_2017_table01/021_shangla_table1.pdf,35842,12aa88a2c569a38a0c00cc7a6b0b716977395c02b81c36a4de653cf364a90c0e,census_build_locked,census2017_other|census2017_population,inputs
raw_data/pbs/Census 2017/pbs_2017_table01/022_swat_table1.pdf,39112,5edd1191e5c6811c6938eb0c9e8713e0b371f683966d99b7374deb4942d213ce,census_build_locked,census2017_other|census2017_population,inputs
raw_data/pbs/Census 2017/pbs_2017_table01/023_lower_dir_table1.pdf,36634,a194e9b0dc9c5766101f872535f656decaed76763b611aae82afe24b45b99e62,census_build_locked,census2017_other|census2017_population,inputs
raw_data/pbs/Census 2017/pbs_2017_table01/024_upper_dir_table1.pdf,35942,3e96e6c780649e91ae0eb7ce2819cc2a381d42b61c0c8071b9c130f44f49cb9d,census_build_locked,census2017_other|census2017_population,inputs
raw_data/pbs/Census 2017/pbs_2017_table01/025_malakand_protected_area_table1.pdf,35291,d8bf40676a045ee51ea08165b2a309eff69d8781f024be565bddb9c4b2a2c03a,census_build_locked,census2017_other|census2017_population,inputs
raw_data/pbs/Census 2017/pbs_2017_table01/026_khyber_table1.pdf,36851,6a60f11aedd8e1d13415a8d492e2f2d8124216622ab21f711aebf2575877ccfd,census_build_locked,census2017_other|census2017_population,inputs
raw_data/pbs/Census 2017/pbs_2017_table01/027_kurram_table1.pdf,36221,e4e39ece88d52d4588423c317782343b633bd94fded11f8f5c8626aac47b582f,census_build_locked,census2017_other|census2017_population,inputs
raw_data/pbs/Census 2017/pbs_2017_table01/028_mohmand_table1.pdf,38770,115f0855ad3c9f9f628b03cb98bf5ccb565b51bf002b4b3f61c4d6aa493ed5db,census_build_locked,census2017_other|census2017_population,inputs
raw_data/pbs/Census 2017/pbs_2017_table01/029_north_waziristan_table1.pdf,40603,c1e8970e88308e1848be64eb80a7db0eacb7d5e3440f7c9591fcdbcfe1136c0e,census_build_locked,census2017_other|census2017_population,inputs
raw_data/pbs/Census 2017/pbs_2017_table01/030_orakzai_table1.pdf,36748,cb09008d8c6b64c206fda96cebf4869f734729e99945ebcd193f770a531ff450,census_build_locked,census2017_other|census2017_population,inputs
raw_data/pbs/Census 2017/pbs_2017_table01/031_south_waziristan_table1.pdf,39792,c1df5c9c0f759412ee483c7a4666a16a94ae2f00f1a73af7726300e019797501,census_build_locked,census2017_other|census2017_population,inputs
raw_data/pbs/Census 2017/pbs_2017_table01/032_bajaur_table1.pdf,28294,2fb62cd5306617ff499e2b12abbaff8209d6b418d39f6e41aee16555b8a515b7,census_build_locked,census2017_other|census2017_population,inputs
raw_data/pbs/Census 2017/pbs_2017_table01/033_fr_bannu_table1.pdf,12192,84f8f2c7615b6c0ee7b430baa1cc269ac7a714953d122cfc238969f86e05f587,census_build_locked,census2017_other|census2017_population,inputs
raw_data/pbs/Census 2017/pbs_2017_table01/034_fr_dikhan_table1.pdf,33220,ea2e2033d8a6a23b2e0551dc1b800501e78b3913be4b68eef232912137dbc5dd,census_build_locked,census2017_other|census2017_population,inputs
raw_data/pbs/Census 2017/pbs_2017_table01/035_fr_kohat_table1.pdf,33203,41bb073c5d9e436f115a387d0892754ea2992575619877430fb930c615d88f6b,census_build_locked,census2017_other|census2017_population,inputs
raw_data/pbs/Census 2017/pbs_2017_table01/036_fr_lakki_marwat_table1.pdf,33507,98e2996e629283d7975338243cec9d8c2246f5c66057f50d557dca05987f0f71,census_build_locked,census2017_other|census2017_population,inputs
raw_data/pbs/Census 2017/pbs_2017_table01/037_fr_peshawar_table1.pdf,33124,a9a72098a72b708388911c9f3b6493c6abfb4b2a6fd6a1402a73076b7669a5d6,census_build_locked,census2017_other|census2017_population,inputs
raw_data/pbs/Census 2017/pbs_2017_table01/038_fr_tank_table1.pdf,33053,aa1005a4ac8dbfb4b9442e7e81abc3cf28e669aebb6a50912b2feb1465d5774a,census_build_locked,census2017_other|census2017_population,inputs
raw_data/pbs/Census 2017/pbs_2017_table01/039_attock_table1.pdf,48267,4a7db62a8a78a265975153ce9b38080dddbb5f622072f9174ef57fd4e8a4d7bf,census_build_locked,census2017_other|census2017_population,inputs
raw_data/pbs/Census 2017/pbs_2017_table01/040_chakwal_table1.pdf,37545,d6afcb8894e5dcc242de67863db623d31815ae06a3917e675a89b6fdb0212fe8,census_build_locked,census2017_other|census2017_population,inputs
raw_data/pbs/Census 2017/pbs_2017_table01/041_jhelum_table1.pdf,36904,9a643a2824fd9cec5254182925b1498648420bb6034e593fad1aaa696246cea0,census_build_locked,census2017_other|census2017_population,inputs
raw_data/pbs/Census 2017/pbs_2017_table01/042_rawalpindi_table1.pdf,39422,e018277bd0b858236db08c1fed64da8c68de7d7c94e08b95615a3ea3a14e9a92,census_build_locked,census2017_other|census2017_population,inputs
raw_data/pbs/Census 2017/pbs_2017_table01/043_bhakkar_table1.pdf,40247,d8ff1a71c1327532d7be98a76d9731be272914db276fa0287bb2e9cc9c45e683,census_build_locked,census2017_other|census2017_population,inputs
raw_data/pbs/Census 2017/pbs_2017_table01/044_khushab_table1.pdf,36834,1cf005af74be6d59a0484bfa77b6d3f27a749bde88228eb279819c0e51cbcea1,census_build_locked,census2017_other|census2017_population,inputs
raw_data/pbs/Census 2017/pbs_2017_table01/045_sargodha_table1.pdf,39054,95862e5907c01b59edf87e16e5a4653ad622250a31c1a62f26b3e727ff4d299c,census_build_locked,census2017_other|census2017_population,inputs
raw_data/pbs/Census 2017/pbs_2017_table01/046_mianwali_table1.pdf,36048,d7f0eac417262e8c760200f38efa19b50ad82e2c9e017b5dbf7abd9d547458f6,census_build_locked,census2017_other|census2017_population,inputs
raw_data/pbs/Census 2017/pbs_2017_table01/047_gujranwala_table1.pdf,39234,6fc1a0a4e2b690a2a581ae7ae75597ce4f9fedf5be940c30a0cb69b976f12f7a,census_build_locked,census2017_other|census2017_population,inputs
raw_data/pbs/Census 2017/pbs_2017_table01/048_gujrat_table1.pdf,36194,247b6aab7825456119b60e6191ff3ad830a19e288dcbe72c76a5f084afa9e02e,census_build_locked,census2017_other|census2017_population,inputs
raw_data/pbs/Census 2017/pbs_2017_table01/049_hafizabad_table1.pdf,35220,0b8c37e7e03d6cbac4209243de2cb503931ad094a2c76050143607095de4451c,census_build_locked,census2017_other|census2017_population,inputs
raw_data/pbs/Census 2017/pbs_2017_table01/050_mandi_bahauddin_table1.pdf,36025,9ed5747cd2e2c2b30001e06cb13a784c18b92ee288ba1867bee59f4a7f664833,census_build_locked,census2017_other|census2017_population,inputs
raw_data/pbs/Census 2017/pbs_2017_table01/051_narowal_table1.pdf,39358,824c367622f45e771d4fbf5d5a4daedaefab02f53e1c66c489820f884cfa7215,census_build_locked,census2017_other|census2017_population,inputs
raw_data/pbs/Census 2017/pbs_2017_table01/052_sialkot_table1.pdf,36807,79103275bd03eff3f0e470f7e240950b4e631098e1b7fe250154f9a259966585,census_build_locked,census2017_other|census2017_population,inputs
raw_data/pbs/Census 2017/pbs_2017_table01/053_lahore_table1.pdf,37654,fc1c9eb3d28f750ca2cc403949ee093c12dbab0fccdb5b09e3f82a6e7ae18a88,census_build_locked,census2017_other|census2017_population,inputs
raw_data/pbs/Census 2017/pbs_2017_table01/054_kasur_table1.pdf,36873,c68e4bec140dab79d07206ec09e9f7ede4ffbfdf5d3e54c40ad94bbd4762b252,census_build_locked,census2017_other|census2017_population,inputs
raw_data/pbs/Census 2017/pbs_2017_table01/055_nankana_sahib_table1.pdf,38584,a9b768f66d053c8f90dc3b8f59f439f5643c4a56fef5ca682c314c477af8eb66,census_build_locked,census2017_other|census2017_population,inputs
raw_data/pbs/Census 2017/pbs_2017_table01/056_sheikhupura_table1.pdf,37771,6ffa8f787589a97426b10147048d2129fb54f5f2c5556912bcbbfaeb1c858a6d,census_build_locked,census2017_other|census2017_population,inputs
raw_data/pbs/Census 2017/pbs_2017_table01/057_faisalabad_table1.pdf,38576,9b4dea642fe6f726549aaf2d065b926fd3103285e9b16d6911b33b2577db37fc,census_build_locked,census2017_other|census2017_population,inputs
raw_data/pbs/Census 2017/pbs_2017_table01/058_chiniot_table1.pdf,36096,ebc7957cf1e9ef2c4f3117e1bd449a2cab87ea53e140be2dbb46caae94a2b616,census_build_locked,census2017_other|census2017_population,inputs
raw_data/pbs/Census 2017/pbs_2017_table01/059_jhang_table1.pdf,37021,24cf9f22881d6bf2030381d06f4e438b631319ec1b02de386590a206f6d73709,census_build_locked,census2017_other|census2017_population,inputs
raw_data/pbs/Census 2017/pbs_2017_table01/060_toba_tek_singh_table1.pdf,37049,baf8c7e5b6c6a0b32d6d8c47a073c8171a66891781efc2ad08993ac9fb9c1165,census_build_locked,census2017_other|census2017_population,inputs
raw_data/pbs/Census 2017/pbs_2017_table01/061_sahiwal_table1.pdf,35463,e1de87571df9109f3790fb5cdc5b75288c58ef42fbf598482782f3a4c9baf9af,census_build_locked,census2017_other|census2017_population,inputs
raw_data/pbs/Census 2017/pbs_2017_table01/062_okara_table1.pdf,36179,4d5048351e51fb3e4fd7c59875d522d910517a5f58bce1069b5bf8d33ab605c2,census_build_locked,census2017_other|census2017_population,inputs
raw_data/pbs/Census 2017/pbs_2017_table01/063_pakpattan_table1.pdf,85566,78a95ccee1ec3412fa9415a8983780c344609b9512b4c339b4671d67ae76fe6d,census_build_locked,census2017_other|census2017_population,inputs
raw_data/pbs/Census 2017/pbs_2017_table01/064_bahawalnagar_table1.pdf,47201,1ad33a31661ec9ab9e2ecfba37c4c7489c54e4b88e89c9f7a346c2cc1b15455a,census_build_locked,census2017_other|census2017_population,inputs
raw_data/pbs/Census 2017/pbs_2017_table01/065_bahawalpur_table1.pdf,38619,be8a7e1d6859fbafbffd2d21a487d17533d31d492ce9ffbebbcb7295652f630c,census_build_locked,census2017_other|census2017_population,inputs
raw_data/pbs/Census 2017/pbs_2017_table01/066_rahim_yar_khan_table1.pdf,36991,7d21480adb0fa5641d073914eb4249af5e23f34d595a976605056f26bfb66a93,census_build_locked,census2017_other|census2017_population,inputs
raw_data/pbs/Census 2017/pbs_2017_table01/067_dera_ghazi_khan_table1.pdf,36870,b1f6d8431953284ca1d00e80d491e1a653d1f773414d77363f29eead81130dca,census_build_locked,census2017_other|census2017_population,inputs
raw_data/pbs/Census 2017/pbs_2017_table01/068_rajanpur_table1.pdf,38260,48802e3b489056f597634dc99f835d6d4025b741a7f0a55b972d8152a994cfd3,census_build_locked,census2017_other|census2017_population,inputs
raw_data/pbs/Census 2017/pbs_2017_table01/069_layyah_table1.pdf,36026,af69ae09157e747a22a6f4b27e7cd8522d432d38fd45c62492c2c9b531934495,census_build_locked,census2017_other|census2017_population,inputs
raw_data/pbs/Census 2017/pbs_2017_table01/070_muzaffargarh_table1.pdf,37089,d7c37b9cffa412e4e9ba3d88d1f5ac52da8053e9280e6f3bcc4569df2320f69b,census_build_locked,census2017_other|census2017_population,inputs
raw_data/pbs/Census 2017/pbs_2017_table01/071_multan_table1.pdf,37045,d33e0f27324e1275cb990f225adadc1030330e097669f8e05e847f87b0fe9c23,census_build_locked,census2017_other|census2017_population,inputs
raw_data/pbs/Census 2017/pbs_2017_table01/072_khanewal_table1.pdf,37150,a062962350120bfda6479dd171b312f7877233c2d3152863f5588cb8f1454ddb,census_build_locked,census2017_other|census2017_population,inputs
raw_data/pbs/Census 2017/pbs_2017_table01/073_lodhran_table1.pdf,36161,b15da82a2a6eca36a7651bc68887a2ce44f59da4506e2aaaeadcc729cd6d4682,census_build_locked,census2017_other|census2017_population,inputs
raw_data/pbs/Census 2017/pbs_2017_table01/074_vehari_table1.pdf,36057,bed40073ae2b8e68afb47e1c8ca7a757b0c24401f3383c914e30a68a6bcbebe7,census_build_locked,census2017_other|census2017_population,inputs
raw_data/pbs/Census 2017/pbs_2017_table01/075_jacobabad_table1.pdf,36380,95140d1271933a51f22aabd4be553c0f70089fbf8722df0127f3469d84cf643c,census_build_locked,census2017_other|census2017_population,inputs
raw_data/pbs/Census 2017/pbs_2017_table01/076_kashmor_table1.pdf,36060,41035d9d509731984a0cf1e6257bdb36e2e00ad26ec9cb717b68ab718216ce57,census_build_locked,census2017_other|census2017_population,inputs
raw_data/pbs/Census 2017/pbs_2017_table01/077_kambar_shahdad_kot_table1.pdf,39633,8fce2bf1987ec50480c70b6406c228bcfaba926355490b347cbc00f42f4952fe,census_build_locked,census2017_other|census2017_population,inputs
raw_data/pbs/Census 2017/pbs_2017_table01/078_larkana_table1.pdf,36779,6edab5f4f1183a330d7ffc81be14e9994aefb83c2da60b75a2e4c7ee07d6586c,census_build_locked,census2017_other|census2017_population,inputs
raw_data/pbs/Census 2017/pbs_2017_table01/079_shikarpur_table1.pdf,36840,24213384f6de12d09d9a4297a773f18393beb7ad70da80305db074fbfe4f72b5,census_build_locked,census2017_other|census2017_population,inputs
raw_data/pbs/Census 2017/pbs_2017_table01/080_ghotki_table1.pdf,37605,159f43c1f71162387df3708482aaacc9407394cd092c07259db402541f17df30,census_build_locked,census2017_other|census2017_population,inputs
raw_data/pbs/Census 2017/pbs_2017_table01/081_khairpur_table1.pdf,40108,cfd799b532b9e445a43280075bd0b872bae7e991126c7827b8bfc952ea8ec528,census_build_locked,census2017_other|census2017_population,inputs
raw_data/pbs/Census 2017/pbs_2017_table01/082_sukkur_table1.pdf,37797,9d9258af44c0a2718011e6056ebbc81bac2752222061a34f7bda4715d16a26a7,census_build_locked,census2017_other|census2017_population,inputs
raw_data/pbs/Census 2017/pbs_2017_table01/083_badin_table1.pdf,37682,fd64c120814acfdde2e62e606b3f2c6fae732bb4cc41ca94c05ecd8753f02ec3,census_build_locked,census2017_other|census2017_population,inputs
raw_data/pbs/Census 2017/pbs_2017_table01/084_dadu_table1.pdf,36874,ca781a3b45b862a9043a424d9e154b535ccafa9a9018db5be5b4c813dd6b5d1c,census_build_locked,census2017_other|census2017_population,inputs
raw_data/pbs/Census 2017/pbs_2017_table01/085_hyderabad_table1.pdf,36770,0e10e69285a58f5929d3c89fc2695256e213043acf49f2a95b05a5867714873e,census_build_locked,census2017_other|census2017_population,inputs
raw_data/pbs/Census 2017/pbs_2017_table01/086_jamshoro_table1.pdf,37088,301b613f14417924c3a3b1d23032143672d6897539c4d59e581086444e82a8b7,census_build_locked,census2017_other|census2017_population,inputs
raw_data/pbs/Census 2017/pbs_2017_table01/087_matiari_table1.pdf,36139,54adda09469b61ccb964cdaccf573d00f83a23a52872c73238fbcfe5b8cfa94d,census_build_locked,census2017_other|census2017_population,inputs
raw_data/pbs/Census 2017/pbs_2017_table01/088_sujawal_table1.pdf,37860,a0199f73bdf88fe607371f480ce2af24771a51a19527f2047c4d5c412e643369,census_build_locked,census2017_other|census2017_population,inputs
raw_data/pbs/Census 2017/pbs_2017_table01/089_tando_allahyar_table1.pdf,36376,134480979c66dcf237169f913a1551fd3a8ec006109add0720b80abbf8f5ce59,census_build_locked,census2017_other|census2017_population,inputs
raw_data/pbs/Census 2017/pbs_2017_table01/090_tando_muhammad_khan_table1.pdf,36256,e8af51d2a397492b9f47dbb1cd42cf7666701fdf4b4a4bf2785a5f107e97a834,census_build_locked,census2017_other|census2017_population,inputs
raw_data/pbs/Census 2017/pbs_2017_table01/091_thatta_table1.pdf,36944,59933fba09e10369669e8d9d2f0c2022fcbe691abd3f49c8c21d678bd487e545,census_build_locked,census2017_other|census2017_population,inputs
raw_data/pbs/Census 2017/pbs_2017_table01/092_karachi_central_table1.pdf,37605,fccadbc6dcc12c31a39d127241c11600918f1b267fcc4f7c5a44a992c9c7043e,census_build_locked,census2017_other|census2017_population,inputs
raw_data/pbs/Census 2017/pbs_2017_table01/093_karachi_east_table1.pdf,36725,72aa7d9b067f173c787c59f7885e0bd2a20cb51539d50671f06fe562d1f53997,census_build_locked,census2017_other|census2017_population,inputs
raw_data/pbs/Census 2017/pbs_2017_table01/094_karachi_south_table1.pdf,37274,7985d3002e976199d81b39f5923253a991ba152393e51daa8bac693fac2d77ab,census_build_locked,census2017_other|census2017_population,inputs
raw_data/pbs/Census 2017/pbs_2017_table01/095_karachi_west_table1.pdf,39285,b6fc883f818b045ea5ad6be008d184e992a97b3c0e5358b0bde4f3e2f362eb97,census_build_locked,census2017_other|census2017_population,inputs
raw_data/pbs/Census 2017/pbs_2017_table01/096_korangi_table1.pdf,36827,f6975ab1b61dbe2e6bb7d8ac23ef75c8a4af27d7717b0ce24120b1904993310d,census_build_locked,census2017_other|census2017_population,inputs
raw_data/pbs/Census 2017/pbs_2017_table01/097_malir_table1.pdf,38512,478e7ebce96c423f5f44848466de9d3b27d34a296958de2c26a6c94f5821a442,census_build_locked,census2017_other|census2017_population,inputs
raw_data/pbs/Census 2017/pbs_2017_table01/098_mirpur_khas_table1.pdf,41517,ee83f5b6f70096c23c929a82c39bc9bb3504f3ec7c4f7c215afcaa5391407189,census_build_locked,census2017_other|census2017_population,inputs
raw_data/pbs/Census 2017/pbs_2017_table01/099_tharparkar_table1.pdf,39210,630e651f8eb5e2061aba9665d603cf20188c4273038ec03e5d91b40714d0ebca,census_build_locked,census2017_other|census2017_population,inputs
raw_data/pbs/Census 2017/pbs_2017_table01/100_umer_kot_table1.pdf,36862,463fa4abf2834e88bcda6700fdc16a377466247ea6a717dcd6e53d03d9e0c0bd,census_build_locked,census2017_other|census2017_population,inputs
raw_data/pbs/Census 2017/pbs_2017_table01/101_sanghar_table1.pdf,38607,6af3fa0481554e58d5bd15e8c9291567616afb6b8d80b286db3a5fc19adb4f19,census_build_locked,census2017_other|census2017_population,inputs
raw_data/pbs/Census 2017/pbs_2017_table01/102_naushahro_feroze_table1.pdf,37673,738532905189daeaa06dd33b8061a7299da44f17abf8ab75a9ef001be341c2d1,census_build_locked,census2017_other|census2017_population,inputs
raw_data/pbs/Census 2017/pbs_2017_table01/103_shaheed_benazirabad_table1.pdf,36880,98597817021f4c6bf30d11dd6730c19d0025bc31d860ed35a9669b331f6653ef,census_build_locked,census2017_other|census2017_population,inputs
raw_data/pbs/Census 2017/pbs_2017_table01/104_awaran_table1.pdf,37614,848de30340ae59c8ca79ab5de2719ff84d650c4a159b7fbf1d3a35430cd3f820,census_build_locked,census2017_other|census2017_population,inputs
raw_data/pbs/Census 2017/pbs_2017_table01/105_kalat_table1.pdf,41141,827a1aa36c9d2a313f711fbc60d2ff9b827b1528af8f68fcace3c19a55b581da,census_build_locked,census2017_other|census2017_population,inputs
raw_data/pbs/Census 2017/pbs_2017_table01/106_kharan_table1.pdf,35847,6a0730685914ca4ff7519bb07c574a3e8a9f53d2a87a8a9a314dca7a55529544,census_build_locked,census2017_other|census2017_population,inputs
raw_data/pbs/Census 2017/pbs_2017_table01/107_khuzdar_table1.pdf,40486,a31f4756e1c0e1870d7fff93d7a4616ae1476cc73a797efa14891bb4e9adde29,census_build_locked,census2017_other|census2017_population,inputs
raw_data/pbs/Census 2017/pbs_2017_table01/108_lasbela_table1.pdf,40743,09b8e11cf0166d3d4c9d98a8eb3658a17d71aae405d50afde04f470570644981,census_build_locked,census2017_other|census2017_population,inputs
raw_data/pbs/Census 2017/pbs_2017_table01/109_mastung_table1.pdf,36733,d2d93cf663390ec2eacfa04ed34fa551bf8451c3afca943abe8f428aa046ac9f,census_build_locked,census2017_other|census2017_population,inputs
raw_data/pbs/Census 2017/pbs_2017_table01/110_washuk_table1.pdf,38145,53e25ef1637b921c601472076064085b6a53903e26a8cc16cbad65fe67af23e4,census_build_locked,census2017_other|census2017_population,inputs
raw_data/pbs/Census 2017/pbs_2017_table01/111_gwadar_table1.pdf,37760,a5c356ab9213578a624ac76b0f8076e0b2be966b6e0aa4151c12e76083509e6c,census_build_locked,census2017_other|census2017_population,inputs
raw_data/pbs/Census 2017/pbs_2017_table01/112_kech_table1.pdf,39759,c713106588c1927234da2981ce2b89dc83f3a35b1d257e8f884e3b73146e66d4,census_build_locked,census2017_other|census2017_population,inputs
raw_data/pbs/Census 2017/pbs_2017_table01/113_panjgur_table1.pdf,36701,49f8111fd4ba1b6b8f7d09f846a12e522e9005a3f551faa7231de1aec6a87093,census_build_locked,census2017_other|census2017_population,inputs
raw_data/pbs/Census 2017/pbs_2017_table01/114_jaffarabad_table1.pdf,36357,69655b189197eb2225c010aeadc8710a6e62825bb2908a4174c7704fa203eb35,census_build_locked,census2017_other|census2017_population,inputs
raw_data/pbs/Census 2017/pbs_2017_table01/115_jhal_magsi_table1.pdf,36117,5e11e49be0993f88f0557d86ea2551a69f650b0931a2fa086a862f593413c4d7,census_build_locked,census2017_other|census2017_population,inputs
raw_data/pbs/Census 2017/pbs_2017_table01/116_kachhi_table1.pdf,38124,b67e43a0d7ad4586de12dedd7c10a0e7f6e1f9b88fb0c68f29b75602a598a37f,census_build_locked,census2017_other|census2017_population,inputs
raw_data/pbs/Census 2017/pbs_2017_table01/117_nasirabad_table1.pdf,37019,6320f56d5cd4243b1d7790382cc92f07fc88aead5dc2e64564f18e853a1b6e26,census_build_locked,census2017_other|census2017_population,inputs
raw_data/pbs/Census 2017/pbs_2017_table01/118_sohbatpur_table1.pdf,35880,dd3db021888008da2e633bc0f4108e5d8cc1faf5912dc8adc67ac23fa463e473,census_build_locked,census2017_other|census2017_population,inputs
raw_data/pbs/Census 2017/pbs_2017_table01/119_chagai_table1.pdf,36405,17ed49452429bd3c7b62c96e390225fa80d0da2121e3c4b3218bb0f8ff6d6c31,census_build_locked,census2017_other|census2017_population,inputs
raw_data/pbs/Census 2017/pbs_2017_table01/120_killa_abdullah_table1.pdf,36917,5a767e005fa48b1944a6eb14d02577f481175804ea14c916ed0f197a590bfb46,census_build_locked,census2017_other|census2017_population,inputs
raw_data/pbs/Census 2017/pbs_2017_table01/121_nushki_table1.pdf,36380,b9a976fcefd767126f84a94933f334e117042afc13b899df701f5e305a1ef381,census_build_locked,census2017_other|census2017_population,inputs
raw_data/pbs/Census 2017/pbs_2017_table01/122_pishin_table1.pdf,37575,ca0d6b9cbc4aac6d6bfa0d3eeb9a7ddc00416d64fee50d66b7f43b19edef614f,census_build_locked,census2017_other|census2017_population,inputs
raw_data/pbs/Census 2017/pbs_2017_table01/123_quetta_table1.pdf,39249,261f04609774fc9d19492edfb3ede26627b35918f0b709c54e041d4aaa887a0a,census_build_locked,census2017_other|census2017_population,inputs
raw_data/pbs/Census 2017/pbs_2017_table01/124_dera_bugti_table1.pdf,39803,dc90124507e2dfef41e190f7837ccd9dd10c49fd1b2d5cca876f7c4010031008,census_build_locked,census2017_other|census2017_population,inputs
raw_data/pbs/Census 2017/pbs_2017_table01/125_harnai_table1.pdf,36096,d1b7951de6d6dad1eec37502e2a2560e446ee502eba5338d3a78b804d934b71b,census_build_locked,census2017_other|census2017_population,inputs
raw_data/pbs/Census 2017/pbs_2017_table01/126_kohlu_table1.pdf,37233,563fde5324ab9e30bb10f737b15ccdaf566e4b890fea5f3b4749d6c26dd64fe1,census_build_locked,census2017_other|census2017_population,inputs
raw_data/pbs/Census 2017/pbs_2017_table01/127_sibi_table1.pdf,36711,b5ab13399155121b962210b217813ea231e4d8d3fdb66349c651ec961e0fd049,census_build_locked,census2017_other|census2017_population,inputs
raw_data/pbs/Census 2017/pbs_2017_table01/128_ziarat_table1.pdf,35335,98618f4e2f2952fa7885e8a73b7545b90ddc691f51b732110a267bd7424e8e1e,census_build_locked,census2017_other|census2017_population,inputs
raw_data/pbs/Census 2017/pbs_2017_table01/129_barkhan_table1.pdf,34182,e0531159da9865e1f57365cd46642c75336ca19fc07ceabab8982ee7f06ba67d,census_build_locked,census2017_other|census2017_population,inputs
raw_data/pbs/Census 2017/pbs_2017_table01/130_killa_saifullah_table1.pdf,38280,04495e38e31f7397aa41edf0f3d88e1c15d34c8cf72d69eba2c0890a2b7a5692,census_build_locked,census2017_other|census2017_population,inputs
raw_data/pbs/Census 2017/pbs_2017_table01/131_loralai_table1.pdf,36056,f80fe1e5e6c806121b03a9341ef32f726fcc2ede59d1d60e74fbff4063d0dbb1,census_build_locked,census2017_other|census2017_population,inputs
raw_data/pbs/Census 2017/pbs_2017_table01/132_musakhel_table1.pdf,35758,0f133509b1086703e2d29cdf438dbdc192763a4babc647bd1af878294ab47e99,census_build_locked,census2017_other|census2017_population,inputs
raw_data/pbs/Census 2017/pbs_2017_table01/133_sherani_table1.pdf,34297,3f0c9542550a978c5211a2b331a0e4c10bf2dbf8062697595b2679fdb7ba0ef8,census_build_locked,census2017_other|census2017_population,inputs
raw_data/pbs/Census 2017/pbs_2017_table01/134_zhob_table1.pdf,38249,3b65877ddf3ee31b3467c3f965576714747d61b208148e9b50b3b00df15740cc,census_build_locked,census2017_other|census2017_population,inputs
raw_data/pbs/Census 2017/pbs_2017_table01/135_islamabad_table1.pdf,34285,0a501c00b8d12f35e31d915ef532841b59a2fe196896a45a3e06a5318dd3beb1,census_build_locked,census2017_other|census2017_population,inputs
raw_data/pbs/Census 2017/pbs_2017_table01/manifest.csv,29136,7abb7a6eb61abaa25d671386ee85a2703faae8cc074a95ee07b05525afd74fef,census_build_locked,census2017_other|census2017_population,inputs
raw_data/pbs/Census 2017/pbs_2017_table05.zip,7416900,,metadata_only,census2017_other,inputs
raw_data/pbs/Census 2017/pbs_2017_table05/001_bannu_table05.pdf,47669,,metadata_only,census2017_other,inputs
raw_data/pbs/Census 2017/pbs_2017_table05/002_lakki_marwat_table05.pdf,49039,,metadata_only,census2017_other,inputs
raw_data/pbs/Census 2017/pbs_2017_table05/003_dera_ismail_khan_table05.pdf,61874,,metadata_only,census2017_other,inputs
raw_data/pbs/Census 2017/pbs_2017_table05/004_tank_table05.pdf,44041,,metadata_only,census2017_other,inputs
raw_data/pbs/Census 2017/pbs_2017_table05/005_abbottabad_table05.pdf,48427,,metadata_only,census2017_other,inputs
raw_data/pbs/Census 2017/pbs_2017_table05/006_batagram_table05.pdf,46874,,metadata_only,census2017_other,inputs
raw_data/pbs/Census 2017/pbs_2017_table05/007_haripur_table05.pdf,48092,,metadata_only,census2017_other,inputs
raw_data/pbs/Census 2017/pbs_2017_table05/008_mansehra_table05.pdf,52452,,metadata_only,census2017_other,inputs
raw_data/pbs/Census 2017/pbs_2017_table05/009_torghar_table05.pdf,46844,,metadata_only,census2017_other,inputs
raw_data/pbs/Census 2017/pbs_2017_table05/010_kohistan_table05.pdf,53629,,metadata_only,census2017_other,inputs
raw_data/pbs/Census 2017/pbs_2017_table05/011_hangu_table05.pdf,48269,,metadata_only,census2017_other,inputs
raw_data/pbs/Census 2017/pbs_2017_table05/012_karak_table05.pdf,52334,,metadata_only,census2017_other,inputs
raw_data/pbs/Census 2017/pbs_2017_table05/013_kohat_table05.pdf,48702,,metadata_only,census2017_other,inputs
raw_data/pbs/Census 2017/pbs_2017_table05/014_mardan_table05.pdf,52884,,metadata_only,census2017_other,inputs
raw_data/pbs/Census 2017/pbs_2017_table05/015_swabi_table05.pdf,57990,,metadata_only,census2017_other,inputs
raw_data/pbs/Census 2017/pbs_2017_table05/016_charsadda_table05.pdf,53219,,metadata_only,census2017_other,inputs
raw_data/pbs/Census 2017/pbs_2017_table05/017_nowshera_table05.pdf,53560,,metadata_only,census2017_other,inputs
raw_data/pbs/Census 2017/pbs_2017_table05/018_peshawar_table05.pdf,44174,,metadata_only,census2017_other,inputs
raw_data/pbs/Census 2017/pbs_2017_table05/019_buner_table05.pdf,56709,,metadata_only,census2017_other,inputs
raw_data/pbs/Census 2017/pbs_2017_table05/020_chitral_table05.pdf,48152,,metadata_only,census2017_other,inputs
raw_data/pbs/Census 2017/pbs_2017_table05/021_shangla_table05.pdf,50707,,metadata_only,census2017_other,inputs
raw_data/pbs/Census 2017/pbs_2017_table05/022_swat_table05.pdf,71237,,metadata_only,census2017_other,inputs
raw_data/pbs/Census 2017/pbs_2017_table05/023_lower_dir_table05.pdf,57246,,metadata_only,census2017_other,inputs
raw_data/pbs/Census 2017/pbs_2017_table05/024_upper_dir_table05.pdf,52509,,metadata_only,census2017_other,inputs
raw_data/pbs/Census 2017/pbs_2017_table05/025_malakand_protected_area_table05.pdf,49108,,metadata_only,census2017_other,inputs
raw_data/pbs/Census 2017/pbs_2017_table05/026_khyber_table05.pdf,60182,,metadata_only,census2017_other,inputs
raw_data/pbs/Census 2017/pbs_2017_table05/027_kurram_table05.pdf,52936,,metadata_only,census2017_other,inputs
raw_data/pbs/Census 2017/pbs_2017_table05/028_mohmand_table05.pdf,71377,,metadata_only,census2017_other,inputs
raw_data/pbs/Census 2017/pbs_2017_table05/029_north_waziristan_table05.pdf,76314,,metadata_only,census2017_other,inputs
raw_data/pbs/Census 2017/pbs_2017_table05/030_orakzai_table05.pdf,55706,,metadata_only,census2017_other,inputs
raw_data/pbs/Census 2017/pbs_2017_table05/031_south_waziristan_table05.pdf,71963,,metadata_only,census2017_other,inputs
raw_data/pbs/Census 2017/pbs_2017_table05/032_bajaur_table05.pdf,133435,,metadata_only,census2017_other,inputs
raw_data/pbs/Census 2017/pbs_2017_table05/033_fr_bannu_table05.pdf,36548,,metadata_only,census2017_other,inputs
raw_data/pbs/Census 2017/pbs_2017_table05/034_fr_dikhan_table05.pdf,42993,,metadata_only,census2017_other,inputs
raw_data/pbs/Census 2017/pbs_2017_table05/035_fr_kohat_table05.pdf,43083,,metadata_only,census2017_other,inputs
raw_data/pbs/Census 2017/pbs_2017_table05/036_fr_lakki_marwat_table05.pdf,42855,,metadata_only,census2017_other,inputs
raw_data/pbs/Census 2017/pbs_2017_table05/037_fr_peshawar_table05.pdf,43094,,metadata_only,census2017_other,inputs
raw_data/pbs/Census 2017/pbs_2017_table05/038_fr_tank_table05.pdf,42676,,metadata_only,census2017_other,inputs
raw_data/pbs/Census 2017/pbs_2017_table05/039_attock_table05.pdf,65656,,metadata_only,census2017_other,inputs
raw_data/pbs/Census 2017/pbs_2017_table05/040_chakwal_table05.pdf,62287,,metadata_only,census2017_other,inputs
raw_data/pbs/Census 2017/pbs_2017_table05/041_jhelum_table05.pdf,58263,,metadata_only,census2017_other,inputs
raw_data/pbs/Census 2017/pbs_2017_table05/042_rawalpindi_table05.pdf,58539,,metadata_only,census2017_other,inputs
raw_data/pbs/Census 2017/pbs_2017_table05/043_bhakkar_table05.pdf,57944,,metadata_only,census2017_other,inputs
raw_data/pbs/Census 2017/pbs_2017_table05/044_khushab_table05.pdf,58228,,metadata_only,census2017_other,inputs
raw_data/pbs/Census 2017/pbs_2017_table05/045_sargodha_table05.pdf,68863,,metadata_only,census2017_other,inputs
raw_data/pbs/Census 2017/pbs_2017_table05/046_mianwali_table05.pdf,53743,,metadata_only,census2017_other,inputs
raw_data/pbs/Census 2017/pbs_2017_table05/047_gujranwala_table05.pdf,70048,,metadata_only,census2017_other,inputs
raw_data/pbs/Census 2017/pbs_2017_table05/048_gujrat_table05.pdf,53692,,metadata_only,census2017_other,inputs
raw_data/pbs/Census 2017/pbs_2017_table05/049_hafizabad_table05.pdf,48642,,metadata_only,census2017_other,inputs
raw_data/pbs/Census 2017/pbs_2017_table05/050_mandi_bahauddin_table05.pdf,53797,,metadata_only,census2017_other,inputs
raw_data/pbs/Census 2017/pbs_2017_table05/051_narowal_table05.pdf,54162,,metadata_only,census2017_other,inputs
raw_data/pbs/Census 2017/pbs_2017_table05/052_sialkot_table05.pdf,56360,,metadata_only,census2017_other,inputs
raw_data/pbs/Census 2017/pbs_2017_table05/053_lahore_table05.pdf,60217,,metadata_only,census2017_other,inputs
raw_data/pbs/Census 2017/pbs_2017_table05/054_kasur_table05.pdf,56265,,metadata_only,census2017_other,inputs
raw_data/pbs/Census 2017/pbs_2017_table05/055_nankana_sahib_table05.pdf,51982,,metadata_only,census2017_other,inputs
raw_data/pbs/Census 2017/pbs_2017_table05/056_sheikhupura_table05.pdf,61015,,metadata_only,census2017_other,inputs
raw_data/pbs/Census 2017/pbs_2017_table05/057_faisalabad_table05.pdf,67089,,metadata_only,census2017_other,inputs
raw_data/pbs/Census 2017/pbs_2017_table05/058_chiniot_table05.pdf,53325,,metadata_only,census2017_other,inputs
raw_data/pbs/Census 2017/pbs_2017_table05/059_jhang_table05.pdf,58406,,metadata_only,census2017_other,inputs
raw_data/pbs/Census 2017/pbs_2017_table05/060_toba_tek_singh_table05.pdf,56388,,metadata_only,census2017_other,inputs
raw_data/pbs/Census 2017/pbs_2017_table05/061_sahiwal_table05.pdf,47719,,metadata_only,census2017_other,inputs
raw_data/pbs/Census 2017/pbs_2017_table05/062_okara_table05.pdf,53405,,metadata_only,census2017_other,inputs
raw_data/pbs/Census 2017/pbs_2017_table05/063_pakpattan_table05.pdf,49356,,metadata_only,census2017_other,inputs
raw_data/pbs/Census 2017/pbs_2017_table05/064_bahawalnagar_table05.pdf,62386,,metadata_only,census2017_other,inputs
raw_data/pbs/Census 2017/pbs_2017_table05/065_bahawalpur_table05.pdf,67474,,metadata_only,census2017_other,inputs
raw_data/pbs/Census 2017/pbs_2017_table05/066_rahim_yar_khan_table05.pdf,62795,,metadata_only,census2017_other,inputs
raw_data/pbs/Census 2017/pbs_2017_table05/067_dera_ghazi_khan_table05.pdf,58052,,metadata_only,census2017_other,inputs
raw_data/pbs/Census 2017/pbs_2017_table05/068_rajanpur_table05.pdf,72118,,metadata_only,census2017_other,inputs
raw_data/pbs/Census 2017/pbs_2017_table05/069_layyah_table05.pdf,53262,,metadata_only,census2017_other,inputs
raw_data/pbs/Census 2017/pbs_2017_table05/070_muzaffargarh_table05.pdf,58659,,metadata_only,census2017_other,inputs
raw_data/pbs/Census 2017/pbs_2017_table05/071_multan_table05.pdf,58670,,metadata_only,census2017_other,inputs
raw_data/pbs/Census 2017/pbs_2017_table05/072_khanewal_table05.pdf,58410,,metadata_only,census2017_other,inputs
raw_data/pbs/Census 2017/pbs_2017_table05/073_lodhran_table05.pdf,53158,,metadata_only,census2017_other,inputs
raw_data/pbs/Census 2017/pbs_2017_table05/074_vehari_table05.pdf,52056,,metadata_only,census2017_other,inputs
raw_data/pbs/Census 2017/pbs_2017_table05/075_jacobabad_table05.pdf,53171,,metadata_only,census2017_other,inputs
raw_data/pbs/Census 2017/pbs_2017_table05/076_kashmor_table05.pdf,53667,,metadata_only,census2017_other,inputs
raw_data/pbs/Census 2017/pbs_2017_table05/077_kambar_shahdad_kot_table05.pdf,71460,,metadata_only,census2017_other,inputs
raw_data/pbs/Census 2017/pbs_2017_table05/078_larkana_table05.pdf,57499,,metadata_only,census2017_other,inputs
raw_data/pbs/Census 2017/pbs_2017_table05/079_shikarpur_table05.pdf,57327,,metadata_only,census2017_other,inputs
raw_data/pbs/Census 2017/pbs_2017_table05/080_ghotki_table05.pdf,62271,,metadata_only,census2017_other,inputs
raw_data/pbs/Census 2017/pbs_2017_table05/081_khairpur_table05.pdf,76206,,metadata_only,census2017_other,inputs
raw_data/pbs/Census 2017/pbs_2017_table05/082_sukkur_table05.pdf,62372,,metadata_only,census2017_other,inputs
raw_data/pbs/Census 2017/pbs_2017_table05/083_badin_table05.pdf,62241,,metadata_only,census2017_other,inputs
raw_data/pbs/Census 2017/pbs_2017_table05/084_dadu_table05.pdf,58022,,metadata_only,census2017_other,inputs
raw_data/pbs/Census 2017/pbs_2017_table05/085_hyderabad_table05.pdf,56729,,metadata_only,census2017_other,inputs
raw_data/pbs/Census 2017/pbs_2017_table05/086_jamshoro_table05.pdf,58131,,metadata_only,census2017_other,inputs
raw_data/pbs/Census 2017/pbs_2017_table05/087_matiari_table05.pdf,52931,,metadata_only,census2017_other,inputs
raw_data/pbs/Census 2017/pbs_2017_table05/088_sujawal_table05.pdf,61837,,metadata_only,census2017_other,inputs
raw_data/pbs/Census 2017/pbs_2017_table05/089_tando_allahyar_table05.pdf,52947,,metadata_only,census2017_other,inputs
raw_data/pbs/Census 2017/pbs_2017_table05/090_tando_muhammad_khan_table05.pdf,53066,,metadata_only,census2017_other,inputs
raw_data/pbs/Census 2017/pbs_2017_table05/091_thatta_table05.pdf,57326,,metadata_only,census2017_other,inputs
raw_data/pbs/Census 2017/pbs_2017_table05/092_karachi_central_table05.pdf,61054,,metadata_only,census2017_other,inputs
raw_data/pbs/Census 2017/pbs_2017_table05/093_karachi_east_table05.pdf,56547,,metadata_only,census2017_other,inputs
raw_data/pbs/Census 2017/pbs_2017_table05/094_karachi_south_table05.pdf,59743,,metadata_only,census2017_other,inputs
raw_data/pbs/Census 2017/pbs_2017_table05/095_karachi_west_table05.pdf,69811,,metadata_only,census2017_other,inputs
raw_data/pbs/Census 2017/pbs_2017_table05/096_korangi_table05.pdf,55936,,metadata_only,census2017_other,inputs
raw_data/pbs/Census 2017/pbs_2017_table05/097_malir_table05.pdf,65360,,metadata_only,census2017_other,inputs
raw_data/pbs/Census 2017/pbs_2017_table05/098_mirpur_khas_table05.pdf,78698,,metadata_only,census2017_other,inputs
raw_data/pbs/Census 2017/pbs_2017_table05/099_tharparkar_table05.pdf,70452,,metadata_only,census2017_other,inputs
raw_data/pbs/Census 2017/pbs_2017_table05/100_umer_kot_table05.pdf,57660,,metadata_only,census2017_other,inputs
raw_data/pbs/Census 2017/pbs_2017_table05/101_sanghar_table05.pdf,64110,,metadata_only,census2017_other,inputs
raw_data/pbs/Census 2017/pbs_2017_table05/102_naushahro_feroze_table05.pdf,61957,,metadata_only,census2017_other,inputs
raw_data/pbs/Census 2017/pbs_2017_table05/103_shaheed_benazirabad_table05.pdf,58693,,metadata_only,census2017_other,inputs
raw_data/pbs/Census 2017/pbs_2017_table05/104_awaran_table05.pdf,56568,,metadata_only,census2017_other,inputs
raw_data/pbs/Census 2017/pbs_2017_table05/105_kalat_table05.pdf,60804,,metadata_only,census2017_other,inputs
raw_data/pbs/Census 2017/pbs_2017_table05/106_kharan_table05.pdf,51724,,metadata_only,census2017_other,inputs
raw_data/pbs/Census 2017/pbs_2017_table05/107_khuzdar_table05.pdf,77822,,metadata_only,census2017_other,inputs
raw_data/pbs/Census 2017/pbs_2017_table05/108_lasbela_table05.pdf,78374,,metadata_only,census2017_other,inputs
raw_data/pbs/Census 2017/pbs_2017_table05/109_mastung_table05.pdf,55962,,metadata_only,census2017_other,inputs
raw_data/pbs/Census 2017/pbs_2017_table05/110_washuk_table05.pdf,59627,,metadata_only,census2017_other,inputs
raw_data/pbs/Census 2017/pbs_2017_table05/111_gwadar_table05.pdf,61153,,metadata_only,census2017_other,inputs
raw_data/pbs/Census 2017/pbs_2017_table05/112_kech_table05.pdf,73699,,metadata_only,census2017_other,inputs
raw_data/pbs/Census 2017/pbs_2017_table05/113_panjgur_table05.pdf,56633,,metadata_only,census2017_other,inputs
raw_data/pbs/Census 2017/pbs_2017_table05/114_jaffarabad_table05.pdf,52905,,metadata_only,census2017_other,inputs
raw_data/pbs/Census 2017/pbs_2017_table05/115_jhal_magsi_table05.pdf,51886,,metadata_only,census2017_other,inputs
raw_data/pbs/Census 2017/pbs_2017_table05/116_kachhi_table05.pdf,70407,,metadata_only,census2017_other,inputs
raw_data/pbs/Census 2017/pbs_2017_table05/117_nasirabad_table05.pdf,56187,,metadata_only,census2017_other,inputs
raw_data/pbs/Census 2017/pbs_2017_table05/118_sohbatpur_table05.pdf,51614,,metadata_only,census2017_other,inputs
raw_data/pbs/Census 2017/pbs_2017_table05/119_chagai_table05.pdf,55573,,metadata_only,census2017_other,inputs
raw_data/pbs/Census 2017/pbs_2017_table05/120_killa_abdullah_table05.pdf,56071,,metadata_only,census2017_other,inputs
raw_data/pbs/Census 2017/pbs_2017_table05/121_nushki_table05.pdf,43777,,metadata_only,census2017_other,inputs
raw_data/pbs/Census 2017/pbs_2017_table05/122_pishin_table05.pdf,61681,,metadata_only,census2017_other,inputs
raw_data/pbs/Census 2017/pbs_2017_table05/123_quetta_table05.pdf,52663,,metadata_only,census2017_other,inputs
raw_data/pbs/Census 2017/pbs_2017_table05/124_dera_bugti_table05.pdf,74359,,metadata_only,census2017_other,inputs
raw_data/pbs/Census 2017/pbs_2017_table05/125_harnai_table05.pdf,52050,,metadata_only,census2017_other,inputs
raw_data/pbs/Census 2017/pbs_2017_table05/126_kohlu_table05.pdf,59712,,metadata_only,census2017_other,inputs
raw_data/pbs/Census 2017/pbs_2017_table05/127_sibi_table05.pdf,60837,,metadata_only,census2017_other,inputs
raw_data/pbs/Census 2017/pbs_2017_table05/128_ziarat_table05.pdf,48305,,metadata_only,census2017_other,inputs
raw_data/pbs/Census 2017/pbs_2017_table05/129_barkhan_table05.pdf,43672,,metadata_only,census2017_other,inputs
raw_data/pbs/Census 2017/pbs_2017_table05/130_killa_saifullah_table05.pdf,64376,,metadata_only,census2017_other,inputs
raw_data/pbs/Census 2017/pbs_2017_table05/131_loralai_table05.pdf,52572,,metadata_only,census2017_other,inputs
raw_data/pbs/Census 2017/pbs_2017_table05/132_musakhel_table05.pdf,52004,,metadata_only,census2017_other,inputs
raw_data/pbs/Census 2017/pbs_2017_table05/133_sherani_table05.pdf,42911,,metadata_only,census2017_other,inputs
raw_data/pbs/Census 2017/pbs_2017_table05/134_zhob_table05.pdf,64102,,metadata_only,census2017_other,inputs
raw_data/pbs/Census 2017/pbs_2017_table05/135_islamabad_table05.pdf,44002,,metadata_only,census2017_other,inputs
raw_data/pbs/Census 2017/pbs_2017_table05/manifest.csv,30627,,metadata_only,census2017_other,inputs
raw_data/pbs/Census 2017/pbs_2017_table12.zip,25555879,,metadata_only,census2017_other,inputs
raw_data/pbs/Census 2017/pbs_2017_table12/001_bannu_table12.pdf,137277,,metadata_only,census2017_other,inputs
raw_data/pbs/Census 2017/pbs_2017_table12/002_lakki_marwat_table12.pdf,140260,,metadata_only,census2017_other,inputs
raw_data/pbs/Census 2017/pbs_2017_table12/003_dera_ismail_khan_table12.pdf,248039,,metadata_only,census2017_other,inputs
raw_data/pbs/Census 2017/pbs_2017_table12/004_tank_table12.pdf,90714,,metadata_only,census2017_other,inputs
raw_data/pbs/Census 2017/pbs_2017_table12/005_abbottabad_table12.pdf,138739,,metadata_only,census2017_other,inputs
raw_data/pbs/Census 2017/pbs_2017_table12/006_batagram_table12.pdf,59375,,metadata_only,census2017_other,inputs
raw_data/pbs/Census 2017/pbs_2017_table12/007_haripur_table12.pdf,137555,,metadata_only,census2017_other,inputs
raw_data/pbs/Census 2017/pbs_2017_table12/008_mansehra_table12.pdf,172492,,metadata_only,census2017_other,inputs
raw_data/pbs/Census 2017/pbs_2017_table12/009_torghar_table12.pdf,135372,,metadata_only,census2017_other,inputs
raw_data/pbs/Census 2017/pbs_2017_table12/010_kohistan_table12.pdf,51694,,metadata_only,census2017_other,inputs
raw_data/pbs/Census 2017/pbs_2017_table12/011_hangu_table12.pdf,136964,,metadata_only,census2017_other,inputs
raw_data/pbs/Census 2017/pbs_2017_table12/012_karak_table12.pdf,172007,,metadata_only,census2017_other,inputs
raw_data/pbs/Census 2017/pbs_2017_table12/013_kohat_table12.pdf,141272,,metadata_only,census2017_other,inputs
raw_data/pbs/Census 2017/pbs_2017_table12/014_mardan_table12.pdf,180095,,metadata_only,census2017_other,inputs
raw_data/pbs/Census 2017/pbs_2017_table12/015_swabi_table12.pdf,211680,,metadata_only,census2017_other,inputs
raw_data/pbs/Census 2017/pbs_2017_table12/016_charsadda_table12.pdf,174296,,metadata_only,census2017_other,inputs
raw_data/pbs/Census 2017/pbs_2017_table12/017_nowshera_table12.pdf,175979,,metadata_only,census2017_other,inputs
raw_data/pbs/Census 2017/pbs_2017_table12/018_peshawar_table12.pdf,94381,,metadata_only,census2017_other,inputs
raw_data/pbs/Census 2017/pbs_2017_table12/019_buner_table12.pdf,205383,,metadata_only,census2017_other,inputs
raw_data/pbs/Census 2017/pbs_2017_table12/020_chitral_table12.pdf,136012,,metadata_only,census2017_other,inputs
raw_data/pbs/Census 2017/pbs_2017_table12/021_shangla_table12.pdf,172083,,metadata_only,census2017_other,inputs
raw_data/pbs/Census 2017/pbs_2017_table12/022_swat_table12.pdf,324166,,metadata_only,census2017_other,inputs
raw_data/pbs/Census 2017/pbs_2017_table12/023_lower_dir_table12.pdf,209573,,metadata_only,census2017_other,inputs
raw_data/pbs/Census 2017/pbs_2017_table12/024_upper_dir_table12.pdf,159759,,metadata_only,census2017_other,inputs
raw_data/pbs/Census 2017/pbs_2017_table12/025_malakand_protected_area_table12.pdf,136982,,metadata_only,census2017_other,inputs
raw_data/pbs/Census 2017/pbs_2017_table12/026_khyber_table12.pdf,227452,,metadata_only,census2017_other,inputs
raw_data/pbs/Census 2017/pbs_2017_table12/027_kurram_table12.pdf,183238,,metadata_only,census2017_other,inputs
raw_data/pbs/Census 2017/pbs_2017_table12/028_mohmand_table12.pdf,321163,,metadata_only,census2017_other,inputs
raw_data/pbs/Census 2017/pbs_2017_table12/029_north_waziristan_table12.pdf,383574,,metadata_only,census2017_other,inputs
raw_data/pbs/Census 2017/pbs_2017_table12/030_orakzai_table12.pdf,216165,,metadata_only,census2017_other,inputs
raw_data/pbs/Census 2017/pbs_2017_table12/031_south_waziristan_table12.pdf,368883,,metadata_only,census2017_other,inputs
raw_data/pbs/Census 2017/pbs_2017_table12/032_bajaur_table12.pdf,953898,,metadata_only,census2017_other,inputs
raw_data/pbs/Census 2017/pbs_2017_table12/033_fr_bannu_table12.pdf,234678,,metadata_only,census2017_other,inputs
raw_data/pbs/Census 2017/pbs_2017_table12/034_fr_dikhan_table12.pdf,103214,,metadata_only,census2017_other,inputs
raw_data/pbs/Census 2017/pbs_2017_table12/035_fr_kohat_table12.pdf,104285,,metadata_only,census2017_other,inputs
raw_data/pbs/Census 2017/pbs_2017_table12/036_fr_lakki_marwat_table12.pdf,99306,,metadata_only,census2017_other,inputs
raw_data/pbs/Census 2017/pbs_2017_table12/037_fr_peshawar_table12.pdf,102112,,metadata_only,census2017_other,inputs
raw_data/pbs/Census 2017/pbs_2017_table12/038_fr_tank_table12.pdf,100740,,metadata_only,census2017_other,inputs
raw_data/pbs/Census 2017/pbs_2017_table12/039_attock_table12.pdf,299298,,metadata_only,census2017_other,inputs
raw_data/pbs/Census 2017/pbs_2017_table12/040_chakwal_table12.pdf,261982,,metadata_only,census2017_other,inputs
raw_data/pbs/Census 2017/pbs_2017_table12/041_jhelum_table12.pdf,208272,,metadata_only,census2017_other,inputs
raw_data/pbs/Census 2017/pbs_2017_table12/042_rawalpindi_table12.pdf,323668,,metadata_only,census2017_other,inputs
raw_data/pbs/Census 2017/pbs_2017_table12/043_bhakkar_table12.pdf,213572,,metadata_only,census2017_other,inputs
raw_data/pbs/Census 2017/pbs_2017_table12/044_khushab_table12.pdf,218978,,metadata_only,census2017_other,inputs
raw_data/pbs/Census 2017/pbs_2017_table12/045_sargodha_table12.pdf,344526,,metadata_only,census2017_other,inputs
raw_data/pbs/Census 2017/pbs_2017_table12/046_mianwali_table12.pdf,190527,,metadata_only,census2017_other,inputs
raw_data/pbs/Census 2017/pbs_2017_table12/047_gujranwala_table12.pdf,290838,,metadata_only,census2017_other,inputs
raw_data/pbs/Census 2017/pbs_2017_table12/048_gujrat_table12.pdf,184706,,metadata_only,census2017_other,inputs
raw_data/pbs/Census 2017/pbs_2017_table12/049_hafizabad_table12.pdf,147382,,metadata_only,census2017_other,inputs
raw_data/pbs/Census 2017/pbs_2017_table12/050_mandi_bahauddin_table12.pdf,174310,,metadata_only,census2017_other,inputs
raw_data/pbs/Census 2017/pbs_2017_table12/051_narowal_table12.pdf,179263,,metadata_only,census2017_other,inputs
raw_data/pbs/Census 2017/pbs_2017_table12/052_sialkot_table12.pdf,227200,,metadata_only,census2017_other,inputs
raw_data/pbs/Census 2017/pbs_2017_table12/053_lahore_table12.pdf,257857,,metadata_only,census2017_other,inputs
raw_data/pbs/Census 2017/pbs_2017_table12/054_kasur_table12.pdf,217428,,metadata_only,census2017_other,inputs
raw_data/pbs/Census 2017/pbs_2017_table12/055_nankana_sahib_table12.pdf,184525,,metadata_only,census2017_other,inputs
raw_data/pbs/Census 2017/pbs_2017_table12/056_sheikhupura_table12.pdf,269775,,metadata_only,census2017_other,inputs
raw_data/pbs/Census 2017/pbs_2017_table12/057_faisalabad_table12.pdf,304974,,metadata_only,census2017_other,inputs
raw_data/pbs/Census 2017/pbs_2017_table12/058_chiniot_table12.pdf,181801,,metadata_only,census2017_other,inputs
raw_data/pbs/Census 2017/pbs_2017_table12/059_jhang_table12.pdf,225305,,metadata_only,census2017_other,inputs
raw_data/pbs/Census 2017/pbs_2017_table12/060_toba_tek_singh_table12.pdf,221099,,metadata_only,census2017_other,inputs
raw_data/pbs/Census 2017/pbs_2017_table12/061_sahiwal_table12.pdf,151666,,metadata_only,census2017_other,inputs
raw_data/pbs/Census 2017/pbs_2017_table12/062_okara_table12.pdf,193519,,metadata_only,census2017_other,inputs
raw_data/pbs/Census 2017/pbs_2017_table12/063_pakpattan_table12.pdf,142537,,metadata_only,census2017_other,inputs
raw_data/pbs/Census 2017/pbs_2017_table12/064_bahawalnagar_table12.pdf,258786,,metadata_only,census2017_other,inputs
raw_data/pbs/Census 2017/pbs_2017_table12/065_bahawalpur_table12.pdf,291825,,metadata_only,census2017_other,inputs
raw_data/pbs/Census 2017/pbs_2017_table12/066_rahim_yar_khan_table12.pdf,223907,,metadata_only,census2017_other,inputs
raw_data/pbs/Census 2017/pbs_2017_table12/067_dera_ghazi_khan_table12.pdf,228934,,metadata_only,census2017_other,inputs
raw_data/pbs/Census 2017/pbs_2017_table12/068_rajanpur_table12.pdf,236621,,metadata_only,census2017_other,inputs
raw_data/pbs/Census 2017/pbs_2017_table12/069_layyah_table12.pdf,187556,,metadata_only,census2017_other,inputs
raw_data/pbs/Census 2017/pbs_2017_table12/070_muzaffargarh_table12.pdf,215573,,metadata_only,census2017_other,inputs
raw_data/pbs/Census 2017/pbs_2017_table12/071_multan_table12.pdf,213460,,metadata_only,census2017_other,inputs
raw_data/pbs/Census 2017/pbs_2017_table12/072_khanewal_table12.pdf,228634,,metadata_only,census2017_other,inputs
raw_data/pbs/Census 2017/pbs_2017_table12/073_lodhran_table12.pdf,186358,,metadata_only,census2017_other,inputs
raw_data/pbs/Census 2017/pbs_2017_table12/074_vehari_table12.pdf,187925,,metadata_only,census2017_other,inputs
raw_data/pbs/Census 2017/pbs_2017_table12/075_jacobabad_table12.pdf,174309,,metadata_only,census2017_other,inputs
raw_data/pbs/Census 2017/pbs_2017_table12/076_kashmor_table12.pdf,175971,,metadata_only,census2017_other,inputs
raw_data/pbs/Census 2017/pbs_2017_table12/077_kambar_shahdad_kot_table12.pdf,319711,,metadata_only,census2017_other,inputs
raw_data/pbs/Census 2017/pbs_2017_table12/078_larkana_table12.pdf,212573,,metadata_only,census2017_other,inputs
raw_data/pbs/Census 2017/pbs_2017_table12/079_shikarpur_table12.pdf,210164,,metadata_only,census2017_other,inputs
raw_data/pbs/Census 2017/pbs_2017_table12/080_ghotki_table12.pdf,248619,,metadata_only,census2017_other,inputs
raw_data/pbs/Census 2017/pbs_2017_table12/081_khairpur_table12.pdf,355296,,metadata_only,census2017_other,inputs
raw_data/pbs/Census 2017/pbs_2017_table12/082_sukkur_table12.pdf,248280,,metadata_only,census2017_other,inputs
raw_data/pbs/Census 2017/pbs_2017_table12/083_badin_table12.pdf,249043,,metadata_only,census2017_other,inputs
raw_data/pbs/Census 2017/pbs_2017_table12/084_dadu_table12.pdf,211934,,metadata_only,census2017_other,inputs
raw_data/pbs/Census 2017/pbs_2017_table12/085_hyderabad_table12.pdf,210099,,metadata_only,census2017_other,inputs
raw_data/pbs/Census 2017/pbs_2017_table12/086_jamshoro_table12.pdf,211715,,metadata_only,census2017_other,inputs
raw_data/pbs/Census 2017/pbs_2017_table12/087_matiari_table12.pdf,173746,,metadata_only,census2017_other,inputs
raw_data/pbs/Census 2017/pbs_2017_table12/088_sujawal_table12.pdf,250444,,metadata_only,census2017_other,inputs
raw_data/pbs/Census 2017/pbs_2017_table12/089_tando_allahyar_table12.pdf,174170,,metadata_only,census2017_other,inputs
raw_data/pbs/Census 2017/pbs_2017_table12/090_tando_muhammad_khan_table12.pdf,174136,,metadata_only,census2017_other,inputs
raw_data/pbs/Census 2017/pbs_2017_table12/091_thatta_table12.pdf,209552,,metadata_only,census2017_other,inputs
raw_data/pbs/Census 2017/pbs_2017_table12/092_karachi_central_table12.pdf,243586,,metadata_only,census2017_other,inputs
raw_data/pbs/Census 2017/pbs_2017_table12/093_karachi_east_table12.pdf,207959,,metadata_only,census2017_other,inputs
raw_data/pbs/Census 2017/pbs_2017_table12/094_karachi_south_table12.pdf,240147,,metadata_only,census2017_other,inputs
raw_data/pbs/Census 2017/pbs_2017_table12/095_karachi_west_table12.pdf,317962,,metadata_only,census2017_other,inputs
raw_data/pbs/Census 2017/pbs_2017_table12/096_korangi_table12.pdf,207227,,metadata_only,census2017_other,inputs
raw_data/pbs/Census 2017/pbs_2017_table12/097_malir_table12.pdf,279156,,metadata_only,census2017_other,inputs
raw_data/pbs/Census 2017/pbs_2017_table12/098_mirpur_khas_table12.pdf,317637,,metadata_only,census2017_other,inputs
raw_data/pbs/Census 2017/pbs_2017_table12/099_tharparkar_table12.pdf,317567,,metadata_only,census2017_other,inputs
raw_data/pbs/Census 2017/pbs_2017_table12/100_umer_kot_table12.pdf,210467,,metadata_only,census2017_other,inputs
raw_data/pbs/Census 2017/pbs_2017_table12/101_sanghar_table12.pdf,287244,,metadata_only,census2017_other,inputs
raw_data/pbs/Census 2017/pbs_2017_table12/102_naushahro_feroze_table12.pdf,248374,,metadata_only,census2017_other,inputs
raw_data/pbs/Census 2017/pbs_2017_table12/103_shaheed_benazirabad_table12.pdf,212989,,metadata_only,census2017_other,inputs
raw_data/pbs/Census 2017/pbs_2017_table12/104_awaran_table12.pdf,203421,,metadata_only,census2017_other,inputs
raw_data/pbs/Census 2017/pbs_2017_table12/105_kalat_table12.pdf,241893,,metadata_only,census2017_other,inputs
raw_data/pbs/Census 2017/pbs_2017_table12/106_kharan_table12.pdf,169483,,metadata_only,census2017_other,inputs
raw_data/pbs/Census 2017/pbs_2017_table12/107_khuzdar_table12.pdf,385125,,metadata_only,census2017_other,inputs
raw_data/pbs/Census 2017/pbs_2017_table12/108_lasbela_table12.pdf,385503,,metadata_only,census2017_other,inputs
raw_data/pbs/Census 2017/pbs_2017_table12/109_mastung_table12.pdf,202780,,metadata_only,census2017_other,inputs
raw_data/pbs/Census 2017/pbs_2017_table12/110_washuk_table12.pdf,237175,,metadata_only,census2017_other,inputs
raw_data/pbs/Census 2017/pbs_2017_table12/111_gwadar_table12.pdf,242108,,metadata_only,census2017_other,inputs
raw_data/pbs/Census 2017/pbs_2017_table12/112_kech_table12.pdf,347099,,metadata_only,census2017_other,inputs
raw_data/pbs/Census 2017/pbs_2017_table12/113_panjgur_table12.pdf,205143,,metadata_only,census2017_other,inputs
raw_data/pbs/Census 2017/pbs_2017_table12/114_jaffarabad_table12.pdf,473589,,metadata_only,census2017_other,inputs
raw_data/pbs/Census 2017/pbs_2017_table12/115_jhal_magsi_table12.pdf,171789,,metadata_only,census2017_other,inputs
raw_data/pbs/Census 2017/pbs_2017_table12/116_kachhi_table12.pdf,272544,,metadata_only,census2017_other,inputs
raw_data/pbs/Census 2017/pbs_2017_table12/117_nasirabad_table12.pdf,205089,,metadata_only,census2017_other,inputs
raw_data/pbs/Census 2017/pbs_2017_table12/118_sohbatpur_table12.pdf,170016,,metadata_only,census2017_other,inputs
raw_data/pbs/Census 2017/pbs_2017_table12/119_chagai_table12.pdf,202787,,metadata_only,census2017_other,inputs
raw_data/pbs/Census 2017/pbs_2017_table12/120_killa_abdullah_table12.pdf,209867,,metadata_only,census2017_other,inputs
raw_data/pbs/Census 2017/pbs_2017_table12/121_nushki_table12.pdf,90916,,metadata_only,census2017_other,inputs
raw_data/pbs/Census 2017/pbs_2017_table12/122_pishin_table12.pdf,247407,,metadata_only,census2017_other,inputs
raw_data/pbs/Census 2017/pbs_2017_table12/123_quetta_table12.pdf,175930,,metadata_only,census2017_other,inputs
raw_data/pbs/Census 2017/pbs_2017_table12/124_dera_bugti_table12.pdf,342420,,metadata_only,census2017_other,inputs
raw_data/pbs/Census 2017/pbs_2017_table12/125_harnai_table12.pdf,169862,,metadata_only,census2017_other,inputs
raw_data/pbs/Census 2017/pbs_2017_table12/126_kohlu_table12.pdf,238063,,metadata_only,census2017_other,inputs
raw_data/pbs/Census 2017/pbs_2017_table12/127_sibi_table12.pdf,215582,,metadata_only,census2017_other,inputs
raw_data/pbs/Census 2017/pbs_2017_table12/128_ziarat_table12.pdf,136776,,metadata_only,census2017_other,inputs
raw_data/pbs/Census 2017/pbs_2017_table12/129_barkhan_table12.pdf,90155,,metadata_only,census2017_other,inputs
raw_data/pbs/Census 2017/pbs_2017_table12/130_killa_saifullah_table12.pdf,273776,,metadata_only,census2017_other,inputs
raw_data/pbs/Census 2017/pbs_2017_table12/131_loralai_table12.pdf,175631,,metadata_only,census2017_other,inputs
raw_data/pbs/Census 2017/pbs_2017_table12/132_musakhel_table12.pdf,171422,,metadata_only,census2017_other,inputs
raw_data/pbs/Census 2017/pbs_2017_table12/133_sherani_table12.pdf,87626,,metadata_only,census2017_other,inputs
raw_data/pbs/Census 2017/pbs_2017_table12/134_zhob_table12.pdf,250089,,metadata_only,census2017_other,inputs
raw_data/pbs/Census 2017/pbs_2017_table12/135_islamabad_table12.pdf,94551,,metadata_only,census2017_other,inputs
raw_data/pbs/Census 2017/pbs_2017_table12/manifest.csv,21300,,metadata_only,census2017_other,inputs
raw_data/pbs/Census 2017/pbs_2017_table12/pbs_table12_to_csv.py,12066,,metadata_only,census2017_other,inputs
raw_data/pbs/Census 2017/pbs_2017_table14.zip,33463845,,metadata_only,census2017_other,inputs
raw_data/pbs/Census 2017/pbs_2017_table14/001_bannu_table14.pdf,177313,,metadata_only,census2017_other,inputs
raw_data/pbs/Census 2017/pbs_2017_table14/002_lakki_marwat_table14.pdf,185243,,metadata_only,census2017_other,inputs
raw_data/pbs/Census 2017/pbs_2017_table14/003_dera_ismail_khan_table14.pdf,329834,,metadata_only,census2017_other,inputs
raw_data/pbs/Census 2017/pbs_2017_table14/004_tank_table14.pdf,120446,,metadata_only,census2017_other,inputs
raw_data/pbs/Census 2017/pbs_2017_table14/005_abbottabad_table14.pdf,181807,,metadata_only,census2017_other,inputs
raw_data/pbs/Census 2017/pbs_2017_table14/006_batagram_table14.pdf,179763,,metadata_only,census2017_other,inputs
raw_data/pbs/Census 2017/pbs_2017_table14/007_haripur_table14.pdf,179631,,metadata_only,census2017_other,inputs
raw_data/pbs/Census 2017/pbs_2017_table14/008_mansehra_table14.pdf,240082,,metadata_only,census2017_other,inputs
raw_data/pbs/Census 2017/pbs_2017_table14/009_torghar_table14.pdf,175809,,metadata_only,census2017_other,inputs
raw_data/pbs/Census 2017/pbs_2017_table14/010_kohistan_table14.pdf,63296,,metadata_only,census2017_other,inputs
raw_data/pbs/Census 2017/pbs_2017_table14/011_hangu_table14.pdf,187660,,metadata_only,census2017_other,inputs
raw_data/pbs/Census 2017/pbs_2017_table14/012_karak_table14.pdf,235404,,metadata_only,census2017_other,inputs
raw_data/pbs/Census 2017/pbs_2017_table14/013_kohat_table14.pdf,191422,,metadata_only,census2017_other,inputs
raw_data/pbs/Census 2017/pbs_2017_table14/014_mardan_table14.pdf,239845,,metadata_only,census2017_other,inputs
raw_data/pbs/Census 2017/pbs_2017_table14/015_swabi_table14.pdf,294190,,metadata_only,census2017_other,inputs
raw_data/pbs/Census 2017/pbs_2017_table14/016_charsadda_table14.pdf,228671,,metadata_only,census2017_other,inputs
raw_data/pbs/Census 2017/pbs_2017_table14/017_nowshera_table14.pdf,240607,,metadata_only,census2017_other,inputs
raw_data/pbs/Census 2017/pbs_2017_table14/018_peshawar_table14.pdf,125640,,metadata_only,census2017_other,inputs
raw_data/pbs/Census 2017/pbs_2017_table14/019_buner_table14.pdf,280508,,metadata_only,census2017_other,inputs
raw_data/pbs/Census 2017/pbs_2017_table14/020_chitral_table14.pdf,177328,,metadata_only,census2017_other,inputs
raw_data/pbs/Census 2017/pbs_2017_table14/021_shangla_table14.pdf,223822,,metadata_only,census2017_other,inputs
raw_data/pbs/Census 2017/pbs_2017_table14/022_swat_table14.pdf,428258,,metadata_only,census2017_other,inputs
raw_data/pbs/Census 2017/pbs_2017_table14/023_lower_dir_table14.pdf,285913,,metadata_only,census2017_other,inputs
raw_data/pbs/Census 2017/pbs_2017_table14/024_upper_dir_table14.pdf,228804,,metadata_only,census2017_other,inputs
raw_data/pbs/Census 2017/pbs_2017_table14/025_malakand_protected_area_table14.pdf,186977,,metadata_only,census2017_other,inputs
raw_data/pbs/Census 2017/pbs_2017_table14/026_khyber_table14.pdf,300094,,metadata_only,census2017_other,inputs
raw_data/pbs/Census 2017/pbs_2017_table14/027_kurram_table14.pdf,245742,,metadata_only,census2017_other,inputs
raw_data/pbs/Census 2017/pbs_2017_table14/028_mohmand_table14.pdf,419059,,metadata_only,census2017_other,inputs
raw_data/pbs/Census 2017/pbs_2017_table14/029_north_waziristan_table14.pdf,500129,,metadata_only,census2017_other,inputs
raw_data/pbs/Census 2017/pbs_2017_table14/030_orakzai_table14.pdf,277504,,metadata_only,census2017_other,inputs
raw_data/pbs/Census 2017/pbs_2017_table14/031_south_waziristan_table14.pdf,465496,,metadata_only,census2017_other,inputs
raw_data/pbs/Census 2017/pbs_2017_table14/032_bajaur_table14.pdf,1379415,,metadata_only,census2017_other,inputs
raw_data/pbs/Census 2017/pbs_2017_table14/033_fr_bannu_table14.pdf,348203,,metadata_only,census2017_other,inputs
raw_data/pbs/Census 2017/pbs_2017_table14/034_fr_dikhan_table14.pdf,133460,,metadata_only,census2017_other,inputs
raw_data/pbs/Census 2017/pbs_2017_table14/035_fr_kohat_table14.pdf,135722,,metadata_only,census2017_other,inputs
raw_data/pbs/Census 2017/pbs_2017_table14/036_fr_lakki_marwat_table14.pdf,128973,,metadata_only,census2017_other,inputs
raw_data/pbs/Census 2017/pbs_2017_table14/037_fr_peshawar_table14.pdf,128410,,metadata_only,census2017_other,inputs
raw_data/pbs/Census 2017/pbs_2017_table14/038_fr_tank_table14.pdf,125809,,metadata_only,census2017_other,inputs
raw_data/pbs/Census 2017/pbs_2017_table14/039_attock_table14.pdf,396742,,metadata_only,census2017_other,inputs
raw_data/pbs/Census 2017/pbs_2017_table14/040_chakwal_table14.pdf,351553,,metadata_only,census2017_other,inputs
raw_data/pbs/Census 2017/pbs_2017_table14/041_jhelum_table14.pdf,292161,,metadata_only,census2017_other,inputs
raw_data/pbs/Census 2017/pbs_2017_table14/042_rawalpindi_table14.pdf,472366,,metadata_only,census2017_other,inputs
raw_data/pbs/Census 2017/pbs_2017_table14/043_bhakkar_table14.pdf,303733,,metadata_only,census2017_other,inputs
raw_data/pbs/Census 2017/pbs_2017_table14/044_khushab_table14.pdf,298981,,metadata_only,census2017_other,inputs
raw_data/pbs/Census 2017/pbs_2017_table14/045_sargodha_table14.pdf,454835,,metadata_only,census2017_other,inputs
raw_data/pbs/Census 2017/pbs_2017_table14/046_mianwali_table14.pdf,251562,,metadata_only,census2017_other,inputs
raw_data/pbs/Census 2017/pbs_2017_table14/047_gujranwala_table14.pdf,356471,,metadata_only,census2017_other,inputs
raw_data/pbs/Census 2017/pbs_2017_table14/048_gujrat_table14.pdf,243002,,metadata_only,census2017_other,inputs
raw_data/pbs/Census 2017/pbs_2017_table14/049_hafizabad_table14.pdf,191218,,metadata_only,census2017_other,inputs
raw_data/pbs/Census 2017/pbs_2017_table14/050_mandi_bahauddin_table14.pdf,238979,,metadata_only,census2017_other,inputs
raw_data/pbs/Census 2017/pbs_2017_table14/051_narowal_table14.pdf,242617,,metadata_only,census2017_other,inputs
raw_data/pbs/Census 2017/pbs_2017_table14/052_sialkot_table14.pdf,303109,,metadata_only,census2017_other,inputs
raw_data/pbs/Census 2017/pbs_2017_table14/053_lahore_table14.pdf,343426,,metadata_only,census2017_other,inputs
raw_data/pbs/Census 2017/pbs_2017_table14/054_kasur_table14.pdf,288377,,metadata_only,census2017_other,inputs
raw_data/pbs/Census 2017/pbs_2017_table14/055_nankana_sahib_table14.pdf,241447,,metadata_only,census2017_other,inputs
raw_data/pbs/Census 2017/pbs_2017_table14/056_sheikhupura_table14.pdf,358661,,metadata_only,census2017_other,inputs
raw_data/pbs/Census 2017/pbs_2017_table14/057_faisalabad_table14.pdf,413322,,metadata_only,census2017_other,inputs
raw_data/pbs/Census 2017/pbs_2017_table14/058_chiniot_table14.pdf,239745,,metadata_only,census2017_other,inputs
raw_data/pbs/Census 2017/pbs_2017_table14/059_jhang_table14.pdf,300243,,metadata_only,census2017_other,inputs
raw_data/pbs/Census 2017/pbs_2017_table14/060_toba_tek_singh_table14.pdf,288072,,metadata_only,census2017_other,inputs
raw_data/pbs/Census 2017/pbs_2017_table14/061_sahiwal_table14.pdf,194321,,metadata_only,census2017_other,inputs
raw_data/pbs/Census 2017/pbs_2017_table14/062_okara_table14.pdf,227592,,metadata_only,census2017_other,inputs
raw_data/pbs/Census 2017/pbs_2017_table14/063_pakpattan_table14.pdf,187434,,metadata_only,census2017_other,inputs
raw_data/pbs/Census 2017/pbs_2017_table14/064_bahawalnagar_table14.pdf,344536,,metadata_only,census2017_other,inputs
raw_data/pbs/Census 2017/pbs_2017_table14/065_bahawalpur_table14.pdf,403591,,metadata_only,census2017_other,inputs
raw_data/pbs/Census 2017/pbs_2017_table14/066_rahim_yar_khan_table14.pdf,301427,,metadata_only,census2017_other,inputs
raw_data/pbs/Census 2017/pbs_2017_table14/067_dera_ghazi_khan_table14.pdf,299489,,metadata_only,census2017_other,inputs
raw_data/pbs/Census 2017/pbs_2017_table14/068_rajanpur_table14.pdf,312746,,metadata_only,census2017_other,inputs
raw_data/pbs/Census 2017/pbs_2017_table14/069_layyah_table14.pdf,243734,,metadata_only,census2017_other,inputs
raw_data/pbs/Census 2017/pbs_2017_table14/070_muzaffargarh_table14.pdf,299177,,metadata_only,census2017_other,inputs
raw_data/pbs/Census 2017/pbs_2017_table14/071_multan_table14.pdf,298202,,metadata_only,census2017_other,inputs
raw_data/pbs/Census 2017/pbs_2017_table14/072_khanewal_table14.pdf,294256,,metadata_only,census2017_other,inputs
raw_data/pbs/Census 2017/pbs_2017_table14/073_lodhran_table14.pdf,247831,,metadata_only,census2017_other,inputs
raw_data/pbs/Census 2017/pbs_2017_table14/074_vehari_table14.pdf,242375,,metadata_only,census2017_other,inputs
raw_data/pbs/Census 2017/pbs_2017_table14/075_jacobabad_table14.pdf,237512,,metadata_only,census2017_other,inputs
raw_data/pbs/Census 2017/pbs_2017_table14/076_kashmor_table14.pdf,235214,,metadata_only,census2017_other,inputs
raw_data/pbs/Census 2017/pbs_2017_table14/077_kambar_shahdad_kot_table14.pdf,441859,,metadata_only,census2017_other,inputs
raw_data/pbs/Census 2017/pbs_2017_table14/078_larkana_table14.pdf,275359,,metadata_only,census2017_other,inputs
raw_data/pbs/Census 2017/pbs_2017_table14/079_shikarpur_table14.pdf,289419,,metadata_only,census2017_other,inputs
raw_data/pbs/Census 2017/pbs_2017_table14/080_ghotki_table14.pdf,339309,,metadata_only,census2017_other,inputs
raw_data/pbs/Census 2017/pbs_2017_table14/081_khairpur_table14.pdf,497863,,metadata_only,census2017_other,inputs
raw_data/pbs/Census 2017/pbs_2017_table14/082_sukkur_table14.pdf,337242,,metadata_only,census2017_other,inputs
raw_data/pbs/Census 2017/pbs_2017_table14/083_badin_table14.pdf,342840,,metadata_only,census2017_other,inputs
raw_data/pbs/Census 2017/pbs_2017_table14/084_dadu_table14.pdf,292248,,metadata_only,census2017_other,inputs
raw_data/pbs/Census 2017/pbs_2017_table14/085_hyderabad_table14.pdf,272379,,metadata_only,census2017_other,inputs
raw_data/pbs/Census 2017/pbs_2017_table14/086_jamshoro_table14.pdf,290471,,metadata_only,census2017_other,inputs
raw_data/pbs/Census 2017/pbs_2017_table14/087_matiari_table14.pdf,220115,,metadata_only,census2017_other,inputs
raw_data/pbs/Census 2017/pbs_2017_table14/088_sujawal_table14.pdf,338896,,metadata_only,census2017_other,inputs
raw_data/pbs/Census 2017/pbs_2017_table14/089_tando_allahyar_table14.pdf,237720,,metadata_only,census2017_other,inputs
raw_data/pbs/Census 2017/pbs_2017_table14/090_tando_muhammad_khan_table14.pdf,238571,,metadata_only,census2017_other,inputs
raw_data/pbs/Census 2017/pbs_2017_table14/091_thatta_table14.pdf,286715,,metadata_only,census2017_other,inputs
raw_data/pbs/Census 2017/pbs_2017_table14/092_karachi_central_table14.pdf,341568,,metadata_only,census2017_other,inputs
raw_data/pbs/Census 2017/pbs_2017_table14/093_karachi_east_table14.pdf,290393,,metadata_only,census2017_other,inputs
raw_data/pbs/Census 2017/pbs_2017_table14/094_karachi_south_table14.pdf,337789,,metadata_only,census2017_other,inputs
raw_data/pbs/Census 2017/pbs_2017_table14/095_karachi_west_table14.pdf,444011,,metadata_only,census2017_other,inputs
raw_data/pbs/Census 2017/pbs_2017_table14/096_korangi_table14.pdf,287822,,metadata_only,census2017_other,inputs
raw_data/pbs/Census 2017/pbs_2017_table14/097_malir_table14.pdf,390429,,metadata_only,census2017_other,inputs
raw_data/pbs/Census 2017/pbs_2017_table14/098_mirpur_khas_table14.pdf,444731,,metadata_only,census2017_other,inputs
raw_data/pbs/Census 2017/pbs_2017_table14/099_tharparkar_table14.pdf,437356,,metadata_only,census2017_other,inputs
raw_data/pbs/Census 2017/pbs_2017_table14/100_umer_kot_table14.pdf,266137,,metadata_only,census2017_other,inputs
raw_data/pbs/Census 2017/pbs_2017_table14/101_sanghar_table14.pdf,394960,,metadata_only,census2017_other,inputs
raw_data/pbs/Census 2017/pbs_2017_table14/102_naushahro_feroze_table14.pdf,342162,,metadata_only,census2017_other,inputs
raw_data/pbs/Census 2017/pbs_2017_table14/103_shaheed_benazirabad_table14.pdf,291524,,metadata_only,census2017_other,inputs
raw_data/pbs/Census 2017/pbs_2017_table14/104_awaran_table14.pdf,259521,,metadata_only,census2017_other,inputs
raw_data/pbs/Census 2017/pbs_2017_table14/105_kalat_table14.pdf,308287,,metadata_only,census2017_other,inputs
raw_data/pbs/Census 2017/pbs_2017_table14/106_kharan_table14.pdf,211382,,metadata_only,census2017_other,inputs
raw_data/pbs/Census 2017/pbs_2017_table14/107_khuzdar_table14.pdf,487719,,metadata_only,census2017_other,inputs
raw_data/pbs/Census 2017/pbs_2017_table14/108_lasbela_table14.pdf,487740,,metadata_only,census2017_other,inputs
raw_data/pbs/Census 2017/pbs_2017_table14/109_mastung_table14.pdf,259868,,metadata_only,census2017_other,inputs
raw_data/pbs/Census 2017/pbs_2017_table14/110_washuk_table14.pdf,301918,,metadata_only,census2017_other,inputs
raw_data/pbs/Census 2017/pbs_2017_table14/111_gwadar_table14.pdf,309081,,metadata_only,census2017_other,inputs
raw_data/pbs/Census 2017/pbs_2017_table14/112_kech_table14.pdf,454327,,metadata_only,census2017_other,inputs
raw_data/pbs/Census 2017/pbs_2017_table14/113_panjgur_table14.pdf,258057,,metadata_only,census2017_other,inputs
raw_data/pbs/Census 2017/pbs_2017_table14/114_jaffarabad_table14.pdf,232125,,metadata_only,census2017_other,inputs
raw_data/pbs/Census 2017/pbs_2017_table14/115_jhal_magsi_table14.pdf,225877,,metadata_only,census2017_other,inputs
raw_data/pbs/Census 2017/pbs_2017_table14/116_kachhi_table14.pdf,382299,,metadata_only,census2017_other,inputs
raw_data/pbs/Census 2017/pbs_2017_table14/117_nasirabad_table14.pdf,260638,,metadata_only,census2017_other,inputs
raw_data/pbs/Census 2017/pbs_2017_table14/118_sohbatpur_table14.pdf,213829,,metadata_only,census2017_other,inputs
raw_data/pbs/Census 2017/pbs_2017_table14/119_chagai_table14.pdf,258155,,metadata_only,census2017_other,inputs
raw_data/pbs/Census 2017/pbs_2017_table14/120_killa_abdullah_table14.pdf,264634,,metadata_only,census2017_other,inputs
raw_data/pbs/Census 2017/pbs_2017_table14/121_nushki_table14.pdf,119615,,metadata_only,census2017_other,inputs
raw_data/pbs/Census 2017/pbs_2017_table14/122_pishin_table14.pdf,334945,,metadata_only,census2017_other,inputs
raw_data/pbs/Census 2017/pbs_2017_table14/123_quetta_table14.pdf,238836,,metadata_only,census2017_other,inputs
raw_data/pbs/Census 2017/pbs_2017_table14/124_dera_bugti_table14.pdf,435596,,metadata_only,census2017_other,inputs
raw_data/pbs/Census 2017/pbs_2017_table14/125_harnai_table14.pdf,211849,,metadata_only,census2017_other,inputs
raw_data/pbs/Census 2017/pbs_2017_table14/126_kohlu_table14.pdf,300470,,metadata_only,census2017_other,inputs
raw_data/pbs/Census 2017/pbs_2017_table14/127_sibi_table14.pdf,266489,,metadata_only,census2017_other,inputs
raw_data/pbs/Census 2017/pbs_2017_table14/128_ziarat_table14.pdf,170799,,metadata_only,census2017_other,inputs
raw_data/pbs/Census 2017/pbs_2017_table14/129_barkhan_table14.pdf,119072,,metadata_only,census2017_other,inputs
raw_data/pbs/Census 2017/pbs_2017_table14/130_killa_saifullah_table14.pdf,351644,,metadata_only,census2017_other,inputs
raw_data/pbs/Census 2017/pbs_2017_table14/131_loralai_table14.pdf,214768,,metadata_only,census2017_other,inputs
raw_data/pbs/Census 2017/pbs_2017_table14/132_musakhel_table14.pdf,222937,,metadata_only,census2017_other,inputs
raw_data/pbs/Census 2017/pbs_2017_table14/133_sherani_table14.pdf,115493,,metadata_only,census2017_other,inputs
raw_data/pbs/Census 2017/pbs_2017_table14/134_zhob_table14.pdf,307669,,metadata_only,census2017_other,inputs
raw_data/pbs/Census 2017/pbs_2017_table14/135_islamabad_table14.pdf,127162,,metadata_only,census2017_other,inputs
raw_data/pbs/Census 2017/pbs_2017_table14/manifest.csv,28467,,metadata_only,census2017_other,inputs
raw_data/pbs/Census 2017/pbs_2017_table15.zip,8186025,,metadata_only,census2017_other,inputs
raw_data/pbs/Census 2017/pbs_2017_table15/001_bannu_table15.pdf,62104,4cc1b14502e36c14a402f51cf3ebe6d70c86d8b098f0a5cacaa06b410662ed21,census_build_locked,census2017_education|census2017_other,inputs
raw_data/pbs/Census 2017/pbs_2017_table15/002_lakki_marwat_table15.pdf,62336,a87ae5a31a88337852b77fd36a00f80faa43a43354efa9c0f11110fc98090cf8,census_build_locked,census2017_education|census2017_other,inputs
raw_data/pbs/Census 2017/pbs_2017_table15/003_dera_ismail_khan_table15.pdf,66264,73a7cb894f37c15ae8c82716eab4195d34ffa1f212b4f5b0761c012efd39a2ea,census_build_locked,census2017_education|census2017_other,inputs
raw_data/pbs/Census 2017/pbs_2017_table15/004_tank_table15.pdf,61963,7abf7190358952189f2fcf0de102477687168ce46567ff6a7d47bd3e7c7be106,census_build_locked,census2017_education|census2017_other,inputs
raw_data/pbs/Census 2017/pbs_2017_table15/005_abbottabad_table15.pdf,62702,af4f289f86e9a257dfe8918d8e845da50a011e08a19cf34ce572ae5305113852,census_build_locked,census2017_education|census2017_other,inputs
raw_data/pbs/Census 2017/pbs_2017_table15/006_batagram_table15.pdf,60605,f491aaad2b094a821913486d9b37f312fc04c0c194c6672179b401a66ecbc354,census_build_locked,census2017_education|census2017_other,inputs
raw_data/pbs/Census 2017/pbs_2017_table15/007_haripur_table15.pdf,62702,55ba25992b19a31fabfd423c8d422c2fa1e1b95440f103074ad3ba5a05e62de1,census_build_locked,census2017_education|census2017_other,inputs
raw_data/pbs/Census 2017/pbs_2017_table15/008_mansehra_table15.pdf,62670,cad59d2bf5899dd5554463f2b253d9755e02681793ed548b26560005178f2538,census_build_locked,census2017_education|census2017_other,inputs
raw_data/pbs/Census 2017/pbs_2017_table15/009_torghar_table15.pdf,59841,8f1ba2fa7110eaa42cc61f1d7e237ca9ed1a8793cd0b3b4a70743490ce600957,census_build_locked,census2017_education|census2017_other,inputs
raw_data/pbs/Census 2017/pbs_2017_table15/010_kohistan_table15.pdf,53117,0c6fcce732ea8025fc20582c85c3b73900bd3f026b1f6768c155dd82bd6882d7,census_build_locked,census2017_education|census2017_other,inputs
raw_data/pbs/Census 2017/pbs_2017_table15/011_hangu_table15.pdf,61686,948532c228a0803c703893bce2aef847796427afe08f9e56171cca62c3769d99,census_build_locked,census2017_education|census2017_other,inputs
raw_data/pbs/Census 2017/pbs_2017_table15/012_karak_table15.pdf,71107,9522d1e3f035555f3969273c9a5ceaf9ca4972c141676b771493bd17947096d9,census_build_locked,census2017_education|census2017_other,inputs
raw_data/pbs/Census 2017/pbs_2017_table15/013_kohat_table15.pdf,66123,e054abb2d530b5d307c9e8d42ab41eb6dc35aa746bd2c036bbecaaccb453a212,census_build_locked,census2017_education|census2017_other,inputs
raw_data/pbs/Census 2017/pbs_2017_table15/014_mardan_table15.pdf,66069,6f1ff9d87d62ed5e32e122e1762cd8c29734763423a25ce1d2c39e4f5f387e12,census_build_locked,census2017_education|census2017_other,inputs
raw_data/pbs/Census 2017/pbs_2017_table15/015_swabi_table15.pdf,62654,df3bbef4c26c405d2fa47a90becece467b6f3b90013518b53cddcdc27a461077,census_build_locked,census2017_education|census2017_other,inputs
raw_data/pbs/Census 2017/pbs_2017_table15/016_charsadda_table15.pdf,62188,6a8a8a8ce0d00e458dbb66454b8a54301b3521adb217bcbf800ad198e269f119,census_build_locked,census2017_education|census2017_other,inputs
raw_data/pbs/Census 2017/pbs_2017_table15/017_nowshera_table15.pdf,62448,c19aa3b1d60102cccd8d98eb4bb6e4c173b9752a68493f98d6c4351c2525d322,census_build_locked,census2017_education|census2017_other,inputs
raw_data/pbs/Census 2017/pbs_2017_table15/018_peshawar_table15.pdf,63344,716db55d1f9b7bc9af17cf9f165664d04ede271182fe13cf6f7580feb041ce24,census_build_locked,census2017_education|census2017_other,inputs
raw_data/pbs/Census 2017/pbs_2017_table15/019_buner_table15.pdf,60743,b53d6de35dbd9e0d74d709641c495924d351935804cf2a2d2724c5e318d22ab4,census_build_locked,census2017_education|census2017_other,inputs
raw_data/pbs/Census 2017/pbs_2017_table15/020_chitral_table15.pdf,61857,509082aa6726b660ef87311fbb76c370652148e64cff72c33d05a84ab0d4c228,census_build_locked,census2017_education|census2017_other,inputs
raw_data/pbs/Census 2017/pbs_2017_table15/021_shangla_table15.pdf,63659,7b3dd7d57d316776cb5961f7baaa016be8ea71623b23d6e0a0d6839c29df3be2,census_build_locked,census2017_education|census2017_other,inputs
raw_data/pbs/Census 2017/pbs_2017_table15/022_swat_table15.pdf,66368,04048514491e276713a195218a931ac18e029ad5d9878f42d7d9dbad2b4c3fed,census_build_locked,census2017_education|census2017_other,inputs
raw_data/pbs/Census 2017/pbs_2017_table15/023_lower_dir_table15.pdf,62301,41170522733eb2a48e1c3c13f45c2aa5f6f32044338de29153ea808b4c43faea,census_build_locked,census2017_education|census2017_other,inputs
raw_data/pbs/Census 2017/pbs_2017_table15/024_upper_dir_table15.pdf,61194,ceeae75508e201af7bc5ac928e5208b07b62efa2ebfb3036d5614d470679310e,census_build_locked,census2017_education|census2017_other,inputs
raw_data/pbs/Census 2017/pbs_2017_table15/025_malakand_protected_area_table15.pdf,62383,a4761aaf21446c81de5817568ddc7b5c56eb1f0ee2eb3ad2a9fbdac2fe39ac50,census_build_locked,census2017_education|census2017_other,inputs
raw_data/pbs/Census 2017/pbs_2017_table15/026_khyber_table15.pdf,69852,7ff852f8b8dec143c6ff8e016f7944609d8c6980a82752016a7e6824d19dae7f,census_build_locked,census2017_education|census2017_other,inputs
raw_data/pbs/Census 2017/pbs_2017_table15/027_kurram_table15.pdf,62098,570a3ec2e5cc4abe8b0f022d27fe67a83b03a94a8860ea1d49c1e44d0ca9c98e,census_build_locked,census2017_education|census2017_other,inputs
raw_data/pbs/Census 2017/pbs_2017_table15/028_mohmand_table15.pdf,63761,45088f7e12f010e12e0631b6ef84af43ef71b727f0cf38f59c348e8128c1efaa,census_build_locked,census2017_education|census2017_other,inputs
raw_data/pbs/Census 2017/pbs_2017_table15/029_north_waziristan_table15.pdf,61685,286ed36c61a7c5c33d7dacce021f063e01225031b36b92e83bd1ca45c13e1837,census_build_locked,census2017_education|census2017_other,inputs
raw_data/pbs/Census 2017/pbs_2017_table15/030_orakzai_table15.pdf,60881,e1182f0b5ce087df6e6298a11183b9afe5377e35bf38e47161764fbe20faefd9,census_build_locked,census2017_education|census2017_other,inputs
raw_data/pbs/Census 2017/pbs_2017_table15/031_south_waziristan_table15.pdf,62611,42267c46f99f0e82f9620d7ba48d35897ba9f7a5e771a90135a0340a22c76f5f,census_build_locked,census2017_education|census2017_other,inputs
raw_data/pbs/Census 2017/pbs_2017_table15/032_bajaur_table15.pdf,121116,370dc08b6208f272e574cf127c08bff995d628b9c186e89ca8d2499f32fb17e8,census_build_locked,census2017_education|census2017_other,inputs
raw_data/pbs/Census 2017/pbs_2017_table15/033_fr_bannu_table15.pdf,119365,ca9a68777aca99bad7d684ab0becfd55e6f7eab829273c1acf1a10496b0e8ed4,census_build_locked,census2017_education|census2017_other,inputs
raw_data/pbs/Census 2017/pbs_2017_table15/034_fr_dikhan_table15.pdf,64234,16fa135460190ba80ed078887358e27e07107f4cfa8c0917529d76a97918a71b,census_build_locked,census2017_education|census2017_other,inputs
raw_data/pbs/Census 2017/pbs_2017_table15/035_fr_kohat_table15.pdf,65596,2772c773a68e3d11f7e29a2d443a65758228f0a21bf632ece977abde8f5d5120,census_build_locked,census2017_education|census2017_other,inputs
raw_data/pbs/Census 2017/pbs_2017_table15/036_fr_lakki_marwat_table15.pdf,62800,b0190cd044b1ddd0f3dc961e6cc2a26364d9db45bf9dca300c183ca2dc8f8284,census_build_locked,census2017_education|census2017_other,inputs
raw_data/pbs/Census 2017/pbs_2017_table15/037_fr_peshawar_table15.pdf,61780,53cd68112b5aa49541c9c8300c9c82743209bd066abd0cbcec5727575e92aa1d,census_build_locked,census2017_education|census2017_other,inputs
raw_data/pbs/Census 2017/pbs_2017_table15/038_fr_tank_table15.pdf,61143,d19beacd08bb0c5ef4f2e112e9d350defd6d99e4f996192670a1487ab77ced1f,census_build_locked,census2017_education|census2017_other,inputs
raw_data/pbs/Census 2017/pbs_2017_table15/039_attock_table15.pdf,71837,843e59a47897b9ba524c6d8ac9f9081ac203270528e5c666f690bd3ed03d9254,census_build_locked,census2017_education|census2017_other,inputs
raw_data/pbs/Census 2017/pbs_2017_table15/040_chakwal_table15.pdf,62411,302f150d82aaad5efec6af42006560ce0bd2d68951732f61e16ed3324d7efb88,census_build_locked,census2017_education|census2017_other,inputs
raw_data/pbs/Census 2017/pbs_2017_table15/041_jhelum_table15.pdf,62791,78abb780bc647af02fca2488a2236bf24f6591ea80bf69186cf4fb6d4ac14ef9,census_build_locked,census2017_education|census2017_other,inputs
raw_data/pbs/Census 2017/pbs_2017_table15/042_rawalpindi_table15.pdf,63328,de08fa69157affa1d1dc836a311edfff25c175d00bc606281004cac281faf8fe,census_build_locked,census2017_education|census2017_other,inputs
raw_data/pbs/Census 2017/pbs_2017_table15/043_bhakkar_table15.pdf,63476,dcca85cd261f1202050059e6f77db7c73a0547fcc560b6b11dd16d7030e7724b,census_build_locked,census2017_education|census2017_other,inputs
raw_data/pbs/Census 2017/pbs_2017_table15/044_khushab_table15.pdf,62701,730edba91170db1c281bf9eab057dcac1282c6602496d1470d01595783972603,census_build_locked,census2017_education|census2017_other,inputs
raw_data/pbs/Census 2017/pbs_2017_table15/045_sargodha_table15.pdf,72864,ee49bb389d1ba2d4fb1652114eb5bb99c975dfd23e01a24ee8e487ff323304bb,census_build_locked,census2017_education|census2017_other,inputs
raw_data/pbs/Census 2017/pbs_2017_table15/046_mianwali_table15.pdf,65614,e1be2b2f41b7dbb0a27fe43e27a510ad9230c424eb2ccaf97d78ea5ef891d830,census_build_locked,census2017_education|census2017_other,inputs
raw_data/pbs/Census 2017/pbs_2017_table15/047_gujranwala_table15.pdf,64173,64d0be784f324243c67b04a79e316e168682a5d56390d0715886863b7622bcb8,census_build_locked,census2017_education|census2017_other,inputs
raw_data/pbs/Census 2017/pbs_2017_table15/048_gujrat_table15.pdf,63236,d46745af1cdd5c7414235c287083f163bcc24d71d5ad3acff1ff730199b72492,census_build_locked,census2017_education|census2017_other,inputs
raw_data/pbs/Census 2017/pbs_2017_table15/049_hafizabad_table15.pdf,62800,98f66952ae2ee90de0d1e5b59c076601442d07e6e8502f68dfd0c0d9296217ed,census_build_locked,census2017_education|census2017_other,inputs
raw_data/pbs/Census 2017/pbs_2017_table15/050_mandi_bahauddin_table15.pdf,62542,c13aa582f7dac51498e151fb36f8667e81bc9f9b57b6d087b905a221ba2c9b6d,census_build_locked,census2017_education|census2017_other,inputs
raw_data/pbs/Census 2017/pbs_2017_table15/051_narowal_table15.pdf,65556,e3c7bf3a3d95109b08c36b0c3e56afd869d0d0a1bb22c4ebeb7b5042dc51646c,census_build_locked,census2017_education|census2017_other,inputs
raw_data/pbs/Census 2017/pbs_2017_table15/052_sialkot_table15.pdf,63477,90a14010720f8f9547cdef91e187e6321a6c49d1e7319a8a19f72ffd3bbd86c8,census_build_locked,census2017_education|census2017_other,inputs
raw_data/pbs/Census 2017/pbs_2017_table15/053_lahore_table15.pdf,62239,57f1a2d3d50479cba0858ffdc5d102b33a20e743fbc52f6e413e88f79421bdfb,census_build_locked,census2017_education|census2017_other,inputs
raw_data/pbs/Census 2017/pbs_2017_table15/054_kasur_table15.pdf,63422,2a7f12c430cf4c5dce9916b4ccfb93736ff8b5801be3bc307dbf9806f71658b0,census_build_locked,census2017_education|census2017_other,inputs
raw_data/pbs/Census 2017/pbs_2017_table15/055_nankana_sahib_table15.pdf,66073,a3b90561c299193eb632e8357e1ece7952afb6e4f640ac351b6cadf66499e8be,census_build_locked,census2017_education|census2017_other,inputs
raw_data/pbs/Census 2017/pbs_2017_table15/056_sheikhupura_table15.pdf,63442,0cde327e6ecb7633773eaa65eeeaa489c61d6bd4ec046ab5836f283ba09e1983,census_build_locked,census2017_education|census2017_other,inputs
raw_data/pbs/Census 2017/pbs_2017_table15/057_faisalabad_table15.pdf,72616,0da6bb9cfc334ee5af8efbef36ea74dcd5ba62881a9623fa4f895ac6118dbe47,census_build_locked,census2017_education|census2017_other,inputs
raw_data/pbs/Census 2017/pbs_2017_table15/058_chiniot_table15.pdf,71634,3de04af400075993157ba2b795baaf44f3edebd555a1c3abd0d5e02c97e1ce29,census_build_locked,census2017_education|census2017_other,inputs
raw_data/pbs/Census 2017/pbs_2017_table15/059_jhang_table15.pdf,62933,e4a130177de50493e449d04e9567c337dea2b862fb5c25f5512c52502b9a4d6f,census_build_locked,census2017_education|census2017_other,inputs
raw_data/pbs/Census 2017/pbs_2017_table15/060_toba_tek_singh_table15.pdf,63138,07c9a4f3a57651a01a2befc145b8279b5478d6f84b3bf7c9632c1a7342b3177b,census_build_locked,census2017_education|census2017_other,inputs
raw_data/pbs/Census 2017/pbs_2017_table15/061_sahiwal_table15.pdf,62567,70e24d152f32622dd2f7a557695d103af7c2abe6e079d07a6131408262023ec9,census_build_locked,census2017_education|census2017_other,inputs
raw_data/pbs/Census 2017/pbs_2017_table15/062_okara_table15.pdf,63233,06cb2844c4bde59b0284e6d3b15a3a806479d3e2027848bf7c9dceeacfaf3da1,census_build_locked,census2017_education|census2017_other,inputs
raw_data/pbs/Census 2017/pbs_2017_table15/063_pakpattan_table15.pdf,63241,5b69a2ad4305c4281fb93699e7ecd8c05c6943c45ecc9e59826c80ceb1ddd553,census_build_locked,census2017_education|census2017_other,inputs
raw_data/pbs/Census 2017/pbs_2017_table15/064_bahawalnagar_table15.pdf,72963,a3adba1afc1372d229facf89a8967554513ab7fac9614b4cc2a1fa7dd301d78d,census_build_locked,census2017_education|census2017_other,inputs
raw_data/pbs/Census 2017/pbs_2017_table15/065_bahawalpur_table15.pdf,66231,566efd57807c87a3562a7c82ab0db596077885e23101fba1ae76dc95c5f39db5,census_build_locked,census2017_education|census2017_other,inputs
raw_data/pbs/Census 2017/pbs_2017_table15/066_rahim_yar_khan_table15.pdf,63342,ffe3d8ef171d69195420f5508139540e4257251888941fa1bf740b9d66edb8fa,census_build_locked,census2017_education|census2017_other,inputs
raw_data/pbs/Census 2017/pbs_2017_table15/067_dera_ghazi_khan_table15.pdf,64939,44402b8a4580b635de1575024de5ba60a9125ec48f1d79d38990cc48cfaf16ad,census_build_locked,census2017_education|census2017_other,inputs
raw_data/pbs/Census 2017/pbs_2017_table15/068_rajanpur_table15.pdf,70212,24c27d62fc4a898c32dbe24050df3685dfbcdb4d3a95b1261b85e6aa6c4822d7,census_build_locked,census2017_education|census2017_other,inputs
raw_data/pbs/Census 2017/pbs_2017_table15/069_layyah_table15.pdf,62655,618bc43b3f8a479c1353f868f85de153b0e13cb4c43b041f885b0d36c06ec0d8,census_build_locked,census2017_education|census2017_other,inputs
raw_data/pbs/Census 2017/pbs_2017_table15/070_muzaffargarh_table15.pdf,66494,01c20377ebc0de64f4ac503de3d96c93829d2cd8b8aff0e7c2af23bd7e7d675f,census_build_locked,census2017_education|census2017_other,inputs
raw_data/pbs/Census 2017/pbs_2017_table15/071_multan_table15.pdf,63236,305e98bf691d9aa6ef3516f2d1d212c94efa516a61f6954054cbaa87379faf99,census_build_locked,census2017_education|census2017_other,inputs
raw_data/pbs/Census 2017/pbs_2017_table15/072_khanewal_table15.pdf,63056,178cf94c994639a85f03db9008d209855661e95f0fbf4ee4b82db2e8692bf1fa,census_build_locked,census2017_education|census2017_other,inputs
raw_data/pbs/Census 2017/pbs_2017_table15/073_lodhran_table15.pdf,62596,cd09bf3b9484424ceccd219d73d73ba6fe7d790b6b0211f34b6377dddd77fa0e,census_build_locked,census2017_education|census2017_other,inputs
raw_data/pbs/Census 2017/pbs_2017_table15/074_vehari_table15.pdf,62681,f8f818175590ca8c46d80de07f64098057b957c2982984016d1dbd79a7f0224c,census_build_locked,census2017_education|census2017_other,inputs
raw_data/pbs/Census 2017/pbs_2017_table15/075_jacobabad_table15.pdf,62420,4a597df2e15557a74a2b83954f8cfa1413a4aa4557ec20fda824dedfdd191a3c,census_build_locked,census2017_education|census2017_other,inputs
raw_data/pbs/Census 2017/pbs_2017_table15/076_kashmor_table15.pdf,62681,4c20e7fe85553e6710c66c2db9e717b00d9cc10b9731c66092f2d57adf094007,census_build_locked,census2017_education|census2017_other,inputs
raw_data/pbs/Census 2017/pbs_2017_table15/077_kambar_shahdad_kot_table15.pdf,62854,42313aa3796986ec1bbf759115fc8526f746e944e790b229e08f0f63009cd7e1,census_build_locked,census2017_education|census2017_other,inputs
raw_data/pbs/Census 2017/pbs_2017_table15/078_larkana_table15.pdf,62999,619b5033e32e2ebc019197c8aeee6623f120c251691c86eff9331545404f6c5b,census_build_locked,census2017_education|census2017_other,inputs
raw_data/pbs/Census 2017/pbs_2017_table15/079_shikarpur_table15.pdf,62883,d21fb1ad47f4bcf0e28756f67192b55ee3b4fb6b0b5acdfc6d0c1126406599b8,census_build_locked,census2017_education|census2017_other,inputs
raw_data/pbs/Census 2017/pbs_2017_table15/080_ghotki_table15.pdf,63002,fd7630e9bb4f7bdb08d6fa0c72e990b71d4125b88c0386c6a18874bd598b0852,census_build_locked,census2017_education|census2017_other,inputs
raw_data/pbs/Census 2017/pbs_2017_table15/081_khairpur_table15.pdf,62401,62efd15c258cee6cfa4b1a482e0d74b74408fe8912050d7a8e59216ce4081880,census_build_locked,census2017_education|census2017_other,inputs
raw_data/pbs/Census 2017/pbs_2017_table15/082_sukkur_table15.pdf,63105,a40ca4e2f409ee43815b429ded33a960c1bb809f82930aa81442fdd4397cba56,census_build_locked,census2017_education|census2017_other,inputs
raw_data/pbs/Census 2017/pbs_2017_table15/083_badin_table15.pdf,62491,065ee1d25c8345f9d5a996cd7c27151ad5beee40036fdbd96323061d87625a3c,census_build_locked,census2017_education|census2017_other,inputs
raw_data/pbs/Census 2017/pbs_2017_table15/084_dadu_table15.pdf,62512,2af75645a13b1120bbbfd05a4b17109ef76e0ed46dedb42b094ffa8381fb86e8,census_build_locked,census2017_education|census2017_other,inputs
raw_data/pbs/Census 2017/pbs_2017_table15/085_hyderabad_table15.pdf,65771,280619b41ac892f4b9e3dc94185c5a897c2781538799270642cc688891a74c72,census_build_locked,census2017_education|census2017_other,inputs
raw_data/pbs/Census 2017/pbs_2017_table15/086_jamshoro_table15.pdf,62753,eb38b5d1a1fd00a224056b6a8f79ca7850024df8a239706cfcf2997185fc0a95,census_build_locked,census2017_education|census2017_other,inputs
raw_data/pbs/Census 2017/pbs_2017_table15/087_matiari_table15.pdf,62250,b4d4a7bdb49a83b8c028a865017abe9e545129785621f259a816bf012e9a0587,census_build_locked,census2017_education|census2017_other,inputs
raw_data/pbs/Census 2017/pbs_2017_table15/088_sujawal_table15.pdf,63785,4c5b16fbc46bbbc7240cf674193fb1e47f035b71b5aaf028a7400fbd4e895a20,census_build_locked,census2017_education|census2017_other,inputs
raw_data/pbs/Census 2017/pbs_2017_table15/089_tando_allahyar_table15.pdf,62174,d5e1a1f79fdc41342bc4ec23ea18a83bea63fc739905fd587cdf14ffa7853e8a,census_build_locked,census2017_education|census2017_other,inputs
raw_data/pbs/Census 2017/pbs_2017_table15/090_tando_muhammad_khan_table15.pdf,62375,39723103770e6ebb34a3f6b0d4047bed346935e341fe7791dbb9779b79ace767,census_build_locked,census2017_education|census2017_other,inputs
raw_data/pbs/Census 2017/pbs_2017_table15/091_thatta_table15.pdf,61872,08cbcb14fb546dec6f6a6562d1756785167b55a8a8aeef7a85698e87d11d16ca,census_build_locked,census2017_education|census2017_other,inputs
raw_data/pbs/Census 2017/pbs_2017_table15/092_karachi_central_table15.pdf,61999,fd53587887fca59ad4691cd2bfc6c576b2f5e090ec34b9caaea4b487a3f3a559,census_build_locked,census2017_education|census2017_other,inputs
raw_data/pbs/Census 2017/pbs_2017_table15/093_karachi_east_table15.pdf,61806,3652b59799bb1550353cbe7d5ae67c58e3c45fc7c0ca87fe61a842e1af06ffe6,census_build_locked,census2017_education|census2017_other,inputs
raw_data/pbs/Census 2017/pbs_2017_table15/094_karachi_south_table15.pdf,62210,7559ee6c4ba9f7f833ca5c21703a4db495106d467ea85d82642db3b69ddf54bf,census_build_locked,census2017_education|census2017_other,inputs
raw_data/pbs/Census 2017/pbs_2017_table15/095_karachi_west_table15.pdf,63262,1ddc0e1b23e818cf8ecce8ffd21508c0a6408bd48079bb4f81771e1f6afd3168,census_build_locked,census2017_education|census2017_other,inputs
raw_data/pbs/Census 2017/pbs_2017_table15/096_korangi_table15.pdf,71655,a461385445bfdb7dc0dd1d49ce2b29d526bb46bf97cf2c27eac15381e485e078,census_build_locked,census2017_education|census2017_other,inputs
raw_data/pbs/Census 2017/pbs_2017_table15/097_malir_table15.pdf,62859,5d8ca58c68c28b4e0d252a1d983d8be6ab80c5dbc700d058e11773fc42be1ecf,census_build_locked,census2017_education|census2017_other,inputs
raw_data/pbs/Census 2017/pbs_2017_table15/098_mirpur_khas_table15.pdf,62919,b51385e28150a08b02db5b1efff91719c0a9c078094d43421a283745ab8fd488,census_build_locked,census2017_education|census2017_other,inputs
raw_data/pbs/Census 2017/pbs_2017_table15/099_tharparkar_table15.pdf,62647,6743bd141384ea3604ca956b1a1f77e6a4332244c84216d43f5e6b0d1782915f,census_build_locked,census2017_education|census2017_other,inputs
raw_data/pbs/Census 2017/pbs_2017_table15/100_umer_kot_table15.pdf,62525,5b34f7c89e931ec74922aa8249dd5166384cd994113680ed70cbb9e8a3b1d695,census_build_locked,census2017_education|census2017_other,inputs
raw_data/pbs/Census 2017/pbs_2017_table15/101_sanghar_table15.pdf,62462,886b7c7abce3a7cc952c883c3bf52534570d57da3afd93b16e9b49ac4c0e21c0,census_build_locked,census2017_education|census2017_other,inputs
raw_data/pbs/Census 2017/pbs_2017_table15/102_naushahro_feroze_table15.pdf,63094,bf0e34cf57dcd1d3313a547e187567fa6e5de5b676eb9b104bfc2c8d6f3c188a,census_build_locked,census2017_education|census2017_other,inputs
raw_data/pbs/Census 2017/pbs_2017_table15/103_shaheed_benazirabad_table15.pdf,63121,8daee309cc3bea3a12e77c34bda61a1846b9712398db63446da677e3667842b1,census_build_locked,census2017_education|census2017_other,inputs
raw_data/pbs/Census 2017/pbs_2017_table15/104_awaran_table15.pdf,70512,21d2e0fb870f84d88da37d2dced453d3d366158a70cafd4a25e80f4fa7147e86,census_build_locked,census2017_education|census2017_other,inputs
raw_data/pbs/Census 2017/pbs_2017_table15/105_kalat_table15.pdf,65085,3c48002a537fdf8c0242b79e6dca58b2f36fe1e958cae94a0210e9a97e842e75,census_build_locked,census2017_education|census2017_other,inputs
raw_data/pbs/Census 2017/pbs_2017_table15/106_kharan_table15.pdf,64523,4a178544a6186b0d5b7cca6c55d6dbd6f0749ee6271e81c659402632ea65b5c5,census_build_locked,census2017_education|census2017_other,inputs
raw_data/pbs/Census 2017/pbs_2017_table15/107_khuzdar_table15.pdf,65837,12bcd2863feb21ec7282fcd8039fd345308aa3a75a254a44120460c1be089661,census_build_locked,census2017_education|census2017_other,inputs
raw_data/pbs/Census 2017/pbs_2017_table15/108_lasbela_table15.pdf,64966,6e0e1e1f504fa0ec1e0c259cb0c72f0950c9bd10678c7148d8851c0aec3d08a0,census_build_locked,census2017_education|census2017_other,inputs
raw_data/pbs/Census 2017/pbs_2017_table15/109_mastung_table15.pdf,61184,53fa00c737de1759903c0cd23b5d483a2685031fe95be7f18435b23c9c79712b,census_build_locked,census2017_education|census2017_other,inputs
raw_data/pbs/Census 2017/pbs_2017_table15/110_washuk_table15.pdf,60807,00658f2994b9be89eb560b07b4f71154e7744911137de66fde877e46bf0713e7,census_build_locked,census2017_education|census2017_other,inputs
raw_data/pbs/Census 2017/pbs_2017_table15/111_gwadar_table15.pdf,61813,ff24180a8660eadd75a7517e5d0d5dd4a35c9d06edd105d82da051937dbafa2d,census_build_locked,census2017_education|census2017_other,inputs
raw_data/pbs/Census 2017/pbs_2017_table15/112_kech_table15.pdf,62672,7f7c62ad663bd712842be510aa423917aee2e325a0aa853daf95621635da40b3,census_build_locked,census2017_education|census2017_other,inputs
raw_data/pbs/Census 2017/pbs_2017_table15/113_panjgur_table15.pdf,61831,435edad9cd2ea08f67facf5445bd22bc988d8e9bd3e19b4ee1af50873abc78a8,census_build_locked,census2017_education|census2017_other,inputs
raw_data/pbs/Census 2017/pbs_2017_table15/114_jaffarabad_table15.pdf,61722,aa197e76491f9a2cace4fa3af2226a03d683b96e90860a802ae1084fc69b6f34,census_build_locked,census2017_education|census2017_other,inputs
raw_data/pbs/Census 2017/pbs_2017_table15/115_jhal_magsi_table15.pdf,63783,78b9e6aeb1a478c2d5b2c65fa9e1a5847924e1067e06e2de8a58cf0f965bfc57,census_build_locked,census2017_education|census2017_other,inputs
raw_data/pbs/Census 2017/pbs_2017_table15/116_kachhi_table15.pdf,70632,91c4e91f988f5116fab8c506ac3758015764de719e7395447e9e2c3d6b4e5bd4,census_build_locked,census2017_education|census2017_other,inputs
raw_data/pbs/Census 2017/pbs_2017_table15/117_nasirabad_table15.pdf,64436,4171be00c737894dbe82b374ec591da8afab6a8319eec516b62952b7e9bfd557,census_build_locked,census2017_education|census2017_other,inputs
raw_data/pbs/Census 2017/pbs_2017_table15/118_sohbatpur_table15.pdf,64073,e76a0acf613f22a6fb64f3b345d4fa46e57fa2f2fc61b2aed35e6e0fd8b1afea,census_build_locked,census2017_education|census2017_other,inputs
raw_data/pbs/Census 2017/pbs_2017_table15/119_chagai_table15.pdf,60866,c83c9436f3223a7a7dd1f7e2f0d2c931dc583acaffb8ca82981fa37b5391ae46,census_build_locked,census2017_education|census2017_other,inputs
raw_data/pbs/Census 2017/pbs_2017_table15/120_killa_abdullah_table15.pdf,62177,9855703f8e71c77eb38ff98dfc37c7be917d28a63b983ea4c41745d6b39d8512,census_build_locked,census2017_education|census2017_other,inputs
raw_data/pbs/Census 2017/pbs_2017_table15/121_nushki_table15.pdf,61671,1b140325b3878079245a34b9663da6a25d14d27c04f36e261419f870f44ab545,census_build_locked,census2017_education|census2017_other,inputs
raw_data/pbs/Census 2017/pbs_2017_table15/122_pishin_table15.pdf,62589,ce7c75d05668b48875d6e24e53905f4e21f6a040e701ce81b24748b0a74482ca,census_build_locked,census2017_education|census2017_other,inputs
raw_data/pbs/Census 2017/pbs_2017_table15/123_quetta_table15.pdf,66335,0eaea531e6538d3f27917aef689f212360d5af692d448c9b2628bdef92312bd1,census_build_locked,census2017_education|census2017_other,inputs
raw_data/pbs/Census 2017/pbs_2017_table15/124_dera_bugti_table15.pdf,64486,f75f2a38081566284cccffebc2ce4298228ba6538a26d3d61f1a488bf3384bbd,census_build_locked,census2017_education|census2017_other,inputs
raw_data/pbs/Census 2017/pbs_2017_table15/125_harnai_table15.pdf,60746,affe88a97bcb3f9a2f0dabba14817f02c6cdf522ea92c1b652a77e59f6986fb9,census_build_locked,census2017_education|census2017_other,inputs
raw_data/pbs/Census 2017/pbs_2017_table15/126_kohlu_table15.pdf,61490,18b4886700cf373e49075e78b973acd0c3b7fb13621bdb772e5603bae0ef5963,census_build_locked,census2017_education|census2017_other,inputs
raw_data/pbs/Census 2017/pbs_2017_table15/127_sibi_table15.pdf,64801,ba4d9eda4a759f78c7fa190804c445fec7077c84d4acb1d35b5056a963dbba91,census_build_locked,census2017_education|census2017_other,inputs
raw_data/pbs/Census 2017/pbs_2017_table15/128_ziarat_table15.pdf,64491,102fa1b3b07bcd9ba19d37cf123772c6fe2a5e04e00a9babbe46dd1e772796f2,census_build_locked,census2017_education|census2017_other,inputs
raw_data/pbs/Census 2017/pbs_2017_table15/129_barkhan_table15.pdf,61596,31ab8d3517c792a7d7fe3e4de157a6bef456a7f38dfcdd59b9046540a146f644,census_build_locked,census2017_education|census2017_other,inputs
raw_data/pbs/Census 2017/pbs_2017_table15/130_killa_saifullah_table15.pdf,70781,278120b5ccc4f1c8aa52b5dceebce0fd7ea65543a3ee3d477f76ed4daf4c29e1,census_build_locked,census2017_education|census2017_other,inputs
raw_data/pbs/Census 2017/pbs_2017_table15/131_loralai_table15.pdf,61671,485cc0563ed483dcf74d20fb0702231573529403b33bf8a7de7f4de28791ff2e,census_build_locked,census2017_education|census2017_other,inputs
raw_data/pbs/Census 2017/pbs_2017_table15/132_musakhel_table15.pdf,64423,41c5f84e5029defc41fef025105cac2c3963d230973b74e9c018a809707ea65c,census_build_locked,census2017_education|census2017_other,inputs
raw_data/pbs/Census 2017/pbs_2017_table15/133_sherani_table15.pdf,69444,a96488a653ee0a944fdf93b3136d7491f53b4f19c8fedbc471231a60863db63c,census_build_locked,census2017_education|census2017_other,inputs
raw_data/pbs/Census 2017/pbs_2017_table15/134_zhob_table15.pdf,65552,7ae74f6f8b47b9f4e370d37acbb16ba4b9eeacc153fd0e1c1e280a7908e94dd2,census_build_locked,census2017_education|census2017_other,inputs
raw_data/pbs/Census 2017/pbs_2017_table15/135_islamabad_table15.pdf,64144,6d7c5db78c9e84eb01a7bfa9ded8e2f78de9b9d2e0353de96355992e85856d96,census_build_locked,census2017_education|census2017_other,inputs
raw_data/pbs/Census 2017/pbs_2017_table15/manifest.csv,28467,bb4892949a78869ac75824cdf73b1edbe0c41ac29cc07a99961173426fbad54c,census_build_locked,census2017_education|census2017_other,inputs
raw_data/pbs/Census 2017/pbs_2017_table16.zip,7933951,,metadata_only,census2017_other,inputs
raw_data/pbs/Census 2017/pbs_2017_table16/001_bannu_table16.pdf,61228,,metadata_only,census2017_other,inputs
raw_data/pbs/Census 2017/pbs_2017_table16/002_lakki_marwat_table16.pdf,61279,,metadata_only,census2017_other,inputs
raw_data/pbs/Census 2017/pbs_2017_table16/003_dera_ismail_khan_table16.pdf,65444,,metadata_only,census2017_other,inputs
raw_data/pbs/Census 2017/pbs_2017_table16/004_tank_table16.pdf,60798,,metadata_only,census2017_other,inputs
raw_data/pbs/Census 2017/pbs_2017_table16/005_abbottabad_table16.pdf,61318,,metadata_only,census2017_other,inputs
raw_data/pbs/Census 2017/pbs_2017_table16/006_batagram_table16.pdf,59811,,metadata_only,census2017_other,inputs
raw_data/pbs/Census 2017/pbs_2017_table16/007_haripur_table16.pdf,61395,,metadata_only,census2017_other,inputs
raw_data/pbs/Census 2017/pbs_2017_table16/008_mansehra_table16.pdf,60754,,metadata_only,census2017_other,inputs
raw_data/pbs/Census 2017/pbs_2017_table16/009_torghar_table16.pdf,59706,,metadata_only,census2017_other,inputs
raw_data/pbs/Census 2017/pbs_2017_table16/010_kohistan_table16.pdf,51442,,metadata_only,census2017_other,inputs
raw_data/pbs/Census 2017/pbs_2017_table16/011_hangu_table16.pdf,61078,,metadata_only,census2017_other,inputs
raw_data/pbs/Census 2017/pbs_2017_table16/012_karak_table16.pdf,61192,,metadata_only,census2017_other,inputs
raw_data/pbs/Census 2017/pbs_2017_table16/013_kohat_table16.pdf,65473,,metadata_only,census2017_other,inputs
raw_data/pbs/Census 2017/pbs_2017_table16/014_mardan_table16.pdf,65435,,metadata_only,census2017_other,inputs
raw_data/pbs/Census 2017/pbs_2017_table16/015_swabi_table16.pdf,61466,,metadata_only,census2017_other,inputs
raw_data/pbs/Census 2017/pbs_2017_table16/016_charsadda_table16.pdf,61704,,metadata_only,census2017_other,inputs
raw_data/pbs/Census 2017/pbs_2017_table16/017_nowshera_table16.pdf,61742,,metadata_only,census2017_other,inputs
raw_data/pbs/Census 2017/pbs_2017_table16/018_peshawar_table16.pdf,62410,,metadata_only,census2017_other,inputs
raw_data/pbs/Census 2017/pbs_2017_table16/019_buner_table16.pdf,60076,,metadata_only,census2017_other,inputs
raw_data/pbs/Census 2017/pbs_2017_table16/020_chitral_table16.pdf,61300,,metadata_only,census2017_other,inputs
raw_data/pbs/Census 2017/pbs_2017_table16/021_shangla_table16.pdf,63897,,metadata_only,census2017_other,inputs
raw_data/pbs/Census 2017/pbs_2017_table16/022_swat_table16.pdf,65616,,metadata_only,census2017_other,inputs
raw_data/pbs/Census 2017/pbs_2017_table16/023_lower_dir_table16.pdf,61153,,metadata_only,census2017_other,inputs
raw_data/pbs/Census 2017/pbs_2017_table16/024_upper_dir_table16.pdf,61108,,metadata_only,census2017_other,inputs
raw_data/pbs/Census 2017/pbs_2017_table16/025_malakand_protected_area_table16.pdf,61166,,metadata_only,census2017_other,inputs
raw_data/pbs/Census 2017/pbs_2017_table16/026_khyber_table16.pdf,68933,,metadata_only,census2017_other,inputs
raw_data/pbs/Census 2017/pbs_2017_table16/027_kurram_table16.pdf,61206,,metadata_only,census2017_other,inputs
raw_data/pbs/Census 2017/pbs_2017_table16/028_mohmand_table16.pdf,65934,,metadata_only,census2017_other,inputs
raw_data/pbs/Census 2017/pbs_2017_table16/029_north_waziristan_table16.pdf,60728,,metadata_only,census2017_other,inputs
raw_data/pbs/Census 2017/pbs_2017_table16/030_orakzai_table16.pdf,60159,,metadata_only,census2017_other,inputs
raw_data/pbs/Census 2017/pbs_2017_table16/031_south_waziristan_table16.pdf,61756,,metadata_only,census2017_other,inputs
raw_data/pbs/Census 2017/pbs_2017_table16/032_bajaur_table16.pdf,122316,,metadata_only,census2017_other,inputs
raw_data/pbs/Census 2017/pbs_2017_table16/033_fr_bannu_table16.pdf,120691,,metadata_only,census2017_other,inputs
raw_data/pbs/Census 2017/pbs_2017_table16/034_fr_dikhan_table16.pdf,64185,,metadata_only,census2017_other,inputs
raw_data/pbs/Census 2017/pbs_2017_table16/035_fr_kohat_table16.pdf,64785,,metadata_only,census2017_other,inputs
raw_data/pbs/Census 2017/pbs_2017_table16/036_fr_lakki_marwat_table16.pdf,62778,,metadata_only,census2017_other,inputs
raw_data/pbs/Census 2017/pbs_2017_table16/037_fr_peshawar_table16.pdf,64216,,metadata_only,census2017_other,inputs
raw_data/pbs/Census 2017/pbs_2017_table16/038_fr_tank_table16.pdf,63329,,metadata_only,census2017_other,inputs
raw_data/pbs/Census 2017/pbs_2017_table16/039_attock_table16.pdf,61627,,metadata_only,census2017_other,inputs
raw_data/pbs/Census 2017/pbs_2017_table16/040_chakwal_table16.pdf,62452,,metadata_only,census2017_other,inputs
raw_data/pbs/Census 2017/pbs_2017_table16/041_jhelum_table16.pdf,61711,,metadata_only,census2017_other,inputs
raw_data/pbs/Census 2017/pbs_2017_table16/042_rawalpindi_table16.pdf,62667,,metadata_only,census2017_other,inputs
raw_data/pbs/Census 2017/pbs_2017_table16/043_bhakkar_table16.pdf,61603,,metadata_only,census2017_other,inputs
raw_data/pbs/Census 2017/pbs_2017_table16/044_khushab_table16.pdf,61643,,metadata_only,census2017_other,inputs
raw_data/pbs/Census 2017/pbs_2017_table16/045_sargodha_table16.pdf,62423,,metadata_only,census2017_other,inputs
raw_data/pbs/Census 2017/pbs_2017_table16/046_mianwali_table16.pdf,65459,,metadata_only,census2017_other,inputs
raw_data/pbs/Census 2017/pbs_2017_table16/047_gujranwala_table16.pdf,68626,,metadata_only,census2017_other,inputs
raw_data/pbs/Census 2017/pbs_2017_table16/048_gujrat_table16.pdf,62220,,metadata_only,census2017_other,inputs
raw_data/pbs/Census 2017/pbs_2017_table16/049_hafizabad_table16.pdf,61606,,metadata_only,census2017_other,inputs
raw_data/pbs/Census 2017/pbs_2017_table16/050_mandi_bahauddin_table16.pdf,61684,,metadata_only,census2017_other,inputs
raw_data/pbs/Census 2017/pbs_2017_table16/051_narowal_table16.pdf,65177,,metadata_only,census2017_other,inputs
raw_data/pbs/Census 2017/pbs_2017_table16/052_sialkot_table16.pdf,62266,,metadata_only,census2017_other,inputs
raw_data/pbs/Census 2017/pbs_2017_table16/053_lahore_table16.pdf,61037,,metadata_only,census2017_other,inputs
raw_data/pbs/Census 2017/pbs_2017_table16/054_kasur_table16.pdf,61808,,metadata_only,census2017_other,inputs
raw_data/pbs/Census 2017/pbs_2017_table16/055_nankana_sahib_table16.pdf,65331,,metadata_only,census2017_other,inputs
raw_data/pbs/Census 2017/pbs_2017_table16/056_sheikhupura_table16.pdf,62171,,metadata_only,census2017_other,inputs
raw_data/pbs/Census 2017/pbs_2017_table16/057_faisalabad_table16.pdf,63006,,metadata_only,census2017_other,inputs
raw_data/pbs/Census 2017/pbs_2017_table16/058_chiniot_table16.pdf,61676,,metadata_only,census2017_other,inputs
raw_data/pbs/Census 2017/pbs_2017_table16/059_jhang_table16.pdf,62284,,metadata_only,census2017_other,inputs
raw_data/pbs/Census 2017/pbs_2017_table16/060_toba_tek_singh_table16.pdf,62112,,metadata_only,census2017_other,inputs
raw_data/pbs/Census 2017/pbs_2017_table16/061_sahiwal_table16.pdf,61939,,metadata_only,census2017_other,inputs
raw_data/pbs/Census 2017/pbs_2017_table16/062_okara_table16.pdf,61977,,metadata_only,census2017_other,inputs
raw_data/pbs/Census 2017/pbs_2017_table16/063_pakpattan_table16.pdf,61770,,metadata_only,census2017_other,inputs
raw_data/pbs/Census 2017/pbs_2017_table16/064_bahawalnagar_table16.pdf,62304,,metadata_only,census2017_other,inputs
raw_data/pbs/Census 2017/pbs_2017_table16/065_bahawalpur_table16.pdf,66051,,metadata_only,census2017_other,inputs
raw_data/pbs/Census 2017/pbs_2017_table16/066_rahim_yar_khan_table16.pdf,62404,,metadata_only,census2017_other,inputs
raw_data/pbs/Census 2017/pbs_2017_table16/067_dera_ghazi_khan_table16.pdf,62337,,metadata_only,census2017_other,inputs
raw_data/pbs/Census 2017/pbs_2017_table16/068_rajanpur_table16.pdf,69670,,metadata_only,census2017_other,inputs
raw_data/pbs/Census 2017/pbs_2017_table16/069_layyah_table16.pdf,65238,,metadata_only,census2017_other,inputs
raw_data/pbs/Census 2017/pbs_2017_table16/070_muzaffargarh_table16.pdf,66270,,metadata_only,census2017_other,inputs
raw_data/pbs/Census 2017/pbs_2017_table16/071_multan_table16.pdf,62384,,metadata_only,census2017_other,inputs
raw_data/pbs/Census 2017/pbs_2017_table16/072_khanewal_table16.pdf,62038,,metadata_only,census2017_other,inputs
raw_data/pbs/Census 2017/pbs_2017_table16/073_lodhran_table16.pdf,61831,,metadata_only,census2017_other,inputs
raw_data/pbs/Census 2017/pbs_2017_table16/074_vehari_table16.pdf,62156,,metadata_only,census2017_other,inputs
raw_data/pbs/Census 2017/pbs_2017_table16/075_jacobabad_table16.pdf,61640,,metadata_only,census2017_other,inputs
raw_data/pbs/Census 2017/pbs_2017_table16/076_kashmor_table16.pdf,61363,,metadata_only,census2017_other,inputs
raw_data/pbs/Census 2017/pbs_2017_table16/077_kambar_shahdad_kot_table16.pdf,61666,,metadata_only,census2017_other,inputs
raw_data/pbs/Census 2017/pbs_2017_table16/078_larkana_table16.pdf,62008,,metadata_only,census2017_other,inputs
raw_data/pbs/Census 2017/pbs_2017_table16/079_shikarpur_table16.pdf,61761,,metadata_only,census2017_other,inputs
raw_data/pbs/Census 2017/pbs_2017_table16/080_ghotki_table16.pdf,61901,,metadata_only,census2017_other,inputs
raw_data/pbs/Census 2017/pbs_2017_table16/081_khairpur_table16.pdf,61855,,metadata_only,census2017_other,inputs
raw_data/pbs/Census 2017/pbs_2017_table16/082_sukkur_table16.pdf,61958,,metadata_only,census2017_other,inputs
raw_data/pbs/Census 2017/pbs_2017_table16/083_badin_table16.pdf,61835,,metadata_only,census2017_other,inputs
raw_data/pbs/Census 2017/pbs_2017_table16/084_dadu_table16.pdf,61619,,metadata_only,census2017_other,inputs
raw_data/pbs/Census 2017/pbs_2017_table16/085_hyderabad_table16.pdf,65657,,metadata_only,census2017_other,inputs
raw_data/pbs/Census 2017/pbs_2017_table16/086_jamshoro_table16.pdf,61844,,metadata_only,census2017_other,inputs
raw_data/pbs/Census 2017/pbs_2017_table16/087_matiari_table16.pdf,61463,,metadata_only,census2017_other,inputs
raw_data/pbs/Census 2017/pbs_2017_table16/088_sujawal_table16.pdf,62489,,metadata_only,census2017_other,inputs
raw_data/pbs/Census 2017/pbs_2017_table16/089_tando_allahyar_table16.pdf,61753,,metadata_only,census2017_other,inputs
raw_data/pbs/Census 2017/pbs_2017_table16/090_tando_muhammad_khan_table16.pdf,61267,,metadata_only,census2017_other,inputs
raw_data/pbs/Census 2017/pbs_2017_table16/091_thatta_table16.pdf,61699,,metadata_only,census2017_other,inputs
raw_data/pbs/Census 2017/pbs_2017_table16/092_karachi_central_table16.pdf,60790,,metadata_only,census2017_other,inputs
raw_data/pbs/Census 2017/pbs_2017_table16/093_karachi_east_table16.pdf,60852,,metadata_only,census2017_other,inputs
raw_data/pbs/Census 2017/pbs_2017_table16/094_karachi_south_table16.pdf,60840,,metadata_only,census2017_other,inputs
raw_data/pbs/Census 2017/pbs_2017_table16/095_karachi_west_table16.pdf,61910,,metadata_only,census2017_other,inputs
raw_data/pbs/Census 2017/pbs_2017_table16/096_korangi_table16.pdf,60824,,metadata_only,census2017_other,inputs
raw_data/pbs/Census 2017/pbs_2017_table16/097_malir_table16.pdf,62092,,metadata_only,census2017_other,inputs
raw_data/pbs/Census 2017/pbs_2017_table16/098_mirpur_khas_table16.pdf,61555,,metadata_only,census2017_other,inputs
raw_data/pbs/Census 2017/pbs_2017_table16/099_tharparkar_table16.pdf,61687,,metadata_only,census2017_other,inputs
raw_data/pbs/Census 2017/pbs_2017_table16/100_umer_kot_table16.pdf,61491,,metadata_only,census2017_other,inputs
raw_data/pbs/Census 2017/pbs_2017_table16/101_sanghar_table16.pdf,61791,,metadata_only,census2017_other,inputs
raw_data/pbs/Census 2017/pbs_2017_table16/102_naushahro_feroze_table16.pdf,62178,,metadata_only,census2017_other,inputs
raw_data/pbs/Census 2017/pbs_2017_table16/103_shaheed_benazirabad_table16.pdf,62181,,metadata_only,census2017_other,inputs
raw_data/pbs/Census 2017/pbs_2017_table16/104_awaran_table16.pdf,60485,,metadata_only,census2017_other,inputs
raw_data/pbs/Census 2017/pbs_2017_table16/105_kalat_table16.pdf,64320,,metadata_only,census2017_other,inputs
raw_data/pbs/Census 2017/pbs_2017_table16/106_kharan_table16.pdf,60132,,metadata_only,census2017_other,inputs
raw_data/pbs/Census 2017/pbs_2017_table16/107_khuzdar_table16.pdf,65691,,metadata_only,census2017_other,inputs
raw_data/pbs/Census 2017/pbs_2017_table16/108_lasbela_table16.pdf,65003,,metadata_only,census2017_other,inputs
raw_data/pbs/Census 2017/pbs_2017_table16/109_mastung_table16.pdf,61016,,metadata_only,census2017_other,inputs
raw_data/pbs/Census 2017/pbs_2017_table16/110_washuk_table16.pdf,60140,,metadata_only,census2017_other,inputs
raw_data/pbs/Census 2017/pbs_2017_table16/111_gwadar_table16.pdf,62487,,metadata_only,census2017_other,inputs
raw_data/pbs/Census 2017/pbs_2017_table16/112_kech_table16.pdf,61642,,metadata_only,census2017_other,inputs
raw_data/pbs/Census 2017/pbs_2017_table16/113_panjgur_table16.pdf,60769,,metadata_only,census2017_other,inputs
raw_data/pbs/Census 2017/pbs_2017_table16/114_jaffarabad_table16.pdf,61705,,metadata_only,census2017_other,inputs
raw_data/pbs/Census 2017/pbs_2017_table16/115_jhal_magsi_table16.pdf,64208,,metadata_only,census2017_other,inputs
raw_data/pbs/Census 2017/pbs_2017_table16/116_kachhi_table16.pdf,60956,,metadata_only,census2017_other,inputs
raw_data/pbs/Census 2017/pbs_2017_table16/117_nasirabad_table16.pdf,64689,,metadata_only,census2017_other,inputs
raw_data/pbs/Census 2017/pbs_2017_table16/118_sohbatpur_table16.pdf,63929,,metadata_only,census2017_other,inputs
raw_data/pbs/Census 2017/pbs_2017_table16/119_chagai_table16.pdf,60467,,metadata_only,census2017_other,inputs
raw_data/pbs/Census 2017/pbs_2017_table16/120_killa_abdullah_table16.pdf,60978,,metadata_only,census2017_other,inputs
raw_data/pbs/Census 2017/pbs_2017_table16/121_nushki_table16.pdf,60509,,metadata_only,census2017_other,inputs
raw_data/pbs/Census 2017/pbs_2017_table16/122_pishin_table16.pdf,61416,,metadata_only,census2017_other,inputs
raw_data/pbs/Census 2017/pbs_2017_table16/123_quetta_table16.pdf,66102,,metadata_only,census2017_other,inputs
raw_data/pbs/Census 2017/pbs_2017_table16/124_dera_bugti_table16.pdf,60770,,metadata_only,census2017_other,inputs
raw_data/pbs/Census 2017/pbs_2017_table16/125_harnai_table16.pdf,60271,,metadata_only,census2017_other,inputs
raw_data/pbs/Census 2017/pbs_2017_table16/127_sibi_table16.pdf,67155,,metadata_only,census2017_other,inputs
raw_data/pbs/Census 2017/pbs_2017_table16/128_ziarat_table16.pdf,60730,,metadata_only,census2017_other,inputs
raw_data/pbs/Census 2017/pbs_2017_table16/129_barkhan_table16.pdf,60520,,metadata_only,census2017_other,inputs
raw_data/pbs/Census 2017/pbs_2017_table16/130_killa_saifullah_table16.pdf,60788,,metadata_only,census2017_other,inputs
raw_data/pbs/Census 2017/pbs_2017_table16/131_loralai_table16.pdf,64484,,metadata_only,census2017_other,inputs
raw_data/pbs/Census 2017/pbs_2017_table16/132_musakhel_table16.pdf,63926,,metadata_only,census2017_other,inputs
raw_data/pbs/Census 2017/pbs_2017_table16/133_sherani_table16.pdf,59644,,metadata_only,census2017_other,inputs
raw_data/pbs/Census 2017/pbs_2017_table16/134_zhob_table16.pdf,65628,,metadata_only,census2017_other,inputs
raw_data/pbs/Census 2017/pbs_2017_table16/135_islamabad_table16.pdf,62076,,metadata_only,census2017_other,inputs
raw_data/pbs/Census 2017/pbs_2017_table16/manifest.csv,28386,,metadata_only,census2017_other,inputs
raw_data/pbs/Census 2017/pbs_table01_downloader.py,8039,,metadata_only,census2017_other,inputs
raw_data/pbs/Census 2017/pbs_table12_downloader.py,3532,,metadata_only,census2017_other,inputs
raw_data/pbs/Census 2017/pbs_table_downloader.py,10306,,metadata_only,census2017_other,inputs
raw_data/pbs/Census 2023/Untitled.ipynb,107456,,metadata_only,census2023_other,inputs
raw_data/pbs/Census 2023/census2023_all_tables.zip,5874622,,metadata_only,census2023_other,inputs
raw_data/pbs/Census 2023/census2023_all_tables/combine_census2023_with_headers.py,20294,,metadata_only,census2023_other,inputs
raw_data/pbs/Census 2023/census2023_all_tables/table_1/table_1_balochistan_districts.csv,47885,ad1f9f72fd8f59213f1ac4832bbd91b08f8d87618813be8c03c41c23713133a9,census_build_locked,census2023_other|census2023_population,inputs
raw_data/pbs/Census 2023/census2023_all_tables/table_1/table_1_islamabad.csv,1033,1d01488d4d558d6ccc5854cdcae5f1cfbace3ed3def0a2deee76ca49075d1389,census_build_locked,census2023_other|census2023_population,inputs
raw_data/pbs/Census 2023/census2023_all_tables/table_1/table_1_kp_districts.csv,45589,3fb70ce47deafcba6bee08cec1f7bdd5a718cacbb149dd0b1cdcaf384e796883,census_build_locked,census2023_other|census2023_population,inputs
raw_data/pbs/Census 2023/census2023_all_tables/table_1/table_1_punjab_districts.csv,50998,28740c71f9cb4be0dca9b7d4f0698aaf6ac1bd4922bf48a13940967a8559e03b,census_build_locked,census2023_other|census2023_population,inputs
raw_data/pbs/Census 2023/census2023_all_tables/table_1/table_1_sindh_districts.csv,45099,243469c2b46bc451f8e9d6bbe5849344ecad431d50292b24ce84db5ca0b9d41c,census_build_locked,census2023_other|census2023_population,inputs
raw_data/pbs/Census 2023/census2023_all_tables/table_12/table_12_balochistan_districts.csv,264041,,metadata_only,census2023_other,inputs
raw_data/pbs/Census 2023/census2023_all_tables/table_12/table_12_islamabad.csv,3360,,metadata_only,census2023_other,inputs
raw_data/pbs/Census 2023/census2023_all_tables/table_12/table_12_kp_districts.csv,261219,,metadata_only,census2023_other,inputs
raw_data/pbs/Census 2023/census2023_all_tables/table_12/table_12_punjab_districts.csv,289847,,metadata_only,census2023_other,inputs
raw_data/pbs/Census 2023/census2023_all_tables/table_12/table_12_sindh_districts.csv,253485,,metadata_only,census2023_other,inputs
raw_data/pbs/Census 2023/census2023_all_tables/table_12_districts_combined_with_headers.csv,1407337,,metadata_only,census2023_other,inputs
raw_data/pbs/Census 2023/census2023_all_tables/table_13/table_13_balochistan_districts.csv,366315,932c30e66c42daec19aaf9acc7c7568347d96b7ee920a1813c04aaf68618d2e5,census_build_locked,census2023_education|census2023_other,inputs
raw_data/pbs/Census 2023/census2023_all_tables/table_13/table_13_islamabad.csv,13541,9c70cdb4b39de88dea5b1c3646e57022c94d5a00c06455e1be051efaf90e5ae9,census_build_locked,census2023_education|census2023_other,inputs
raw_data/pbs/Census 2023/census2023_all_tables/table_13/table_13_kp_districts.csv,406284,7e573caacae18fc20368707219626dcd402d116aac4eb9ea6b1a71cd7da85d61,census_build_locked,census2023_education|census2023_other,inputs
raw_data/pbs/Census 2023/census2023_all_tables/table_13/table_13_punjab_districts.csv,462162,550ba56b03964f73bf32b50e2875c79797f3e5480b1a41310bb9b0078848b406,census_build_locked,census2023_education|census2023_other,inputs
raw_data/pbs/Census 2023/census2023_all_tables/table_13/table_13_sindh_districts.csv,181481,c491053b9e5e935dcfa9f3be2c13a0e0bca26873f2806a1273f7509cab98ec34,census_build_locked,census2023_education|census2023_other,inputs
raw_data/pbs/Census 2023/census2023_all_tables/table_13_districts_combined_with_headers.csv,10401,,metadata_only,census2023_other,inputs
raw_data/pbs/Census 2023/census2023_all_tables/table_14/table_14_balochistan_districts.csv,170048,,metadata_only,census2023_other,inputs
raw_data/pbs/Census 2023/census2023_all_tables/table_14/table_14_islamabad.csv,2154,,metadata_only,census2023_other,inputs
raw_data/pbs/Census 2023/census2023_all_tables/table_14/table_14_kp_districts.csv,165408,,metadata_only,census2023_other,inputs
raw_data/pbs/Census 2023/census2023_all_tables/table_14/table_14_punjab_districts.csv,184513,,metadata_only,census2023_other,inputs
raw_data/pbs/Census 2023/census2023_all_tables/table_14/table_14_sindh_districts.csv,161693,,metadata_only,census2023_other,inputs
raw_data/pbs/Census 2023/census2023_all_tables/table_14_districts_combined_with_headers.csv,5424,,metadata_only,census2023_other,inputs
raw_data/pbs/Census 2023/census2023_all_tables/table_1_districts_combined_with_headers.csv,18501,,metadata_only,census2023_other,inputs
raw_data/pbs/Census 2023/census2023_all_tables/table_5/table_5_balochistan_districts.csv,156306,,metadata_only,census2023_other,inputs
raw_data/pbs/Census 2023/census2023_all_tables/table_5/table_5_islamabad.csv,2414,,metadata_only,census2023_other,inputs
raw_data/pbs/Census 2023/census2023_all_tables/table_5/table_5_kp_districts.csv,167824,,metadata_only,census2023_other,inputs
raw_data/pbs/Census 2023/census2023_all_tables/table_5/table_5_punjab_districts.csv,179181,,metadata_only,census2023_other,inputs
raw_data/pbs/Census 2023/census2023_all_tables/table_5/table_5_sindh_districts.csv,153740,,metadata_only,census2023_other,inputs
raw_data/pbs/Census 2023/census2023_all_tables/table_5_districts_combined_with_headers.csv,13972,,metadata_only,census2023_other,inputs
raw_data/pbs/Census 2023/census2023_all_tables/xlsx/table_12_balochistan_districts.xlsx,694213,,metadata_only,census2023_education|census2023_other|census2023_population,inputs
raw_data/pbs/Census 2023/census2023_all_tables/xlsx/table_12_islamabad.xlsx,461118,,metadata_only,census2023_education|census2023_other|census2023_population,inputs
raw_data/pbs/Census 2023/census2023_all_tables/xlsx/table_12_kp_districts.xlsx,687814,,metadata_only,census2023_education|census2023_other|census2023_population,inputs
raw_data/pbs/Census 2023/census2023_all_tables/xlsx/table_12_punjab_districts.xlsx,722980,,metadata_only,census2023_education|census2023_other|census2023_population,inputs
raw_data/pbs/Census 2023/census2023_all_tables/xlsx/table_12_sindh_districts.xlsx,689664,,metadata_only,census2023_education|census2023_other|census2023_population,inputs
raw_data/pbs/Census 2023/census2023_all_tables/xlsx/table_13_balochistan_districts.xlsx,300684,,metadata_only,census2023_education|census2023_other|census2023_population,inputs
raw_data/pbs/Census 2023/census2023_all_tables/xlsx/table_13_islamabad.xlsx,20409,,metadata_only,census2023_education|census2023_other|census2023_population,inputs
raw_data/pbs/Census 2023/census2023_all_tables/xlsx/table_13_kp_districts.xlsx,315551,,metadata_only,census2023_education|census2023_other|census2023_population,inputs
raw_data/pbs/Census 2023/census2023_all_tables/xlsx/table_13_punjab_districts.xlsx,353174,,metadata_only,census2023_education|census2023_other|census2023_population,inputs
raw_data/pbs/Census 2023/census2023_all_tables/xlsx/table_13_sindh_districts.xlsx,147933,,metadata_only,census2023_education|census2023_other|census2023_population,inputs
raw_data/pbs/Census 2023/census2023_all_tables/xlsx/table_14_balochistan_districts.xlsx,160631,,metadata_only,census2023_education|census2023_other|census2023_population,inputs
raw_data/pbs/Census 2023/census2023_all_tables/xlsx/table_14_islamabad.xlsx,12682,,metadata_only,census2023_education|census2023_other|census2023_population,inputs
raw_data/pbs/Census 2023/census2023_all_tables/xlsx/table_14_kp_districts.xlsx,157227,,metadata_only,census2023_education|census2023_other|census2023_population,inputs
raw_data/pbs/Census 2023/census2023_all_tables/xlsx/table_14_punjab_districts.xlsx,178859,,metadata_only,census2023_education|census2023_other|census2023_population,inputs
raw_data/pbs/Census 2023/census2023_all_tables/xlsx/table_14_sindh_districts.xlsx,155501,,metadata_only,census2023_education|census2023_other|census2023_population,inputs
raw_data/pbs/Census 2023/census2023_all_tables/xlsx/table_1_balochistan_districts.xlsx,61693,,metadata_only,census2023_education|census2023_other|census2023_population,inputs
raw_data/pbs/Census 2023/census2023_all_tables/xlsx/table_1_islamabad.xlsx,15913,,metadata_only,census2023_education|census2023_other|census2023_population,inputs
raw_data/pbs/Census 2023/census2023_all_tables/xlsx/table_1_kp_districts.xlsx,62461,,metadata_only,census2023_education|census2023_other|census2023_population,inputs
raw_data/pbs/Census 2023/census2023_all_tables/xlsx/table_1_punjab_districts.xlsx,69003,,metadata_only,census2023_education|census2023_other|census2023_population,inputs
raw_data/pbs/Census 2023/census2023_all_tables/xlsx/table_1_sindh_districts.xlsx,62483,,metadata_only,census2023_education|census2023_other|census2023_population,inputs
raw_data/pbs/Census 2023/census2023_all_tables/xlsx/table_5_balochistan_districts.xlsx,202554,,metadata_only,census2023_education|census2023_other|census2023_population,inputs
raw_data/pbs/Census 2023/census2023_all_tables/xlsx/table_5_islamabad.xlsx,13744,,metadata_only,census2023_education|census2023_other|census2023_population,inputs
raw_data/pbs/Census 2023/census2023_all_tables/xlsx/table_5_kp_districts.xlsx,195746,,metadata_only,census2023_education|census2023_other|census2023_population,inputs
raw_data/pbs/Census 2023/census2023_all_tables/xlsx/table_5_punjab_districts.xlsx,225639,,metadata_only,census2023_education|census2023_other|census2023_population,inputs
raw_data/pbs/Census 2023/census2023_all_tables/xlsx/table_5_sindh_districts.xlsx,196729,,metadata_only,census2023_education|census2023_other|census2023_population,inputs
raw_data/pbs/Census 2023/census2023_combined_output/parse_errors.json,3140,,metadata_only,census2023_other,inputs
raw_data/pbs/Census 2023/combined_tables/__tmp_clean_.DS_Store.csv,6154,,metadata_only,census2023_other,inputs
raw_data/pbs/Census 2023/combined_tables/__tmp_clean_table_12_balochistan_districts.csv.csv,264041,,metadata_only,census2023_other,inputs
raw_data/pbs/Census 2023/combined_tables/__tmp_clean_table_12_islamabad.csv.csv,3360,,metadata_only,census2023_other,inputs
raw_data/pbs/Census 2023/combined_tables/__tmp_clean_table_12_kp_districts.csv.csv,261219,,metadata_only,census2023_other,inputs
raw_data/pbs/Census 2023/combined_tables/__tmp_clean_table_12_punjab_districts.csv.csv,289847,,metadata_only,census2023_other,inputs
raw_data/pbs/Census 2023/combined_tables/__tmp_clean_table_12_sindh_districts.csv.csv,253485,,metadata_only,census2023_other,inputs
raw_data/pbs/Census 2023/combined_tables/__tmp_clean_table_13_balochistan_districts.csv.csv,366315,,metadata_only,census2023_other,inputs
raw_data/pbs/Census 2023/combined_tables/__tmp_clean_table_13_islamabad.csv.csv,13541,,metadata_only,census2023_other,inputs
raw_data/pbs/Census 2023/combined_tables/__tmp_clean_table_13_kp_districts.csv.csv,406284,,metadata_only,census2023_other,inputs
raw_data/pbs/Census 2023/combined_tables/__tmp_clean_table_13_punjab_districts.csv.csv,462162,,metadata_only,census2023_other,inputs
raw_data/pbs/Census 2023/combined_tables/__tmp_clean_table_13_sindh_districts.csv.csv,181481,,metadata_only,census2023_other,inputs
raw_data/pbs/Census 2023/combined_tables/__tmp_clean_table_14_balochistan_districts.csv.csv,170048,,metadata_only,census2023_other,inputs
raw_data/pbs/Census 2023/combined_tables/__tmp_clean_table_14_islamabad.csv.csv,2154,,metadata_only,census2023_other,inputs
raw_data/pbs/Census 2023/combined_tables/__tmp_clean_table_14_kp_districts.csv.csv,165408,,metadata_only,census2023_other,inputs
raw_data/pbs/Census 2023/combined_tables/__tmp_clean_table_14_punjab_districts.csv.csv,184513,,metadata_only,census2023_other,inputs
raw_data/pbs/Census 2023/combined_tables/__tmp_clean_table_14_sindh_districts.csv.csv,161693,,metadata_only,census2023_other,inputs
raw_data/pbs/Census 2023/combined_tables/__tmp_clean_table_1_balochistan_districts.csv.csv,47885,,metadata_only,census2023_other,inputs
raw_data/pbs/Census 2023/combined_tables/__tmp_clean_table_1_islamabad.csv.csv,1033,,metadata_only,census2023_other,inputs
raw_data/pbs/Census 2023/combined_tables/__tmp_clean_table_1_kp_districts.csv.csv,45589,,metadata_only,census2023_other,inputs
raw_data/pbs/Census 2023/combined_tables/__tmp_clean_table_1_punjab_districts.csv.csv,50998,,metadata_only,census2023_other,inputs
raw_data/pbs/Census 2023/combined_tables/__tmp_clean_table_1_sindh_districts.csv.csv,45099,,metadata_only,census2023_other,inputs
raw_data/pbs/Census 2023/combined_tables/__tmp_clean_table_5_balochistan_districts.csv.csv,156306,,metadata_only,census2023_other,inputs
raw_data/pbs/Census 2023/combined_tables/__tmp_clean_table_5_islamabad.csv.csv,2414,,metadata_only,census2023_other,inputs
raw_data/pbs/Census 2023/combined_tables/__tmp_clean_table_5_kp_districts.csv.csv,167824,,metadata_only,census2023_other,inputs
raw_data/pbs/Census 2023/combined_tables/__tmp_clean_table_5_punjab_districts.csv.csv,179181,,metadata_only,census2023_other,inputs
raw_data/pbs/Census 2023/combined_tables/__tmp_clean_table_5_sindh_districts.csv.csv,153740,,metadata_only,census2023_other,inputs
raw_data/pbs/Census 2023/combined_tables/__tmp_clean_~$table_13_sindh_districts.xlsx.csv,165,,metadata_only,census2023_other,inputs
raw_data/pbs/Census 2023/combined_tables/table_12_balochistan_districts.csv.error.txt,831,,metadata_only,census2023_other,inputs
raw_data/pbs/Census 2023/combined_tables/table_12_islamabad.csv.error.txt,819,,metadata_only,census2023_other,inputs
raw_data/pbs/Census 2023/combined_tables/table_12_kp_districts.csv.error.txt,822,,metadata_only,census2023_other,inputs
raw_data/pbs/Census 2023/combined_tables/table_12_punjab_districts.csv.error.txt,826,,metadata_only,census2023_other,inputs
raw_data/pbs/Census 2023/combined_tables/table_12_sindh_districts.csv.error.txt,825,,metadata_only,census2023_other,inputs
raw_data/pbs/Census 2023/combined_tables/table_13_balochistan_districts.csv.error.txt,831,,metadata_only,census2023_other,inputs
raw_data/pbs/Census 2023/combined_tables/table_13_islamabad.csv.error.txt,819,,metadata_only,census2023_other,inputs
raw_data/pbs/Census 2023/combined_tables/table_13_kp_districts.csv.error.txt,822,,metadata_only,census2023_other,inputs
raw_data/pbs/Census 2023/combined_tables/table_13_punjab_districts.csv.error.txt,826,,metadata_only,census2023_other,inputs
raw_data/pbs/Census 2023/combined_tables/table_13_sindh_districts.csv.error.txt,825,,metadata_only,census2023_other,inputs
raw_data/pbs/Census 2023/combined_tables/table_14_balochistan_districts.csv.error.txt,831,,metadata_only,census2023_other,inputs
raw_data/pbs/Census 2023/combined_tables/table_14_islamabad.csv.error.txt,819,,metadata_only,census2023_other,inputs
raw_data/pbs/Census 2023/combined_tables/table_14_kp_districts.csv.error.txt,822,,metadata_only,census2023_other,inputs
raw_data/pbs/Census 2023/combined_tables/table_14_punjab_districts.csv.error.txt,826,,metadata_only,census2023_other,inputs
raw_data/pbs/Census 2023/combined_tables/table_14_sindh_districts.csv.error.txt,825,,metadata_only,census2023_other,inputs
raw_data/pbs/Census 2023/combined_tables/table_1_balochistan_districts.csv.error.txt,829,,metadata_only,census2023_other,inputs
raw_data/pbs/Census 2023/combined_tables/table_1_islamabad.csv.error.txt,817,,metadata_only,census2023_other,inputs
raw_data/pbs/Census 2023/combined_tables/table_1_kp_districts.csv.error.txt,820,,metadata_only,census2023_other,inputs
raw_data/pbs/Census 2023/combined_tables/table_1_punjab_districts.csv.error.txt,824,,metadata_only,census2023_other,inputs
raw_data/pbs/Census 2023/combined_tables/table_1_sindh_districts.csv.error.txt,823,,metadata_only,census2023_other,inputs
raw_data/pbs/Census 2023/combined_tables/table_5_balochistan_districts.csv.error.txt,829,,metadata_only,census2023_other,inputs
raw_data/pbs/Census 2023/combined_tables/table_5_islamabad.csv.error.txt,817,,metadata_only,census2023_other,inputs
raw_data/pbs/Census 2023/combined_tables/table_5_kp_districts.csv.error.txt,820,,metadata_only,census2023_other,inputs
raw_data/pbs/Census 2023/combined_tables/table_5_punjab_districts.csv.error.txt,824,,metadata_only,census2023_other,inputs
raw_data/pbs/Census 2023/combined_tables/table_5_sindh_districts.csv.error.txt,823,,metadata_only,census2023_other,inputs
raw_data/pbs/Census 2023/combined_tables/~$table_13_sindh_districts.xlsx.error.txt,828,,metadata_only,census2023_other,inputs
raw_data/pbs/Census 2023/final tables/table05_combined_2023.csv,14087,,metadata_only,census2023_other,inputs
raw_data/pbs/Census 2023/final tables/table12_combined_2023.csv,1397067,,metadata_only,census2023_other,inputs
raw_data/pbs/Census 2023/final tables/table13_combined_2023.csv,10401,,metadata_only,census2023_education|census2023_other,inputs
raw_data/pbs/Census 2023/final tables/table14_combined_2023.csv,7023,,metadata_only,census2023_other,inputs
raw_data/pbs/Census 2023/final tables/table1_combined_2023.csv,18574,,metadata_only,census2023_other|census2023_population,inputs
raw_data/pbs/Census 2023/parse and clean 2023 tables.py,23876,,metadata_only,census2023_other|census2023_population,inputs|pipeline
raw_data/pbs/Economic Census/BALOCHISTAN-DISTRICTPSIC-WISE.xlsx,38332,,metadata_only,economic_census,inputs
raw_data/pbs/Economic Census/Balochistanemployment-category.xlsx,39404,,metadata_only,economic_census,inputs
raw_data/pbs/Economic Census/KPK-DISTRICTPSIC-WISE.xlsx,38944,,metadata_only,economic_census,inputs
raw_data/pbs/Economic Census/PUNJAB-DISTRICTS-PSIC-wise-1.xlsx,42417,,metadata_only,economic_census,inputs
raw_data/pbs/Economic Census/Punjab-district-unit-type.xlsx,37835,,metadata_only,economic_census,inputs
raw_data/pbs/Economic Census/SINDH-DISTRICTS-PSIC-WISE.xlsx,37261,,metadata_only,economic_census,inputs
raw_data/pbs/Economic Census/Sindh-districtsunit-type-1.xlsx,30950,,metadata_only,economic_census,inputs
raw_data/pbs/Economic Census/balochistan-unit-type-employment-category-2.xlsx,32945,,metadata_only,economic_census,inputs
raw_data/pbs/Economic Census/district-balochistan-unit-type.xlsx,33767,,metadata_only,economic_census,inputs
raw_data/pbs/Economic Census/districts-punjabemployment-category.xlsx,40705,,metadata_only,economic_census,inputs
raw_data/pbs/Economic Census/kp-unit-type-Employment-category-1.xlsx,33876,,metadata_only,economic_census,inputs
raw_data/pbs/Economic Census/kpk-districtsUnit-Type.xlsx,32826,,metadata_only,economic_census,inputs
raw_data/pbs/Economic Census/punjab-unit-typeemployment-category.xlsx,35379,,metadata_only,economic_census,inputs
raw_data/pbs/Economic Census/sindh-districts-employment-category-1.xlsx,35416,,metadata_only,economic_census,inputs
raw_data/pbs/Economic Census/sindh-unit-typeemployment-category-1.xlsx,29232,,metadata_only,economic_census,inputs
raw_data/pbs/Microdata/HEIS/Coding-HIES-2024-25.xls,90112,,metadata_only,hies2024,inputs
raw_data/pbs/Microdata/HEIS/Female-Questionnaire-HIES-2024-25-English.pdf,2148619,,metadata_only,hies2024,inputs
raw_data/pbs/Microdata/HEIS/Male-Questionnaire-HIES-2024-25-English.pdf,1302998,,metadata_only,hies2024,inputs
raw_data/pbs/Microdata/HEIS/Sec_03a_diarrhoea.dta,1429973,,metadata_only,hies2024,inputs
raw_data/pbs/Microdata/HEIS/Sec_03b_immunisation.dta,1617345,,metadata_only,hies2024,inputs
raw_data/pbs/Microdata/HEIS/Sec_04a_pregnancyhistory.dta,1592495,,metadata_only,hies2024,inputs
raw_data/pbs/Microdata/HEIS/Sec_04d_pre_post_natal.dta,1634371,,metadata_only,hies2024,inputs
raw_data/pbs/Microdata/HEIS/Sec_04e_decisionmaking.dta,1376074,,metadata_only,hies2024,inputs
raw_data/pbs/Microdata/HEIS/plist_roster.dta,6648714,,metadata_only,hies2024,inputs
raw_data/pbs/Microdata/HEIS/sec_02c_ict.dta,19534798,,metadata_only,hies2024,inputs
raw_data/pbs/Microdata/HEIS/sec_03c_malaria.dta,12334639,,metadata_only,hies2024,inputs
raw_data/pbs/Microdata/HEIS/sec_04b_maternityhistory.dta,2432861,,metadata_only,hies2024,inputs
raw_data/pbs/Microdata/HEIS/sec_04c_familyplanning.dta,1782337,,metadata_only,hies2024,inputs
raw_data/pbs/Microdata/HEIS/sec_05m1_housingchar.dta,3539581,,metadata_only,hies2024,inputs
raw_data/pbs/Microdata/HEIS/sec_05m2_watersanitation.dta,1846214,,metadata_only,hies2024,inputs
raw_data/pbs/Microdata/HEIS/sec_05m3_wastemanagment.dta,725731,,metadata_only,hies2024,inputs
raw_data/pbs/Microdata/HEIS/sec_05m4_fies.dta,756457,,metadata_only,hies2024,inputs
raw_data/pbs/Microdata/HEIS/sec_10a_agrisheet.dta,8583572,,metadata_only,hies2024,inputs
raw_data/pbs/Microdata/HEIS/sec_10b_livestock.dta,2857161,,metadata_only,hies2024,inputs
raw_data/pbs/Microdata/HEIS/sec_11ab_nonagri.dta,5046269,,metadata_only,hies2024,inputs
raw_data/pbs/Microdata/HEIS/sec_1b_emp_income.dta,9286987,,metadata_only,hies2024,inputs
raw_data/pbs/Microdata/HEIS/sec_2ab_education.dta,5305267,,metadata_only,hies2024,inputs
raw_data/pbs/Microdata/HEIS/sec_6a_consum_exp.dta,143788157,,metadata_only,hies2024,inputs
raw_data/pbs/Microdata/HEIS/sec_7.dta,7176386,,metadata_only,hies2024,inputs
raw_data/pbs/Microdata/HEIS/sec_8a.dta,27704221,,metadata_only,hies2024,inputs
raw_data/pbs/Microdata/HEIS/sec_9a.dta,17690935,,metadata_only,hies2024,inputs
raw_data/pbs/Microdata/HEIS/sec_9b.dta,14542153,,metadata_only,hies2024,inputs
raw_data/pbs/Microdata/HEIS/section_info.dta,634513,,metadata_only,hies2024,inputs
raw_data/pbs/Microdata/HEIS/weight.dta,17664,,metadata_only,hies2024,inputs
raw_data/pbs/Microdata/LFS/CODING-SCHEME-LFS-2024-25.pdf,20345,,metadata_only,lfs2024,inputs
raw_data/pbs/Microdata/LFS/LFS 2024-25.sav web.dta,436276656,,metadata_only,lfs2024,inputs
raw_data/pbs/Microdata/LFS/LFS2020-21.dta,1038659735,,metadata_only,lfs2020,inputs
raw_data/pbs/Microdata/LFS/LFS2020-21_Microdata_STATA.zip,25499923,,metadata_only,lfs2020,inputs
raw_data/pbs/Microdata/LFS/Questionnaire-of-LFS-2024-25-Final.pdf,1070589,,metadata_only,lfs2024,inputs
raw_data/pbs/Microdata/PSLM 2019-20/2.1.pdf,352571,,metadata_only,mpi|pslm2019,inputs
raw_data/pbs/Microdata/PSLM 2019-20/DISTRICT Questionniare_final 2019-20.pdf,1059752,,metadata_only,mpi|pslm2019,inputs
raw_data/pbs/Microdata/PSLM 2019-20/District Manual of Instruction2019-20.pdf,2290228,,metadata_only,mpi|pslm2019,inputs
raw_data/pbs/Microdata/PSLM 2019-20/Indicators Covered by PSLM-19-20.pdf,270987,,metadata_only,mpi|pslm2019,inputs
raw_data/pbs/Microdata/PSLM 2019-20/stata data/info.dta,8346568,,metadata_only,mpi|pslm2019,inputs
raw_data/pbs/Microdata/PSLM 2019-20/stata data/plist.dta,26982264,,metadata_only,mpi|pslm2019,inputs
raw_data/pbs/Microdata/PSLM 2019-20/stata data/roster.dta,24544741,,metadata_only,mpi|pslm2019,inputs
raw_data/pbs/Microdata/PSLM 2019-20/stata data/secb2.dta,25292668,,metadata_only,mpi|pslm2019,inputs
raw_data/pbs/Microdata/PSLM 2019-20/stata data/secb2.xlsx,48331347,,metadata_only,mpi|pslm2019,inputs
raw_data/pbs/Microdata/PSLM 2019-20/stata data/secc1.dta,57827206,,metadata_only,mpi|pslm2019,inputs
raw_data/pbs/Microdata/PSLM 2019-20/stata data/secc2.dta,36565754,,metadata_only,mpi|pslm2019,inputs
raw_data/pbs/Microdata/PSLM 2019-20/stata data/secd.dta,20020124,,metadata_only,mpi|pslm2019,inputs
raw_data/pbs/Microdata/PSLM 2019-20/stata data/sece.dta,48851261,,metadata_only,mpi|pslm2019,inputs
raw_data/pbs/Microdata/PSLM 2019-20/stata data/secf1.dta,6436564,,metadata_only,mpi|pslm2019,inputs
raw_data/pbs/Microdata/PSLM 2019-20/stata data/secf2.dta,5312168,,metadata_only,mpi|pslm2019,inputs
raw_data/pbs/Microdata/PSLM 2019-20/stata data/secf3.dta,2735929,,metadata_only,mpi|pslm2019,inputs
raw_data/pbs/Microdata/PSLM 2019-20/stata data/secg.dta,86370885,,metadata_only,mpi|pslm2019,inputs
raw_data/pbs/Microdata/PSLM 2019-20/stata data/sech.dta,20960213,,metadata_only,mpi|pslm2019,inputs
raw_data/pbs/Microdata/PSLM 2019-20/stata data/seci.dta,3833838,,metadata_only,mpi|pslm2019,inputs
raw_data/pbs/Microdata/PSLM 2019-20/stata data/secj.dta,4446312,,metadata_only,mpi|pslm2019,inputs
raw_data/pbs/Microdata/PSLM 2019-20/stata data/seck.dta,3217825,,metadata_only,mpi|pslm2019,inputs
raw_data/pbs/Microdata/PSLM 2019-20/stata data/secl.csv,226554515,,metadata_only,mpi|pslm2019,inputs
raw_data/pbs/Microdata/PSLM 2019-20/stata data/secl.dta,48201972,,metadata_only,mpi|pslm2019,inputs
raw_data/pbs/Microdata/PSLM 2019-20/stata data/weight_file.dta,51659,,metadata_only,mpi|pslm2019,inputs
raw_data/pbs/Microdata/PSLM 2019-20/stata_data_pslm_2019_20.zip,52929791,,metadata_only,mpi|pslm2019,inputs
raw_data/pbs/stage1_sources/2026-09-25-official/retrieval_manifest.json,3903,66194d9d0bf7819816cde998d5faa5cb71fa4eebdfcebaabca2fb8eda832c2f7,census_build_locked,census2023_education|census2023_population,inputs
raw_data/pbs/stage1_sources/2026-09-25-official/source_page.html,2085560,206d10352f70b9ca9a53b1d2074cad6f14c62d0ecab4725e95334aab13965de6,census_build_locked,census2023_education|census2023_population,inputs
raw_data/pbs/stage1_sources/2026-09-25-official/table_13_balochistan_districts.pdf,627985,800f5e046600b48fdb357272b0f0988d9ccd2cb9ef5265f6ac25e2a8d365b674,census_build_locked,census2023_education|census2023_population,inputs
raw_data/pbs/stage1_sources/2026-09-25-official/table_13_islamabad.pdf,23158,e0d19d0fc1a6541e76216c17dc413746005fe0cfb7a157e6146c3c8f7a4191e1,census_build_locked,census2023_education|census2023_population,inputs
raw_data/pbs/stage1_sources/2026-09-25-official/table_13_kp_districts.pdf,655126,15fbfa81280f337e19b171bc55c8dfb11f5873ad2cfbc3139f76921e34cfb6e8,census_build_locked,census2023_education|census2023_population,inputs
raw_data/pbs/stage1_sources/2026-09-25-official/table_13_punjab_districts.pdf,692898,41df2a8907602522528c4a0747e78fd99fa2046d5cd12b40015b901a2719f044,census_build_locked,census2023_education|census2023_population,inputs
raw_data/pbs/stage1_sources/2026-09-25-official/table_13_sindh_districts.pdf,592993,89854ec18d4f08082aeea52a609828f122c93fc103f7e399edac13e19d08cc01,census_build_locked,census2023_education|census2023_population,inputs
raw_data/pbs/stage1_sources/2026-09-25-official/table_1_balochistan_districts.pdf,592795,e119ee4fab9ab5371101fcbc7613b2914eddef959184c67f3471ce18f3d1a269,census_build_locked,census2023_education|census2023_population,inputs
raw_data/pbs/stage1_sources/2026-09-25-official/table_1_islamabad.pdf,17456,8deb2282dd70fc564a863c26c7a0adbd7651379aade08dbcc7f8279426423da3,census_build_locked,census2023_education|census2023_population,inputs
raw_data/pbs/stage1_sources/2026-09-25-official/table_1_kp_districts.pdf,562894,6005edb53117b1f319471ea15646b58ee3b99e0b0e18070766928cdbf79404a5,census_build_locked,census2023_education|census2023_population,inputs
raw_data/pbs/stage1_sources/2026-09-25-official/table_1_punjab_districts.pdf,571387,a6d71fcdff9e766bf679b0f084600c2d255028b7be659b048c29351d1731650d,census_build_locked,census2023_education|census2023_population,inputs
raw_data/pbs/stage1_sources/2026-09-25-official/table_1_sindh_districts.pdf,517605,765b0627293a312e6a68ba9a602e55c3af57e459b5fd9fc8a04fcabff4b63f58,census_build_locked,census2023_education|census2023_population,inputs
raw_data/regional_police/discovery/ajk.html,9824,,metadata_only,regional_police,inputs
raw_data/regional_police/discovery/baloch_archive_retry.json,2602930,,metadata_only,regional_police,inputs
raw_data/regional_police/discovery/baloch_crimes.html,28132,,metadata_only,regional_police,inputs
raw_data/regional_police/discovery/baloch_resources.html,43032,,metadata_only,regional_police,inputs
raw_data/regional_police/discovery/balochistan.html,94051,,metadata_only,regional_police,inputs
raw_data/regional_police/discovery/kp.html,185921,,metadata_only,regional_police,inputs
raw_data/regional_police/discovery/kp_crime_search.json,4643,,metadata_only,regional_police,inputs
raw_data/regional_police/discovery/kp_detail_46.json,540,,metadata_only,regional_police,inputs
raw_data/regional_police/discovery/kp_detail_77.json,570,,metadata_only,regional_police,inputs
raw_data/regional_police/discovery/kp_detail_82.json,612,,metadata_only,regional_police,inputs
raw_data/regional_police/discovery/kp_detail_89.json,598,,metadata_only,regional_police,inputs
raw_data/regional_police/discovery/kp_detail_95.json,612,,metadata_only,regional_police,inputs
raw_data/regional_police/discovery/kp_download.html,173480,,metadata_only,regional_police,inputs
raw_data/regional_police/discovery/kp_murder_api.json,301,,metadata_only,regional_police,inputs
raw_data/regional_police/discovery/kp_police.html,99012,,metadata_only,regional_police,inputs
raw_data/regional_police/discovery/kp_publications.json,9754,,metadata_only,regional_police,inputs
raw_data/regional_police/discovery/kpbos.html,6637,,metadata_only,regional_police,inputs
raw_data/regional_police/discovery/kpbos_main.js,4285556,,metadata_only,regional_police,inputs
raw_data/regional_police/discovery/pbs_social.html,1117522,,metadata_only,regional_police,inputs
raw_data/regional_police/downloads.json,1556,,metadata_only,regional_police,inputs
raw_data/regional_police/downloads_baloch.json,2151,,metadata_only,regional_police,inputs
raw_data/regional_police/downloads_gb.json,409,,metadata_only,regional_police,inputs
raw_data/regional_police/downloads_kp.json,1677,,metadata_only,regional_police,inputs
raw_data/regional_police/downloads_more.json,1937,,metadata_only,regional_police,inputs
raw_data/regional_police/downloads_pbs_history.json,549,,metadata_only,regional_police,inputs
raw_data/regional_police/objects/ajk_2020.pdf,9039167,,metadata_only,regional_police,inputs
raw_data/regional_police/objects/ajk_2020.txt,1208062,,metadata_only,regional_police,inputs
raw_data/regional_police/objects/ajk_2022.pdf,9669241,,metadata_only,regional_police,inputs
raw_data/regional_police/objects/ajk_2022.txt,1383401,,metadata_only,regional_police,inputs
raw_data/regional_police/objects/ajk_2024.pdf,10169664,,metadata_only,regional_police,inputs
raw_data/regional_police/objects/ajk_2024.txt,1476503,,metadata_only,regional_police,inputs
raw_data/regional_police/objects/ajk_2025.pdf,11484834,,metadata_only,regional_police,inputs
raw_data/regional_police/objects/ajk_2025.txt,1532894,,metadata_only,regional_police,inputs
raw_data/regional_police/objects/baloch_2019-20.pdf,9066730,,metadata_only,regional_police,inputs
raw_data/regional_police/objects/baloch_2019-20.txt,1107913,,metadata_only,regional_police,inputs
raw_data/regional_police/objects/baloch_2020-21.pdf,9013404,,metadata_only,regional_police,inputs
raw_data/regional_police/objects/baloch_2020-21.txt,1116449,,metadata_only,regional_police,inputs
raw_data/regional_police/objects/baloch_2021-22.pdf,8670043,,metadata_only,regional_police,inputs
raw_data/regional_police/objects/baloch_2021-22.txt,1138511,,metadata_only,regional_police,inputs
raw_data/regional_police/objects/baloch_2022-23.pdf,17527348,,metadata_only,regional_police,inputs
raw_data/regional_police/objects/baloch_2022-23.txt,1299196,,metadata_only,regional_police,inputs
raw_data/regional_police/objects/kp_2020.pdf,8057038,,metadata_only,regional_police,inputs
raw_data/regional_police/objects/kp_2020.txt,1673547,,metadata_only,regional_police,inputs
raw_data/regional_police/objects/kp_2021.pdf,8714165,,metadata_only,regional_police,inputs
raw_data/regional_police/objects/kp_2021.txt,1942365,,metadata_only,regional_police,inputs
raw_data/regional_police/objects/kp_2022.pdf,25225040,,metadata_only,regional_police,inputs
raw_data/regional_police/objects/kp_2022.txt,2019513,,metadata_only,regional_police,inputs
raw_data/regional_police/objects/kp_2023.pdf,39920930,,metadata_only,regional_police,inputs
raw_data/regional_police/objects/kp_2023.rar,9909564,,metadata_only,regional_police,inputs
raw_data/regional_police/objects/kp_2023.txt,1989570,,metadata_only,regional_police,inputs
raw_data/regional_police/objects/kp_2024.pdf,27413020,,metadata_only,regional_police,inputs
raw_data/regional_police/objects/kp_2024.rar,9174524,,metadata_only,regional_police,inputs
raw_data/regional_police/objects/kp_2024.txt,1796412,,metadata_only,regional_police,inputs
raw_data/regional_police/objects/kp_2025.pdf,8280332,,metadata_only,regional_police,inputs
raw_data/regional_police/objects/kp_2025.rar,4676642,,metadata_only,regional_police,inputs
raw_data/regional_police/objects/kp_2025.txt,1821641,,metadata_only,regional_police,inputs
raw_data/regional_police/objects/pbs_2020_2022.pdf,89581,,metadata_only,regional_police,inputs
raw_data/regional_police/objects/pbs_2020_2022.txt,4911,,metadata_only,regional_police,inputs
raw_data/regional_police/objects/pbs_2022.pdf,4026614,,metadata_only,regional_police,inputs
raw_data/regional_police/objects/pbs_2022.txt,2258246,,metadata_only,regional_police,inputs
raw_data/regional_police/objects/pbs_annual.xlsx,13204,,metadata_only,regional_police,inputs
raw_data/regional_police/objects/pbs_monthly.xlsx,14086,,metadata_only,regional_police,inputs
raw_data/regional_police/objects/pbs_province.xlsx,13490,,metadata_only,regional_police,inputs
raw_data/regional_police/objects/pbs_yearly.xlsx,12365,,metadata_only,regional_police,inputs
raw_data/sindh_fir/discovery/archive_candidates.json,1762,,metadata_only,sindh_fir,inputs
raw_data/sindh_fir/discovery/first_open.json,4572,,metadata_only,sindh_fir,inputs
raw_data/sindh_fir/discovery/open_0.txt,295,,metadata_only,sindh_fir,inputs
raw_data/sindh_fir/discovery/open_1.txt,4157,,metadata_only,sindh_fir,inputs
raw_data/sindh_fir/discovery/open_2.txt,4110,,metadata_only,sindh_fir,inputs
raw_data/sindh_fir/discovery/open_3.txt,297,,metadata_only,sindh_fir,inputs
raw_data/sindh_fir/discovery/open_4.txt,297,,metadata_only,sindh_fir,inputs
raw_data/sindh_fir/discovery/open_5.txt,4126,,metadata_only,sindh_fir,inputs
raw_data/sindh_fir/discovery/open_6.txt,297,,metadata_only,sindh_fir,inputs
raw_data/sindh_fir/discovery/open_7.txt,295,,metadata_only,sindh_fir,inputs
raw_data/sindh_fir/discovery/open_8.txt,297,,metadata_only,sindh_fir,inputs
raw_data/sindh_fir/discovery/search_0.txt,11014,,metadata_only,sindh_fir,inputs
raw_data/sindh_fir/discovery/search_1.txt,5608,,metadata_only,sindh_fir,inputs
raw_data/sindh_fir/discovery/search_10.txt,12924,,metadata_only,sindh_fir,inputs
raw_data/sindh_fir/discovery/search_4.txt,1792,,metadata_only,sindh_fir,inputs
raw_data/sindh_fir/discovery/search_5.txt,10736,,metadata_only,sindh_fir,inputs
raw_data/sindh_fir/discovery/search_6.txt,3028,,metadata_only,sindh_fir,inputs
raw_data/sindh_fir/discovery/search_9.txt,5121,,metadata_only,sindh_fir,inputs
raw_data/sindh_fir/discovery/urls.json,693,,metadata_only,sindh_fir,inputs
raw_data/sindh_fir/indexed_page_crosschecks.json,17709,,metadata_only,sindh_fir,inputs
raw_data/sindh_fir/indexed_sources.json,6470,,metadata_only,sindh_fir,inputs
raw_data/sindh_fir/objects/08770a725604c68976eb181b159d1b798c1a018421e164133095f07a7a89f582.txt,3050,,metadata_only,sindh_fir,inputs
raw_data/sindh_fir/objects/3815536937182b41689e200437e1c2c2295d0c351d55b36071bcf2db3301d5e4.txt,3028,,metadata_only,sindh_fir,inputs
raw_data/sindh_fir/objects/3c0d5859359e87b9e03958ce4af0a125ad2d8481456a847700ec8f22f2ca2096.txt,1760,,metadata_only,sindh_fir,inputs
raw_data/sindh_fir/objects/42d38f1791c22cbf296809fcaa030ce3b3a34e6c27cca4292921d9a93c17b3db.txt,1814,,metadata_only,sindh_fir,inputs
raw_data/sindh_fir/objects/432ca266c2e88237ff40133819a127a35c8249639b8e07843ad2c6f013884466.txt,1767,,metadata_only,sindh_fir,inputs
raw_data/sindh_fir/objects/684ef45871362442415aee9bca576d6d67db6a26d2d48c89d7dc01c251f0d96b.txt,1767,,metadata_only,sindh_fir,inputs
raw_data/sindh_fir/objects/6dab97a2168d2f891a11098d76ee55b2ae6c4d675719adb0eaee6d1a2532fb4e.txt,1768,,metadata_only,sindh_fir,inputs
raw_data/sindh_fir/objects/9748203ad00f5216f9de10f78c7df2faa0c3da881a3ed03e8039d96f08331ca3.txt,1770,,metadata_only,sindh_fir,inputs
raw_data/sindh_fir/objects/98362fa0636757e7821e80299cd610eb9f6406b75aaaf182ff5e2797e7f86cde.txt,3038,,metadata_only,sindh_fir,inputs
raw_data/sindh_fir/objects/d76f0dbf64ffd14a6d19030f201f812ce67068257221d9d764658e2b9179f9f4.txt,2894,,metadata_only,sindh_fir,inputs
raw_data/sindh_fir/objects/d98c16ae3e2f80e96c13691badba008dcaed32c57333dcc3509646dac1a22a9d.txt,1766,,metadata_only,sindh_fir,inputs
raw_data/sindh_fir/recovery_log.json,53,,metadata_only,sindh_fir,inputs
raw_data/sindh_police/archive/annual_2020.pdf,40669,,metadata_only,sindh_police,inputs
raw_data/sindh_police/archive/annual_2021.pdf,243772,,metadata_only,sindh_police,inputs
raw_data/sindh_police/archive/download_manifest.json,1442,,metadata_only,sindh_police,inputs
raw_data/sindh_police/archive/legacy_cdx_20260906.json,23066,,metadata_only,sindh_police,inputs
raw_data/sindh_police/recovery_2019_2022/2022_2023_fill.json,7866,,metadata_only,sindh_police,inputs
raw_data/sindh_police/recovery_2019_2022/2022_2023_search_details.json,23682,,metadata_only,sindh_police,inputs
raw_data/sindh_police/recovery_2019_2022/2023_hyd_fill_raw.txt,8329,,metadata_only,sindh_police,inputs
raw_data/sindh_police/recovery_2019_2022/2023_ranges_fill_raw.txt,9494,,metadata_only,sindh_police,inputs
raw_data/sindh_police/recovery_2019_2022/2023_ranges_raw.txt,10769,,metadata_only,sindh_police,inputs
raw_data/sindh_police/recovery_2019_2022/RECOVERY_NOTES.md,3187,,metadata_only,sindh_police,inputs
raw_data/sindh_police/recovery_2019_2022/annual_2020_archived_official_pdf.json,505808,,metadata_only,sindh_police,inputs
raw_data/sindh_police/recovery_2019_2022/annual_2020_layout.txt,11556,,metadata_only,sindh_police,inputs
raw_data/sindh_police/recovery_2019_2022/annual_2021_archived_official_pdf.json,513633,,metadata_only,sindh_police,inputs
raw_data/sindh_police/recovery_2019_2022/annual_2021_layout.txt,35892,,metadata_only,sindh_police,inputs
raw_data/sindh_police/recovery_2019_2022/crime_report_december_2023_province.json,51317,,metadata_only,sindh_police,inputs
raw_data/sindh_police/recovery_2019_2022/crime_report_december_2023_province_raw.txt,7769,,metadata_only,sindh_police,inputs
raw_data/sindh_police/recovery_2019_2022/crime_report_december_2023_ranges.json,301954,,metadata_only,sindh_police,inputs
raw_data/sindh_police/recovery_2019_2022/extract_archived_pdfs.py,8403,,metadata_only,sindh_police,inputs
raw_data/sindh_police/recovery_2019_2022/open_page_2023.json,659,,metadata_only,sindh_police,inputs
raw_data/sindh_police/recovery_2019_2022/search_years.json,16873,,metadata_only,sindh_police,inputs
raw_data/sindh_police/recovery_2023_2025/annual2023_2025_2023.json,19749,,metadata_only,sindh_police,inputs
raw_data/sindh_police/recovery_2023_2025/annual2023_2025_2024.json,21929,,metadata_only,sindh_police,inputs
raw_data/sindh_police/recovery_2023_2025/annual2023_2025_2025_province.json,11565,,metadata_only,sindh_police,inputs
raw_data/sindh_police/recovery_2023_2025/annual2023_2025_run2.json,751,,metadata_only,sindh_police,inputs
raw_data/sindh_police/recovery_2023_2025/annual2023_2025_run3.json,20567,,metadata_only,sindh_police,inputs
raw_data/sindh_police/recovery_2023_2025/annual2023_2025_search1.json,21657,,metadata_only,sindh_police,inputs
raw_data/sindh_police/recovery_2023_2025/extract_recovery.py,8008,,metadata_only,sindh_police,inputs
raw_data/sindh_police/recovery_2023_2025/query_2023_fullrange_b.json,18367,,metadata_only,sindh_police,inputs
raw_data/sindh_police/recovery_2023_2025/query_2023_fullrange_c.json,7683,,metadata_only,sindh_police,inputs
raw_data/sindh_police/recovery_2023_2025/query_2023_p1.json,7513,,metadata_only,sindh_police,inputs
raw_data/sindh_police/recovery_2023_2025/query_2023_p3.json,18967,,metadata_only,sindh_police,inputs
raw_data/sindh_police/recovery_2023_2025/query_2023_p4.json,17143,,metadata_only,sindh_police,inputs
raw_data/sindh_police/recovery_2023_2025/query_2023_province.json,8095,,metadata_only,sindh_police,inputs
raw_data/sindh_police/recovery_2023_2025/query_2024_p3.json,19472,,metadata_only,sindh_police,inputs
raw_data/sindh_police/recovery_2023_2025/query_2024_p4.json,18346,,metadata_only,sindh_police,inputs
raw_data/sindh_police/recovery_2023_2025/query_2024_province.json,11152,,metadata_only,sindh_police,inputs
raw_data/sindh_police/recovery_2023_2025/query_2024_ranges_first_complete.json,15859,,metadata_only,sindh_police,inputs
raw_data/sindh_police/recovery_2023_2025/query_2024_ranges_first_lateperson.json,209,,metadata_only,sindh_police,inputs
raw_data/sindh_police/recovery_2023_2025/query_2024_ranges_first_properties.json,216,,metadata_only,sindh_police,inputs
raw_data/sindh_police/recovery_2023_2025/query_2024_ranges_second_complete.json,18269,,metadata_only,sindh_police,inputs
raw_data/sindh_police/recovery_2023_2025/query_2024_ranges_second_person.json,205,,metadata_only,sindh_police,inputs
raw_data/sindh_police/recovery_2023_2025/query_2025_p1.json,18237,,metadata_only,sindh_police,inputs
raw_data/sindh_police/recovery_2023_2025/query_2025_p3.json,17436,,metadata_only,sindh_police,inputs
raw_data/sindh_police/recovery_2023_2025/recovered_annual_2024.json,138122,,metadata_only,sindh_police,inputs
raw_data/sindh_police/recovery_2023_2025/recovered_annual_2025.json,370627,,metadata_only,sindh_police,inputs
raw_data/sindh_police/recovery_2023_2025/recovery_validation.json,18994,,metadata_only,sindh_police,inputs
raw_data/trade_data_8digit/README.md,1849,,metadata_only,trade,inputs
raw_data/trade_data_8digit/annual_by_commodity_country/Export/Export_1990-91_to_1993-94.pdf,5977858,,metadata_only,trade,inputs
raw_data/trade_data_8digit/annual_by_commodity_country/Export/Export_1994-95_to_1997-98.pdf,209864,,metadata_only,trade,inputs
raw_data/trade_data_8digit/annual_by_commodity_country/Export/Export_1998-99_to_2001-2002.pdf,8071083,,metadata_only,trade,inputs
raw_data/trade_data_8digit/annual_by_commodity_country/Export/Export_2002-03_to_2007-08.pdf,22919932,,metadata_only,trade,inputs
raw_data/trade_data_8digit/annual_by_commodity_country/Export/Export_2008-09_to_2012-13.pdf,22347435,,metadata_only,trade,inputs
raw_data/trade_data_8digit/annual_by_commodity_country/Export/Export_2013-2014.pdf,13250417,,metadata_only,trade,inputs
raw_data/trade_data_8digit/annual_by_commodity_country/Export/Export_2014-2015.pdf,2965825,,metadata_only,trade,inputs
raw_data/trade_data_8digit/annual_by_commodity_country/Export/Export_2015-2016.txt,9386164,,metadata_only,trade,inputs
raw_data/trade_data_8digit/annual_by_commodity_country/Export/Export_2016-2017.txt,8289352,,metadata_only,trade,inputs
raw_data/trade_data_8digit/annual_by_commodity_country/Export/Export_2018-2019.txt,8282586,,metadata_only,trade,inputs
raw_data/trade_data_8digit/annual_by_commodity_country/Export/Export_2019-2020.txt,8428985,,metadata_only,trade,inputs
raw_data/trade_data_8digit/annual_by_commodity_country/Export/Export_2020-21.txt,8311114,,metadata_only,trade,inputs
raw_data/trade_data_8digit/annual_by_commodity_country/Export/Export_2021-22.pdf,3110433,,metadata_only,trade,inputs
raw_data/trade_data_8digit/annual_by_commodity_country/Export/Export_2022-23.pdf,3906341,,metadata_only,trade,inputs
raw_data/trade_data_8digit/annual_by_commodity_country/Export/Export_2023-24.pdf,3256064,,metadata_only,trade,inputs
raw_data/trade_data_8digit/annual_by_commodity_country/Import/Import_1990-91_to_1993-94.pdf,10816552,,metadata_only,trade,inputs
raw_data/trade_data_8digit/annual_by_commodity_country/Import/Import_1994-95_to_1997-98.pdf,12408819,,metadata_only,trade,inputs
raw_data/trade_data_8digit/annual_by_commodity_country/Import/Import_1998-99_to_2001-2002.pdf,13311492,,metadata_only,trade,inputs
raw_data/trade_data_8digit/annual_by_commodity_country/Import/Import_2002-03_to_2007-08.pdf,34643876,,metadata_only,trade,inputs
raw_data/trade_data_8digit/annual_by_commodity_country/Import/Import_2014-2015.pdf,3746324,,metadata_only,trade,inputs
raw_data/trade_data_8digit/annual_by_commodity_country/Import/Import_2015-2016.txt,14727136,,metadata_only,trade,inputs
raw_data/trade_data_8digit/annual_by_commodity_country/Import/Import_2016-2017.txt,14285994,,metadata_only,trade,inputs
raw_data/trade_data_8digit/annual_by_commodity_country/Import/Import_2017-2018.txt,15063008,,metadata_only,trade,inputs
raw_data/trade_data_8digit/annual_by_commodity_country/Import/Import_2018-2019.pdf,182473,,metadata_only,trade,inputs
raw_data/trade_data_8digit/annual_by_commodity_country/Import/Import_2020-21.txt,13063999,,metadata_only,trade,inputs
raw_data/trade_data_8digit/annual_by_commodity_country/Import/Import_2021-22.pdf,4934020,,metadata_only,trade,inputs
raw_data/trade_data_8digit/annual_by_commodity_country/Import/Import_2022-23.pdf,7641992,,metadata_only,trade,inputs
raw_data/trade_data_8digit/annual_by_commodity_country/Import/Import_2023-24.pdf,4413358,,metadata_only,trade,inputs
raw_data/trade_data_8digit/manifest.csv,23387,,metadata_only,file_catalog|trade,inputs
raw_data/trade_data_8digit/monthly/Export/Export_2017-07.txt,6197231,,metadata_only,trade,inputs
raw_data/trade_data_8digit/monthly/Export/Export_2023-01.pdf,275972,,metadata_only,trade,inputs
raw_data/trade_data_8digit/monthly/Export/Export_2023-02.pdf,275025,,metadata_only,trade,inputs
raw_data/trade_data_8digit/monthly/Export/Export_2023-03.pdf,276100,,metadata_only,trade,inputs
raw_data/trade_data_8digit/monthly/Export/Export_2023-04.pdf,409698,,metadata_only,trade,inputs
raw_data/trade_data_8digit/monthly/Export/Export_2023-05.pdf,275601,,metadata_only,trade,inputs
raw_data/trade_data_8digit/monthly/Export/Export_2023-06.pdf,275849,,metadata_only,trade,inputs
raw_data/trade_data_8digit/monthly/Export/Export_2023-07.pdf,188536,,metadata_only,trade,inputs
raw_data/trade_data_8digit/monthly/Export/Export_2023-08.pdf,409524,,metadata_only,trade,inputs
raw_data/trade_data_8digit/monthly/Export/Export_2023-09.pdf,275693,,metadata_only,trade,inputs
raw_data/trade_data_8digit/monthly/Export/Export_2023-10.pdf,279373,,metadata_only,trade,inputs
raw_data/trade_data_8digit/monthly/Export/Export_2023-11.pdf,279199,,metadata_only,trade,inputs
raw_data/trade_data_8digit/monthly/Export/Export_2023-12.pdf,279292,,metadata_only,trade,inputs
raw_data/trade_data_8digit/monthly/Export/Export_2024-01.pdf,279343,,metadata_only,trade,inputs
raw_data/trade_data_8digit/monthly/Export/Export_2024-02.pdf,279244,,metadata_only,trade,inputs
raw_data/trade_data_8digit/monthly/Export/Export_2024-03.pdf,279089,,metadata_only,trade,inputs
raw_data/trade_data_8digit/monthly/Export/Export_2024-04.pdf,278989,,metadata_only,trade,inputs
raw_data/trade_data_8digit/monthly/Export/Export_2024-05.pdf,278747,,metadata_only,trade,inputs
raw_data/trade_data_8digit/monthly/Export/Export_2024-06.pdf,278809,,metadata_only,trade,inputs
raw_data/trade_data_8digit/monthly/Export/Export_2024-06.xlsx,3439641,,metadata_only,trade,inputs
raw_data/trade_data_8digit/monthly/Export/Export_2024-07.pdf,190644,,metadata_only,trade,inputs
raw_data/trade_data_8digit/monthly/Export/Export_2024-12.pdf,281610,,metadata_only,trade,inputs
raw_data/trade_data_8digit/monthly/Export/Export_2025-01.pdf,282312,,metadata_only,trade,inputs
raw_data/trade_data_8digit/monthly/Export/Export_2025-02.pdf,282718,,metadata_only,trade,inputs
raw_data/trade_data_8digit/monthly/Export/Export_2025-03.pdf,282559,,metadata_only,trade,inputs
raw_data/trade_data_8digit/monthly/Export/Export_2025-04.xlsx,54006,,metadata_only,trade,inputs
raw_data/trade_data_8digit/monthly/Export/Export_2025-06.xlsx,53540,,metadata_only,trade,inputs
raw_data/trade_data_8digit/monthly/Export/Export_2025-07.xlsx,30690,,metadata_only,trade,inputs
raw_data/trade_data_8digit/monthly/Export/Export_2025-08.xlsx,52804,,metadata_only,trade,inputs
raw_data/trade_data_8digit/monthly/Export/Export_2025-09.xlsx,52271,,metadata_only,trade,inputs
raw_data/trade_data_8digit/monthly/Export/Export_2025-10.xlsx,52126,,metadata_only,trade,inputs
raw_data/trade_data_8digit/monthly/Export/Export_2025-11.xlsx,52242,,metadata_only,trade,inputs
raw_data/trade_data_8digit/monthly/Export/Export_2025-12.xlsx,51894,,metadata_only,trade,inputs
raw_data/trade_data_8digit/monthly/Export/Export_2026-01.xlsx,93069,,metadata_only,trade,inputs
raw_data/trade_data_8digit/monthly/Export/Export_2026-02.xlsx,50194,,metadata_only,trade,inputs
raw_data/trade_data_8digit/monthly/Export/Export_2026-03.xlsx,51667,,metadata_only,trade,inputs
raw_data/trade_data_8digit/monthly/Export/Export_2026-04.xlsx,51744,,metadata_only,trade,inputs
raw_data/trade_data_8digit/monthly/Export/Export_2026-05.xlsx,51746,,metadata_only,trade,inputs
raw_data/trade_data_8digit/monthly/Export/Export_2026-06.xlsx,51933,,metadata_only,trade,inputs
raw_data/trade_data_8digit/monthly/Import/Import_2018-07.txt,11836277,,metadata_only,trade,inputs
raw_data/trade_data_8digit/monthly/Import/Import_2023-01.pdf,255641,,metadata_only,trade,inputs
raw_data/trade_data_8digit/monthly/Import/Import_2023-02.pdf,255383,,metadata_only,trade,inputs
raw_data/trade_data_8digit/monthly/Import/Import_2023-03.pdf,255722,,metadata_only,trade,inputs
raw_data/trade_data_8digit/monthly/Import/Import_2023-04.pdf,390358,,metadata_only,trade,inputs
raw_data/trade_data_8digit/monthly/Import/Import_2023-05.pdf,255324,,metadata_only,trade,inputs
raw_data/trade_data_8digit/monthly/Import/Import_2023-06.pdf,255281,,metadata_only,trade,inputs
raw_data/trade_data_8digit/monthly/Import/Import_2023-07.pdf,175945,,metadata_only,trade,inputs
raw_data/trade_data_8digit/monthly/Import/Import_2023-08.pdf,390236,,metadata_only,trade,inputs
raw_data/trade_data_8digit/monthly/Import/Import_2023-09.pdf,255370,,metadata_only,trade,inputs
raw_data/trade_data_8digit/monthly/Import/Import_2023-10.pdf,255592,,metadata_only,trade,inputs
raw_data/trade_data_8digit/monthly/Import/Import_2023-11.pdf,255526,,metadata_only,trade,inputs
raw_data/trade_data_8digit/monthly/Import/Import_2023-12.pdf,255528,,metadata_only,trade,inputs
raw_data/trade_data_8digit/monthly/Import/Import_2024-01.pdf,255425,,metadata_only,trade,inputs
raw_data/trade_data_8digit/monthly/Import/Import_2024-02.pdf,255622,,metadata_only,trade,inputs
raw_data/trade_data_8digit/monthly/Import/Import_2024-03.pdf,255780,,metadata_only,trade,inputs
raw_data/trade_data_8digit/monthly/Import/Import_2024-04.pdf,255506,,metadata_only,trade,inputs
raw_data/trade_data_8digit/monthly/Import/Import_2024-05.pdf,255821,,metadata_only,trade,inputs
raw_data/trade_data_8digit/monthly/Import/Import_2024-06.pdf,255694,,metadata_only,trade,inputs
raw_data/trade_data_8digit/monthly/Import/Import_2024-06.xlsx,4733126,,metadata_only,trade,inputs
raw_data/trade_data_8digit/monthly/Import/Import_2024-07.pdf,177345,,metadata_only,trade,inputs
raw_data/trade_data_8digit/monthly/Import/Import_2024-12.pdf,259944,,metadata_only,trade,inputs
raw_data/trade_data_8digit/monthly/Import/Import_2025-01.pdf,261402,,metadata_only,trade,inputs
raw_data/trade_data_8digit/monthly/Import/Import_2025-02.pdf,261467,,metadata_only,trade,inputs
raw_data/trade_data_8digit/monthly/Import/Import_2025-03.pdf,261030,,metadata_only,trade,inputs
raw_data/trade_data_8digit/monthly/Import/Import_2025-04.xlsx,45928,,metadata_only,trade,inputs
raw_data/trade_data_8digit/monthly/Import/Import_2025-06.xlsx,45296,,metadata_only,trade,inputs
raw_data/trade_data_8digit/monthly/Import/Import_2025-07.xlsx,32412,,metadata_only,trade,inputs
raw_data/trade_data_8digit/monthly/Import/Import_2025-08.xlsx,48140,,metadata_only,trade,inputs
raw_data/trade_data_8digit/monthly/Import/Import_2025-09.xlsx,46339,,metadata_only,trade,inputs
raw_data/trade_data_8digit/monthly/Import/Import_2025-10.xlsx,45808,,metadata_only,trade,inputs
raw_data/trade_data_8digit/monthly/Import/Import_2025-11.xlsx,43854,,metadata_only,trade,inputs
raw_data/trade_data_8digit/monthly/Import/Import_2025-12.xlsx,44166,,metadata_only,trade,inputs
raw_data/trade_data_8digit/monthly/Import/Import_2026-01.xlsx,76147,,metadata_only,trade,inputs
raw_data/trade_data_8digit/monthly/Import/Import_2026-02.xlsx,44280,,metadata_only,trade,inputs
raw_data/trade_data_8digit/monthly/Import/Import_2026-03.xlsx,44648,,metadata_only,trade,inputs
raw_data/trade_data_8digit/monthly/Import/Import_2026-04.xlsx,44467,,metadata_only,trade,inputs
raw_data/trade_data_8digit/monthly/Import/Import_2026-05.xlsx,44564,,metadata_only,trade,inputs
raw_data/trade_data_8digit/monthly/Import/Import_2026-06.xlsx,44871,,metadata_only,trade,inputs
